raga_id,file,filename,extension,size_bytes,category
063ea5a0-23b1-4bb5-8537-3d924fe8ebb3,/home/izpiz/coding/automatic-raga-recognition/dataset/RagaDataset/Hindustani/features/063ea5a0-23b1-4bb5-8537-3d924fe8ebb3/Brajeshwar_Mukherjee/Raag_Jog___Hameer/Raag_Jog_d0781259-2c63-4b35-8ca3-75c19a98e275.pitchSilIntrpPP,Raag_Jog_d0781259-2c63-4b35-8ca3-75c19a98e275.pitchSilIntrpPP,.pitchsilintrppp,22651850,pitch
063ea5a0-23b1-4bb5-8537-3d924fe8ebb3,/home/izpiz/coding/automatic-raga-recognition/dataset/RagaDataset/Hindustani/features/063ea5a0-23b1-4bb5-8537-3d924fe8ebb3/Brajeshwar_Mukherjee/Raag_Jog___Hameer/Raag_Jog_d0781259-2c63-4b35-8ca3-75c19a98e275.pitch,Raag_Jog_d0781259-2c63-4b35-8ca3-75c19a98e275.pitch,.pitch,10794386,pitch
063ea5a0-23b1-4bb5-8537-3d924fe8ebb3,/home/izpiz/coding/automatic-raga-recognition/dataset/RagaDataset/Hindustani/features/063ea5a0-23b1-4bb5-8537-3d924fe8ebb3/Girija_Devi/Diva/Raag_Jog_-_Khayal_59ebf93e-fb88-4ac1-b400-000ffbc7ae3d.pitchSilIntrpPP,Raag_Jog_-_Khayal_59ebf93e-fb88-4ac1-b400-000ffbc7ae3d.pitchSilIntrpPP,.pitchsilintrppp,25029350,pitch
063ea5a0-23b1-4bb5-8537-3d924fe8ebb3,/home/izpiz/coding/automatic-raga-recognition/dataset/RagaDataset/Hindustani/features/063ea5a0-23b1-4bb5-8537-3d924fe8ebb3/Girija_Devi/Diva/Raag_Jog_-_Khayal_59ebf93e-fb88-4ac1-b400-000ffbc7ae3d.pitch,Raag_Jog_-_Khayal_59ebf93e-fb88-4ac1-b400-000ffbc7ae3d.pitch,.pitch,11976974,pitch
063ea5a0-23b1-4bb5-8537-3d924fe8ebb3,/home/izpiz/coding/automatic-raga-recognition/dataset/RagaDataset/Hindustani/features/063ea5a0-23b1-4bb5-8537-3d924fe8ebb3/Ajoy_Chakrabarty/Raag_Kedar___Jog/Raag_Jog_566d6c64-ae66-45e7-9f91-e33cd6c0f18f.pitchSilIntrpPP,Raag_Jog_566d6c64-ae66-45e7-9f91-e33cd6c0f18f.pitchSilIntrpPP,.pitchsilintrppp,35407900,pitch
063ea5a0-23b1-4bb5-8537-3d924fe8ebb3,/home/izpiz/coding/automatic-raga-recognition/dataset/RagaDataset/Hindustani/features/063ea5a0-23b1-4bb5-8537-3d924fe8ebb3/Ajoy_Chakrabarty/Raag_Kedar___Jog/Raag_Jog_566d6c64-ae66-45e7-9f91-e33cd6c0f18f.pitch,Raag_Jog_566d6c64-ae66-45e7-9f91-e33cd6c0f18f.pitch,.pitch,17070717,pitch
063ea5a0-23b1-4bb5-8537-3d924fe8ebb3,/home/izpiz/coding/automatic-raga-recognition/dataset/RagaDataset/Hindustani/features/063ea5a0-23b1-4bb5-8537-3d924fe8ebb3/Kaustuv_Kanti_Ganguli/Raag_Jog___Kirwani_Bhajan/Raag_Jog_99dcaebe-ab49-4fa3-ab6c-a9458143af8e.pitchSilIntrpPP,Raag_Jog_99dcaebe-ab49-4fa3-ab6c-a9458143af8e.pitchSilIntrpPP,.pitchsilintrppp,32891750,pitch
063ea5a0-23b1-4bb5-8537-3d924fe8ebb3,/home/izpiz/coding/automatic-raga-recognition/dataset/RagaDataset/Hindustani/features/063ea5a0-23b1-4bb5-8537-3d924fe8ebb3/Kaustuv_Kanti_Ganguli/Raag_Jog___Kirwani_Bhajan/Raag_Jog_99dcaebe-ab49-4fa3-ab6c-a9458143af8e.pitch,Raag_Jog_99dcaebe-ab49-4fa3-ab6c-a9458143af8e.pitch,.pitch,15979577,pitch
063ea5a0-23b1-4bb5-8537-3d924fe8ebb3,/home/izpiz/coding/automatic-raga-recognition/dataset/RagaDataset/Hindustani/features/063ea5a0-23b1-4bb5-8537-3d924fe8ebb3/Jasraj/Devataa/Bandish_In_Drut_Teentaal_-_Raag_Jog_c02f714f-e4e6-4da6-af07-cea8a03c0e5c.pitchSilIntrpPP,Bandish_In_Drut_Teentaal_-_Raag_Jog_c02f714f-e4e6-4da6-af07-cea8a03c0e5c.pitchSilIntrpPP,.pitchsilintrppp,11167400,pitch
063ea5a0-23b1-4bb5-8537-3d924fe8ebb3,/home/izpiz/coding/automatic-raga-recognition/dataset/RagaDataset/Hindustani/features/063ea5a0-23b1-4bb5-8537-3d924fe8ebb3/Jasraj/Devataa/Alaap_And_Stuti_-_Raag_Jog_86d7779a-1610-4514-83a6-883997250abe.pitch,Alaap_And_Stuti_-_Raag_Jog_86d7779a-1610-4514-83a6-883997250abe.pitch,.pitch,1732236,pitch
063ea5a0-23b1-4bb5-8537-3d924fe8ebb3,/home/izpiz/coding/automatic-raga-recognition/dataset/RagaDataset/Hindustani/features/063ea5a0-23b1-4bb5-8537-3d924fe8ebb3/Jasraj/Devataa/Alaap_And_Stuti_-_Raag_Jog_86d7779a-1610-4514-83a6-883997250abe.pitchSilIntrpPP,Alaap_And_Stuti_-_Raag_Jog_86d7779a-1610-4514-83a6-883997250abe.pitchSilIntrpPP,.pitchsilintrppp,3762000,pitch
063ea5a0-23b1-4bb5-8537-3d924fe8ebb3,/home/izpiz/coding/automatic-raga-recognition/dataset/RagaDataset/Hindustani/features/063ea5a0-23b1-4bb5-8537-3d924fe8ebb3/Jasraj/Devataa/Bandish_In_Vlambit_Ektaal_-_Raag_Jog_3f66f0dc-73b7-48c4-8ad7-1f1a7dacd8bb.pitchSilIntrpPP,Bandish_In_Vlambit_Ektaal_-_Raag_Jog_3f66f0dc-73b7-48c4-8ad7-1f1a7dacd8bb.pitchSilIntrpPP,.pitchsilintrppp,27625850,pitch
063ea5a0-23b1-4bb5-8537-3d924fe8ebb3,/home/izpiz/coding/automatic-raga-recognition/dataset/RagaDataset/Hindustani/features/063ea5a0-23b1-4bb5-8537-3d924fe8ebb3/Jasraj/Devataa/Bandish_In_Drut_Teentaal_-_Raag_Jog_c02f714f-e4e6-4da6-af07-cea8a03c0e5c.pitch,Bandish_In_Drut_Teentaal_-_Raag_Jog_c02f714f-e4e6-4da6-af07-cea8a03c0e5c.pitch,.pitch,5186281,pitch
063ea5a0-23b1-4bb5-8537-3d924fe8ebb3,/home/izpiz/coding/automatic-raga-recognition/dataset/RagaDataset/Hindustani/features/063ea5a0-23b1-4bb5-8537-3d924fe8ebb3/Jasraj/Devataa/Bandish_In_Vlambit_Ektaal_-_Raag_Jog_3f66f0dc-73b7-48c4-8ad7-1f1a7dacd8bb.pitch,Bandish_In_Vlambit_Ektaal_-_Raag_Jog_3f66f0dc-73b7-48c4-8ad7-1f1a7dacd8bb.pitch,.pitch,13179727,pitch
063ea5a0-23b1-4bb5-8537-3d924fe8ebb3,/home/izpiz/coding/automatic-raga-recognition/dataset/RagaDataset/Hindustani/features/063ea5a0-23b1-4bb5-8537-3d924fe8ebb3/Amir_Khan/From_The_Archives_Of_Sangeet_Natak_Akademi/Raga_Jog_7a383e3f-b0a6-4aca-92df-e53c3d928a2d.pitchSilIntrpPP,Raga_Jog_7a383e3f-b0a6-4aca-92df-e53c3d928a2d.pitchSilIntrpPP,.pitchsilintrppp,20506850,pitch
063ea5a0-23b1-4bb5-8537-3d924fe8ebb3,/home/izpiz/coding/automatic-raga-recognition/dataset/RagaDataset/Hindustani/features/063ea5a0-23b1-4bb5-8537-3d924fe8ebb3/Amir_Khan/From_The_Archives_Of_Sangeet_Natak_Akademi/Raga_Jog_7a383e3f-b0a6-4aca-92df-e53c3d928a2d.pitch,Raga_Jog_7a383e3f-b0a6-4aca-92df-e53c3d928a2d.pitch,.pitch,9722928,pitch
063ea5a0-23b1-4bb5-8537-3d924fe8ebb3,/home/izpiz/coding/automatic-raga-recognition/dataset/RagaDataset/Hindustani/features/063ea5a0-23b1-4bb5-8537-3d924fe8ebb3/Madhup_Mudgal/Eternal_Music/Raga_Jog_baea9093-d2c8-4529-8bc8-02ce7554c555.pitch,Raga_Jog_baea9093-d2c8-4529-8bc8-02ce7554c555.pitch,.pitch,3048065,pitch
063ea5a0-23b1-4bb5-8537-3d924fe8ebb3,/home/izpiz/coding/automatic-raga-recognition/dataset/RagaDataset/Hindustani/features/063ea5a0-23b1-4bb5-8537-3d924fe8ebb3/Madhup_Mudgal/Eternal_Music/Raga_Jog_baea9093-d2c8-4529-8bc8-02ce7554c555.pitchSilIntrpPP,Raga_Jog_baea9093-d2c8-4529-8bc8-02ce7554c555.pitchSilIntrpPP,.pitchsilintrppp,6557350,pitch
063ea5a0-23b1-4bb5-8537-3d924fe8ebb3,/home/izpiz/coding/automatic-raga-recognition/dataset/RagaDataset/Hindustani/features/063ea5a0-23b1-4bb5-8537-3d924fe8ebb3/Shrinivas_Joshi/Swarakruti/Raga_Jog_a7f6551d-9696-4713-becb-b22acf71a7db.pitchSilIntrpPP,Raga_Jog_a7f6551d-9696-4713-becb-b22acf71a7db.pitchSilIntrpPP,.pitchsilintrppp,4009150,pitch
063ea5a0-23b1-4bb5-8537-3d924fe8ebb3,/home/izpiz/coding/automatic-raga-recognition/dataset/RagaDataset/Hindustani/features/063ea5a0-23b1-4bb5-8537-3d924fe8ebb3/Shrinivas_Joshi/Swarakruti/Raga_Jog_a7f6551d-9696-4713-becb-b22acf71a7db.pitch,Raga_Jog_a7f6551d-9696-4713-becb-b22acf71a7db.pitch,.pitch,1846469,pitch
0b3bbf97-0ec3-41da-add4-722d87329ec3,/home/izpiz/coding/automatic-raga-recognition/dataset/RagaDataset/Hindustani/features/0b3bbf97-0ec3-41da-add4-722d87329ec3/Kaustuv_Kanti_Ganguli/Hindustani_Alaps/Raag_Madhukauns_89224046-f086-4530-b2a3-70f9ae697faf.pitchSilIntrpPP,Raag_Madhukauns_89224046-f086-4530-b2a3-70f9ae697faf.pitchSilIntrpPP,.pitchsilintrppp,6361050,pitch
0b3bbf97-0ec3-41da-add4-722d87329ec3,/home/izpiz/coding/automatic-raga-recognition/dataset/RagaDataset/Hindustani/features/0b3bbf97-0ec3-41da-add4-722d87329ec3/Kaustuv_Kanti_Ganguli/Hindustani_Alaps/Raag_Madhukauns_89224046-f086-4530-b2a3-70f9ae697faf.pitch,Raag_Madhukauns_89224046-f086-4530-b2a3-70f9ae697faf.pitch,.pitch,2979608,pitch
0b3bbf97-0ec3-41da-add4-722d87329ec3,/home/izpiz/coding/automatic-raga-recognition/dataset/RagaDataset/Hindustani/features/0b3bbf97-0ec3-41da-add4-722d87329ec3/Amir_Khan/The_Great_Heritage__Ustad_Amir_Khan/02_RAGA_-_MADHUKAUNS-_BAIRANBHAI_RAIN_57db6960-6038-4b48-b22f-a10d22752767.pitch,02_RAGA_-_MADHUKAUNS-_BAIRANBHAI_RAIN_57db6960-6038-4b48-b22f-a10d22752767.pitch,.pitch,5556742,pitch
0b3bbf97-0ec3-41da-add4-722d87329ec3,/home/izpiz/coding/automatic-raga-recognition/dataset/RagaDataset/Hindustani/features/0b3bbf97-0ec3-41da-add4-722d87329ec3/Amir_Khan/The_Great_Heritage__Ustad_Amir_Khan/02_RAGA_-_MADHUKAUNS-_BAIRANBHAI_RAIN_57db6960-6038-4b48-b22f-a10d22752767.pitchSilIntrpPP,02_RAGA_-_MADHUKAUNS-_BAIRANBHAI_RAIN_57db6960-6038-4b48-b22f-a10d22752767.pitchSilIntrpPP,.pitchsilintrppp,11928950,pitch
0b3bbf97-0ec3-41da-add4-722d87329ec3,/home/izpiz/coding/automatic-raga-recognition/dataset/RagaDataset/Hindustani/features/0b3bbf97-0ec3-41da-add4-722d87329ec3/Prabha_Atre/Madhukauns/Tarana_Drut_Ektal_1174dd02-87d2-4be3-bae1-d222b8a5f5a4.pitchSilIntrpPP,Tarana_Drut_Ektal_1174dd02-87d2-4be3-bae1-d222b8a5f5a4.pitchSilIntrpPP,.pitchsilintrppp,7695550,pitch
0b3bbf97-0ec3-41da-add4-722d87329ec3,/home/izpiz/coding/automatic-raga-recognition/dataset/RagaDataset/Hindustani/features/0b3bbf97-0ec3-41da-add4-722d87329ec3/Prabha_Atre/Madhukauns/Tarana_Drut_Ektal_1174dd02-87d2-4be3-bae1-d222b8a5f5a4.pitch,Tarana_Drut_Ektal_1174dd02-87d2-4be3-bae1-d222b8a5f5a4.pitch,.pitch,3614194,pitch
0b3bbf97-0ec3-41da-add4-722d87329ec3,/home/izpiz/coding/automatic-raga-recognition/dataset/RagaDataset/Hindustani/features/0b3bbf97-0ec3-41da-add4-722d87329ec3/Prabha_Atre/Madhukauns/Binati_Suno_Mori_6c0c6e87-c78c-44df-8955-3595575a06a7.pitch,Binati_Suno_Mori_6c0c6e87-c78c-44df-8955-3595575a06a7.pitch,.pitch,4602761,pitch
0b3bbf97-0ec3-41da-add4-722d87329ec3,/home/izpiz/coding/automatic-raga-recognition/dataset/RagaDataset/Hindustani/features/0b3bbf97-0ec3-41da-add4-722d87329ec3/Prabha_Atre/Madhukauns/Binati_Suno_Mori_6c0c6e87-c78c-44df-8955-3595575a06a7.pitchSilIntrpPP,Binati_Suno_Mori_6c0c6e87-c78c-44df-8955-3595575a06a7.pitchSilIntrpPP,.pitchsilintrppp,9861450,pitch
0b3bbf97-0ec3-41da-add4-722d87329ec3,/home/izpiz/coding/automatic-raga-recognition/dataset/RagaDataset/Hindustani/features/0b3bbf97-0ec3-41da-add4-722d87329ec3/Vasantrao_Deshpande/Dr__Vasant_Rao_Deshpande_(Compilation)/Dekho_Daras_Mohe_Ram__Aaja_Re_Aaja_Patikva_-_Khayal_1972_a0052c33-34b7-4e68-9dcd-121410c6ce36.pitchSilIntrpPP,Dekho_Daras_Mohe_Ram__Aaja_Re_Aaja_Patikva_-_Khayal_1972_a0052c33-34b7-4e68-9dcd-121410c6ce36.pitchSilIntrpPP,.pitchsilintrppp,8302100,pitch
0b3bbf97-0ec3-41da-add4-722d87329ec3,/home/izpiz/coding/automatic-raga-recognition/dataset/RagaDataset/Hindustani/features/0b3bbf97-0ec3-41da-add4-722d87329ec3/Vasantrao_Deshpande/Dr__Vasant_Rao_Deshpande_(Compilation)/Dekho_Daras_Mohe_Ram__Aaja_Re_Aaja_Patikva_-_Khayal_1972_a0052c33-34b7-4e68-9dcd-121410c6ce36.pitch,Dekho_Daras_Mohe_Ram__Aaja_Re_Aaja_Patikva_-_Khayal_1972_a0052c33-34b7-4e68-9dcd-121410c6ce36.pitch,.pitch,3854449,pitch
0b3bbf97-0ec3-41da-add4-722d87329ec3,/home/izpiz/coding/automatic-raga-recognition/dataset/RagaDataset/Hindustani/features/0b3bbf97-0ec3-41da-add4-722d87329ec3/Aarti_Anklikar_Tikekar/Ragamala/Madhukaunse_Raga_7084ac88-542c-4e84-8eda-dc9735201d18.pitchSilIntrpPP,Madhukaunse_Raga_7084ac88-542c-4e84-8eda-dc9735201d18.pitchSilIntrpPP,.pitchsilintrppp,10499150,pitch
0b3bbf97-0ec3-41da-add4-722d87329ec3,/home/izpiz/coding/automatic-raga-recognition/dataset/RagaDataset/Hindustani/features/0b3bbf97-0ec3-41da-add4-722d87329ec3/Aarti_Anklikar_Tikekar/Ragamala/Madhukaunse_Raga_7084ac88-542c-4e84-8eda-dc9735201d18.pitch,Madhukaunse_Raga_7084ac88-542c-4e84-8eda-dc9735201d18.pitch,.pitch,4903630,pitch
0b3bbf97-0ec3-41da-add4-722d87329ec3,/home/izpiz/coding/automatic-raga-recognition/dataset/RagaDataset/Hindustani/features/0b3bbf97-0ec3-41da-add4-722d87329ec3/Veena_Sahasrabuddhe/Bandish_Vol-1/Alap_-_Raga_Madhukauns_a5b15aae-c911-4df5-944d-1d0d95b8b5b0.pitch,Alap_-_Raga_Madhukauns_a5b15aae-c911-4df5-944d-1d0d95b8b5b0.pitch,.pitch,596756,pitch
0b3bbf97-0ec3-41da-add4-722d87329ec3,/home/izpiz/coding/automatic-raga-recognition/dataset/RagaDataset/Hindustani/features/0b3bbf97-0ec3-41da-add4-722d87329ec3/Veena_Sahasrabuddhe/Bandish_Vol-1/Alap_-_Raga_Madhukauns_a5b15aae-c911-4df5-944d-1d0d95b8b5b0.pitchSilIntrpPP,Alap_-_Raga_Madhukauns_a5b15aae-c911-4df5-944d-1d0d95b8b5b0.pitchSilIntrpPP,.pitchsilintrppp,1319400,pitch
0b3bbf97-0ec3-41da-add4-722d87329ec3,/home/izpiz/coding/automatic-raga-recognition/dataset/RagaDataset/Hindustani/features/0b3bbf97-0ec3-41da-add4-722d87329ec3/Veena_Sahasrabuddhe/Bandish_Vol-1/Aajao_Shyam_31bc8850-a7cb-4a9f-bb4f-863e0e88728f.pitchSilIntrpPP,Aajao_Shyam_31bc8850-a7cb-4a9f-bb4f-863e0e88728f.pitchSilIntrpPP,.pitchsilintrppp,5511450,pitch
0b3bbf97-0ec3-41da-add4-722d87329ec3,/home/izpiz/coding/automatic-raga-recognition/dataset/RagaDataset/Hindustani/features/0b3bbf97-0ec3-41da-add4-722d87329ec3/Veena_Sahasrabuddhe/Bandish_Vol-1/Aajao_Shyam_31bc8850-a7cb-4a9f-bb4f-863e0e88728f.pitch,Aajao_Shyam_31bc8850-a7cb-4a9f-bb4f-863e0e88728f.pitch,.pitch,2560580,pitch
0b3bbf97-0ec3-41da-add4-722d87329ec3,/home/izpiz/coding/automatic-raga-recognition/dataset/RagaDataset/Hindustani/features/0b3bbf97-0ec3-41da-add4-722d87329ec3/Veena_Sahasrabuddhe/Ritu_Chakra_Vol_1/Raga_Madhukauns_c35ea067-d200-40b6-ad61-241b206c97ed.pitch,Raga_Madhukauns_c35ea067-d200-40b6-ad61-241b206c97ed.pitch,.pitch,9782357,pitch
0b3bbf97-0ec3-41da-add4-722d87329ec3,/home/izpiz/coding/automatic-raga-recognition/dataset/RagaDataset/Hindustani/features/0b3bbf97-0ec3-41da-add4-722d87329ec3/Veena_Sahasrabuddhe/Ritu_Chakra_Vol_1/Raga_Madhukauns_c35ea067-d200-40b6-ad61-241b206c97ed.pitchSilIntrpPP,Raga_Madhukauns_c35ea067-d200-40b6-ad61-241b206c97ed.pitchSilIntrpPP,.pitchsilintrppp,20449550,pitch
0b3bbf97-0ec3-41da-add4-722d87329ec3,/home/izpiz/coding/automatic-raga-recognition/dataset/RagaDataset/Hindustani/features/0b3bbf97-0ec3-41da-add4-722d87329ec3/Jagdish_Prasad/Jewel_of_Jewels/Raga_Madhukosh_e516312d-00c4-4ccc-8875-9c84f0f30207.pitch,Raga_Madhukosh_e516312d-00c4-4ccc-8875-9c84f0f30207.pitch,.pitch,16085503,pitch
0b3bbf97-0ec3-41da-add4-722d87329ec3,/home/izpiz/coding/automatic-raga-recognition/dataset/RagaDataset/Hindustani/features/0b3bbf97-0ec3-41da-add4-722d87329ec3/Jagdish_Prasad/Jewel_of_Jewels/Raga_Madhukosh_e516312d-00c4-4ccc-8875-9c84f0f30207.pitchSilIntrpPP,Raga_Madhukosh_e516312d-00c4-4ccc-8875-9c84f0f30207.pitchSilIntrpPP,.pitchsilintrppp,33694600,pitch
118401e7-8de8-4d81-9d8e-8070889e3fa8,/home/izpiz/coding/automatic-raga-recognition/dataset/RagaDataset/Hindustani/features/118401e7-8de8-4d81-9d8e-8070889e3fa8/Ajay_Pohankar/Mehfil/Raag_Darbari_f5a6ba75-7be0-4a67-b1c3-3e49b060d384.pitchSilIntrpPP,Raag_Darbari_f5a6ba75-7be0-4a67-b1c3-3e49b060d384.pitchSilIntrpPP,.pitchsilintrppp,32305150,pitch
118401e7-8de8-4d81-9d8e-8070889e3fa8,/home/izpiz/coding/automatic-raga-recognition/dataset/RagaDataset/Hindustani/features/118401e7-8de8-4d81-9d8e-8070889e3fa8/Ajay_Pohankar/Mehfil/Raag_Darbari_f5a6ba75-7be0-4a67-b1c3-3e49b060d384.pitch,Raag_Darbari_f5a6ba75-7be0-4a67-b1c3-3e49b060d384.pitch,.pitch,15557147,pitch
118401e7-8de8-4d81-9d8e-8070889e3fa8,/home/izpiz/coding/automatic-raga-recognition/dataset/RagaDataset/Hindustani/features/118401e7-8de8-4d81-9d8e-8070889e3fa8/Bade_Ghulam_Ali_Khan/Ustad_Bade_Ghulam_Ali_Khan/Raga_Darbari_Kanada_98e14bae-50ae-4c9b-bb39-693ef89fc5b2.pitch,Raga_Darbari_Kanada_98e14bae-50ae-4c9b-bb39-693ef89fc5b2.pitch,.pitch,15520059,pitch
118401e7-8de8-4d81-9d8e-8070889e3fa8,/home/izpiz/coding/automatic-raga-recognition/dataset/RagaDataset/Hindustani/features/118401e7-8de8-4d81-9d8e-8070889e3fa8/Bade_Ghulam_Ali_Khan/Ustad_Bade_Ghulam_Ali_Khan/Raga_Darbari_Kanada_98e14bae-50ae-4c9b-bb39-693ef89fc5b2.pitchSilIntrpPP,Raga_Darbari_Kanada_98e14bae-50ae-4c9b-bb39-693ef89fc5b2.pitchSilIntrpPP,.pitchsilintrppp,32524950,pitch
118401e7-8de8-4d81-9d8e-8070889e3fa8,/home/izpiz/coding/automatic-raga-recognition/dataset/RagaDataset/Hindustani/features/118401e7-8de8-4d81-9d8e-8070889e3fa8/Jayateerth_Mevundi/Jayateerth_Mevundi_Classical_Vocal/Raga_Darbari_Kanada_b0434093-2d8b-4c8d-aaa8-7fb44bd1ce0e.pitch,Raga_Darbari_Kanada_b0434093-2d8b-4c8d-aaa8-7fb44bd1ce0e.pitch,.pitch,11344378,pitch
118401e7-8de8-4d81-9d8e-8070889e3fa8,/home/izpiz/coding/automatic-raga-recognition/dataset/RagaDataset/Hindustani/features/118401e7-8de8-4d81-9d8e-8070889e3fa8/Jayateerth_Mevundi/Jayateerth_Mevundi_Classical_Vocal/Raga_Darbari_Kanada_b0434093-2d8b-4c8d-aaa8-7fb44bd1ce0e.pitchSilIntrpPP,Raga_Darbari_Kanada_b0434093-2d8b-4c8d-aaa8-7fb44bd1ce0e.pitchSilIntrpPP,.pitchsilintrppp,23727150,pitch
118401e7-8de8-4d81-9d8e-8070889e3fa8,/home/izpiz/coding/automatic-raga-recognition/dataset/RagaDataset/Hindustani/features/118401e7-8de8-4d81-9d8e-8070889e3fa8/Jayateerth_Mevundi/Raag_Darbari__Rendition_of_Late_Evening_Raga/Raag_Darbari_7ee9570e-7f04-4f1c-819a-ec044318e15c.pitchSilIntrpPP,Raag_Darbari_7ee9570e-7f04-4f1c-819a-ec044318e15c.pitchSilIntrpPP,.pitchsilintrppp,38815800,pitch
118401e7-8de8-4d81-9d8e-8070889e3fa8,/home/izpiz/coding/automatic-raga-recognition/dataset/RagaDataset/Hindustani/features/118401e7-8de8-4d81-9d8e-8070889e3fa8/Jayateerth_Mevundi/Raag_Darbari__Rendition_of_Late_Evening_Raga/Raag_Darbari_7ee9570e-7f04-4f1c-819a-ec044318e15c.pitch,Raag_Darbari_7ee9570e-7f04-4f1c-819a-ec044318e15c.pitch,.pitch,18683495,pitch
118401e7-8de8-4d81-9d8e-8070889e3fa8,/home/izpiz/coding/automatic-raga-recognition/dataset/RagaDataset/Hindustani/features/118401e7-8de8-4d81-9d8e-8070889e3fa8/Rashid_Khan/The_Genius_Of_Ustad_Rashid_Khan/Raga_Darbari_Kanada_-_Vilambit_Khayal_In_Ek_Iaal_-_Drut_Khayal_In_Teen_Taal_01df0bee-b090-4b1d-bbdc-84e1c436635b.pitch,Raga_Darbari_Kanada_-_Vilambit_Khayal_In_Ek_Iaal_-_Drut_Khayal_In_Teen_Taal_01df0bee-b090-4b1d-bbdc-84e1c436635b.pitch,.pitch,9026635,pitch
118401e7-8de8-4d81-9d8e-8070889e3fa8,/home/izpiz/coding/automatic-raga-recognition/dataset/RagaDataset/Hindustani/features/118401e7-8de8-4d81-9d8e-8070889e3fa8/Rashid_Khan/The_Genius_Of_Ustad_Rashid_Khan/Raga_Darbari_Kanada_-_Vilambit_Khayal_In_Ek_Iaal_-_Drut_Khayal_In_Teen_Taal_01df0bee-b090-4b1d-bbdc-84e1c436635b.pitchSilIntrpPP,Raga_Darbari_Kanada_-_Vilambit_Khayal_In_Ek_Iaal_-_Drut_Khayal_In_Teen_Taal_01df0bee-b090-4b1d-bbdc-84e1c436635b.pitchSilIntrpPP,.pitchsilintrppp,18885650,pitch
118401e7-8de8-4d81-9d8e-8070889e3fa8,/home/izpiz/coding/automatic-raga-recognition/dataset/RagaDataset/Hindustani/features/118401e7-8de8-4d81-9d8e-8070889e3fa8/Rashid_Khan/One___Only_Rashid/Bandish_in_Raag_Darbari_8d01b397-5d3f-4fdd-8c9a-a8a3a4e18709.pitchSilIntrpPP,Bandish_in_Raag_Darbari_8d01b397-5d3f-4fdd-8c9a-a8a3a4e18709.pitchSilIntrpPP,.pitchsilintrppp,7812500,pitch
118401e7-8de8-4d81-9d8e-8070889e3fa8,/home/izpiz/coding/automatic-raga-recognition/dataset/RagaDataset/Hindustani/features/118401e7-8de8-4d81-9d8e-8070889e3fa8/Rashid_Khan/One___Only_Rashid/Bandish_in_Raag_Darbari_8d01b397-5d3f-4fdd-8c9a-a8a3a4e18709.pitch,Bandish_in_Raag_Darbari_8d01b397-5d3f-4fdd-8c9a-a8a3a4e18709.pitch,.pitch,3644544,pitch
118401e7-8de8-4d81-9d8e-8070889e3fa8,/home/izpiz/coding/automatic-raga-recognition/dataset/RagaDataset/Hindustani/features/118401e7-8de8-4d81-9d8e-8070889e3fa8/Ulhas_Kashalkar/Mellow_Moods/Raga_-_Darbari_Kanada_91bbdaa0-551d-454b-97f3-67c89c72f8d5.pitch,Raga_-_Darbari_Kanada_91bbdaa0-551d-454b-97f3-67c89c72f8d5.pitch,.pitch,9583328,pitch
118401e7-8de8-4d81-9d8e-8070889e3fa8,/home/izpiz/coding/automatic-raga-recognition/dataset/RagaDataset/Hindustani/features/118401e7-8de8-4d81-9d8e-8070889e3fa8/Ulhas_Kashalkar/Mellow_Moods/Raga_-_Darbari_Kanada_91bbdaa0-551d-454b-97f3-67c89c72f8d5.pitchSilIntrpPP,Raga_-_Darbari_Kanada_91bbdaa0-551d-454b-97f3-67c89c72f8d5.pitchSilIntrpPP,.pitchsilintrppp,20167700,pitch
118401e7-8de8-4d81-9d8e-8070889e3fa8,/home/izpiz/coding/automatic-raga-recognition/dataset/RagaDataset/Hindustani/features/118401e7-8de8-4d81-9d8e-8070889e3fa8/Jasraj/Legends__Sangeet_Martand_Pandit_Jasraj_(Vol__5)/Raga_-_Darbari_6e4dea78-ec22-479a-9e3c-c253a6deba7c.pitchSilIntrpPP,Raga_-_Darbari_6e4dea78-ec22-479a-9e3c-c253a6deba7c.pitchSilIntrpPP,.pitchsilintrppp,13899000,pitch
118401e7-8de8-4d81-9d8e-8070889e3fa8,/home/izpiz/coding/automatic-raga-recognition/dataset/RagaDataset/Hindustani/features/118401e7-8de8-4d81-9d8e-8070889e3fa8/Jasraj/Legends__Sangeet_Martand_Pandit_Jasraj_(Vol__5)/Raga_-_Darbari_6e4dea78-ec22-479a-9e3c-c253a6deba7c.pitch,Raga_-_Darbari_6e4dea78-ec22-479a-9e3c-c253a6deba7c.pitch,.pitch,6526452,pitch
118401e7-8de8-4d81-9d8e-8070889e3fa8,/home/izpiz/coding/automatic-raga-recognition/dataset/RagaDataset/Hindustani/features/118401e7-8de8-4d81-9d8e-8070889e3fa8/Madhup_Mudgal/Eternal_Music/Raga_Darbari_Kanhada_1f5947f8-e4b8-47e4-86a6-8a817dbf8554.pitchSilIntrpPP,Raga_Darbari_Kanhada_1f5947f8-e4b8-47e4-86a6-8a817dbf8554.pitchSilIntrpPP,.pitchsilintrppp,15525650,pitch
118401e7-8de8-4d81-9d8e-8070889e3fa8,/home/izpiz/coding/automatic-raga-recognition/dataset/RagaDataset/Hindustani/features/118401e7-8de8-4d81-9d8e-8070889e3fa8/Madhup_Mudgal/Eternal_Music/Raga_Darbari_Kanhada_1f5947f8-e4b8-47e4-86a6-8a817dbf8554.pitch,Raga_Darbari_Kanhada_1f5947f8-e4b8-47e4-86a6-8a817dbf8554.pitch,.pitch,7325784,pitch
118401e7-8de8-4d81-9d8e-8070889e3fa8,/home/izpiz/coding/automatic-raga-recognition/dataset/RagaDataset/Hindustani/features/118401e7-8de8-4d81-9d8e-8070889e3fa8/Ghulam_Mustafa_Khan/Timeless/Darbari_Kanada_f5cb8fde-2483-407c-896e-1d5a777aac2e.pitchSilIntrpPP,Darbari_Kanada_f5cb8fde-2483-407c-896e-1d5a777aac2e.pitchSilIntrpPP,.pitchsilintrppp,14564950,pitch
118401e7-8de8-4d81-9d8e-8070889e3fa8,/home/izpiz/coding/automatic-raga-recognition/dataset/RagaDataset/Hindustani/features/118401e7-8de8-4d81-9d8e-8070889e3fa8/Ghulam_Mustafa_Khan/Timeless/Darbari_Kanada_f5cb8fde-2483-407c-896e-1d5a777aac2e.pitch,Darbari_Kanada_f5cb8fde-2483-407c-896e-1d5a777aac2e.pitch,.pitch,6843465,pitch
1b05a564-059f-445b-b325-cf26318367e3,/home/izpiz/coding/automatic-raga-recognition/dataset/RagaDataset/Hindustani/features/1b05a564-059f-445b-b325-cf26318367e3/Rashid_Khan/One___Only_Rashid/Bijuri_Chamake_Barase_916fd45f-ddda-49e2-be63-207fc56a411e.pitch,Bijuri_Chamake_Barase_916fd45f-ddda-49e2-be63-207fc56a411e.pitch,.pitch,4171551,pitch
1b05a564-059f-445b-b325-cf26318367e3,/home/izpiz/coding/automatic-raga-recognition/dataset/RagaDataset/Hindustani/features/1b05a564-059f-445b-b325-cf26318367e3/Rashid_Khan/One___Only_Rashid/Bijuri_Chamake_Barase_916fd45f-ddda-49e2-be63-207fc56a411e.pitchSilIntrpPP,Bijuri_Chamake_Barase_916fd45f-ddda-49e2-be63-207fc56a411e.pitchSilIntrpPP,.pitchsilintrppp,8932200,pitch
1b05a564-059f-445b-b325-cf26318367e3,/home/izpiz/coding/automatic-raga-recognition/dataset/RagaDataset/Hindustani/features/1b05a564-059f-445b-b325-cf26318367e3/Bhimsen_Joshi/Raagadhiraj/Kareem_Naam_and_At_Ghumar_Aayi_Badariya_37686ac1-797f-44f5-a3c9-5e8690beb8ec.pitchSilIntrpPP,Kareem_Naam_and_At_Ghumar_Aayi_Badariya_37686ac1-797f-44f5-a3c9-5e8690beb8ec.pitchSilIntrpPP,.pitchsilintrppp,12816950,pitch
1b05a564-059f-445b-b325-cf26318367e3,/home/izpiz/coding/automatic-raga-recognition/dataset/RagaDataset/Hindustani/features/1b05a564-059f-445b-b325-cf26318367e3/Bhimsen_Joshi/Raagadhiraj/Kareem_Naam_and_At_Ghumar_Aayi_Badariya_37686ac1-797f-44f5-a3c9-5e8690beb8ec.pitch,Kareem_Naam_and_At_Ghumar_Aayi_Badariya_37686ac1-797f-44f5-a3c9-5e8690beb8ec.pitch,.pitch,5986347,pitch
1b05a564-059f-445b-b325-cf26318367e3,/home/izpiz/coding/automatic-raga-recognition/dataset/RagaDataset/Hindustani/features/1b05a564-059f-445b-b325-cf26318367e3/Bhimsen_Joshi/Naad_Brahma_-_The_Eternal_Voice_Volume_1/Raga_Mian_Ki_Malhar_-_Vilambit_Khayal_In_Ektaal_9cb37475-852e-4f7c-81c6-78824d08b839.pitchSilIntrpPP,Raga_Mian_Ki_Malhar_-_Vilambit_Khayal_In_Ektaal_9cb37475-852e-4f7c-81c6-78824d08b839.pitchSilIntrpPP,.pitchsilintrppp,25459850,pitch
1b05a564-059f-445b-b325-cf26318367e3,/home/izpiz/coding/automatic-raga-recognition/dataset/RagaDataset/Hindustani/features/1b05a564-059f-445b-b325-cf26318367e3/Bhimsen_Joshi/Naad_Brahma_-_The_Eternal_Voice_Volume_1/Raga_Mian_Ki_Malhar_-_Vilambit_Khayal_In_Ektaal_9cb37475-852e-4f7c-81c6-78824d08b839.pitch,Raga_Mian_Ki_Malhar_-_Vilambit_Khayal_In_Ektaal_9cb37475-852e-4f7c-81c6-78824d08b839.pitch,.pitch,12156743,pitch
1b05a564-059f-445b-b325-cf26318367e3,/home/izpiz/coding/automatic-raga-recognition/dataset/RagaDataset/Hindustani/features/1b05a564-059f-445b-b325-cf26318367e3/C_R_Vyas/Legends_Forever/Raga_Mian_Malhar_-_Vilambit_9010c587-1419-425c-966c-cfbb6b80891f.pitch,Raga_Mian_Malhar_-_Vilambit_9010c587-1419-425c-966c-cfbb6b80891f.pitch,.pitch,11040626,pitch
1b05a564-059f-445b-b325-cf26318367e3,/home/izpiz/coding/automatic-raga-recognition/dataset/RagaDataset/Hindustani/features/1b05a564-059f-445b-b325-cf26318367e3/C_R_Vyas/Legends_Forever/Raga_Mian_Malhar_-_Vilambit_9010c587-1419-425c-966c-cfbb6b80891f.pitchSilIntrpPP,Raga_Mian_Malhar_-_Vilambit_9010c587-1419-425c-966c-cfbb6b80891f.pitchSilIntrpPP,.pitchsilintrppp,23046550,pitch
1b05a564-059f-445b-b325-cf26318367e3,/home/izpiz/coding/automatic-raga-recognition/dataset/RagaDataset/Hindustani/features/1b05a564-059f-445b-b325-cf26318367e3/Deborshee_Bhattacharya/Raag_Mian_Malhar___Ramdasi_Malhar/Raag_Mian_Malhar_1f9922a5-0366-4461-96ac-81a31703416b.pitchSilIntrpPP,Raag_Mian_Malhar_1f9922a5-0366-4461-96ac-81a31703416b.pitchSilIntrpPP,.pitchsilintrppp,40868750,pitch
1b05a564-059f-445b-b325-cf26318367e3,/home/izpiz/coding/automatic-raga-recognition/dataset/RagaDataset/Hindustani/features/1b05a564-059f-445b-b325-cf26318367e3/Deborshee_Bhattacharya/Raag_Mian_Malhar___Ramdasi_Malhar/Raag_Mian_Malhar_1f9922a5-0366-4461-96ac-81a31703416b.pitch,Raag_Mian_Malhar_1f9922a5-0366-4461-96ac-81a31703416b.pitch,.pitch,19839984,pitch
1b05a564-059f-445b-b325-cf26318367e3,/home/izpiz/coding/automatic-raga-recognition/dataset/RagaDataset/Hindustani/features/1b05a564-059f-445b-b325-cf26318367e3/Jasraj/Classical_Wonders_of_India/Raga_Miyan_Ki_Malhar_dcd3f7ef-a962-4664-8cbb-3902ad43d935.pitch,Raga_Miyan_Ki_Malhar_dcd3f7ef-a962-4664-8cbb-3902ad43d935.pitch,.pitch,11083596,pitch
1b05a564-059f-445b-b325-cf26318367e3,/home/izpiz/coding/automatic-raga-recognition/dataset/RagaDataset/Hindustani/features/1b05a564-059f-445b-b325-cf26318367e3/Jasraj/Classical_Wonders_of_India/Raga_Miyan_Ki_Malhar_dcd3f7ef-a962-4664-8cbb-3902ad43d935.pitchSilIntrpPP,Raga_Miyan_Ki_Malhar_dcd3f7ef-a962-4664-8cbb-3902ad43d935.pitchSilIntrpPP,.pitchsilintrppp,23153200,pitch
1b05a564-059f-445b-b325-cf26318367e3,/home/izpiz/coding/automatic-raga-recognition/dataset/RagaDataset/Hindustani/features/1b05a564-059f-445b-b325-cf26318367e3/Kumar_Gandharv/The_Genius_Of_Pt__Kumar_Gandharv/Raga_Miyan_Malhar_6c573272-1f4a-4504-b7e1-996f877e1e15.pitchSilIntrpPP,Raga_Miyan_Malhar_6c573272-1f4a-4504-b7e1-996f877e1e15.pitchSilIntrpPP,.pitchsilintrppp,13418500,pitch
1b05a564-059f-445b-b325-cf26318367e3,/home/izpiz/coding/automatic-raga-recognition/dataset/RagaDataset/Hindustani/features/1b05a564-059f-445b-b325-cf26318367e3/Kumar_Gandharv/The_Genius_Of_Pt__Kumar_Gandharv/Raga_Miyan_Malhar_6c573272-1f4a-4504-b7e1-996f877e1e15.pitch,Raga_Miyan_Malhar_6c573272-1f4a-4504-b7e1-996f877e1e15.pitch,.pitch,6328989,pitch
1b05a564-059f-445b-b325-cf26318367e3,/home/izpiz/coding/automatic-raga-recognition/dataset/RagaDataset/Hindustani/features/1b05a564-059f-445b-b325-cf26318367e3/Prabha_Atre/Chaitanya/Raga_Miyan_Malhar_Khayal_3ce024ce-395c-45a7-9236-ac282eb21aa3.pitchSilIntrpPP,Raga_Miyan_Malhar_Khayal_3ce024ce-395c-45a7-9236-ac282eb21aa3.pitchSilIntrpPP,.pitchsilintrppp,32063300,pitch
1b05a564-059f-445b-b325-cf26318367e3,/home/izpiz/coding/automatic-raga-recognition/dataset/RagaDataset/Hindustani/features/1b05a564-059f-445b-b325-cf26318367e3/Prabha_Atre/Chaitanya/Raga_Miyan_Malhar_Khayal_3ce024ce-395c-45a7-9236-ac282eb21aa3.pitch,Raga_Miyan_Malhar_Khayal_3ce024ce-395c-45a7-9236-ac282eb21aa3.pitch,.pitch,15530699,pitch
1b05a564-059f-445b-b325-cf26318367e3,/home/izpiz/coding/automatic-raga-recognition/dataset/RagaDataset/Hindustani/features/1b05a564-059f-445b-b325-cf26318367e3/Veena_Sahasrabuddhe/Tribute_To_Miyan_Tansen_Vol-1/Karim_Naam_Tero_and_Gahar_Aayo_Re_Badarva_6848a21a-20da-4023-a608-332870105a92.pitch,Karim_Naam_Tero_and_Gahar_Aayo_Re_Badarva_6848a21a-20da-4023-a608-332870105a92.pitch,.pitch,9704652,pitch
1b05a564-059f-445b-b325-cf26318367e3,/home/izpiz/coding/automatic-raga-recognition/dataset/RagaDataset/Hindustani/features/1b05a564-059f-445b-b325-cf26318367e3/Veena_Sahasrabuddhe/Tribute_To_Miyan_Tansen_Vol-1/Karim_Naam_Tero_and_Gahar_Aayo_Re_Badarva_6848a21a-20da-4023-a608-332870105a92.pitchSilIntrpPP,Karim_Naam_Tero_and_Gahar_Aayo_Re_Badarva_6848a21a-20da-4023-a608-332870105a92.pitchSilIntrpPP,.pitchsilintrppp,20345800,pitch
1b05a564-059f-445b-b325-cf26318367e3,/home/izpiz/coding/automatic-raga-recognition/dataset/RagaDataset/Hindustani/features/1b05a564-059f-445b-b325-cf26318367e3/Satyasheel_Deshpande/Raag_Mian_Malhar___Ramdasi_Malhar/Raag_Mian_Malhar_adf0b8ea-cc74-410f-bd52-d59c08c78783.pitch,Raag_Mian_Malhar_adf0b8ea-cc74-410f-bd52-d59c08c78783.pitch,.pitch,15488656,pitch
1b05a564-059f-445b-b325-cf26318367e3,/home/izpiz/coding/automatic-raga-recognition/dataset/RagaDataset/Hindustani/features/1b05a564-059f-445b-b325-cf26318367e3/Satyasheel_Deshpande/Raag_Mian_Malhar___Ramdasi_Malhar/Raag_Mian_Malhar_adf0b8ea-cc74-410f-bd52-d59c08c78783.pitchSilIntrpPP,Raag_Mian_Malhar_adf0b8ea-cc74-410f-bd52-d59c08c78783.pitchSilIntrpPP,.pitchsilintrppp,32040350,pitch
1e7de02f-e77f-405a-a033-f31117aaf955,/home/izpiz/coding/automatic-raga-recognition/dataset/RagaDataset/Hindustani/features/1e7de02f-e77f-405a-a033-f31117aaf955/Abdul_Rashid_Khan/Rasan_Piya_-_Volume_4/Malana_Gungh_Lao_Is_Banre_Kay_Se_Sehara_3956d76d-876b-4e34-a6dd-c8ecfc057ff8.pitchSilIntrpPP,Malana_Gungh_Lao_Is_Banre_Kay_Se_Sehara_3956d76d-876b-4e34-a6dd-c8ecfc057ff8.pitchSilIntrpPP,.pitchsilintrppp,19959050,pitch
1e7de02f-e77f-405a-a033-f31117aaf955,/home/izpiz/coding/automatic-raga-recognition/dataset/RagaDataset/Hindustani/features/1e7de02f-e77f-405a-a033-f31117aaf955/Abdul_Rashid_Khan/Rasan_Piya_-_Volume_4/Magwa_Pe_Rokey_Thharo_Ree_8718d4df-5fcb-419f-b209-5d34b2474a28.pitchSilIntrpPP,Magwa_Pe_Rokey_Thharo_Ree_8718d4df-5fcb-419f-b209-5d34b2474a28.pitchSilIntrpPP,.pitchsilintrppp,5944650,pitch
1e7de02f-e77f-405a-a033-f31117aaf955,/home/izpiz/coding/automatic-raga-recognition/dataset/RagaDataset/Hindustani/features/1e7de02f-e77f-405a-a033-f31117aaf955/Abdul_Rashid_Khan/Rasan_Piya_-_Volume_4/Pratham_Man_Nirankar_Devan_Man_Mahadev_30408242-719e-4efb-a72d-fc1dc2833db7.pitchSilIntrpPP,Pratham_Man_Nirankar_Devan_Man_Mahadev_30408242-719e-4efb-a72d-fc1dc2833db7.pitchSilIntrpPP,.pitchsilintrppp,5733350,pitch
1e7de02f-e77f-405a-a033-f31117aaf955,/home/izpiz/coding/automatic-raga-recognition/dataset/RagaDataset/Hindustani/features/1e7de02f-e77f-405a-a033-f31117aaf955/Abdul_Rashid_Khan/Rasan_Piya_-_Volume_4/Dir_Tana_Dir-Dir_Ta-Dir_(Tarana)_52c68301-d913-4208-adc6-c2cf8d2003d3.pitchSilIntrpPP,Dir_Tana_Dir-Dir_Ta-Dir_(Tarana)_52c68301-d913-4208-adc6-c2cf8d2003d3.pitchSilIntrpPP,.pitchsilintrppp,5409750,pitch
1e7de02f-e77f-405a-a033-f31117aaf955,/home/izpiz/coding/automatic-raga-recognition/dataset/RagaDataset/Hindustani/features/1e7de02f-e77f-405a-a033-f31117aaf955/Abdul_Rashid_Khan/Rasan_Piya_-_Volume_4/Dir_Tana_Dir-Dir_Ta-Dir_(Tarana)_52c68301-d913-4208-adc6-c2cf8d2003d3.pitch,Dir_Tana_Dir-Dir_Ta-Dir_(Tarana)_52c68301-d913-4208-adc6-c2cf8d2003d3.pitch,.pitch,2518864,pitch
1e7de02f-e77f-405a-a033-f31117aaf955,/home/izpiz/coding/automatic-raga-recognition/dataset/RagaDataset/Hindustani/features/1e7de02f-e77f-405a-a033-f31117aaf955/Abdul_Rashid_Khan/Rasan_Piya_-_Volume_4/Pratham_Man_Nirankar_Devan_Man_Mahadev_30408242-719e-4efb-a72d-fc1dc2833db7.pitch,Pratham_Man_Nirankar_Devan_Man_Mahadev_30408242-719e-4efb-a72d-fc1dc2833db7.pitch,.pitch,2663062,pitch
1e7de02f-e77f-405a-a033-f31117aaf955,/home/izpiz/coding/automatic-raga-recognition/dataset/RagaDataset/Hindustani/features/1e7de02f-e77f-405a-a033-f31117aaf955/Abdul_Rashid_Khan/Rasan_Piya_-_Volume_4/Magwa_Pe_Rokey_Thharo_Ree_8718d4df-5fcb-419f-b209-5d34b2474a28.pitch,Magwa_Pe_Rokey_Thharo_Ree_8718d4df-5fcb-419f-b209-5d34b2474a28.pitch,.pitch,2778225,pitch
1e7de02f-e77f-405a-a033-f31117aaf955,/home/izpiz/coding/automatic-raga-recognition/dataset/RagaDataset/Hindustani/features/1e7de02f-e77f-405a-a033-f31117aaf955/Abdul_Rashid_Khan/Rasan_Piya_-_Volume_4/Malana_Gungh_Lao_Is_Banre_Kay_Se_Sehara_3956d76d-876b-4e34-a6dd-c8ecfc057ff8.pitch,Malana_Gungh_Lao_Is_Banre_Kay_Se_Sehara_3956d76d-876b-4e34-a6dd-c8ecfc057ff8.pitch,.pitch,9503568,pitch
1e7de02f-e77f-405a-a033-f31117aaf955,/home/izpiz/coding/automatic-raga-recognition/dataset/RagaDataset/Hindustani/features/1e7de02f-e77f-405a-a033-f31117aaf955/Rashid_Khan/The_Song_Of_Shiva/Raga_Bhairav_c207da5f-60fa-4622-b735-a9bd3425e8fd.pitch,Raga_Bhairav_c207da5f-60fa-4622-b735-a9bd3425e8fd.pitch,.pitch,3631541,pitch
1e7de02f-e77f-405a-a033-f31117aaf955,/home/izpiz/coding/automatic-raga-recognition/dataset/RagaDataset/Hindustani/features/1e7de02f-e77f-405a-a033-f31117aaf955/Rashid_Khan/The_Song_Of_Shiva/Raga_Bhairav_2b1da797-d9f6-47bc-93c0-d19f5de0fa5d.pitch,Raga_Bhairav_2b1da797-d9f6-47bc-93c0-d19f5de0fa5d.pitch,.pitch,13964002,pitch
1e7de02f-e77f-405a-a033-f31117aaf955,/home/izpiz/coding/automatic-raga-recognition/dataset/RagaDataset/Hindustani/features/1e7de02f-e77f-405a-a033-f31117aaf955/Rashid_Khan/The_Song_Of_Shiva/Raga_Bhairav_c207da5f-60fa-4622-b735-a9bd3425e8fd.pitchSilIntrpPP,Raga_Bhairav_c207da5f-60fa-4622-b735-a9bd3425e8fd.pitchSilIntrpPP,.pitchsilintrppp,7796350,pitch
1e7de02f-e77f-405a-a033-f31117aaf955,/home/izpiz/coding/automatic-raga-recognition/dataset/RagaDataset/Hindustani/features/1e7de02f-e77f-405a-a033-f31117aaf955/Rashid_Khan/The_Song_Of_Shiva/Raga_Bhairav_2b1da797-d9f6-47bc-93c0-d19f5de0fa5d.pitchSilIntrpPP,Raga_Bhairav_2b1da797-d9f6-47bc-93c0-d19f5de0fa5d.pitchSilIntrpPP,.pitchsilintrppp,28993450,pitch
1e7de02f-e77f-405a-a033-f31117aaf955,/home/izpiz/coding/automatic-raga-recognition/dataset/RagaDataset/Hindustani/features/1e7de02f-e77f-405a-a033-f31117aaf955/Prabha_Atre/Gaan_Prabha/Man_Re_Tu_Kar_Dhyan_5a73fd2e-2308-49c3-81de-e3baa95d2c1b.pitch,Man_Re_Tu_Kar_Dhyan_5a73fd2e-2308-49c3-81de-e3baa95d2c1b.pitch,.pitch,9788459,pitch
1e7de02f-e77f-405a-a033-f31117aaf955,/home/izpiz/coding/automatic-raga-recognition/dataset/RagaDataset/Hindustani/features/1e7de02f-e77f-405a-a033-f31117aaf955/Prabha_Atre/Gaan_Prabha/Man_Re_Tu_Kar_Dhyan_5a73fd2e-2308-49c3-81de-e3baa95d2c1b.pitchSilIntrpPP,Man_Re_Tu_Kar_Dhyan_5a73fd2e-2308-49c3-81de-e3baa95d2c1b.pitchSilIntrpPP,.pitchsilintrppp,20455150,pitch
1e7de02f-e77f-405a-a033-f31117aaf955,/home/izpiz/coding/automatic-raga-recognition/dataset/RagaDataset/Hindustani/features/1e7de02f-e77f-405a-a033-f31117aaf955/Kumar_Gandharva/Raga_Bhairav_Ke_Prakaar/Rag_Bhairav_(Jhaptal)_3abaaa52-4c95-4e8b-beda-37bc3d01f763.pitchSilIntrpPP,Rag_Bhairav_(Jhaptal)_3abaaa52-4c95-4e8b-beda-37bc3d01f763.pitchSilIntrpPP,.pitchsilintrppp,13590150,pitch
1e7de02f-e77f-405a-a033-f31117aaf955,/home/izpiz/coding/automatic-raga-recognition/dataset/RagaDataset/Hindustani/features/1e7de02f-e77f-405a-a033-f31117aaf955/Kumar_Gandharva/Raga_Bhairav_Ke_Prakaar/Rag_Bhairav_(Jhaptal)_3abaaa52-4c95-4e8b-beda-37bc3d01f763.pitch,Rag_Bhairav_(Jhaptal)_3abaaa52-4c95-4e8b-beda-37bc3d01f763.pitch,.pitch,6325669,pitch
1e7de02f-e77f-405a-a033-f31117aaf955,/home/izpiz/coding/automatic-raga-recognition/dataset/RagaDataset/Hindustani/features/1e7de02f-e77f-405a-a033-f31117aaf955/Kumar_Gandharva/Raag_Bhairav___Dhani/Raag_Bhairav_0a11bf6f-b55d-459c-9447-7a5a555a286f.pitchSilIntrpPP,Raag_Bhairav_0a11bf6f-b55d-459c-9447-7a5a555a286f.pitchSilIntrpPP,.pitchsilintrppp,16398450,pitch
1e7de02f-e77f-405a-a033-f31117aaf955,/home/izpiz/coding/automatic-raga-recognition/dataset/RagaDataset/Hindustani/features/1e7de02f-e77f-405a-a033-f31117aaf955/Kumar_Gandharva/Raag_Bhairav___Dhani/Raag_Bhairav_0a11bf6f-b55d-459c-9447-7a5a555a286f.pitch,Raag_Bhairav_0a11bf6f-b55d-459c-9447-7a5a555a286f.pitch,.pitch,7774809,pitch
1e7de02f-e77f-405a-a033-f31117aaf955,/home/izpiz/coding/automatic-raga-recognition/dataset/RagaDataset/Hindustani/features/1e7de02f-e77f-405a-a033-f31117aaf955/Salamat_Ali_Khan/Timeless_Music_From_Pakistan_Vol__2/Raga_Bhairav_ef6c848a-8f36-49fa-98f1-2b3d40391ddd.pitchSilIntrpPP,Raga_Bhairav_ef6c848a-8f36-49fa-98f1-2b3d40391ddd.pitchSilIntrpPP,.pitchsilintrppp,8553400,pitch
1e7de02f-e77f-405a-a033-f31117aaf955,/home/izpiz/coding/automatic-raga-recognition/dataset/RagaDataset/Hindustani/features/1e7de02f-e77f-405a-a033-f31117aaf955/Salamat_Ali_Khan/Timeless_Music_From_Pakistan_Vol__2/Raga_Bhairav_ef6c848a-8f36-49fa-98f1-2b3d40391ddd.pitch,Raga_Bhairav_ef6c848a-8f36-49fa-98f1-2b3d40391ddd.pitch,.pitch,3961600,pitch
290674e0-d94c-41c1-ad99-f65fa22a1447,/home/izpiz/coding/automatic-raga-recognition/dataset/RagaDataset/Hindustani/features/290674e0-d94c-41c1-ad99-f65fa22a1447/Bhimsen_Joshi/Swaradhiraj_Vol__2/Raga_Madhuvanti_67b90abb-08cb-4473-9224-343b21e4681a.pitchSilIntrpPP,Raga_Madhuvanti_67b90abb-08cb-4473-9224-343b21e4681a.pitchSilIntrpPP,.pitchsilintrppp,30148200,pitch
290674e0-d94c-41c1-ad99-f65fa22a1447,/home/izpiz/coding/automatic-raga-recognition/dataset/RagaDataset/Hindustani/features/290674e0-d94c-41c1-ad99-f65fa22a1447/Bhimsen_Joshi/Swaradhiraj_Vol__2/Raga_Madhuvanti_67b90abb-08cb-4473-9224-343b21e4681a.pitch,Raga_Madhuvanti_67b90abb-08cb-4473-9224-343b21e4681a.pitch,.pitch,14470031,pitch
290674e0-d94c-41c1-ad99-f65fa22a1447,/home/izpiz/coding/automatic-raga-recognition/dataset/RagaDataset/Hindustani/features/290674e0-d94c-41c1-ad99-f65fa22a1447/Gopal_Mishra/Kula_Sampada/Raga_Madhuwanti_7711d588-1c7a-4756-8793-2aa5d32bfffb.pitch,Raga_Madhuwanti_7711d588-1c7a-4756-8793-2aa5d32bfffb.pitch,.pitch,5301328,pitch
290674e0-d94c-41c1-ad99-f65fa22a1447,/home/izpiz/coding/automatic-raga-recognition/dataset/RagaDataset/Hindustani/features/290674e0-d94c-41c1-ad99-f65fa22a1447/Gopal_Mishra/Kula_Sampada/Raga_Madhuwanti_7711d588-1c7a-4756-8793-2aa5d32bfffb.pitchSilIntrpPP,Raga_Madhuwanti_7711d588-1c7a-4756-8793-2aa5d32bfffb.pitchSilIntrpPP,.pitchsilintrppp,11334650,pitch
290674e0-d94c-41c1-ad99-f65fa22a1447,/home/izpiz/coding/automatic-raga-recognition/dataset/RagaDataset/Hindustani/features/290674e0-d94c-41c1-ad99-f65fa22a1447/Jasraj/A_Day_With_Pandit_Jasraj/Raga_Madhuvanti_211c010f-7ae5-4ca6-a909-f10afed265c5.pitch,Raga_Madhuvanti_211c010f-7ae5-4ca6-a909-f10afed265c5.pitch,.pitch,8928614,pitch
290674e0-d94c-41c1-ad99-f65fa22a1447,/home/izpiz/coding/automatic-raga-recognition/dataset/RagaDataset/Hindustani/features/290674e0-d94c-41c1-ad99-f65fa22a1447/Jasraj/A_Day_With_Pandit_Jasraj/Raga_Madhuvanti_211c010f-7ae5-4ca6-a909-f10afed265c5.pitchSilIntrpPP,Raga_Madhuvanti_211c010f-7ae5-4ca6-a909-f10afed265c5.pitchSilIntrpPP,.pitchsilintrppp,18773650,pitch
290674e0-d94c-41c1-ad99-f65fa22a1447,/home/izpiz/coding/automatic-raga-recognition/dataset/RagaDataset/Hindustani/features/290674e0-d94c-41c1-ad99-f65fa22a1447/Jasraj/Legends__Sangeet_Martand_Pandit_Jasraj_(Vol__2)/Raga_-_Madhuvanti_e05c9807-4b3a-4532-b6cf-aa560ee07dad.pitchSilIntrpPP,Raga_-_Madhuvanti_e05c9807-4b3a-4532-b6cf-aa560ee07dad.pitchSilIntrpPP,.pitchsilintrppp,17007150,pitch
290674e0-d94c-41c1-ad99-f65fa22a1447,/home/izpiz/coding/automatic-raga-recognition/dataset/RagaDataset/Hindustani/features/290674e0-d94c-41c1-ad99-f65fa22a1447/Jasraj/Legends__Sangeet_Martand_Pandit_Jasraj_(Vol__2)/Raga_-_Madhuvanti_e05c9807-4b3a-4532-b6cf-aa560ee07dad.pitch,Raga_-_Madhuvanti_e05c9807-4b3a-4532-b6cf-aa560ee07dad.pitch,.pitch,8041295,pitch
290674e0-d94c-41c1-ad99-f65fa22a1447,/home/izpiz/coding/automatic-raga-recognition/dataset/RagaDataset/Hindustani/features/290674e0-d94c-41c1-ad99-f65fa22a1447/Sanjeev_Abhyankar/Vocal_Classical/Mehamanan_se_ka_lariye_49e7d75c-484c-4002-9532-5717a4e30fe0.pitch,Mehamanan_se_ka_lariye_49e7d75c-484c-4002-9532-5717a4e30fe0.pitch,.pitch,9526180,pitch
290674e0-d94c-41c1-ad99-f65fa22a1447,/home/izpiz/coding/automatic-raga-recognition/dataset/RagaDataset/Hindustani/features/290674e0-d94c-41c1-ad99-f65fa22a1447/Sanjeev_Abhyankar/Vocal_Classical/Mehamanan_se_ka_lariye_49e7d75c-484c-4002-9532-5717a4e30fe0.pitchSilIntrpPP,Mehamanan_se_ka_lariye_49e7d75c-484c-4002-9532-5717a4e30fe0.pitchSilIntrpPP,.pitchsilintrppp,20068950,pitch
290674e0-d94c-41c1-ad99-f65fa22a1447,/home/izpiz/coding/automatic-raga-recognition/dataset/RagaDataset/Hindustani/features/290674e0-d94c-41c1-ad99-f65fa22a1447/Kaushiki_Chakrabarty/Pure/Raga_Madhuvanti_Alap_c1aba7b7-cd7a-4e6c-90e7-798b617bfdc9.pitch,Raga_Madhuvanti_Alap_c1aba7b7-cd7a-4e6c-90e7-798b617bfdc9.pitch,.pitch,879114,pitch
290674e0-d94c-41c1-ad99-f65fa22a1447,/home/izpiz/coding/automatic-raga-recognition/dataset/RagaDataset/Hindustani/features/290674e0-d94c-41c1-ad99-f65fa22a1447/Kaushiki_Chakrabarty/Pure/Raga_Madhuvanti_Alap_c1aba7b7-cd7a-4e6c-90e7-798b617bfdc9.pitchSilIntrpPP,Raga_Madhuvanti_Alap_c1aba7b7-cd7a-4e6c-90e7-798b617bfdc9.pitchSilIntrpPP,.pitchsilintrppp,1920850,pitch
290674e0-d94c-41c1-ad99-f65fa22a1447,/home/izpiz/coding/automatic-raga-recognition/dataset/RagaDataset/Hindustani/features/290674e0-d94c-41c1-ad99-f65fa22a1447/Kaushiki_Chakrabarty/Pure/Raga_Madhuvanti_Khayal_Kahe_maan_karo_sakihiri_ab_in_Teental_ff70a092-0893-4836-a2a2-7ea654d171c9.pitchSilIntrpPP,Raga_Madhuvanti_Khayal_Kahe_maan_karo_sakihiri_ab_in_Teental_ff70a092-0893-4836-a2a2-7ea654d171c9.pitchSilIntrpPP,.pitchsilintrppp,10047150,pitch
290674e0-d94c-41c1-ad99-f65fa22a1447,/home/izpiz/coding/automatic-raga-recognition/dataset/RagaDataset/Hindustani/features/290674e0-d94c-41c1-ad99-f65fa22a1447/Kaushiki_Chakrabarty/Pure/Raga_Madhuvanti_Khayal_Shyam_bhaee_Ghanashyam_nahi_aye_more_dware_in_Ektaal_68ecc764-b0da-4919-affe-8a50d558cbbf.pitchSilIntrpPP,Raga_Madhuvanti_Khayal_Shyam_bhaee_Ghanashyam_nahi_aye_more_dware_in_Ektaal_68ecc764-b0da-4919-affe-8a50d558cbbf.pitchSilIntrpPP,.pitchsilintrppp,19013950,pitch
290674e0-d94c-41c1-ad99-f65fa22a1447,/home/izpiz/coding/automatic-raga-recognition/dataset/RagaDataset/Hindustani/features/290674e0-d94c-41c1-ad99-f65fa22a1447/Kaushiki_Chakrabarty/Pure/Raga_Madhuvanti_Khayal_Kahe_maan_karo_sakihiri_ab_in_Teental_ff70a092-0893-4836-a2a2-7ea654d171c9.pitch,Raga_Madhuvanti_Khayal_Kahe_maan_karo_sakihiri_ab_in_Teental_ff70a092-0893-4836-a2a2-7ea654d171c9.pitch,.pitch,4684166,pitch
290674e0-d94c-41c1-ad99-f65fa22a1447,/home/izpiz/coding/automatic-raga-recognition/dataset/RagaDataset/Hindustani/features/290674e0-d94c-41c1-ad99-f65fa22a1447/Kaushiki_Chakrabarty/Pure/Raga_Madhuvanti_Khayal_Shyam_bhaee_Ghanashyam_nahi_aye_more_dware_in_Ektaal_68ecc764-b0da-4919-affe-8a50d558cbbf.pitch,Raga_Madhuvanti_Khayal_Shyam_bhaee_Ghanashyam_nahi_aye_more_dware_in_Ektaal_68ecc764-b0da-4919-affe-8a50d558cbbf.pitch,.pitch,9076246,pitch
290674e0-d94c-41c1-ad99-f65fa22a1447,/home/izpiz/coding/automatic-raga-recognition/dataset/RagaDataset/Hindustani/features/290674e0-d94c-41c1-ad99-f65fa22a1447/Prabha_Atre/Vocal_Recital/Raga_Madhuvanti_354c38e3-c71b-4dd6-bc77-deb629ad14b9.pitchSilIntrpPP,Raga_Madhuvanti_354c38e3-c71b-4dd6-bc77-deb629ad14b9.pitchSilIntrpPP,.pitchsilintrppp,19958200,pitch
290674e0-d94c-41c1-ad99-f65fa22a1447,/home/izpiz/coding/automatic-raga-recognition/dataset/RagaDataset/Hindustani/features/290674e0-d94c-41c1-ad99-f65fa22a1447/Prabha_Atre/Vocal_Recital/Raga_Madhuvanti_354c38e3-c71b-4dd6-bc77-deb629ad14b9.pitch,Raga_Madhuvanti_354c38e3-c71b-4dd6-bc77-deb629ad14b9.pitch,.pitch,9547959,pitch
290674e0-d94c-41c1-ad99-f65fa22a1447,/home/izpiz/coding/automatic-raga-recognition/dataset/RagaDataset/Hindustani/features/290674e0-d94c-41c1-ad99-f65fa22a1447/Shubha_Mudgal/Divas__Once_Upon_a_Time/Madhuvanti_b2456c14-8db5-4d11-bf23-ec360b33d242.pitchSilIntrpPP,Madhuvanti_b2456c14-8db5-4d11-bf23-ec360b33d242.pitchSilIntrpPP,.pitchsilintrppp,13946450,pitch
290674e0-d94c-41c1-ad99-f65fa22a1447,/home/izpiz/coding/automatic-raga-recognition/dataset/RagaDataset/Hindustani/features/290674e0-d94c-41c1-ad99-f65fa22a1447/Shubha_Mudgal/Divas__Once_Upon_a_Time/Madhuvanti_b2456c14-8db5-4d11-bf23-ec360b33d242.pitch,Madhuvanti_b2456c14-8db5-4d11-bf23-ec360b33d242.pitch,.pitch,6563075,pitch
2ed9379f-14c9-49af-8e4d-f9b63e96801f,/home/izpiz/coding/automatic-raga-recognition/dataset/RagaDataset/Hindustani/features/2ed9379f-14c9-49af-8e4d-f9b63e96801f/Abdul_Rashid_Khan/Rasan_Piya_-_Volume_2/Kahe_Ko_Garabh_Keeno_f5689624-b636-4a6c-831f-53d1678d9bb6.pitch,Kahe_Ko_Garabh_Keeno_f5689624-b636-4a6c-831f-53d1678d9bb6.pitch,.pitch,5966720,pitch
2ed9379f-14c9-49af-8e4d-f9b63e96801f,/home/izpiz/coding/automatic-raga-recognition/dataset/RagaDataset/Hindustani/features/2ed9379f-14c9-49af-8e4d-f9b63e96801f/Abdul_Rashid_Khan/Rasan_Piya_-_Volume_2/Kahe_Ko_Garabh_Keeno_f5689624-b636-4a6c-831f-53d1678d9bb6.pitchSilIntrpPP,Kahe_Ko_Garabh_Keeno_f5689624-b636-4a6c-831f-53d1678d9bb6.pitchSilIntrpPP,.pitchsilintrppp,12704700,pitch
2ed9379f-14c9-49af-8e4d-f9b63e96801f,/home/izpiz/coding/automatic-raga-recognition/dataset/RagaDataset/Hindustani/features/2ed9379f-14c9-49af-8e4d-f9b63e96801f/Dattatreya_L_Velankar/Sura_Sindhu/Raga_Alahiya_Bilawal-Drut_Teental_0017d78e-a39d-4151-8d93-826ab2eb00d8.pitchSilIntrpPP,Raga_Alahiya_Bilawal-Drut_Teental_0017d78e-a39d-4151-8d93-826ab2eb00d8.pitchSilIntrpPP,.pitchsilintrppp,4454950,pitch
2ed9379f-14c9-49af-8e4d-f9b63e96801f,/home/izpiz/coding/automatic-raga-recognition/dataset/RagaDataset/Hindustani/features/2ed9379f-14c9-49af-8e4d-f9b63e96801f/Dattatreya_L_Velankar/Sura_Sindhu/Raga_Alahiya_Bilawal-Vilambit_Teental_b22390c8-88bb-4e1f-9e23-bd3e237043ba.pitch,Raga_Alahiya_Bilawal-Vilambit_Teental_b22390c8-88bb-4e1f-9e23-bd3e237043ba.pitch,.pitch,5795365,pitch
2ed9379f-14c9-49af-8e4d-f9b63e96801f,/home/izpiz/coding/automatic-raga-recognition/dataset/RagaDataset/Hindustani/features/2ed9379f-14c9-49af-8e4d-f9b63e96801f/Dattatreya_L_Velankar/Sura_Sindhu/Raga_Alahiya_Bilawal-Vilambit_Teental_b22390c8-88bb-4e1f-9e23-bd3e237043ba.pitchSilIntrpPP,Raga_Alahiya_Bilawal-Vilambit_Teental_b22390c8-88bb-4e1f-9e23-bd3e237043ba.pitchSilIntrpPP,.pitchsilintrppp,12366450,pitch
2ed9379f-14c9-49af-8e4d-f9b63e96801f,/home/izpiz/coding/automatic-raga-recognition/dataset/RagaDataset/Hindustani/features/2ed9379f-14c9-49af-8e4d-f9b63e96801f/Dattatreya_L_Velankar/Sura_Sindhu/Raga_Alahiya_Bilawal-Drut_Teental_0017d78e-a39d-4151-8d93-826ab2eb00d8.pitch,Raga_Alahiya_Bilawal-Drut_Teental_0017d78e-a39d-4151-8d93-826ab2eb00d8.pitch,.pitch,2068272,pitch
2ed9379f-14c9-49af-8e4d-f9b63e96801f,/home/izpiz/coding/automatic-raga-recognition/dataset/RagaDataset/Hindustani/features/2ed9379f-14c9-49af-8e4d-f9b63e96801f/Kishori_Amonkar/Sampradaya__Carrying_Forward_a_Tradition/Raga_Alhaiya_Bilawal_Drut_Khayal_-_Teental_Sitarkhani_04d506c4-df9e-410c-a3e2-037abffe7b9c.pitchSilIntrpPP,Raga_Alhaiya_Bilawal_Drut_Khayal_-_Teental_Sitarkhani_04d506c4-df9e-410c-a3e2-037abffe7b9c.pitchSilIntrpPP,.pitchsilintrppp,11833350,pitch
2ed9379f-14c9-49af-8e4d-f9b63e96801f,/home/izpiz/coding/automatic-raga-recognition/dataset/RagaDataset/Hindustani/features/2ed9379f-14c9-49af-8e4d-f9b63e96801f/Kishori_Amonkar/Sampradaya__Carrying_Forward_a_Tradition/Raga_Alhaiya_Bilawal_Vilambit_Khayal_-_Teental_30261aa8-aa4d-4f66-a2d4-b087668b00a8.pitchSilIntrpPP,Raga_Alhaiya_Bilawal_Vilambit_Khayal_-_Teental_30261aa8-aa4d-4f66-a2d4-b087668b00a8.pitchSilIntrpPP,.pitchsilintrppp,32578450,pitch
2ed9379f-14c9-49af-8e4d-f9b63e96801f,/home/izpiz/coding/automatic-raga-recognition/dataset/RagaDataset/Hindustani/features/2ed9379f-14c9-49af-8e4d-f9b63e96801f/Kishori_Amonkar/Sampradaya__Carrying_Forward_a_Tradition/Raga_Alhaiya_Bilawal_Drut_Khayal_-_Teental_Sitarkhani_04d506c4-df9e-410c-a3e2-037abffe7b9c.pitch,Raga_Alhaiya_Bilawal_Drut_Khayal_-_Teental_Sitarkhani_04d506c4-df9e-410c-a3e2-037abffe7b9c.pitch,.pitch,5571195,pitch
2ed9379f-14c9-49af-8e4d-f9b63e96801f,/home/izpiz/coding/automatic-raga-recognition/dataset/RagaDataset/Hindustani/features/2ed9379f-14c9-49af-8e4d-f9b63e96801f/Kishori_Amonkar/Sampradaya__Carrying_Forward_a_Tradition/Raga_Alhaiya_Bilawal_Vilambit_Khayal_-_Teental_30261aa8-aa4d-4f66-a2d4-b087668b00a8.pitch,Raga_Alhaiya_Bilawal_Vilambit_Khayal_-_Teental_30261aa8-aa4d-4f66-a2d4-b087668b00a8.pitch,.pitch,15804644,pitch
2ed9379f-14c9-49af-8e4d-f9b63e96801f,/home/izpiz/coding/automatic-raga-recognition/dataset/RagaDataset/Hindustani/features/2ed9379f-14c9-49af-8e4d-f9b63e96801f/Jasraj/The_Genius_of_Pt__Jasraj/Raga_Alahiya_Bilawal_9117fa28-df28-4bb8-a0e3-b70e60fed262.pitch,Raga_Alahiya_Bilawal_9117fa28-df28-4bb8-a0e3-b70e60fed262.pitch,.pitch,8942477,pitch
2ed9379f-14c9-49af-8e4d-f9b63e96801f,/home/izpiz/coding/automatic-raga-recognition/dataset/RagaDataset/Hindustani/features/2ed9379f-14c9-49af-8e4d-f9b63e96801f/Jasraj/The_Genius_of_Pt__Jasraj/Raga_Alahiya_Bilawal_9117fa28-df28-4bb8-a0e3-b70e60fed262.pitchSilIntrpPP,Raga_Alahiya_Bilawal_9117fa28-df28-4bb8-a0e3-b70e60fed262.pitchSilIntrpPP,.pitchsilintrppp,18733300,pitch
2ed9379f-14c9-49af-8e4d-f9b63e96801f,/home/izpiz/coding/automatic-raga-recognition/dataset/RagaDataset/Hindustani/features/2ed9379f-14c9-49af-8e4d-f9b63e96801f/Jasraj/Legends__Sangeet_Martand_Pandit_Jasraj_(Vol__1)/Karat_Shringar_Maiya_Man_Bhavat_7ed38940-f5e5-46cb-897d-ed408ddf8c85.pitch,Karat_Shringar_Maiya_Man_Bhavat_7ed38940-f5e5-46cb-897d-ed408ddf8c85.pitch,.pitch,1673218,pitch
2ed9379f-14c9-49af-8e4d-f9b63e96801f,/home/izpiz/coding/automatic-raga-recognition/dataset/RagaDataset/Hindustani/features/2ed9379f-14c9-49af-8e4d-f9b63e96801f/Jasraj/Legends__Sangeet_Martand_Pandit_Jasraj_(Vol__1)/Karat_Shringar_Maiya_Man_Bhavat_7ed38940-f5e5-46cb-897d-ed408ddf8c85.pitchSilIntrpPP,Karat_Shringar_Maiya_Man_Bhavat_7ed38940-f5e5-46cb-897d-ed408ddf8c85.pitchSilIntrpPP,.pitchsilintrppp,3610150,pitch
2ed9379f-14c9-49af-8e4d-f9b63e96801f,/home/izpiz/coding/automatic-raga-recognition/dataset/RagaDataset/Hindustani/features/2ed9379f-14c9-49af-8e4d-f9b63e96801f/Aslam_Hussain_Khan/Vocal/Mangta_Hoon_Tere_Dar_Ka__E_Ha_Jiyo_Pa_c53396aa-f369-4875-8c61-3f29787da6f5.pitch,Mangta_Hoon_Tere_Dar_Ka__E_Ha_Jiyo_Pa_c53396aa-f369-4875-8c61-3f29787da6f5.pitch,.pitch,4357750,pitch
2ed9379f-14c9-49af-8e4d-f9b63e96801f,/home/izpiz/coding/automatic-raga-recognition/dataset/RagaDataset/Hindustani/features/2ed9379f-14c9-49af-8e4d-f9b63e96801f/Aslam_Hussain_Khan/Vocal/Mangta_Hoon_Tere_Dar_Ka__E_Ha_Jiyo_Pa_c53396aa-f369-4875-8c61-3f29787da6f5.pitchSilIntrpPP,Mangta_Hoon_Tere_Dar_Ka__E_Ha_Jiyo_Pa_c53396aa-f369-4875-8c61-3f29787da6f5.pitchSilIntrpPP,.pitchsilintrppp,9304550,pitch
2ed9379f-14c9-49af-8e4d-f9b63e96801f,/home/izpiz/coding/automatic-raga-recognition/dataset/RagaDataset/Hindustani/features/2ed9379f-14c9-49af-8e4d-f9b63e96801f/Kumar_Gandharva/Pt__Kumar_Gandharva-Vocal/Laita_Jaiyo_3766bcb1-57b6-4c16-9196-c2ed94d80331.pitch,Laita_Jaiyo_3766bcb1-57b6-4c16-9196-c2ed94d80331.pitch,.pitch,2016951,pitch
2ed9379f-14c9-49af-8e4d-f9b63e96801f,/home/izpiz/coding/automatic-raga-recognition/dataset/RagaDataset/Hindustani/features/2ed9379f-14c9-49af-8e4d-f9b63e96801f/Kumar_Gandharva/Pt__Kumar_Gandharva-Vocal/Laita_Jaiyo_3766bcb1-57b6-4c16-9196-c2ed94d80331.pitchSilIntrpPP,Laita_Jaiyo_3766bcb1-57b6-4c16-9196-c2ed94d80331.pitchSilIntrpPP,.pitchsilintrppp,4349450,pitch
2ed9379f-14c9-49af-8e4d-f9b63e96801f,/home/izpiz/coding/automatic-raga-recognition/dataset/RagaDataset/Hindustani/features/2ed9379f-14c9-49af-8e4d-f9b63e96801f/Basavraj_Rajaguru/The_Genius_Of_Basavraj_Rajguru/Raga_Alhaiya_Bilawal_3d0539f5-2d30-422f-9647-b3e14fd9787d.pitch,Raga_Alhaiya_Bilawal_3d0539f5-2d30-422f-9647-b3e14fd9787d.pitch,.pitch,5779308,pitch
2ed9379f-14c9-49af-8e4d-f9b63e96801f,/home/izpiz/coding/automatic-raga-recognition/dataset/RagaDataset/Hindustani/features/2ed9379f-14c9-49af-8e4d-f9b63e96801f/Basavraj_Rajaguru/The_Genius_Of_Basavraj_Rajguru/Raga_Alhaiya_Bilawal_3d0539f5-2d30-422f-9647-b3e14fd9787d.pitchSilIntrpPP,Raga_Alhaiya_Bilawal_3d0539f5-2d30-422f-9647-b3e14fd9787d.pitchSilIntrpPP,.pitchsilintrppp,12263300,pitch
3eb7ba30-4b94-432e-9618-875ee57e01ab,/home/izpiz/coding/automatic-raga-recognition/dataset/RagaDataset/Hindustani/features/3eb7ba30-4b94-432e-9618-875ee57e01ab/Rashid_Khan/Masterworks/Raga_Marwa_c6232a25-3f5a-4394-a85c-43dc1efcc1de.pitch,Raga_Marwa_c6232a25-3f5a-4394-a85c-43dc1efcc1de.pitch,.pitch,12120581,pitch
3eb7ba30-4b94-432e-9618-875ee57e01ab,/home/izpiz/coding/automatic-raga-recognition/dataset/RagaDataset/Hindustani/features/3eb7ba30-4b94-432e-9618-875ee57e01ab/Rashid_Khan/Masterworks/Raga_Marwa_c6232a25-3f5a-4394-a85c-43dc1efcc1de.pitchSilIntrpPP,Raga_Marwa_c6232a25-3f5a-4394-a85c-43dc1efcc1de.pitchSilIntrpPP,.pitchsilintrppp,25105150,pitch
3eb7ba30-4b94-432e-9618-875ee57e01ab,/home/izpiz/coding/automatic-raga-recognition/dataset/RagaDataset/Hindustani/features/3eb7ba30-4b94-432e-9618-875ee57e01ab/Rashid_Khan/Vocal/Piya_More_Anat_Des_and_Kaunki_Reet_Kou_Kare_Sakhiri_3c6fa59c-a492-4e76-a3f0-be3e81053ca5.pitchSilIntrpPP,Piya_More_Anat_Des_and_Kaunki_Reet_Kou_Kare_Sakhiri_3c6fa59c-a492-4e76-a3f0-be3e81053ca5.pitchSilIntrpPP,.pitchsilintrppp,17466400,pitch
3eb7ba30-4b94-432e-9618-875ee57e01ab,/home/izpiz/coding/automatic-raga-recognition/dataset/RagaDataset/Hindustani/features/3eb7ba30-4b94-432e-9618-875ee57e01ab/Rashid_Khan/Vocal/Piya_More_Anat_Des_and_Kaunki_Reet_Kou_Kare_Sakhiri_3c6fa59c-a492-4e76-a3f0-be3e81053ca5.pitch,Piya_More_Anat_Des_and_Kaunki_Reet_Kou_Kare_Sakhiri_3c6fa59c-a492-4e76-a3f0-be3e81053ca5.pitch,.pitch,8250265,pitch
3eb7ba30-4b94-432e-9618-875ee57e01ab,/home/izpiz/coding/automatic-raga-recognition/dataset/RagaDataset/Hindustani/features/3eb7ba30-4b94-432e-9618-875ee57e01ab/Omkar_Dadarkar/Raag_Marwa___Shree/Raag_Marwa_98afad39-5abc-4c96-b7af-5f2c70831066.pitch,Raag_Marwa_98afad39-5abc-4c96-b7af-5f2c70831066.pitch,.pitch,10506893,pitch
3eb7ba30-4b94-432e-9618-875ee57e01ab,/home/izpiz/coding/automatic-raga-recognition/dataset/RagaDataset/Hindustani/features/3eb7ba30-4b94-432e-9618-875ee57e01ab/Omkar_Dadarkar/Raag_Marwa___Shree/Raag_Marwa_98afad39-5abc-4c96-b7af-5f2c70831066.pitchSilIntrpPP,Raag_Marwa_98afad39-5abc-4c96-b7af-5f2c70831066.pitchSilIntrpPP,.pitchsilintrppp,21800500,pitch
3eb7ba30-4b94-432e-9618-875ee57e01ab,/home/izpiz/coding/automatic-raga-recognition/dataset/RagaDataset/Hindustani/features/3eb7ba30-4b94-432e-9618-875ee57e01ab/C_R_Vyas/The_Eternal_Rhapsody/Raga_Marwa_-_Rakho_Mori_Laaj_Khayal_In_Madhyalaya_Jhaptaal_c568bab8-7653-4252-a4d9-aebcc26fc752.pitchSilIntrpPP,Raga_Marwa_-_Rakho_Mori_Laaj_Khayal_In_Madhyalaya_Jhaptaal_c568bab8-7653-4252-a4d9-aebcc26fc752.pitchSilIntrpPP,.pitchsilintrppp,10114450,pitch
3eb7ba30-4b94-432e-9618-875ee57e01ab,/home/izpiz/coding/automatic-raga-recognition/dataset/RagaDataset/Hindustani/features/3eb7ba30-4b94-432e-9618-875ee57e01ab/C_R_Vyas/The_Eternal_Rhapsody/Raga_Marwa_-_Rakho_Mori_Laaj_Khayal_In_Madhyalaya_Jhaptaal_c568bab8-7653-4252-a4d9-aebcc26fc752.pitch,Raga_Marwa_-_Rakho_Mori_Laaj_Khayal_In_Madhyalaya_Jhaptaal_c568bab8-7653-4252-a4d9-aebcc26fc752.pitch,.pitch,4735913,pitch
3eb7ba30-4b94-432e-9618-875ee57e01ab,/home/izpiz/coding/automatic-raga-recognition/dataset/RagaDataset/Hindustani/features/3eb7ba30-4b94-432e-9618-875ee57e01ab/Jasraj/Khazana/Raga_Marwa_344dca74-fb8a-4c7e-a7e6-0a52088edd71.pitch,Raga_Marwa_344dca74-fb8a-4c7e-a7e6-0a52088edd71.pitch,.pitch,16541968,pitch
3eb7ba30-4b94-432e-9618-875ee57e01ab,/home/izpiz/coding/automatic-raga-recognition/dataset/RagaDataset/Hindustani/features/3eb7ba30-4b94-432e-9618-875ee57e01ab/Jasraj/Khazana/Raga_Marwa_344dca74-fb8a-4c7e-a7e6-0a52088edd71.pitchSilIntrpPP,Raga_Marwa_344dca74-fb8a-4c7e-a7e6-0a52088edd71.pitchSilIntrpPP,.pitchsilintrppp,34325850,pitch
3eb7ba30-4b94-432e-9618-875ee57e01ab,/home/izpiz/coding/automatic-raga-recognition/dataset/RagaDataset/Hindustani/features/3eb7ba30-4b94-432e-9618-875ee57e01ab/Amir_Khan/The_Great_Heritage__Ustad_Amir_Khan/Raga_Marwa_Piya_More_fb73793a-3791-4986-b3f8-00621a16a522.pitchSilIntrpPP,Raga_Marwa_Piya_More_fb73793a-3791-4986-b3f8-00621a16a522.pitchSilIntrpPP,.pitchsilintrppp,12481350,pitch
3eb7ba30-4b94-432e-9618-875ee57e01ab,/home/izpiz/coding/automatic-raga-recognition/dataset/RagaDataset/Hindustani/features/3eb7ba30-4b94-432e-9618-875ee57e01ab/Amir_Khan/The_Great_Heritage__Ustad_Amir_Khan/Raga_Marwa_Piya_More_fb73793a-3791-4986-b3f8-00621a16a522.pitch,Raga_Marwa_Piya_More_fb73793a-3791-4986-b3f8-00621a16a522.pitch,.pitch,5845436,pitch
3eb7ba30-4b94-432e-9618-875ee57e01ab,/home/izpiz/coding/automatic-raga-recognition/dataset/RagaDataset/Hindustani/features/3eb7ba30-4b94-432e-9618-875ee57e01ab/Hirabai_Barodekar/The_Great_Heritage__Hirabai_Barodekar/Ata_Tana_Dere_Na_7081d924-c8e4-4216-9e69-ca397c10550b.pitch,Ata_Tana_Dere_Na_7081d924-c8e4-4216-9e69-ca397c10550b.pitch,.pitch,1108133,pitch
3eb7ba30-4b94-432e-9618-875ee57e01ab,/home/izpiz/coding/automatic-raga-recognition/dataset/RagaDataset/Hindustani/features/3eb7ba30-4b94-432e-9618-875ee57e01ab/Hirabai_Barodekar/The_Great_Heritage__Hirabai_Barodekar/Ata_Tana_Dere_Na_7081d924-c8e4-4216-9e69-ca397c10550b.pitchSilIntrpPP,Ata_Tana_Dere_Na_7081d924-c8e4-4216-9e69-ca397c10550b.pitchSilIntrpPP,.pitchsilintrppp,2393700,pitch
3eb7ba30-4b94-432e-9618-875ee57e01ab,/home/izpiz/coding/automatic-raga-recognition/dataset/RagaDataset/Hindustani/features/3eb7ba30-4b94-432e-9618-875ee57e01ab/Vasantrao_Deshpande/Dr__Vasant_Rao_Deshpande_(Compilation)/Ye_Madmati_Chal__Bol_Na_Bin_-_Khayal_-_1972_66de36d2-f8b5-44aa-b586-ce75bd665a46.pitchSilIntrpPP,Ye_Madmati_Chal__Bol_Na_Bin_-_Khayal_-_1972_66de36d2-f8b5-44aa-b586-ce75bd665a46.pitchSilIntrpPP,.pitchsilintrppp,12802550,pitch
3eb7ba30-4b94-432e-9618-875ee57e01ab,/home/izpiz/coding/automatic-raga-recognition/dataset/RagaDataset/Hindustani/features/3eb7ba30-4b94-432e-9618-875ee57e01ab/Vasantrao_Deshpande/Dr__Vasant_Rao_Deshpande_(Compilation)/Ye_Madmati_Chal__Bol_Na_Bin_-_Khayal_-_1972_66de36d2-f8b5-44aa-b586-ce75bd665a46.pitch,Ye_Madmati_Chal__Bol_Na_Bin_-_Khayal_-_1972_66de36d2-f8b5-44aa-b586-ce75bd665a46.pitch,.pitch,6009557,pitch
3eb7ba30-4b94-432e-9618-875ee57e01ab,/home/izpiz/coding/automatic-raga-recognition/dataset/RagaDataset/Hindustani/features/3eb7ba30-4b94-432e-9618-875ee57e01ab/Sameehan_Kashalkar/Raag_Marwa___Hameer/Raag_Marwa_1a311323-791b-46fa-ab59-b749adcd18e1.pitchSilIntrpPP,Raag_Marwa_1a311323-791b-46fa-ab59-b749adcd18e1.pitchSilIntrpPP,.pitchsilintrppp,22947100,pitch
3eb7ba30-4b94-432e-9618-875ee57e01ab,/home/izpiz/coding/automatic-raga-recognition/dataset/RagaDataset/Hindustani/features/3eb7ba30-4b94-432e-9618-875ee57e01ab/Sameehan_Kashalkar/Raag_Marwa___Hameer/Raag_Marwa_1a311323-791b-46fa-ab59-b749adcd18e1.pitch,Raag_Marwa_1a311323-791b-46fa-ab59-b749adcd18e1.pitch,.pitch,10903333,pitch
3eb7ba30-4b94-432e-9618-875ee57e01ab,/home/izpiz/coding/automatic-raga-recognition/dataset/RagaDataset/Hindustani/features/3eb7ba30-4b94-432e-9618-875ee57e01ab/Shrinivas_Joshi/Swarakruti/Raga_Marwa_6504d224-d5e7-4353-841f-47adfcda0bd3.pitchSilIntrpPP,Raga_Marwa_6504d224-d5e7-4353-841f-47adfcda0bd3.pitchSilIntrpPP,.pitchsilintrppp,4752350,pitch
3eb7ba30-4b94-432e-9618-875ee57e01ab,/home/izpiz/coding/automatic-raga-recognition/dataset/RagaDataset/Hindustani/features/3eb7ba30-4b94-432e-9618-875ee57e01ab/Shrinivas_Joshi/Swarakruti/Raga_Marwa_6504d224-d5e7-4353-841f-47adfcda0bd3.pitch,Raga_Marwa_6504d224-d5e7-4353-841f-47adfcda0bd3.pitch,.pitch,2188644,pitch
40dbe1db-858f-4366-bef8-9076eb67340d,/home/izpiz/coding/automatic-raga-recognition/dataset/RagaDataset/Hindustani/features/40dbe1db-858f-4366-bef8-9076eb67340d/Bade_Ghulam_Ali_Khan/The_Great_Heritage__Ustad_Bade_Ghulam_Ali_Khan/Raga_Shuddha_Sarang_ab50e3e6-e6cb-4faa-a5ad-f0a94de30f86.pitchSilIntrpPP,Raga_Shuddha_Sarang_ab50e3e6-e6cb-4faa-a5ad-f0a94de30f86.pitchSilIntrpPP,.pitchsilintrppp,14706900,pitch
40dbe1db-858f-4366-bef8-9076eb67340d,/home/izpiz/coding/automatic-raga-recognition/dataset/RagaDataset/Hindustani/features/40dbe1db-858f-4366-bef8-9076eb67340d/Bade_Ghulam_Ali_Khan/The_Great_Heritage__Ustad_Bade_Ghulam_Ali_Khan/Raga_Shuddha_Sarang_ab50e3e6-e6cb-4faa-a5ad-f0a94de30f86.pitch,Raga_Shuddha_Sarang_ab50e3e6-e6cb-4faa-a5ad-f0a94de30f86.pitch,.pitch,6929183,pitch
40dbe1db-858f-4366-bef8-9076eb67340d,/home/izpiz/coding/automatic-raga-recognition/dataset/RagaDataset/Hindustani/features/40dbe1db-858f-4366-bef8-9076eb67340d/Ajoy_Chakrabarty/Geetinandan___Part-3/Sudh_Sarang_3a75a312-b119-41f8-8a5a-e799ebeed0cc.pitch,Sudh_Sarang_3a75a312-b119-41f8-8a5a-e799ebeed0cc.pitch,.pitch,4239662,pitch
40dbe1db-858f-4366-bef8-9076eb67340d,/home/izpiz/coding/automatic-raga-recognition/dataset/RagaDataset/Hindustani/features/40dbe1db-858f-4366-bef8-9076eb67340d/Ajoy_Chakrabarty/Geetinandan___Part-3/Sudh_Sarang_3a75a312-b119-41f8-8a5a-e799ebeed0cc.pitchSilIntrpPP,Sudh_Sarang_3a75a312-b119-41f8-8a5a-e799ebeed0cc.pitchSilIntrpPP,.pitchsilintrppp,9053550,pitch
40dbe1db-858f-4366-bef8-9076eb67340d,/home/izpiz/coding/automatic-raga-recognition/dataset/RagaDataset/Hindustani/features/40dbe1db-858f-4366-bef8-9076eb67340d/Jasraj/Legends__Sangeet_Martand_Pandit_Jasraj_(Vol__2)/Raga_-_Shudh_Sarang_3ce253e3-20a1-4148-b6c7-420a9784c242.pitchSilIntrpPP,Raga_-_Shudh_Sarang_3ce253e3-20a1-4148-b6c7-420a9784c242.pitchSilIntrpPP,.pitchsilintrppp,13538450,pitch
40dbe1db-858f-4366-bef8-9076eb67340d,/home/izpiz/coding/automatic-raga-recognition/dataset/RagaDataset/Hindustani/features/40dbe1db-858f-4366-bef8-9076eb67340d/Jasraj/Legends__Sangeet_Martand_Pandit_Jasraj_(Vol__2)/Raga_-_Shudh_Sarang_3ce253e3-20a1-4148-b6c7-420a9784c242.pitch,Raga_-_Shudh_Sarang_3ce253e3-20a1-4148-b6c7-420a9784c242.pitch,.pitch,6361283,pitch
40dbe1db-858f-4366-bef8-9076eb67340d,/home/izpiz/coding/automatic-raga-recognition/dataset/RagaDataset/Hindustani/features/40dbe1db-858f-4366-bef8-9076eb67340d/Kumar_Mardur/Classical_Essence/Raga_Shudh_Saarang_f0dfbbd2-7c91-4d7f-aa8d-30d95ee22c29.pitchSilIntrpPP,Raga_Shudh_Saarang_f0dfbbd2-7c91-4d7f-aa8d-30d95ee22c29.pitchSilIntrpPP,.pitchsilintrppp,26375000,pitch
40dbe1db-858f-4366-bef8-9076eb67340d,/home/izpiz/coding/automatic-raga-recognition/dataset/RagaDataset/Hindustani/features/40dbe1db-858f-4366-bef8-9076eb67340d/Kumar_Mardur/Classical_Essence/Raga_Shudh_Saarang_f0dfbbd2-7c91-4d7f-aa8d-30d95ee22c29.pitch,Raga_Shudh_Saarang_f0dfbbd2-7c91-4d7f-aa8d-30d95ee22c29.pitch,.pitch,12568561,pitch
40dbe1db-858f-4366-bef8-9076eb67340d,/home/izpiz/coding/automatic-raga-recognition/dataset/RagaDataset/Hindustani/features/40dbe1db-858f-4366-bef8-9076eb67340d/Kumar_Gandharva/Pt__Kumar_Gandharva-Vocal/Naina_Na_Mane_Mora_ed4b8208-d0bf-4269-b513-5799a9ae3884.pitchSilIntrpPP,Naina_Na_Mane_Mora_ed4b8208-d0bf-4269-b513-5799a9ae3884.pitchSilIntrpPP,.pitchsilintrppp,5122350,pitch
40dbe1db-858f-4366-bef8-9076eb67340d,/home/izpiz/coding/automatic-raga-recognition/dataset/RagaDataset/Hindustani/features/40dbe1db-858f-4366-bef8-9076eb67340d/Kumar_Gandharva/Pt__Kumar_Gandharva-Vocal/Naina_Na_Mane_Mora_ed4b8208-d0bf-4269-b513-5799a9ae3884.pitch,Naina_Na_Mane_Mora_ed4b8208-d0bf-4269-b513-5799a9ae3884.pitch,.pitch,2391554,pitch
40dbe1db-858f-4366-bef8-9076eb67340d,/home/izpiz/coding/automatic-raga-recognition/dataset/RagaDataset/Hindustani/features/40dbe1db-858f-4366-bef8-9076eb67340d/Veena_Sahasrabuddhe/Ritu_Chakra_Vol__3/Raga_Shudh_Sarang_6df73a9c-3978-4db0-af6a-7d833467234b.pitchSilIntrpPP,Raga_Shudh_Sarang_6df73a9c-3978-4db0-af6a-7d833467234b.pitchSilIntrpPP,.pitchsilintrppp,16405200,pitch
40dbe1db-858f-4366-bef8-9076eb67340d,/home/izpiz/coding/automatic-raga-recognition/dataset/RagaDataset/Hindustani/features/40dbe1db-858f-4366-bef8-9076eb67340d/Veena_Sahasrabuddhe/Ritu_Chakra_Vol__3/Raga_Shudh_Sarang_6df73a9c-3978-4db0-af6a-7d833467234b.pitch,Raga_Shudh_Sarang_6df73a9c-3978-4db0-af6a-7d833467234b.pitch,.pitch,7791432,pitch
40dbe1db-858f-4366-bef8-9076eb67340d,/home/izpiz/coding/automatic-raga-recognition/dataset/RagaDataset/Hindustani/features/40dbe1db-858f-4366-bef8-9076eb67340d/Basavraj_Rajaguru/The_Genius_Of_Basavraj_Rajguru/Raga_Shuddh_Sarang_43688da7-80e9-4814-b486-b01534a6ed44.pitch,Raga_Shuddh_Sarang_43688da7-80e9-4814-b486-b01534a6ed44.pitch,.pitch,4916248,pitch
40dbe1db-858f-4366-bef8-9076eb67340d,/home/izpiz/coding/automatic-raga-recognition/dataset/RagaDataset/Hindustani/features/40dbe1db-858f-4366-bef8-9076eb67340d/Basavraj_Rajaguru/The_Genius_Of_Basavraj_Rajguru/Raga_Shuddh_Sarang_43688da7-80e9-4814-b486-b01534a6ed44.pitchSilIntrpPP,Raga_Shuddh_Sarang_43688da7-80e9-4814-b486-b01534a6ed44.pitchSilIntrpPP,.pitchsilintrppp,10476500,pitch
40dbe1db-858f-4366-bef8-9076eb67340d,/home/izpiz/coding/automatic-raga-recognition/dataset/RagaDataset/Hindustani/features/40dbe1db-858f-4366-bef8-9076eb67340d/Satyasheel_Deshpande/Kahen/Bataide_Mohe_Gan_Surjnava_97c2c622-af6f-4a70-98be-9e44d5c933db.pitchSilIntrpPP,Bataide_Mohe_Gan_Surjnava_97c2c622-af6f-4a70-98be-9e44d5c933db.pitchSilIntrpPP,.pitchsilintrppp,3212150,pitch
40dbe1db-858f-4366-bef8-9076eb67340d,/home/izpiz/coding/automatic-raga-recognition/dataset/RagaDataset/Hindustani/features/40dbe1db-858f-4366-bef8-9076eb67340d/Satyasheel_Deshpande/Kahen/Tapan_Lagi_Gahare_e63679b8-d529-4815-9e58-aac403e079e1.pitchSilIntrpPP,Tapan_Lagi_Gahare_e63679b8-d529-4815-9e58-aac403e079e1.pitchSilIntrpPP,.pitchsilintrppp,5905850,pitch
40dbe1db-858f-4366-bef8-9076eb67340d,/home/izpiz/coding/automatic-raga-recognition/dataset/RagaDataset/Hindustani/features/40dbe1db-858f-4366-bef8-9076eb67340d/Satyasheel_Deshpande/Kahen/Kite_Din_Piya_Dekhe_Bin_Beete_f11c7c0c-d148-4084-8cfc-b5e81893f5cf.pitchSilIntrpPP,Kite_Din_Piya_Dekhe_Bin_Beete_f11c7c0c-d148-4084-8cfc-b5e81893f5cf.pitchSilIntrpPP,.pitchsilintrppp,2673500,pitch
40dbe1db-858f-4366-bef8-9076eb67340d,/home/izpiz/coding/automatic-raga-recognition/dataset/RagaDataset/Hindustani/features/40dbe1db-858f-4366-bef8-9076eb67340d/Satyasheel_Deshpande/Kahen/Kite_Din_Piya_Dekhe_Bin_Beete_f11c7c0c-d148-4084-8cfc-b5e81893f5cf.pitch,Kite_Din_Piya_Dekhe_Bin_Beete_f11c7c0c-d148-4084-8cfc-b5e81893f5cf.pitch,.pitch,1235183,pitch
40dbe1db-858f-4366-bef8-9076eb67340d,/home/izpiz/coding/automatic-raga-recognition/dataset/RagaDataset/Hindustani/features/40dbe1db-858f-4366-bef8-9076eb67340d/Satyasheel_Deshpande/Kahen/Tapan_Lagi_Gahare_e63679b8-d529-4815-9e58-aac403e079e1.pitch,Tapan_Lagi_Gahare_e63679b8-d529-4815-9e58-aac403e079e1.pitch,.pitch,2755972,pitch
40dbe1db-858f-4366-bef8-9076eb67340d,/home/izpiz/coding/automatic-raga-recognition/dataset/RagaDataset/Hindustani/features/40dbe1db-858f-4366-bef8-9076eb67340d/Satyasheel_Deshpande/Kahen/Bataide_Mohe_Gan_Surjnava_97c2c622-af6f-4a70-98be-9e44d5c933db.pitch,Bataide_Mohe_Gan_Surjnava_97c2c622-af6f-4a70-98be-9e44d5c933db.pitch,.pitch,1491739,pitch
46997b02-f09c-4969-8138-4e1861f61967,/home/izpiz/coding/automatic-raga-recognition/dataset/RagaDataset/Hindustani/features/46997b02-f09c-4969-8138-4e1861f61967/Omkar_Dadarkar/Raag_Marwa___Shree/Raag_Shree_f3313201-ab83-4633-b463-60b862ab1a21.pitch,Raag_Shree_f3313201-ab83-4633-b463-60b862ab1a21.pitch,.pitch,12224312,pitch
46997b02-f09c-4969-8138-4e1861f61967,/home/izpiz/coding/automatic-raga-recognition/dataset/RagaDataset/Hindustani/features/46997b02-f09c-4969-8138-4e1861f61967/Omkar_Dadarkar/Raag_Marwa___Shree/Raag_Shree_f3313201-ab83-4633-b463-60b862ab1a21.pitchSilIntrpPP,Raag_Shree_f3313201-ab83-4633-b463-60b862ab1a21.pitchSilIntrpPP,.pitchsilintrppp,25316450,pitch
46997b02-f09c-4969-8138-4e1861f61967,/home/izpiz/coding/automatic-raga-recognition/dataset/RagaDataset/Hindustani/features/46997b02-f09c-4969-8138-4e1861f61967/C_R_Vyas/The_Eternal_Rhapsody/Raga_Shree_-_Soon_Le_Ho_Araj_Mora_6502220f-ec92-4308-99d4-3922f41579aa.pitchSilIntrpPP,Raga_Shree_-_Soon_Le_Ho_Araj_Mora_6502220f-ec92-4308-99d4-3922f41579aa.pitchSilIntrpPP,.pitchsilintrppp,16268250,pitch
46997b02-f09c-4969-8138-4e1861f61967,/home/izpiz/coding/automatic-raga-recognition/dataset/RagaDataset/Hindustani/features/46997b02-f09c-4969-8138-4e1861f61967/C_R_Vyas/The_Eternal_Rhapsody/Raga_Shree_-_Kahe_Dar_Paun_Main_1b3714f7-9cab-4674-8d19-c9aad8801d29.pitchSilIntrpPP,Raga_Shree_-_Kahe_Dar_Paun_Main_1b3714f7-9cab-4674-8d19-c9aad8801d29.pitchSilIntrpPP,.pitchsilintrppp,3176600,pitch
46997b02-f09c-4969-8138-4e1861f61967,/home/izpiz/coding/automatic-raga-recognition/dataset/RagaDataset/Hindustani/features/46997b02-f09c-4969-8138-4e1861f61967/C_R_Vyas/The_Eternal_Rhapsody/Raga_Shree_-_Kahe_Dar_Paun_Main_1b3714f7-9cab-4674-8d19-c9aad8801d29.pitch,Raga_Shree_-_Kahe_Dar_Paun_Main_1b3714f7-9cab-4674-8d19-c9aad8801d29.pitch,.pitch,1470822,pitch
46997b02-f09c-4969-8138-4e1861f61967,/home/izpiz/coding/automatic-raga-recognition/dataset/RagaDataset/Hindustani/features/46997b02-f09c-4969-8138-4e1861f61967/C_R_Vyas/The_Eternal_Rhapsody/Raga_Shree_-_Soon_Le_Ho_Araj_Mora_6502220f-ec92-4308-99d4-3922f41579aa.pitch,Raga_Shree_-_Soon_Le_Ho_Araj_Mora_6502220f-ec92-4308-99d4-3922f41579aa.pitch,.pitch,7747870,pitch
46997b02-f09c-4969-8138-4e1861f61967,/home/izpiz/coding/automatic-raga-recognition/dataset/RagaDataset/Hindustani/features/46997b02-f09c-4969-8138-4e1861f61967/C_R_Vyas/The_Eternal_Rhapsody/Raga_Shree_-_Alap_077d538e-545a-4098-8997-76742fb26d39.pitchSilIntrpPP,Raga_Shree_-_Alap_077d538e-545a-4098-8997-76742fb26d39.pitchSilIntrpPP,.pitchsilintrppp,1096850,pitch
46997b02-f09c-4969-8138-4e1861f61967,/home/izpiz/coding/automatic-raga-recognition/dataset/RagaDataset/Hindustani/features/46997b02-f09c-4969-8138-4e1861f61967/C_R_Vyas/The_Eternal_Rhapsody/Raga_Shree_-_Alap_077d538e-545a-4098-8997-76742fb26d39.pitch,Raga_Shree_-_Alap_077d538e-545a-4098-8997-76742fb26d39.pitch,.pitch,493967,pitch
46997b02-f09c-4969-8138-4e1861f61967,/home/izpiz/coding/automatic-raga-recognition/dataset/RagaDataset/Hindustani/features/46997b02-f09c-4969-8138-4e1861f61967/Deborshee_Bhattacharya/Raag_Shree/Raag_Shree_b3a43a82-b3c3-49bf-bd3d-db561c1ec355.pitch,Raag_Shree_b3a43a82-b3c3-49bf-bd3d-db561c1ec355.pitch,.pitch,17082069,pitch
46997b02-f09c-4969-8138-4e1861f61967,/home/izpiz/coding/automatic-raga-recognition/dataset/RagaDataset/Hindustani/features/46997b02-f09c-4969-8138-4e1861f61967/Deborshee_Bhattacharya/Raag_Shree/Raag_Shree_b3a43a82-b3c3-49bf-bd3d-db561c1ec355.pitchSilIntrpPP,Raag_Shree_b3a43a82-b3c3-49bf-bd3d-db561c1ec355.pitchSilIntrpPP,.pitchsilintrppp,35280350,pitch
46997b02-f09c-4969-8138-4e1861f61967,/home/izpiz/coding/automatic-raga-recognition/dataset/RagaDataset/Hindustani/features/46997b02-f09c-4969-8138-4e1861f61967/Ajoy_Chakrabarty/Subha_Chale_Sham_Dhale/Raga_Shree_-_Khayal_6ac112dd-b04f-4ad8-9913-1a1bfc35c5ec.pitch,Raga_Shree_-_Khayal_6ac112dd-b04f-4ad8-9913-1a1bfc35c5ec.pitch,.pitch,15982567,pitch
46997b02-f09c-4969-8138-4e1861f61967,/home/izpiz/coding/automatic-raga-recognition/dataset/RagaDataset/Hindustani/features/46997b02-f09c-4969-8138-4e1861f61967/Ajoy_Chakrabarty/Subha_Chale_Sham_Dhale/Raga_Shree_-_Khayal_6ac112dd-b04f-4ad8-9913-1a1bfc35c5ec.pitchSilIntrpPP,Raga_Shree_-_Khayal_6ac112dd-b04f-4ad8-9913-1a1bfc35c5ec.pitchSilIntrpPP,.pitchsilintrppp,33196800,pitch
46997b02-f09c-4969-8138-4e1861f61967,"/home/izpiz/coding/automatic-raga-recognition/dataset/RagaDataset/Hindustani/features/46997b02-f09c-4969-8138-4e1861f61967/Kaustuv_Kanti_Ganguli/Raag_Shree,_Lalit_Pancham___Bhairavi_Thumri/Raag_Shree_454f0c85-a41b-48c1-afa5-b4f5dbcb7947.pitch",Raag_Shree_454f0c85-a41b-48c1-afa5-b4f5dbcb7947.pitch,.pitch,21798828,pitch
46997b02-f09c-4969-8138-4e1861f61967,"/home/izpiz/coding/automatic-raga-recognition/dataset/RagaDataset/Hindustani/features/46997b02-f09c-4969-8138-4e1861f61967/Kaustuv_Kanti_Ganguli/Raag_Shree,_Lalit_Pancham___Bhairavi_Thumri/Raag_Shree_454f0c85-a41b-48c1-afa5-b4f5dbcb7947.pitchSilIntrpPP",Raag_Shree_454f0c85-a41b-48c1-afa5-b4f5dbcb7947.pitchSilIntrpPP,.pitchsilintrppp,44659200,pitch
46997b02-f09c-4969-8138-4e1861f61967,/home/izpiz/coding/automatic-raga-recognition/dataset/RagaDataset/Hindustani/features/46997b02-f09c-4969-8138-4e1861f61967/Kaustuv_Kanti_Ganguli/Raag_Shree/Raag_Shree_928a430e-813e-48b0-8a23-566e74aa8dc9.pitch,Raag_Shree_928a430e-813e-48b0-8a23-566e74aa8dc9.pitch,.pitch,20811812,pitch
46997b02-f09c-4969-8138-4e1861f61967,/home/izpiz/coding/automatic-raga-recognition/dataset/RagaDataset/Hindustani/features/46997b02-f09c-4969-8138-4e1861f61967/Kaustuv_Kanti_Ganguli/Raag_Shree/Raag_Shree_928a430e-813e-48b0-8a23-566e74aa8dc9.pitchSilIntrpPP,Raag_Shree_928a430e-813e-48b0-8a23-566e74aa8dc9.pitchSilIntrpPP,.pitchsilintrppp,42968800,pitch
46997b02-f09c-4969-8138-4e1861f61967,/home/izpiz/coding/automatic-raga-recognition/dataset/RagaDataset/Hindustani/features/46997b02-f09c-4969-8138-4e1861f61967/Kumar_Mardur/Classical_Essence/Raga_Shree_f5999e30-d00d-4837-b9c6-5328768ae22d.pitch,Raga_Shree_f5999e30-d00d-4837-b9c6-5328768ae22d.pitch,.pitch,8750960,pitch
46997b02-f09c-4969-8138-4e1861f61967,/home/izpiz/coding/automatic-raga-recognition/dataset/RagaDataset/Hindustani/features/46997b02-f09c-4969-8138-4e1861f61967/Kumar_Mardur/Classical_Essence/Raga_Shree_f5999e30-d00d-4837-b9c6-5328768ae22d.pitchSilIntrpPP,Raga_Shree_f5999e30-d00d-4837-b9c6-5328768ae22d.pitchSilIntrpPP,.pitchsilintrppp,18515250,pitch
46997b02-f09c-4969-8138-4e1861f61967,/home/izpiz/coding/automatic-raga-recognition/dataset/RagaDataset/Hindustani/features/46997b02-f09c-4969-8138-4e1861f61967/Mallikarjun_Mansur/Rare_Ragas_-_Raag_Sree/Raag_Shree_113d82be-a83c-4c43-9393-6377fcd982bf.pitch,Raag_Shree_113d82be-a83c-4c43-9393-6377fcd982bf.pitch,.pitch,12779131,pitch
46997b02-f09c-4969-8138-4e1861f61967,/home/izpiz/coding/automatic-raga-recognition/dataset/RagaDataset/Hindustani/features/46997b02-f09c-4969-8138-4e1861f61967/Mallikarjun_Mansur/Rare_Ragas_-_Raag_Sree/Raag_Shree_113d82be-a83c-4c43-9393-6377fcd982bf.pitchSilIntrpPP,Raag_Shree_113d82be-a83c-4c43-9393-6377fcd982bf.pitchSilIntrpPP,.pitchsilintrppp,26451400,pitch
48b37bed-e847-4882-8a01-5c721e07f07d,/home/izpiz/coding/automatic-raga-recognition/dataset/RagaDataset/Hindustani/features/48b37bed-e847-4882-8a01-5c721e07f07d/Abdul_Rashid_Khan/Rasan_Piya_-_Volume_4/Are_Lalju_Ab_Tum_Kahey_Baat_Banawat_6acdbda5-8c44-4dd4-8aea-dc024c7f65b6.pitch,Are_Lalju_Ab_Tum_Kahey_Baat_Banawat_6acdbda5-8c44-4dd4-8aea-dc024c7f65b6.pitch,.pitch,9887489,pitch
48b37bed-e847-4882-8a01-5c721e07f07d,/home/izpiz/coding/automatic-raga-recognition/dataset/RagaDataset/Hindustani/features/48b37bed-e847-4882-8a01-5c721e07f07d/Abdul_Rashid_Khan/Rasan_Piya_-_Volume_4/Are_Lalju_Ab_Tum_Kahey_Baat_Banawat_6acdbda5-8c44-4dd4-8aea-dc024c7f65b6.pitchSilIntrpPP,Are_Lalju_Ab_Tum_Kahey_Baat_Banawat_6acdbda5-8c44-4dd4-8aea-dc024c7f65b6.pitchSilIntrpPP,.pitchsilintrppp,20761650,pitch
48b37bed-e847-4882-8a01-5c721e07f07d,/home/izpiz/coding/automatic-raga-recognition/dataset/RagaDataset/Hindustani/features/48b37bed-e847-4882-8a01-5c721e07f07d/Bhimsen_Joshi/Raagadhiraj/Ay_Piya_Bin_Kaise_Taroge_and_Eri_Aali_Piya_Bin_e2bfec5e-df30-42b5-9157-e4fd102a78a6.pitchSilIntrpPP,Ay_Piya_Bin_Kaise_Taroge_and_Eri_Aali_Piya_Bin_e2bfec5e-df30-42b5-9157-e4fd102a78a6.pitchSilIntrpPP,.pitchsilintrppp,13385300,pitch
48b37bed-e847-4882-8a01-5c721e07f07d,/home/izpiz/coding/automatic-raga-recognition/dataset/RagaDataset/Hindustani/features/48b37bed-e847-4882-8a01-5c721e07f07d/Bhimsen_Joshi/Raagadhiraj/Ay_Piya_Bin_Kaise_Taroge_and_Eri_Aali_Piya_Bin_e2bfec5e-df30-42b5-9157-e4fd102a78a6.pitch,Ay_Piya_Bin_Kaise_Taroge_and_Eri_Aali_Piya_Bin_e2bfec5e-df30-42b5-9157-e4fd102a78a6.pitch,.pitch,6284001,pitch
48b37bed-e847-4882-8a01-5c721e07f07d,/home/izpiz/coding/automatic-raga-recognition/dataset/RagaDataset/Hindustani/features/48b37bed-e847-4882-8a01-5c721e07f07d/Bhimsen_Joshi/A_Rare_Treat/Yaman_Kalyan_aa93fca9-362d-4ea4-952f-65006746b888.pitchSilIntrpPP,Yaman_Kalyan_aa93fca9-362d-4ea4-952f-65006746b888.pitchSilIntrpPP,.pitchsilintrppp,14341300,pitch
48b37bed-e847-4882-8a01-5c721e07f07d,/home/izpiz/coding/automatic-raga-recognition/dataset/RagaDataset/Hindustani/features/48b37bed-e847-4882-8a01-5c721e07f07d/Bhimsen_Joshi/A_Rare_Treat/Yaman_Kalyan_aa93fca9-362d-4ea4-952f-65006746b888.pitch,Yaman_Kalyan_aa93fca9-362d-4ea4-952f-65006746b888.pitch,.pitch,14341300,pitch
48b37bed-e847-4882-8a01-5c721e07f07d,"/home/izpiz/coding/automatic-raga-recognition/dataset/RagaDataset/Hindustani/features/48b37bed-e847-4882-8a01-5c721e07f07d/Omkar_Dadarkar/Raag_Bahar,_Gaud_Malhar___Yaman/Raag_Yaman_c76cadd9-9e7b-4e9e-96dc-f79a9a8eed78.pitch",Raag_Yaman_c76cadd9-9e7b-4e9e-96dc-f79a9a8eed78.pitch,.pitch,5752865,pitch
48b37bed-e847-4882-8a01-5c721e07f07d,"/home/izpiz/coding/automatic-raga-recognition/dataset/RagaDataset/Hindustani/features/48b37bed-e847-4882-8a01-5c721e07f07d/Omkar_Dadarkar/Raag_Bahar,_Gaud_Malhar___Yaman/Raag_Yaman_c76cadd9-9e7b-4e9e-96dc-f79a9a8eed78.pitchSilIntrpPP",Raag_Yaman_c76cadd9-9e7b-4e9e-96dc-f79a9a8eed78.pitchSilIntrpPP,.pitchsilintrppp,12168950,pitch
48b37bed-e847-4882-8a01-5c721e07f07d,/home/izpiz/coding/automatic-raga-recognition/dataset/RagaDataset/Hindustani/features/48b37bed-e847-4882-8a01-5c721e07f07d/Ajoy_Chakrabarty/The_Genius_Of_Pt__Ajoy_Chakraborty/Raga_Yaman_e59642ca-72bc-466b-bf4b-d82bfbc7b4af.pitch,Raga_Yaman_e59642ca-72bc-466b-bf4b-d82bfbc7b4af.pitch,.pitch,7827426,pitch
48b37bed-e847-4882-8a01-5c721e07f07d,/home/izpiz/coding/automatic-raga-recognition/dataset/RagaDataset/Hindustani/features/48b37bed-e847-4882-8a01-5c721e07f07d/Ajoy_Chakrabarty/The_Genius_Of_Pt__Ajoy_Chakraborty/Raga_Yaman_e59642ca-72bc-466b-bf4b-d82bfbc7b4af.pitchSilIntrpPP,Raga_Yaman_e59642ca-72bc-466b-bf4b-d82bfbc7b4af.pitchSilIntrpPP,.pitchsilintrppp,16504850,pitch
48b37bed-e847-4882-8a01-5c721e07f07d,/home/izpiz/coding/automatic-raga-recognition/dataset/RagaDataset/Hindustani/features/48b37bed-e847-4882-8a01-5c721e07f07d/Shashank_Maktedar/Hidden_Gems/Raga_Yaman_a7a805ef-66c7-47aa-ad38-371c13fa3761.pitchSilIntrpPP,Raga_Yaman_a7a805ef-66c7-47aa-ad38-371c13fa3761.pitchSilIntrpPP,.pitchsilintrppp,25753450,pitch
48b37bed-e847-4882-8a01-5c721e07f07d,/home/izpiz/coding/automatic-raga-recognition/dataset/RagaDataset/Hindustani/features/48b37bed-e847-4882-8a01-5c721e07f07d/Shashank_Maktedar/Hidden_Gems/Raga_Yaman_a7a805ef-66c7-47aa-ad38-371c13fa3761.pitch,Raga_Yaman_a7a805ef-66c7-47aa-ad38-371c13fa3761.pitch,.pitch,12355514,pitch
48b37bed-e847-4882-8a01-5c721e07f07d,/home/izpiz/coding/automatic-raga-recognition/dataset/RagaDataset/Hindustani/features/48b37bed-e847-4882-8a01-5c721e07f07d/Hirabai_Barodekar/The_Great_Heritage__Hirabai_Barodekar/Raga_-_Yaman_72b3199c-c49d-4f50-b959-e1bf6abab98e.pitch,Raga_-_Yaman_72b3199c-c49d-4f50-b959-e1bf6abab98e.pitch,.pitch,5312004,pitch
48b37bed-e847-4882-8a01-5c721e07f07d,/home/izpiz/coding/automatic-raga-recognition/dataset/RagaDataset/Hindustani/features/48b37bed-e847-4882-8a01-5c721e07f07d/Hirabai_Barodekar/The_Great_Heritage__Hirabai_Barodekar/Raga_-_Yaman_72b3199c-c49d-4f50-b959-e1bf6abab98e.pitchSilIntrpPP,Raga_-_Yaman_72b3199c-c49d-4f50-b959-e1bf6abab98e.pitchSilIntrpPP,.pitchsilintrppp,11311700,pitch
48b37bed-e847-4882-8a01-5c721e07f07d,/home/izpiz/coding/automatic-raga-recognition/dataset/RagaDataset/Hindustani/features/48b37bed-e847-4882-8a01-5c721e07f07d/Prabha_Atre/Gaan_Prabha/Man_Tu_Gaa_Re_Hari_Naam_fe984e34-eae6-4dcf-bf70-159923c26fe6.pitch,Man_Tu_Gaa_Re_Hari_Naam_fe984e34-eae6-4dcf-bf70-159923c26fe6.pitch,.pitch,9707434,pitch
48b37bed-e847-4882-8a01-5c721e07f07d,/home/izpiz/coding/automatic-raga-recognition/dataset/RagaDataset/Hindustani/features/48b37bed-e847-4882-8a01-5c721e07f07d/Prabha_Atre/Gaan_Prabha/Man_Tu_Gaa_Re_Hari_Naam_fe984e34-eae6-4dcf-bf70-159923c26fe6.pitchSilIntrpPP,Man_Tu_Gaa_Re_Hari_Naam_fe984e34-eae6-4dcf-bf70-159923c26fe6.pitchSilIntrpPP,.pitchsilintrppp,20296850,pitch
48b37bed-e847-4882-8a01-5c721e07f07d,/home/izpiz/coding/automatic-raga-recognition/dataset/RagaDataset/Hindustani/features/48b37bed-e847-4882-8a01-5c721e07f07d/Veena_Sahasrabuddhe/Celestial/Deo_daan_mohe_a2c54654-2699-489a-95ab-623fc903281a.pitchSilIntrpPP,Deo_daan_mohe_a2c54654-2699-489a-95ab-623fc903281a.pitchSilIntrpPP,.pitchsilintrppp,22352200,pitch
48b37bed-e847-4882-8a01-5c721e07f07d,/home/izpiz/coding/automatic-raga-recognition/dataset/RagaDataset/Hindustani/features/48b37bed-e847-4882-8a01-5c721e07f07d/Veena_Sahasrabuddhe/Celestial/Deo_daan_mohe_a2c54654-2699-489a-95ab-623fc903281a.pitch,Deo_daan_mohe_a2c54654-2699-489a-95ab-623fc903281a.pitch,.pitch,10795396,pitch
48b37bed-e847-4882-8a01-5c721e07f07d,/home/izpiz/coding/automatic-raga-recognition/dataset/RagaDataset/Hindustani/features/48b37bed-e847-4882-8a01-5c721e07f07d/Jagdish_Prasad/Jewel_of_Jewels/Raga_Yaman_37c79233-b5d7-4517-a393-37784702c4ce.pitch,Raga_Yaman_37c79233-b5d7-4517-a393-37784702c4ce.pitch,.pitch,6146014,pitch
48b37bed-e847-4882-8a01-5c721e07f07d,/home/izpiz/coding/automatic-raga-recognition/dataset/RagaDataset/Hindustani/features/48b37bed-e847-4882-8a01-5c721e07f07d/Jagdish_Prasad/Jewel_of_Jewels/Raga_Yaman_37c79233-b5d7-4517-a393-37784702c4ce.pitchSilIntrpPP,Raga_Yaman_37c79233-b5d7-4517-a393-37784702c4ce.pitchSilIntrpPP,.pitchsilintrppp,13063500,pitch
54c4214c-05b9-4acc-8f77-6d5786e43a2e,/home/izpiz/coding/automatic-raga-recognition/dataset/RagaDataset/Hindustani/features/54c4214c-05b9-4acc-8f77-6d5786e43a2e/Bhimsen_Joshi/Swar_Shikhar/Raag_Marubihag_fe91ccb2-499a-4d99-be22-3fdde04ee9aa.pitchSilIntrpPP,Raag_Marubihag_fe91ccb2-499a-4d99-be22-3fdde04ee9aa.pitchSilIntrpPP,.pitchsilintrppp,31271900,pitch
54c4214c-05b9-4acc-8f77-6d5786e43a2e,/home/izpiz/coding/automatic-raga-recognition/dataset/RagaDataset/Hindustani/features/54c4214c-05b9-4acc-8f77-6d5786e43a2e/Bhimsen_Joshi/Swar_Shikhar/Raag_Marubihag_fe91ccb2-499a-4d99-be22-3fdde04ee9aa.pitch,Raag_Marubihag_fe91ccb2-499a-4d99-be22-3fdde04ee9aa.pitch,.pitch,15034552,pitch
54c4214c-05b9-4acc-8f77-6d5786e43a2e,/home/izpiz/coding/automatic-raga-recognition/dataset/RagaDataset/Hindustani/features/54c4214c-05b9-4acc-8f77-6d5786e43a2e/Bhimsen_Joshi/The_Essential_Collection/Rag_Maru_Bihag_Vilambit_Teental_230998b8-34e1-4d6c-bc96-e0ff95146ddb.pitchSilIntrpPP,Rag_Maru_Bihag_Vilambit_Teental_230998b8-34e1-4d6c-bc96-e0ff95146ddb.pitchSilIntrpPP,.pitchsilintrppp,18698350,pitch
54c4214c-05b9-4acc-8f77-6d5786e43a2e,/home/izpiz/coding/automatic-raga-recognition/dataset/RagaDataset/Hindustani/features/54c4214c-05b9-4acc-8f77-6d5786e43a2e/Bhimsen_Joshi/The_Essential_Collection/Rag_Maru_Bihag_Vilambit_Teental_230998b8-34e1-4d6c-bc96-e0ff95146ddb.pitch,Rag_Maru_Bihag_Vilambit_Teental_230998b8-34e1-4d6c-bc96-e0ff95146ddb.pitch,.pitch,8864304,pitch
54c4214c-05b9-4acc-8f77-6d5786e43a2e,/home/izpiz/coding/automatic-raga-recognition/dataset/RagaDataset/Hindustani/features/54c4214c-05b9-4acc-8f77-6d5786e43a2e/Bhimsen_Joshi/The_Essential_Collection/Rag_Maru_Bihag_Drut_Teental_a0cfb64b-6744-477e-9a17-e335a08e604f.pitchSilIntrpPP,Rag_Maru_Bihag_Drut_Teental_a0cfb64b-6744-477e-9a17-e335a08e604f.pitchSilIntrpPP,.pitchsilintrppp,4500800,pitch
54c4214c-05b9-4acc-8f77-6d5786e43a2e,/home/izpiz/coding/automatic-raga-recognition/dataset/RagaDataset/Hindustani/features/54c4214c-05b9-4acc-8f77-6d5786e43a2e/Bhimsen_Joshi/The_Essential_Collection/Rag_Maru_Bihag_Drut_Teental_a0cfb64b-6744-477e-9a17-e335a08e604f.pitch,Rag_Maru_Bihag_Drut_Teental_a0cfb64b-6744-477e-9a17-e335a08e604f.pitch,.pitch,2087236,pitch
54c4214c-05b9-4acc-8f77-6d5786e43a2e,/home/izpiz/coding/automatic-raga-recognition/dataset/RagaDataset/Hindustani/features/54c4214c-05b9-4acc-8f77-6d5786e43a2e/Ajoy_Chakrabarty/Geetinandan___Part-3/Maru_Bihag_631bde83-42e4-4c04-b260-3dbbd5b03799.pitchSilIntrpPP,Maru_Bihag_631bde83-42e4-4c04-b260-3dbbd5b03799.pitchSilIntrpPP,.pitchsilintrppp,10812400,pitch
54c4214c-05b9-4acc-8f77-6d5786e43a2e,/home/izpiz/coding/automatic-raga-recognition/dataset/RagaDataset/Hindustani/features/54c4214c-05b9-4acc-8f77-6d5786e43a2e/Ajoy_Chakrabarty/Geetinandan___Part-3/Maru_Bihag_631bde83-42e4-4c04-b260-3dbbd5b03799.pitch,Maru_Bihag_631bde83-42e4-4c04-b260-3dbbd5b03799.pitch,.pitch,5068964,pitch
54c4214c-05b9-4acc-8f77-6d5786e43a2e,/home/izpiz/coding/automatic-raga-recognition/dataset/RagaDataset/Hindustani/features/54c4214c-05b9-4acc-8f77-6d5786e43a2e/Jasraj/Classical_Wonders_of_India/Raga_Maru_Bihag_56ad0c6b-6e9d-40e5-a917-96ec46c95e1c.pitch,Raga_Maru_Bihag_56ad0c6b-6e9d-40e5-a917-96ec46c95e1c.pitch,.pitch,9352790,pitch
54c4214c-05b9-4acc-8f77-6d5786e43a2e,/home/izpiz/coding/automatic-raga-recognition/dataset/RagaDataset/Hindustani/features/54c4214c-05b9-4acc-8f77-6d5786e43a2e/Jasraj/Classical_Wonders_of_India/Raga_Maru_Bihag_56ad0c6b-6e9d-40e5-a917-96ec46c95e1c.pitchSilIntrpPP,Raga_Maru_Bihag_56ad0c6b-6e9d-40e5-a917-96ec46c95e1c.pitchSilIntrpPP,.pitchsilintrppp,19621100,pitch
54c4214c-05b9-4acc-8f77-6d5786e43a2e,/home/izpiz/coding/automatic-raga-recognition/dataset/RagaDataset/Hindustani/features/54c4214c-05b9-4acc-8f77-6d5786e43a2e/Sanjeev_Abhyankar/Khayal/Raga_Maru_Bihag_7199a72c-c660-40dc-8cb9-bc941ae4e8a2.pitchSilIntrpPP,Raga_Maru_Bihag_7199a72c-c660-40dc-8cb9-bc941ae4e8a2.pitchSilIntrpPP,.pitchsilintrppp,19732800,pitch
54c4214c-05b9-4acc-8f77-6d5786e43a2e,/home/izpiz/coding/automatic-raga-recognition/dataset/RagaDataset/Hindustani/features/54c4214c-05b9-4acc-8f77-6d5786e43a2e/Sanjeev_Abhyankar/Khayal/Raga_Maru_Bihag_7199a72c-c660-40dc-8cb9-bc941ae4e8a2.pitch,Raga_Maru_Bihag_7199a72c-c660-40dc-8cb9-bc941ae4e8a2.pitch,.pitch,9384524,pitch
54c4214c-05b9-4acc-8f77-6d5786e43a2e,/home/izpiz/coding/automatic-raga-recognition/dataset/RagaDataset/Hindustani/features/54c4214c-05b9-4acc-8f77-6d5786e43a2e/Kaushiki_Chakrabarty/Kaushiki/Maru_Bihag_-_Ratiya_Hamari_-_Vilambit_Ektaal_80c94c75-4175-40ca-9f23-4e5a04f5e9cb.pitchSilIntrpPP,Maru_Bihag_-_Ratiya_Hamari_-_Vilambit_Ektaal_80c94c75-4175-40ca-9f23-4e5a04f5e9cb.pitchSilIntrpPP,.pitchsilintrppp,26403800,pitch
54c4214c-05b9-4acc-8f77-6d5786e43a2e,/home/izpiz/coding/automatic-raga-recognition/dataset/RagaDataset/Hindustani/features/54c4214c-05b9-4acc-8f77-6d5786e43a2e/Kaushiki_Chakrabarty/Kaushiki/Maru_Bihag_-_Ratiya_Hamari_-_Vilambit_Ektaal_80c94c75-4175-40ca-9f23-4e5a04f5e9cb.pitch,Maru_Bihag_-_Ratiya_Hamari_-_Vilambit_Ektaal_80c94c75-4175-40ca-9f23-4e5a04f5e9cb.pitch,.pitch,12684664,pitch
54c4214c-05b9-4acc-8f77-6d5786e43a2e,/home/izpiz/coding/automatic-raga-recognition/dataset/RagaDataset/Hindustani/features/54c4214c-05b9-4acc-8f77-6d5786e43a2e/Kaushiki_Chakrabarty/Kaushiki/Tarapa_Tarapa_-_Drut_Ektaal_932be692-9ff8-4fe1-8546-b92b2d3db696.pitchSilIntrpPP,Tarapa_Tarapa_-_Drut_Ektaal_932be692-9ff8-4fe1-8546-b92b2d3db696.pitchSilIntrpPP,.pitchsilintrppp,6008400,pitch
54c4214c-05b9-4acc-8f77-6d5786e43a2e,/home/izpiz/coding/automatic-raga-recognition/dataset/RagaDataset/Hindustani/features/54c4214c-05b9-4acc-8f77-6d5786e43a2e/Kaushiki_Chakrabarty/Kaushiki/Tarapa_Tarapa_-_Drut_Ektaal_932be692-9ff8-4fe1-8546-b92b2d3db696.pitch,Tarapa_Tarapa_-_Drut_Ektaal_932be692-9ff8-4fe1-8546-b92b2d3db696.pitch,.pitch,2788012,pitch
54c4214c-05b9-4acc-8f77-6d5786e43a2e,/home/izpiz/coding/automatic-raga-recognition/dataset/RagaDataset/Hindustani/features/54c4214c-05b9-4acc-8f77-6d5786e43a2e/Prabha_Atre/Night_Melodies/Kal_Nai_Aaye_and_Jagu_Main_Saari_Raina_a4fa5d55-8ea5-47dc-b411-f3abe4ce5405.pitch,Kal_Nai_Aaye_and_Jagu_Main_Saari_Raina_a4fa5d55-8ea5-47dc-b411-f3abe4ce5405.pitch,.pitch,6662972,pitch
54c4214c-05b9-4acc-8f77-6d5786e43a2e,/home/izpiz/coding/automatic-raga-recognition/dataset/RagaDataset/Hindustani/features/54c4214c-05b9-4acc-8f77-6d5786e43a2e/Prabha_Atre/Night_Melodies/Kal_Nai_Aaye_and_Jagu_Main_Saari_Raina_a4fa5d55-8ea5-47dc-b411-f3abe4ce5405.pitchSilIntrpPP,Kal_Nai_Aaye_and_Jagu_Main_Saari_Raina_a4fa5d55-8ea5-47dc-b411-f3abe4ce5405.pitchSilIntrpPP,.pitchsilintrppp,14100600,pitch
54c4214c-05b9-4acc-8f77-6d5786e43a2e,/home/izpiz/coding/automatic-raga-recognition/dataset/RagaDataset/Hindustani/features/54c4214c-05b9-4acc-8f77-6d5786e43a2e/Veena_Sahasrabuddhe/Khayal/Raga_Marubihag_22e45ddb-9b88-406e-996a-2136730d72d4.pitch,Raga_Marubihag_22e45ddb-9b88-406e-996a-2136730d72d4.pitch,.pitch,8030936,pitch
54c4214c-05b9-4acc-8f77-6d5786e43a2e,/home/izpiz/coding/automatic-raga-recognition/dataset/RagaDataset/Hindustani/features/54c4214c-05b9-4acc-8f77-6d5786e43a2e/Veena_Sahasrabuddhe/Khayal/Raga_Marubihag_22e45ddb-9b88-406e-996a-2136730d72d4.pitchSilIntrpPP,Raga_Marubihag_22e45ddb-9b88-406e-996a-2136730d72d4.pitchSilIntrpPP,.pitchsilintrppp,16866400,pitch
595de771-fcc2-414c-9df6-ae4ffd898549,/home/izpiz/coding/automatic-raga-recognition/dataset/RagaDataset/Hindustani/features/595de771-fcc2-414c-9df6-ae4ffd898549/Rajan_Mishra/Sadhana/Raga_Hamsadhwani-Alap__Bada_Khayal_In_Viambit_Teental_bb7a967a-4bb8-4cb8-9075-f2da540628e0.pitchSilIntrpPP,Raga_Hamsadhwani-Alap__Bada_Khayal_In_Viambit_Teental_bb7a967a-4bb8-4cb8-9075-f2da540628e0.pitchSilIntrpPP,.pitchsilintrppp,22423250,pitch
595de771-fcc2-414c-9df6-ae4ffd898549,/home/izpiz/coding/automatic-raga-recognition/dataset/RagaDataset/Hindustani/features/595de771-fcc2-414c-9df6-ae4ffd898549/Rajan_Mishra/Sadhana/Raga_Hamsadhwani-Tarana_In_Drut_Teental_66dcff23-bcf4-4a32-82fb-e6bb679c0d5d.pitchSilIntrpPP,Raga_Hamsadhwani-Tarana_In_Drut_Teental_66dcff23-bcf4-4a32-82fb-e6bb679c0d5d.pitchSilIntrpPP,.pitchsilintrppp,3120150,pitch
595de771-fcc2-414c-9df6-ae4ffd898549,/home/izpiz/coding/automatic-raga-recognition/dataset/RagaDataset/Hindustani/features/595de771-fcc2-414c-9df6-ae4ffd898549/Rajan_Mishra/Sadhana/Raga_Hamsadhwani-Alap__Bada_Khayal_In_Viambit_Teental_bb7a967a-4bb8-4cb8-9075-f2da540628e0.pitch,Raga_Hamsadhwani-Alap__Bada_Khayal_In_Viambit_Teental_bb7a967a-4bb8-4cb8-9075-f2da540628e0.pitch,.pitch,10686796,pitch
595de771-fcc2-414c-9df6-ae4ffd898549,/home/izpiz/coding/automatic-raga-recognition/dataset/RagaDataset/Hindustani/features/595de771-fcc2-414c-9df6-ae4ffd898549/Rajan_Mishra/Sadhana/Raga_Hamsadhwani-Tarana_In_Drut_Teental_66dcff23-bcf4-4a32-82fb-e6bb679c0d5d.pitch,Raga_Hamsadhwani-Tarana_In_Drut_Teental_66dcff23-bcf4-4a32-82fb-e6bb679c0d5d.pitch,.pitch,1433503,pitch
595de771-fcc2-414c-9df6-ae4ffd898549,/home/izpiz/coding/automatic-raga-recognition/dataset/RagaDataset/Hindustani/features/595de771-fcc2-414c-9df6-ae4ffd898549/Rajan_Mishra/Sadhana/Raga_Hamsadhwani-Bandish_In_Drut_Teental_f227efaa-652f-48e1-b57e-6fe6fea16fe4.pitchSilIntrpPP,Raga_Hamsadhwani-Bandish_In_Drut_Teental_f227efaa-652f-48e1-b57e-6fe6fea16fe4.pitchSilIntrpPP,.pitchsilintrppp,7609850,pitch
595de771-fcc2-414c-9df6-ae4ffd898549,/home/izpiz/coding/automatic-raga-recognition/dataset/RagaDataset/Hindustani/features/595de771-fcc2-414c-9df6-ae4ffd898549/Rajan_Mishra/Sadhana/Raga_Hamsadhwani-Bandish_In_Madhya_Ektal_8aeccac0-75b0-4397-92b6-7bcfa0c427cc.pitchSilIntrpPP,Raga_Hamsadhwani-Bandish_In_Madhya_Ektal_8aeccac0-75b0-4397-92b6-7bcfa0c427cc.pitchSilIntrpPP,.pitchsilintrppp,6575900,pitch
595de771-fcc2-414c-9df6-ae4ffd898549,/home/izpiz/coding/automatic-raga-recognition/dataset/RagaDataset/Hindustani/features/595de771-fcc2-414c-9df6-ae4ffd898549/Rajan_Mishra/Sadhana/Raga_Hamsadhwani-Bandish_In_Drut_Teental_f227efaa-652f-48e1-b57e-6fe6fea16fe4.pitch,Raga_Hamsadhwani-Bandish_In_Drut_Teental_f227efaa-652f-48e1-b57e-6fe6fea16fe4.pitch,.pitch,3529149,pitch
595de771-fcc2-414c-9df6-ae4ffd898549,/home/izpiz/coding/automatic-raga-recognition/dataset/RagaDataset/Hindustani/features/595de771-fcc2-414c-9df6-ae4ffd898549/Rajan_Mishra/Sadhana/Raga_Hamsadhwani-Bandish_In_Madhya_Ektal_8aeccac0-75b0-4397-92b6-7bcfa0c427cc.pitch,Raga_Hamsadhwani-Bandish_In_Madhya_Ektal_8aeccac0-75b0-4397-92b6-7bcfa0c427cc.pitch,.pitch,3039668,pitch
595de771-fcc2-414c-9df6-ae4ffd898549,/home/izpiz/coding/automatic-raga-recognition/dataset/RagaDataset/Hindustani/features/595de771-fcc2-414c-9df6-ae4ffd898549/Jasraj/Legends__Sangeet_Martand_Pandit_Jasraj_(Vol__5)/Raga_-_Hansdhwani_06cc10fd-d57e-4581-9627-ee7422c273dd.pitch,Raga_-_Hansdhwani_06cc10fd-d57e-4581-9627-ee7422c273dd.pitch,.pitch,2690331,pitch
595de771-fcc2-414c-9df6-ae4ffd898549,/home/izpiz/coding/automatic-raga-recognition/dataset/RagaDataset/Hindustani/features/595de771-fcc2-414c-9df6-ae4ffd898549/Jasraj/Legends__Sangeet_Martand_Pandit_Jasraj_(Vol__5)/Raga_-_Hansdhwani_06cc10fd-d57e-4581-9627-ee7422c273dd.pitchSilIntrpPP,Raga_-_Hansdhwani_06cc10fd-d57e-4581-9627-ee7422c273dd.pitchSilIntrpPP,.pitchsilintrppp,5822950,pitch
595de771-fcc2-414c-9df6-ae4ffd898549,/home/izpiz/coding/automatic-raga-recognition/dataset/RagaDataset/Hindustani/features/595de771-fcc2-414c-9df6-ae4ffd898549/Amir_Khan/The_Great_Heritage__Ustad_Amir_Khan/Raga_Hansdhwani_Jai_Maate_56a5f6b7-67c0-4672-8eb5-4800ea004251.pitchSilIntrpPP,Raga_Hansdhwani_Jai_Maate_56a5f6b7-67c0-4672-8eb5-4800ea004251.pitchSilIntrpPP,.pitchsilintrppp,13485650,pitch
595de771-fcc2-414c-9df6-ae4ffd898549,/home/izpiz/coding/automatic-raga-recognition/dataset/RagaDataset/Hindustani/features/595de771-fcc2-414c-9df6-ae4ffd898549/Amir_Khan/The_Great_Heritage__Ustad_Amir_Khan/Raga_Hansdhwani_Jai_Maate_56a5f6b7-67c0-4672-8eb5-4800ea004251.pitch,Raga_Hansdhwani_Jai_Maate_56a5f6b7-67c0-4672-8eb5-4800ea004251.pitch,.pitch,6352871,pitch
595de771-fcc2-414c-9df6-ae4ffd898549,/home/izpiz/coding/automatic-raga-recognition/dataset/RagaDataset/Hindustani/features/595de771-fcc2-414c-9df6-ae4ffd898549/Raghunandan_Panshikar/Classical_Vocal/Raag_Hamsadhwani_7feb93f7-eaa4-42d5-b366-709fd1dbbc2c.pitchSilIntrpPP,Raag_Hamsadhwani_7feb93f7-eaa4-42d5-b366-709fd1dbbc2c.pitchSilIntrpPP,.pitchsilintrppp,19620800,pitch
595de771-fcc2-414c-9df6-ae4ffd898549,/home/izpiz/coding/automatic-raga-recognition/dataset/RagaDataset/Hindustani/features/595de771-fcc2-414c-9df6-ae4ffd898549/Raghunandan_Panshikar/Classical_Vocal/Raag_Hamsadhwani_7feb93f7-eaa4-42d5-b366-709fd1dbbc2c.pitch,Raag_Hamsadhwani_7feb93f7-eaa4-42d5-b366-709fd1dbbc2c.pitch,.pitch,9341883,pitch
595de771-fcc2-414c-9df6-ae4ffd898549,/home/izpiz/coding/automatic-raga-recognition/dataset/RagaDataset/Hindustani/features/595de771-fcc2-414c-9df6-ae4ffd898549/Veena_Sahasrabuddhe/Bandish_Vol-1/Jabse_Laagi_Lagan_b142b865-8995-4ce5-aa98-4e0fc7d99d94.pitchSilIntrpPP,Jabse_Laagi_Lagan_b142b865-8995-4ce5-aa98-4e0fc7d99d94.pitchSilIntrpPP,.pitchsilintrppp,2715500,pitch
595de771-fcc2-414c-9df6-ae4ffd898549,/home/izpiz/coding/automatic-raga-recognition/dataset/RagaDataset/Hindustani/features/595de771-fcc2-414c-9df6-ae4ffd898549/Veena_Sahasrabuddhe/Bandish_Vol-1/Brahma_Shiva_Hari_19b66d55-98b3-4157-b680-6a0f17fce925.pitchSilIntrpPP,Brahma_Shiva_Hari_19b66d55-98b3-4157-b680-6a0f17fce925.pitchSilIntrpPP,.pitchsilintrppp,3057600,pitch
595de771-fcc2-414c-9df6-ae4ffd898549,/home/izpiz/coding/automatic-raga-recognition/dataset/RagaDataset/Hindustani/features/595de771-fcc2-414c-9df6-ae4ffd898549/Veena_Sahasrabuddhe/Bandish_Vol-1/Jabse_Laagi_Lagan_b142b865-8995-4ce5-aa98-4e0fc7d99d94.pitch,Jabse_Laagi_Lagan_b142b865-8995-4ce5-aa98-4e0fc7d99d94.pitch,.pitch,1250880,pitch
595de771-fcc2-414c-9df6-ae4ffd898549,/home/izpiz/coding/automatic-raga-recognition/dataset/RagaDataset/Hindustani/features/595de771-fcc2-414c-9df6-ae4ffd898549/Veena_Sahasrabuddhe/Bandish_Vol-1/Brahma_Shiva_Hari_19b66d55-98b3-4157-b680-6a0f17fce925.pitch,Brahma_Shiva_Hari_19b66d55-98b3-4157-b680-6a0f17fce925.pitch,.pitch,1405802,pitch
595de771-fcc2-414c-9df6-ae4ffd898549,/home/izpiz/coding/automatic-raga-recognition/dataset/RagaDataset/Hindustani/features/595de771-fcc2-414c-9df6-ae4ffd898549/Veena_Sahasrabuddhe/Veena_Sahasrabuddhe_-_First_Milestone/Sakal_Dukh_Haran_and_Viharati_Brahmanandani_2331050f-b7cf-46d5-a700-c7503539d7c5.pitchSilIntrpPP,Sakal_Dukh_Haran_and_Viharati_Brahmanandani_2331050f-b7cf-46d5-a700-c7503539d7c5.pitchSilIntrpPP,.pitchsilintrppp,13068200,pitch
595de771-fcc2-414c-9df6-ae4ffd898549,/home/izpiz/coding/automatic-raga-recognition/dataset/RagaDataset/Hindustani/features/595de771-fcc2-414c-9df6-ae4ffd898549/Veena_Sahasrabuddhe/Veena_Sahasrabuddhe_-_First_Milestone/Sakal_Dukh_Haran_and_Viharati_Brahmanandani_2331050f-b7cf-46d5-a700-c7503539d7c5.pitch,Sakal_Dukh_Haran_and_Viharati_Brahmanandani_2331050f-b7cf-46d5-a700-c7503539d7c5.pitch,.pitch,6163231,pitch
62b79291-73b0-4c77-a353-0f8bc6ed8362,/home/izpiz/coding/automatic-raga-recognition/dataset/RagaDataset/Hindustani/features/62b79291-73b0-4c77-a353-0f8bc6ed8362/Abdul_Rashid_Khan/Rasan_Piya_-_Volume_1/Haare_-Haare_Haare_Piya_-_Desh_39f429c9-ee16-414d-b8d0-fbf1d0bc6e79.pitch,Haare_-Haare_Haare_Piya_-_Desh_39f429c9-ee16-414d-b8d0-fbf1d0bc6e79.pitch,.pitch,3195569,pitch
62b79291-73b0-4c77-a353-0f8bc6ed8362,/home/izpiz/coding/automatic-raga-recognition/dataset/RagaDataset/Hindustani/features/62b79291-73b0-4c77-a353-0f8bc6ed8362/Abdul_Rashid_Khan/Rasan_Piya_-_Volume_1/Haare_-Haare_Haare_Piya_-_Desh_39f429c9-ee16-414d-b8d0-fbf1d0bc6e79.pitchSilIntrpPP,Haare_-Haare_Haare_Piya_-_Desh_39f429c9-ee16-414d-b8d0-fbf1d0bc6e79.pitchSilIntrpPP,.pitchsilintrppp,6875350,pitch
62b79291-73b0-4c77-a353-0f8bc6ed8362,/home/izpiz/coding/automatic-raga-recognition/dataset/RagaDataset/Hindustani/features/62b79291-73b0-4c77-a353-0f8bc6ed8362/Abdul_Rashid_Khan/Rasan_Piya_-_Volume_3/Nanadiya_Tora_Bhavan_Na_Bhave_a5381523-347b-47bc-8645-a95d24a9a666.pitch,Nanadiya_Tora_Bhavan_Na_Bhave_a5381523-347b-47bc-8645-a95d24a9a666.pitch,.pitch,9670069,pitch
62b79291-73b0-4c77-a353-0f8bc6ed8362,/home/izpiz/coding/automatic-raga-recognition/dataset/RagaDataset/Hindustani/features/62b79291-73b0-4c77-a353-0f8bc6ed8362/Abdul_Rashid_Khan/Rasan_Piya_-_Volume_3/Garajat_Baadar_Chaunk_Pari_Mai_f0de74aa-416f-4da7-b2d8-c02cd6da978e.pitchSilIntrpPP,Garajat_Baadar_Chaunk_Pari_Mai_f0de74aa-416f-4da7-b2d8-c02cd6da978e.pitchSilIntrpPP,.pitchsilintrppp,7417250,pitch
62b79291-73b0-4c77-a353-0f8bc6ed8362,/home/izpiz/coding/automatic-raga-recognition/dataset/RagaDataset/Hindustani/features/62b79291-73b0-4c77-a353-0f8bc6ed8362/Abdul_Rashid_Khan/Rasan_Piya_-_Volume_3/Garajat_Baadar_Chaunk_Pari_Mai_f0de74aa-416f-4da7-b2d8-c02cd6da978e.pitch,Garajat_Baadar_Chaunk_Pari_Mai_f0de74aa-416f-4da7-b2d8-c02cd6da978e.pitch,.pitch,3446715,pitch
62b79291-73b0-4c77-a353-0f8bc6ed8362,/home/izpiz/coding/automatic-raga-recognition/dataset/RagaDataset/Hindustani/features/62b79291-73b0-4c77-a353-0f8bc6ed8362/Abdul_Rashid_Khan/Rasan_Piya_-_Volume_3/Saiya_More_Savari_Surat_Man_Baso_Re_2a853a15-4376-4a0a-8b3f-7a55d652f464.pitch,Saiya_More_Savari_Surat_Man_Baso_Re_2a853a15-4376-4a0a-8b3f-7a55d652f464.pitch,.pitch,3276104,pitch
62b79291-73b0-4c77-a353-0f8bc6ed8362,/home/izpiz/coding/automatic-raga-recognition/dataset/RagaDataset/Hindustani/features/62b79291-73b0-4c77-a353-0f8bc6ed8362/Abdul_Rashid_Khan/Rasan_Piya_-_Volume_3/Saiya_More_Savari_Surat_Man_Baso_Re_2a853a15-4376-4a0a-8b3f-7a55d652f464.pitchSilIntrpPP,Saiya_More_Savari_Surat_Man_Baso_Re_2a853a15-4376-4a0a-8b3f-7a55d652f464.pitchSilIntrpPP,.pitchsilintrppp,7033450,pitch
62b79291-73b0-4c77-a353-0f8bc6ed8362,/home/izpiz/coding/automatic-raga-recognition/dataset/RagaDataset/Hindustani/features/62b79291-73b0-4c77-a353-0f8bc6ed8362/Abdul_Rashid_Khan/Rasan_Piya_-_Volume_3/Nanadiya_Tora_Bhavan_Na_Bhave_a5381523-347b-47bc-8645-a95d24a9a666.pitchSilIntrpPP,Nanadiya_Tora_Bhavan_Na_Bhave_a5381523-347b-47bc-8645-a95d24a9a666.pitchSilIntrpPP,.pitchsilintrppp,20258500,pitch
62b79291-73b0-4c77-a353-0f8bc6ed8362,/home/izpiz/coding/automatic-raga-recognition/dataset/RagaDataset/Hindustani/features/62b79291-73b0-4c77-a353-0f8bc6ed8362/Rashid_Khan/Live_At_Sunny_Towers_Vol-2/Karam_Kara_Dije_695a5b9b-fdbe-4a02-914f-b40f46df4367.pitch,Karam_Kara_Dije_695a5b9b-fdbe-4a02-914f-b40f46df4367.pitch,.pitch,5897678,pitch
62b79291-73b0-4c77-a353-0f8bc6ed8362,/home/izpiz/coding/automatic-raga-recognition/dataset/RagaDataset/Hindustani/features/62b79291-73b0-4c77-a353-0f8bc6ed8362/Rashid_Khan/Live_At_Sunny_Towers_Vol-2/Karam_Kara_Dije_695a5b9b-fdbe-4a02-914f-b40f46df4367.pitchSilIntrpPP,Karam_Kara_Dije_695a5b9b-fdbe-4a02-914f-b40f46df4367.pitchSilIntrpPP,.pitchsilintrppp,12480450,pitch
62b79291-73b0-4c77-a353-0f8bc6ed8362,/home/izpiz/coding/automatic-raga-recognition/dataset/RagaDataset/Hindustani/features/62b79291-73b0-4c77-a353-0f8bc6ed8362/Rashid_Khan/Vocal/Raga_Desh_c7073b30-cb25-4ed4-a2f3-9d75fe9cd1e8.pitchSilIntrpPP,Raga_Desh_c7073b30-cb25-4ed4-a2f3-9d75fe9cd1e8.pitchSilIntrpPP,.pitchsilintrppp,9857300,pitch
62b79291-73b0-4c77-a353-0f8bc6ed8362,/home/izpiz/coding/automatic-raga-recognition/dataset/RagaDataset/Hindustani/features/62b79291-73b0-4c77-a353-0f8bc6ed8362/Rashid_Khan/Vocal/Raga_Desh_b97c32e5-f9ab-465d-b651-681016323409.pitch,Raga_Desh_b97c32e5-f9ab-465d-b651-681016323409.pitch,.pitch,2855070,pitch
62b79291-73b0-4c77-a353-0f8bc6ed8362,/home/izpiz/coding/automatic-raga-recognition/dataset/RagaDataset/Hindustani/features/62b79291-73b0-4c77-a353-0f8bc6ed8362/Rashid_Khan/Vocal/Raga_Desh_b97c32e5-f9ab-465d-b651-681016323409.pitchSilIntrpPP,Raga_Desh_b97c32e5-f9ab-465d-b651-681016323409.pitchSilIntrpPP,.pitchsilintrppp,6125050,pitch
62b79291-73b0-4c77-a353-0f8bc6ed8362,/home/izpiz/coding/automatic-raga-recognition/dataset/RagaDataset/Hindustani/features/62b79291-73b0-4c77-a353-0f8bc6ed8362/Rashid_Khan/Vocal/Raga_Desh_c7073b30-cb25-4ed4-a2f3-9d75fe9cd1e8.pitch,Raga_Desh_c7073b30-cb25-4ed4-a2f3-9d75fe9cd1e8.pitch,.pitch,4595475,pitch
62b79291-73b0-4c77-a353-0f8bc6ed8362,/home/izpiz/coding/automatic-raga-recognition/dataset/RagaDataset/Hindustani/features/62b79291-73b0-4c77-a353-0f8bc6ed8362/Ulhas_Kashalkar/Khayalnuma/Des_c8724201-ecfd-44be-af53-5f436564d062.pitchSilIntrpPP,Des_c8724201-ecfd-44be-af53-5f436564d062.pitchSilIntrpPP,.pitchsilintrppp,4653900,pitch
62b79291-73b0-4c77-a353-0f8bc6ed8362,/home/izpiz/coding/automatic-raga-recognition/dataset/RagaDataset/Hindustani/features/62b79291-73b0-4c77-a353-0f8bc6ed8362/Ulhas_Kashalkar/Khayalnuma/Des_c8724201-ecfd-44be-af53-5f436564d062.pitch,Des_c8724201-ecfd-44be-af53-5f436564d062.pitch,.pitch,2166154,pitch
62b79291-73b0-4c77-a353-0f8bc6ed8362,/home/izpiz/coding/automatic-raga-recognition/dataset/RagaDataset/Hindustani/features/62b79291-73b0-4c77-a353-0f8bc6ed8362/Sanjeev_Abhyankar/Jiyaraa/Manwaa_Naahi_Laage_97a04401-5a5a-4951-9b94-cce8fbc302cf.pitchSilIntrpPP,Manwaa_Naahi_Laage_97a04401-5a5a-4951-9b94-cce8fbc302cf.pitchSilIntrpPP,.pitchsilintrppp,6298450,pitch
62b79291-73b0-4c77-a353-0f8bc6ed8362,/home/izpiz/coding/automatic-raga-recognition/dataset/RagaDataset/Hindustani/features/62b79291-73b0-4c77-a353-0f8bc6ed8362/Sanjeev_Abhyankar/Jiyaraa/Manwaa_Naahi_Laage_97a04401-5a5a-4951-9b94-cce8fbc302cf.pitch,Manwaa_Naahi_Laage_97a04401-5a5a-4951-9b94-cce8fbc302cf.pitch,.pitch,2924759,pitch
62b79291-73b0-4c77-a353-0f8bc6ed8362,/home/izpiz/coding/automatic-raga-recognition/dataset/RagaDataset/Hindustani/features/62b79291-73b0-4c77-a353-0f8bc6ed8362/Veena_Sahasrabuddhe/Ritu_Chakra_Vol__3/Raga_Desh_e3a55c80-653e-4587-aca9-bf6c7245c459.pitch,Raga_Desh_e3a55c80-653e-4587-aca9-bf6c7245c459.pitch,.pitch,3586155,pitch
62b79291-73b0-4c77-a353-0f8bc6ed8362,/home/izpiz/coding/automatic-raga-recognition/dataset/RagaDataset/Hindustani/features/62b79291-73b0-4c77-a353-0f8bc6ed8362/Veena_Sahasrabuddhe/Ritu_Chakra_Vol__3/Raga_Desh_e3a55c80-653e-4587-aca9-bf6c7245c459.pitchSilIntrpPP,Raga_Desh_e3a55c80-653e-4587-aca9-bf6c7245c459.pitchSilIntrpPP,.pitchsilintrppp,7670400,pitch
64e5fb9e-5569-4e80-8e6c-f543af9469c7,/home/izpiz/coding/automatic-raga-recognition/dataset/RagaDataset/Hindustani/features/64e5fb9e-5569-4e80-8e6c-f543af9469c7/Bade_Ghulam_Ali_Khan/Hindustani_Vocal/Raga_Malkauns_3fc7b071-68c7-4a5a-bed5-7da6301931f4.pitch,Raga_Malkauns_3fc7b071-68c7-4a5a-bed5-7da6301931f4.pitch,.pitch,8441725,pitch
64e5fb9e-5569-4e80-8e6c-f543af9469c7,/home/izpiz/coding/automatic-raga-recognition/dataset/RagaDataset/Hindustani/features/64e5fb9e-5569-4e80-8e6c-f543af9469c7/Bade_Ghulam_Ali_Khan/Hindustani_Vocal/Raga_Malkauns_3fc7b071-68c7-4a5a-bed5-7da6301931f4.pitchSilIntrpPP,Raga_Malkauns_3fc7b071-68c7-4a5a-bed5-7da6301931f4.pitchSilIntrpPP,.pitchsilintrppp,17772900,pitch
64e5fb9e-5569-4e80-8e6c-f543af9469c7,/home/izpiz/coding/automatic-raga-recognition/dataset/RagaDataset/Hindustani/features/64e5fb9e-5569-4e80-8e6c-f543af9469c7/Rashid_Khan/The_Genius_Of_Ustad_Rashid_Khan/Raga_-_Malkauns_f5d3cea0-50ad-461f-9aa2-20f2434ae1e8.pitch,Raga_-_Malkauns_f5d3cea0-50ad-461f-9aa2-20f2434ae1e8.pitch,.pitch,8982022,pitch
64e5fb9e-5569-4e80-8e6c-f543af9469c7,/home/izpiz/coding/automatic-raga-recognition/dataset/RagaDataset/Hindustani/features/64e5fb9e-5569-4e80-8e6c-f543af9469c7/Rashid_Khan/The_Genius_Of_Ustad_Rashid_Khan/Raga_-_Malkauns_f5d3cea0-50ad-461f-9aa2-20f2434ae1e8.pitchSilIntrpPP,Raga_-_Malkauns_f5d3cea0-50ad-461f-9aa2-20f2434ae1e8.pitchSilIntrpPP,.pitchsilintrppp,18958700,pitch
64e5fb9e-5569-4e80-8e6c-f543af9469c7,/home/izpiz/coding/automatic-raga-recognition/dataset/RagaDataset/Hindustani/features/64e5fb9e-5569-4e80-8e6c-f543af9469c7/Gopal_Mishra/Kula_Sampada/Raga_Malkauns_64587462-6f9f-4439-8b48-6375a4fb1f6a.pitchSilIntrpPP,Raga_Malkauns_64587462-6f9f-4439-8b48-6375a4fb1f6a.pitchSilIntrpPP,.pitchsilintrppp,41434450,pitch
64e5fb9e-5569-4e80-8e6c-f543af9469c7,/home/izpiz/coding/automatic-raga-recognition/dataset/RagaDataset/Hindustani/features/64e5fb9e-5569-4e80-8e6c-f543af9469c7/Gopal_Mishra/Kula_Sampada/Raga_Malkauns_64587462-6f9f-4439-8b48-6375a4fb1f6a.pitch,Raga_Malkauns_64587462-6f9f-4439-8b48-6375a4fb1f6a.pitch,.pitch,19983041,pitch
64e5fb9e-5569-4e80-8e6c-f543af9469c7,/home/izpiz/coding/automatic-raga-recognition/dataset/RagaDataset/Hindustani/features/64e5fb9e-5569-4e80-8e6c-f543af9469c7/Ulhas_Kashalkar/Masterpieces/Malkauns_Bada_Khyal_2d207bf5-90cf-4d74-8703-b3b0d52a531f.pitchSilIntrpPP,Malkauns_Bada_Khyal_2d207bf5-90cf-4d74-8703-b3b0d52a531f.pitchSilIntrpPP,.pitchsilintrppp,28349950,pitch
64e5fb9e-5569-4e80-8e6c-f543af9469c7,/home/izpiz/coding/automatic-raga-recognition/dataset/RagaDataset/Hindustani/features/64e5fb9e-5569-4e80-8e6c-f543af9469c7/Ulhas_Kashalkar/Masterpieces/Malkauns_Bada_Khyal_2d207bf5-90cf-4d74-8703-b3b0d52a531f.pitch,Malkauns_Bada_Khyal_2d207bf5-90cf-4d74-8703-b3b0d52a531f.pitch,.pitch,13501619,pitch
64e5fb9e-5569-4e80-8e6c-f543af9469c7,/home/izpiz/coding/automatic-raga-recognition/dataset/RagaDataset/Hindustani/features/64e5fb9e-5569-4e80-8e6c-f543af9469c7/Ajoy_Chakrabarty/Ajoy_Chakrabarty-Vocal/Malkauns-Bandish_in_Vilambit_Ektal_4a507000-6c5a-4c8b-8922-1bfc29cba805.pitchSilIntrpPP,Malkauns-Bandish_in_Vilambit_Ektal_4a507000-6c5a-4c8b-8922-1bfc29cba805.pitchSilIntrpPP,.pitchsilintrppp,23473250,pitch
64e5fb9e-5569-4e80-8e6c-f543af9469c7,/home/izpiz/coding/automatic-raga-recognition/dataset/RagaDataset/Hindustani/features/64e5fb9e-5569-4e80-8e6c-f543af9469c7/Ajoy_Chakrabarty/Ajoy_Chakrabarty-Vocal/Malkauns-Bandish_in_Vilambit_Ektal_4a507000-6c5a-4c8b-8922-1bfc29cba805.pitch,Malkauns-Bandish_in_Vilambit_Ektal_4a507000-6c5a-4c8b-8922-1bfc29cba805.pitch,.pitch,11121384,pitch
64e5fb9e-5569-4e80-8e6c-f543af9469c7,/home/izpiz/coding/automatic-raga-recognition/dataset/RagaDataset/Hindustani/features/64e5fb9e-5569-4e80-8e6c-f543af9469c7/Rattan_Mohan_Sharma/Raga_Reflections/Eri_Sakhi_Mai_Kase_Kahu_Manki_Batiya_and_Maai_Garaj_Badarva_Doleri_99f1a318-f246-40cb-86b9-3639344be94d.pitch,Eri_Sakhi_Mai_Kase_Kahu_Manki_Batiya_and_Maai_Garaj_Badarva_Doleri_99f1a318-f246-40cb-86b9-3639344be94d.pitch,.pitch,10532130,pitch
64e5fb9e-5569-4e80-8e6c-f543af9469c7,/home/izpiz/coding/automatic-raga-recognition/dataset/RagaDataset/Hindustani/features/64e5fb9e-5569-4e80-8e6c-f543af9469c7/Rattan_Mohan_Sharma/Raga_Reflections/Eri_Sakhi_Mai_Kase_Kahu_Manki_Batiya_and_Maai_Garaj_Badarva_Doleri_99f1a318-f246-40cb-86b9-3639344be94d.pitchSilIntrpPP,Eri_Sakhi_Mai_Kase_Kahu_Manki_Batiya_and_Maai_Garaj_Badarva_Doleri_99f1a318-f246-40cb-86b9-3639344be94d.pitchSilIntrpPP,.pitchsilintrppp,22107000,pitch
64e5fb9e-5569-4e80-8e6c-f543af9469c7,/home/izpiz/coding/automatic-raga-recognition/dataset/RagaDataset/Hindustani/features/64e5fb9e-5569-4e80-8e6c-f543af9469c7/Prabha_Atre/Maalkauns/Jaako_Mana_Raam_980b4a00-6e7c-41c1-81ee-6b021d237343.pitch,Jaako_Mana_Raam_980b4a00-6e7c-41c1-81ee-6b021d237343.pitch,.pitch,9577953,pitch
64e5fb9e-5569-4e80-8e6c-f543af9469c7,/home/izpiz/coding/automatic-raga-recognition/dataset/RagaDataset/Hindustani/features/64e5fb9e-5569-4e80-8e6c-f543af9469c7/Prabha_Atre/Maalkauns/Jaako_Mana_Raam_980b4a00-6e7c-41c1-81ee-6b021d237343.pitchSilIntrpPP,Jaako_Mana_Raam_980b4a00-6e7c-41c1-81ee-6b021d237343.pitchSilIntrpPP,.pitchsilintrppp,20083950,pitch
64e5fb9e-5569-4e80-8e6c-f543af9469c7,/home/izpiz/coding/automatic-raga-recognition/dataset/RagaDataset/Hindustani/features/64e5fb9e-5569-4e80-8e6c-f543af9469c7/Kesarbai_Kerkar/20th_Century_Baithak_Series/Raga_Malkauns_-_Teental_5233f93f-4f1c-4ba1-9d3f-3d47a5f81d2e.pitchSilIntrpPP,Raga_Malkauns_-_Teental_5233f93f-4f1c-4ba1-9d3f-3d47a5f81d2e.pitchSilIntrpPP,.pitchsilintrppp,20581200,pitch
64e5fb9e-5569-4e80-8e6c-f543af9469c7,/home/izpiz/coding/automatic-raga-recognition/dataset/RagaDataset/Hindustani/features/64e5fb9e-5569-4e80-8e6c-f543af9469c7/Kesarbai_Kerkar/20th_Century_Baithak_Series/Raga_Malkauns_-_Teental_5233f93f-4f1c-4ba1-9d3f-3d47a5f81d2e.pitch,Raga_Malkauns_-_Teental_5233f93f-4f1c-4ba1-9d3f-3d47a5f81d2e.pitch,.pitch,9817701,pitch
64e5fb9e-5569-4e80-8e6c-f543af9469c7,"/home/izpiz/coding/automatic-raga-recognition/dataset/RagaDataset/Hindustani/features/64e5fb9e-5569-4e80-8e6c-f543af9469c7/Satyasheel_Deshpande/Raag_Malkauns,_Chandrakauns___Majh_Khamaj_Thumri/Raag_Malkauns_52944bc0-4639-4760-be76-f2720a20be81.pitchSilIntrpPP",Raag_Malkauns_52944bc0-4639-4760-be76-f2720a20be81.pitchSilIntrpPP,.pitchsilintrppp,25725800,pitch
64e5fb9e-5569-4e80-8e6c-f543af9469c7,"/home/izpiz/coding/automatic-raga-recognition/dataset/RagaDataset/Hindustani/features/64e5fb9e-5569-4e80-8e6c-f543af9469c7/Satyasheel_Deshpande/Raag_Malkauns,_Chandrakauns___Majh_Khamaj_Thumri/Raag_Malkauns_52944bc0-4639-4760-be76-f2720a20be81.pitch",Raag_Malkauns_52944bc0-4639-4760-be76-f2720a20be81.pitch,.pitch,12330852,pitch
64e5fb9e-5569-4e80-8e6c-f543af9469c7,/home/izpiz/coding/automatic-raga-recognition/dataset/RagaDataset/Hindustani/features/64e5fb9e-5569-4e80-8e6c-f543af9469c7/Malini_Rajurkar/Classical_Vocal/Raga_Malkauns_f149cad0-c5af-48d6-a726-ef3badb0169a.pitch,Raga_Malkauns_f149cad0-c5af-48d6-a726-ef3badb0169a.pitch,.pitch,9380613,pitch
64e5fb9e-5569-4e80-8e6c-f543af9469c7,/home/izpiz/coding/automatic-raga-recognition/dataset/RagaDataset/Hindustani/features/64e5fb9e-5569-4e80-8e6c-f543af9469c7/Malini_Rajurkar/Classical_Vocal/Raga_Malkauns_f149cad0-c5af-48d6-a726-ef3badb0169a.pitchSilIntrpPP,Raga_Malkauns_f149cad0-c5af-48d6-a726-ef3badb0169a.pitchSilIntrpPP,.pitchsilintrppp,19684600,pitch
6f13484e-6fdd-402d-baf3-3835835454d0,/home/izpiz/coding/automatic-raga-recognition/dataset/RagaDataset/Hindustani/features/6f13484e-6fdd-402d-baf3-3835835454d0/Bhimsen_Joshi/Evergreen/Daiyya_Baat_Dubar_and_Langar_Kankariye_Jin_Maar_02915dfb-8e3d-40be-8f88-421afe81a697.pitch,Daiyya_Baat_Dubar_and_Langar_Kankariye_Jin_Maar_02915dfb-8e3d-40be-8f88-421afe81a697.pitch,.pitch,6054791,pitch
6f13484e-6fdd-402d-baf3-3835835454d0,/home/izpiz/coding/automatic-raga-recognition/dataset/RagaDataset/Hindustani/features/6f13484e-6fdd-402d-baf3-3835835454d0/Bhimsen_Joshi/Evergreen/Daiyya_Baat_Dubar_and_Langar_Kankariye_Jin_Maar_02915dfb-8e3d-40be-8f88-421afe81a697.pitchSilIntrpPP,Daiyya_Baat_Dubar_and_Langar_Kankariye_Jin_Maar_02915dfb-8e3d-40be-8f88-421afe81a697.pitchSilIntrpPP,.pitchsilintrppp,12895150,pitch
6f13484e-6fdd-402d-baf3-3835835454d0,/home/izpiz/coding/automatic-raga-recognition/dataset/RagaDataset/Hindustani/features/6f13484e-6fdd-402d-baf3-3835835454d0/Omkar_Dadarkar/Raag_Ahir_Bhairon___Todi/Raag_Todi_25d5c348-023b-487b-b149-a46d553cedee.pitch,Raag_Todi_25d5c348-023b-487b-b149-a46d553cedee.pitch,.pitch,5577134,pitch
6f13484e-6fdd-402d-baf3-3835835454d0,/home/izpiz/coding/automatic-raga-recognition/dataset/RagaDataset/Hindustani/features/6f13484e-6fdd-402d-baf3-3835835454d0/Omkar_Dadarkar/Raag_Ahir_Bhairon___Todi/Raag_Todi_25d5c348-023b-487b-b149-a46d553cedee.pitchSilIntrpPP,Raag_Todi_25d5c348-023b-487b-b149-a46d553cedee.pitchSilIntrpPP,.pitchsilintrppp,11882150,pitch
6f13484e-6fdd-402d-baf3-3835835454d0,/home/izpiz/coding/automatic-raga-recognition/dataset/RagaDataset/Hindustani/features/6f13484e-6fdd-402d-baf3-3835835454d0/Kishori_Amonkar/Prabhat/Raga_Todi_-_Khyal_in_Vilambit_Teental_0de04a5c-74b1-42e0-8df2-d166be9a3b33.pitch,Raga_Todi_-_Khyal_in_Vilambit_Teental_0de04a5c-74b1-42e0-8df2-d166be9a3b33.pitch,.pitch,9496502,pitch
6f13484e-6fdd-402d-baf3-3835835454d0,/home/izpiz/coding/automatic-raga-recognition/dataset/RagaDataset/Hindustani/features/6f13484e-6fdd-402d-baf3-3835835454d0/Kishori_Amonkar/Prabhat/Raga_Todi_-_Khyal_in_Vilambit_Teental_0de04a5c-74b1-42e0-8df2-d166be9a3b33.pitchSilIntrpPP,Raga_Todi_-_Khyal_in_Vilambit_Teental_0de04a5c-74b1-42e0-8df2-d166be9a3b33.pitchSilIntrpPP,.pitchsilintrppp,19845900,pitch
6f13484e-6fdd-402d-baf3-3835835454d0,/home/izpiz/coding/automatic-raga-recognition/dataset/RagaDataset/Hindustani/features/6f13484e-6fdd-402d-baf3-3835835454d0/Gopal_Mishra/Kula_Sampada/Raga_Todi_d38c59a4-947b-4918-8b0d-f22b7c8c1ea5.pitch,Raga_Todi_d38c59a4-947b-4918-8b0d-f22b7c8c1ea5.pitch,.pitch,9250729,pitch
6f13484e-6fdd-402d-baf3-3835835454d0,/home/izpiz/coding/automatic-raga-recognition/dataset/RagaDataset/Hindustani/features/6f13484e-6fdd-402d-baf3-3835835454d0/Gopal_Mishra/Kula_Sampada/Raga_Todi_d38c59a4-947b-4918-8b0d-f22b7c8c1ea5.pitchSilIntrpPP,Raga_Todi_d38c59a4-947b-4918-8b0d-f22b7c8c1ea5.pitchSilIntrpPP,.pitchsilintrppp,19348100,pitch
6f13484e-6fdd-402d-baf3-3835835454d0,/home/izpiz/coding/automatic-raga-recognition/dataset/RagaDataset/Hindustani/features/6f13484e-6fdd-402d-baf3-3835835454d0/Jasraj/Echoes_of_a_Golden_Voice/Is_Nagri_Main_and_Allah_Jane_Allah_Jane_c4f7a204-5c54-47a1-ae39-b70a366b6865.pitchSilIntrpPP,Is_Nagri_Main_and_Allah_Jane_Allah_Jane_c4f7a204-5c54-47a1-ae39-b70a366b6865.pitchSilIntrpPP,.pitchsilintrppp,13588800,pitch
6f13484e-6fdd-402d-baf3-3835835454d0,/home/izpiz/coding/automatic-raga-recognition/dataset/RagaDataset/Hindustani/features/6f13484e-6fdd-402d-baf3-3835835454d0/Jasraj/Echoes_of_a_Golden_Voice/Is_Nagri_Main_and_Allah_Jane_Allah_Jane_c4f7a204-5c54-47a1-ae39-b70a366b6865.pitch,Is_Nagri_Main_and_Allah_Jane_Allah_Jane_c4f7a204-5c54-47a1-ae39-b70a366b6865.pitch,.pitch,6367594,pitch
6f13484e-6fdd-402d-baf3-3835835454d0,/home/izpiz/coding/automatic-raga-recognition/dataset/RagaDataset/Hindustani/features/6f13484e-6fdd-402d-baf3-3835835454d0/Kaivalyakumar_Gurav/Kaivalyakumar_Vocal_Classical/Miyan_Ki_Todi_8bbf423e-c4ea-43b8-b496-dd84f2c28d2a.pitchSilIntrpPP,Miyan_Ki_Todi_8bbf423e-c4ea-43b8-b496-dd84f2c28d2a.pitchSilIntrpPP,.pitchsilintrppp,19614350,pitch
6f13484e-6fdd-402d-baf3-3835835454d0,/home/izpiz/coding/automatic-raga-recognition/dataset/RagaDataset/Hindustani/features/6f13484e-6fdd-402d-baf3-3835835454d0/Kaivalyakumar_Gurav/Kaivalyakumar_Vocal_Classical/Miyan_Ki_Todi_8bbf423e-c4ea-43b8-b496-dd84f2c28d2a.pitch,Miyan_Ki_Todi_8bbf423e-c4ea-43b8-b496-dd84f2c28d2a.pitch,.pitch,9416580,pitch
6f13484e-6fdd-402d-baf3-3835835454d0,/home/izpiz/coding/automatic-raga-recognition/dataset/RagaDataset/Hindustani/features/6f13484e-6fdd-402d-baf3-3835835454d0/Amir_Khan/Taskeen_(Vol__2)/Raga_Todi_da623ecf-5590-4fc6-8d6d-d1f396d5021d.pitch,Raga_Todi_da623ecf-5590-4fc6-8d6d-d1f396d5021d.pitch,.pitch,8836604,pitch
6f13484e-6fdd-402d-baf3-3835835454d0,/home/izpiz/coding/automatic-raga-recognition/dataset/RagaDataset/Hindustani/features/6f13484e-6fdd-402d-baf3-3835835454d0/Amir_Khan/Taskeen_(Vol__2)/Raga_Todi_da623ecf-5590-4fc6-8d6d-d1f396d5021d.pitchSilIntrpPP,Raga_Todi_da623ecf-5590-4fc6-8d6d-d1f396d5021d.pitchSilIntrpPP,.pitchsilintrppp,18613700,pitch
6f13484e-6fdd-402d-baf3-3835835454d0,/home/izpiz/coding/automatic-raga-recognition/dataset/RagaDataset/Hindustani/features/6f13484e-6fdd-402d-baf3-3835835454d0/Prabha_Atre/Amrut_Prabha/Raag_Miyan_Ki_Todi_b3dba394-97c1-4fa3-a291-0805fc642e0a.pitchSilIntrpPP,Raag_Miyan_Ki_Todi_b3dba394-97c1-4fa3-a291-0805fc642e0a.pitchSilIntrpPP,.pitchsilintrppp,17716200,pitch
6f13484e-6fdd-402d-baf3-3835835454d0,/home/izpiz/coding/automatic-raga-recognition/dataset/RagaDataset/Hindustani/features/6f13484e-6fdd-402d-baf3-3835835454d0/Prabha_Atre/Amrut_Prabha/Raag_Miyan_Ki_Todi_b3dba394-97c1-4fa3-a291-0805fc642e0a.pitch,Raag_Miyan_Ki_Todi_b3dba394-97c1-4fa3-a291-0805fc642e0a.pitch,.pitch,8432884,pitch
6f13484e-6fdd-402d-baf3-3835835454d0,/home/izpiz/coding/automatic-raga-recognition/dataset/RagaDataset/Hindustani/features/6f13484e-6fdd-402d-baf3-3835835454d0/Kumar_Gandharva/Raag_Todi/Raag_Todi_3f162361-c4fa-46f9-bc56-58242d978449.pitch,Raag_Todi_3f162361-c4fa-46f9-bc56-58242d978449.pitch,.pitch,23316400,pitch
6f13484e-6fdd-402d-baf3-3835835454d0,/home/izpiz/coding/automatic-raga-recognition/dataset/RagaDataset/Hindustani/features/6f13484e-6fdd-402d-baf3-3835835454d0/Kumar_Gandharva/Raag_Todi/Raag_Todi_3f162361-c4fa-46f9-bc56-58242d978449.pitchSilIntrpPP,Raag_Todi_3f162361-c4fa-46f9-bc56-58242d978449.pitchSilIntrpPP,.pitchsilintrppp,47989100,pitch
6f13484e-6fdd-402d-baf3-3835835454d0,/home/izpiz/coding/automatic-raga-recognition/dataset/RagaDataset/Hindustani/features/6f13484e-6fdd-402d-baf3-3835835454d0/Veena_Sahasrabuddhe/Tribute_To_Miyan_Tansen_Vol-1/Barkha_ki_Ritu_Aai_and_Sanch_Sanch_Ki_Je_7a91131b-210d-45b1-a056-e12dd578cc68.pitchSilIntrpPP,Barkha_ki_Ritu_Aai_and_Sanch_Sanch_Ki_Je_7a91131b-210d-45b1-a056-e12dd578cc68.pitchSilIntrpPP,.pitchsilintrppp,19824000,pitch
6f13484e-6fdd-402d-baf3-3835835454d0,/home/izpiz/coding/automatic-raga-recognition/dataset/RagaDataset/Hindustani/features/6f13484e-6fdd-402d-baf3-3835835454d0/Veena_Sahasrabuddhe/Tribute_To_Miyan_Tansen_Vol-1/Barkha_ki_Ritu_Aai_and_Sanch_Sanch_Ki_Je_7a91131b-210d-45b1-a056-e12dd578cc68.pitch,Barkha_ki_Ritu_Aai_and_Sanch_Sanch_Ki_Je_7a91131b-210d-45b1-a056-e12dd578cc68.pitch,.pitch,9479104,pitch
7591faad-e68a-4550-b675-8082842c6056,/home/izpiz/coding/automatic-raga-recognition/dataset/RagaDataset/Hindustani/features/7591faad-e68a-4550-b675-8082842c6056/Rashid_Khan/Vocal/Raga_Bageshri_1d378f5b-33ac-47ae-9219-a03a394de1b9.pitch,Raga_Bageshri_1d378f5b-33ac-47ae-9219-a03a394de1b9.pitch,.pitch,12945347,pitch
7591faad-e68a-4550-b675-8082842c6056,/home/izpiz/coding/automatic-raga-recognition/dataset/RagaDataset/Hindustani/features/7591faad-e68a-4550-b675-8082842c6056/Rashid_Khan/Vocal/Raga_Bageshri_1d378f5b-33ac-47ae-9219-a03a394de1b9.pitchSilIntrpPP,Raga_Bageshri_1d378f5b-33ac-47ae-9219-a03a394de1b9.pitchSilIntrpPP,.pitchsilintrppp,27085600,pitch
7591faad-e68a-4550-b675-8082842c6056,/home/izpiz/coding/automatic-raga-recognition/dataset/RagaDataset/Hindustani/features/7591faad-e68a-4550-b675-8082842c6056/Ajoy_Chakrabarty/The_Genius_Of_Pt__Ajoy_Chakraborty/Raga_Bageshree_186b62f6-3073-4817-a075-439cad73305c.pitch,Raga_Bageshree_186b62f6-3073-4817-a075-439cad73305c.pitch,.pitch,8108907,pitch
7591faad-e68a-4550-b675-8082842c6056,/home/izpiz/coding/automatic-raga-recognition/dataset/RagaDataset/Hindustani/features/7591faad-e68a-4550-b675-8082842c6056/Ajoy_Chakrabarty/The_Genius_Of_Pt__Ajoy_Chakraborty/Raga_Bageshree_186b62f6-3073-4817-a075-439cad73305c.pitchSilIntrpPP,Raga_Bageshree_186b62f6-3073-4817-a075-439cad73305c.pitchSilIntrpPP,.pitchsilintrppp,17186050,pitch
7591faad-e68a-4550-b675-8082842c6056,/home/izpiz/coding/automatic-raga-recognition/dataset/RagaDataset/Hindustani/features/7591faad-e68a-4550-b675-8082842c6056/Sanjeev_Abhyankar/Soaring_Heights-_Vol_2/Kaum_Fande_Mope_Daal_Gayo_and_Ja_Re_Balama_To_Se_Nahin_Bolun_afe4855b-9b3e-477a-944a-251b6bb7dd97.pitchSilIntrpPP,Kaum_Fande_Mope_Daal_Gayo_and_Ja_Re_Balama_To_Se_Nahin_Bolun_afe4855b-9b3e-477a-944a-251b6bb7dd97.pitchSilIntrpPP,.pitchsilintrppp,19152950,pitch
7591faad-e68a-4550-b675-8082842c6056,/home/izpiz/coding/automatic-raga-recognition/dataset/RagaDataset/Hindustani/features/7591faad-e68a-4550-b675-8082842c6056/Sanjeev_Abhyankar/Soaring_Heights-_Vol_2/Kaum_Fande_Mope_Daal_Gayo_and_Ja_Re_Balama_To_Se_Nahin_Bolun_afe4855b-9b3e-477a-944a-251b6bb7dd97.pitch,Kaum_Fande_Mope_Daal_Gayo_and_Ja_Re_Balama_To_Se_Nahin_Bolun_afe4855b-9b3e-477a-944a-251b6bb7dd97.pitch,.pitch,9114577,pitch
7591faad-e68a-4550-b675-8082842c6056,/home/izpiz/coding/automatic-raga-recognition/dataset/RagaDataset/Hindustani/features/7591faad-e68a-4550-b675-8082842c6056/Amir_Khan/A_Life_in_Music/Raga_Bageshri_47b78e45-4a67-49e7-94db-aac7fc8a3db7.pitch,Raga_Bageshri_47b78e45-4a67-49e7-94db-aac7fc8a3db7.pitch,.pitch,8539246,pitch
7591faad-e68a-4550-b675-8082842c6056,/home/izpiz/coding/automatic-raga-recognition/dataset/RagaDataset/Hindustani/features/7591faad-e68a-4550-b675-8082842c6056/Amir_Khan/A_Life_in_Music/Raga_Bageshri_47b78e45-4a67-49e7-94db-aac7fc8a3db7.pitchSilIntrpPP,Raga_Bageshri_47b78e45-4a67-49e7-94db-aac7fc8a3db7.pitchSilIntrpPP,.pitchsilintrppp,18060900,pitch
7591faad-e68a-4550-b675-8082842c6056,/home/izpiz/coding/automatic-raga-recognition/dataset/RagaDataset/Hindustani/features/7591faad-e68a-4550-b675-8082842c6056/Prabhakar_Karekar/Swarprabha/Mohe_Manavan_Aaya_and_Na_Daro_Rang_c6dfc5f0-34cb-4d1e-90a0-712a845beb38.pitchSilIntrpPP,Mohe_Manavan_Aaya_and_Na_Daro_Rang_c6dfc5f0-34cb-4d1e-90a0-712a845beb38.pitchSilIntrpPP,.pitchsilintrppp,17612450,pitch
7591faad-e68a-4550-b675-8082842c6056,/home/izpiz/coding/automatic-raga-recognition/dataset/RagaDataset/Hindustani/features/7591faad-e68a-4550-b675-8082842c6056/Prabhakar_Karekar/Swarprabha/Mohe_Manavan_Aaya_and_Na_Daro_Rang_c6dfc5f0-34cb-4d1e-90a0-712a845beb38.pitch,Mohe_Manavan_Aaya_and_Na_Daro_Rang_c6dfc5f0-34cb-4d1e-90a0-712a845beb38.pitch,.pitch,8375014,pitch
7591faad-e68a-4550-b675-8082842c6056,/home/izpiz/coding/automatic-raga-recognition/dataset/RagaDataset/Hindustani/features/7591faad-e68a-4550-b675-8082842c6056/Veena_Sahasrabuddhe/Veena_Sahasrabuddhe_-_First_Milestone/Sakhi_Mana_Lage_Na_and_Shyaam_Ghan_Chhaye_58ffbe74-0145-48b9-bc41-fa9e4b3a59cc.pitch,Sakhi_Mana_Lage_Na_and_Shyaam_Ghan_Chhaye_58ffbe74-0145-48b9-bc41-fa9e4b3a59cc.pitch,.pitch,9826910,pitch
7591faad-e68a-4550-b675-8082842c6056,/home/izpiz/coding/automatic-raga-recognition/dataset/RagaDataset/Hindustani/features/7591faad-e68a-4550-b675-8082842c6056/Veena_Sahasrabuddhe/Veena_Sahasrabuddhe_-_First_Milestone/Sakhi_Mana_Lage_Na_and_Shyaam_Ghan_Chhaye_58ffbe74-0145-48b9-bc41-fa9e4b3a59cc.pitchSilIntrpPP,Sakhi_Mana_Lage_Na_and_Shyaam_Ghan_Chhaye_58ffbe74-0145-48b9-bc41-fa9e4b3a59cc.pitchSilIntrpPP,.pitchsilintrppp,20485100,pitch
7591faad-e68a-4550-b675-8082842c6056,/home/izpiz/coding/automatic-raga-recognition/dataset/RagaDataset/Hindustani/features/7591faad-e68a-4550-b675-8082842c6056/Satyasheel_Deshpande/Raag_Bageshree___Bhairavi_Bhajan/Raag_Bageshree_897f4174-24be-493a-be1c-57fd3c018601.pitch,Raag_Bageshree_897f4174-24be-493a-be1c-57fd3c018601.pitch,.pitch,13340433,pitch
7591faad-e68a-4550-b675-8082842c6056,/home/izpiz/coding/automatic-raga-recognition/dataset/RagaDataset/Hindustani/features/7591faad-e68a-4550-b675-8082842c6056/Satyasheel_Deshpande/Raag_Bageshree___Bhairavi_Bhajan/Raag_Bageshree_897f4174-24be-493a-be1c-57fd3c018601.pitchSilIntrpPP,Raag_Bageshree_897f4174-24be-493a-be1c-57fd3c018601.pitchSilIntrpPP,.pitchsilintrppp,27765900,pitch
7591faad-e68a-4550-b675-8082842c6056,/home/izpiz/coding/automatic-raga-recognition/dataset/RagaDataset/Hindustani/features/7591faad-e68a-4550-b675-8082842c6056/Malini_Rajurkar/Classical_Vocal/Raga_Bageshree_bf3e009b-5d36-46a2-8fde-3c019c9fef1a.pitchSilIntrpPP,Raga_Bageshree_bf3e009b-5d36-46a2-8fde-3c019c9fef1a.pitchSilIntrpPP,.pitchsilintrppp,19857400,pitch
7591faad-e68a-4550-b675-8082842c6056,/home/izpiz/coding/automatic-raga-recognition/dataset/RagaDataset/Hindustani/features/7591faad-e68a-4550-b675-8082842c6056/Malini_Rajurkar/Classical_Vocal/Raga_Bageshree_bf3e009b-5d36-46a2-8fde-3c019c9fef1a.pitch,Raga_Bageshree_bf3e009b-5d36-46a2-8fde-3c019c9fef1a.pitch,.pitch,9496154,pitch
7591faad-e68a-4550-b675-8082842c6056,/home/izpiz/coding/automatic-raga-recognition/dataset/RagaDataset/Hindustani/features/7591faad-e68a-4550-b675-8082842c6056/Jagdish_Prasad/Shraddhanjali__Jagdish_Prasad/Raga_Bhageshri_6cb0fc24-76bf-48a8-8a45-8552b70127ea.pitchSilIntrpPP,Raga_Bhageshri_6cb0fc24-76bf-48a8-8a45-8552b70127ea.pitchSilIntrpPP,.pitchsilintrppp,12268600,pitch
7591faad-e68a-4550-b675-8082842c6056,/home/izpiz/coding/automatic-raga-recognition/dataset/RagaDataset/Hindustani/features/7591faad-e68a-4550-b675-8082842c6056/Jagdish_Prasad/Shraddhanjali__Jagdish_Prasad/Raga_Bhageshri_6cb0fc24-76bf-48a8-8a45-8552b70127ea.pitch,Raga_Bhageshri_6cb0fc24-76bf-48a8-8a45-8552b70127ea.pitch,.pitch,5730912,pitch
7591faad-e68a-4550-b675-8082842c6056,/home/izpiz/coding/automatic-raga-recognition/dataset/RagaDataset/Hindustani/features/7591faad-e68a-4550-b675-8082842c6056/Mukul_Shivaputra_Bhanumatey/Hindustani_Vocal/Raga_Bageshri_c12784d9-c5d7-4883-adae-8140551480c4.pitchSilIntrpPP,Raga_Bageshri_c12784d9-c5d7-4883-adae-8140551480c4.pitchSilIntrpPP,.pitchsilintrppp,19270200,pitch
7591faad-e68a-4550-b675-8082842c6056,/home/izpiz/coding/automatic-raga-recognition/dataset/RagaDataset/Hindustani/features/7591faad-e68a-4550-b675-8082842c6056/Mukul_Shivaputra_Bhanumatey/Hindustani_Vocal/Raga_Bageshri_c12784d9-c5d7-4883-adae-8140551480c4.pitch,Raga_Bageshri_c12784d9-c5d7-4883-adae-8140551480c4.pitch,.pitch,9212529,pitch
93c73081-bdf8-4eca-b325-d736b71e9b4b,/home/izpiz/coding/automatic-raga-recognition/dataset/RagaDataset/Hindustani/features/93c73081-bdf8-4eca-b325-d736b71e9b4b/Abdul_Rashid_Khan/Rasan_Piya_-_Volume_1/Chanchal_Chatur_Nodar_Kanhale_-_Khamaj_5c3bd389-696a-4ffd-93af-94b68343e9b7.pitchSilIntrpPP,Chanchal_Chatur_Nodar_Kanhale_-_Khamaj_5c3bd389-696a-4ffd-93af-94b68343e9b7.pitchSilIntrpPP,.pitchsilintrppp,6287000,pitch
93c73081-bdf8-4eca-b325-d736b71e9b4b,/home/izpiz/coding/automatic-raga-recognition/dataset/RagaDataset/Hindustani/features/93c73081-bdf8-4eca-b325-d736b71e9b4b/Abdul_Rashid_Khan/Rasan_Piya_-_Volume_1/Chanchal_Chatur_Nodar_Kanhale_-_Khamaj_5c3bd389-696a-4ffd-93af-94b68343e9b7.pitch,Chanchal_Chatur_Nodar_Kanhale_-_Khamaj_5c3bd389-696a-4ffd-93af-94b68343e9b7.pitch,.pitch,2925129,pitch
93c73081-bdf8-4eca-b325-d736b71e9b4b,/home/izpiz/coding/automatic-raga-recognition/dataset/RagaDataset/Hindustani/features/93c73081-bdf8-4eca-b325-d736b71e9b4b/Abdul_Rashid_Khan/Rasan_Piya_-_Volume_2/Dekho_Dekho_Aaj_Shyam_dcc4b6e9-15ef-4662-acbe-8666af8cbca5.pitchSilIntrpPP,Dekho_Dekho_Aaj_Shyam_dcc4b6e9-15ef-4662-acbe-8666af8cbca5.pitchSilIntrpPP,.pitchsilintrppp,4937800,pitch
93c73081-bdf8-4eca-b325-d736b71e9b4b,/home/izpiz/coding/automatic-raga-recognition/dataset/RagaDataset/Hindustani/features/93c73081-bdf8-4eca-b325-d736b71e9b4b/Abdul_Rashid_Khan/Rasan_Piya_-_Volume_2/Tair_Sunaye_Re_Papihara_b3f5d314-c817-41e1-b6a2-df3c260c8c63.pitchSilIntrpPP,Tair_Sunaye_Re_Papihara_b3f5d314-c817-41e1-b6a2-df3c260c8c63.pitchSilIntrpPP,.pitchsilintrppp,5812700,pitch
93c73081-bdf8-4eca-b325-d736b71e9b4b,/home/izpiz/coding/automatic-raga-recognition/dataset/RagaDataset/Hindustani/features/93c73081-bdf8-4eca-b325-d736b71e9b4b/Abdul_Rashid_Khan/Rasan_Piya_-_Volume_2/Dekho_Dekho_Aaj_Shyam_dcc4b6e9-15ef-4662-acbe-8666af8cbca5.pitch,Dekho_Dekho_Aaj_Shyam_dcc4b6e9-15ef-4662-acbe-8666af8cbca5.pitch,.pitch,2290633,pitch
93c73081-bdf8-4eca-b325-d736b71e9b4b,/home/izpiz/coding/automatic-raga-recognition/dataset/RagaDataset/Hindustani/features/93c73081-bdf8-4eca-b325-d736b71e9b4b/Abdul_Rashid_Khan/Rasan_Piya_-_Volume_2/Kab_Ghar_Aao_Piya_More_Paas_76f343ce-a0ce-40c0-89aa-969c75a8cec2.pitchSilIntrpPP,Kab_Ghar_Aao_Piya_More_Paas_76f343ce-a0ce-40c0-89aa-969c75a8cec2.pitchSilIntrpPP,.pitchsilintrppp,17920750,pitch
93c73081-bdf8-4eca-b325-d736b71e9b4b,/home/izpiz/coding/automatic-raga-recognition/dataset/RagaDataset/Hindustani/features/93c73081-bdf8-4eca-b325-d736b71e9b4b/Abdul_Rashid_Khan/Rasan_Piya_-_Volume_2/Kab_Ghar_Aao_Piya_More_Paas_76f343ce-a0ce-40c0-89aa-969c75a8cec2.pitch,Kab_Ghar_Aao_Piya_More_Paas_76f343ce-a0ce-40c0-89aa-969c75a8cec2.pitch,.pitch,8484151,pitch
93c73081-bdf8-4eca-b325-d736b71e9b4b,/home/izpiz/coding/automatic-raga-recognition/dataset/RagaDataset/Hindustani/features/93c73081-bdf8-4eca-b325-d736b71e9b4b/Abdul_Rashid_Khan/Rasan_Piya_-_Volume_2/Laagun_Re_Junaiyan_Tere_Paiyan_eb7fce60-8232-44ee-ad0a-571bb15003fb.pitch,Laagun_Re_Junaiyan_Tere_Paiyan_eb7fce60-8232-44ee-ad0a-571bb15003fb.pitch,.pitch,2194409,pitch
93c73081-bdf8-4eca-b325-d736b71e9b4b,/home/izpiz/coding/automatic-raga-recognition/dataset/RagaDataset/Hindustani/features/93c73081-bdf8-4eca-b325-d736b71e9b4b/Abdul_Rashid_Khan/Rasan_Piya_-_Volume_2/Tair_Sunaye_Re_Papihara_b3f5d314-c817-41e1-b6a2-df3c260c8c63.pitch,Tair_Sunaye_Re_Papihara_b3f5d314-c817-41e1-b6a2-df3c260c8c63.pitch,.pitch,2706060,pitch
93c73081-bdf8-4eca-b325-d736b71e9b4b,/home/izpiz/coding/automatic-raga-recognition/dataset/RagaDataset/Hindustani/features/93c73081-bdf8-4eca-b325-d736b71e9b4b/Abdul_Rashid_Khan/Rasan_Piya_-_Volume_2/Laagun_Re_Junaiyan_Tere_Paiyan_eb7fce60-8232-44ee-ad0a-571bb15003fb.pitchSilIntrpPP,Laagun_Re_Junaiyan_Tere_Paiyan_eb7fce60-8232-44ee-ad0a-571bb15003fb.pitchSilIntrpPP,.pitchsilintrppp,4719450,pitch
93c73081-bdf8-4eca-b325-d736b71e9b4b,"/home/izpiz/coding/automatic-raga-recognition/dataset/RagaDataset/Hindustani/features/93c73081-bdf8-4eca-b325-d736b71e9b4b/Ajoy_Chakrabarty/Raag_Abhogi,_Rageshree___Khamaj/Raag_Khamaj_c556b631-111f-42e8-aa98-e02f0777be9e.pitch",Raag_Khamaj_c556b631-111f-42e8-aa98-e02f0777be9e.pitch,.pitch,6169115,pitch
93c73081-bdf8-4eca-b325-d736b71e9b4b,"/home/izpiz/coding/automatic-raga-recognition/dataset/RagaDataset/Hindustani/features/93c73081-bdf8-4eca-b325-d736b71e9b4b/Ajoy_Chakrabarty/Raag_Abhogi,_Rageshree___Khamaj/Raag_Khamaj_c556b631-111f-42e8-aa98-e02f0777be9e.pitchSilIntrpPP",Raag_Khamaj_c556b631-111f-42e8-aa98-e02f0777be9e.pitchSilIntrpPP,.pitchsilintrppp,13113200,pitch
93c73081-bdf8-4eca-b325-d736b71e9b4b,/home/izpiz/coding/automatic-raga-recognition/dataset/RagaDataset/Hindustani/features/93c73081-bdf8-4eca-b325-d736b71e9b4b/Ajoy_Chakrabarty/Ajoy_Chakrabarty-Vocal/Drut_Bandish_In_Tintal_b267996c-c857-4774-9cf6-5f7cec7413d7.pitch,Drut_Bandish_In_Tintal_b267996c-c857-4774-9cf6-5f7cec7413d7.pitch,.pitch,3327077,pitch
93c73081-bdf8-4eca-b325-d736b71e9b4b,/home/izpiz/coding/automatic-raga-recognition/dataset/RagaDataset/Hindustani/features/93c73081-bdf8-4eca-b325-d736b71e9b4b/Ajoy_Chakrabarty/Ajoy_Chakrabarty-Vocal/Madhya_Bandish_In_Jhaptal_e0c1cf84-1bb3-4e8b-84d4-0f659976d576.pitch,Madhya_Bandish_In_Jhaptal_e0c1cf84-1bb3-4e8b-84d4-0f659976d576.pitch,.pitch,5679603,pitch
93c73081-bdf8-4eca-b325-d736b71e9b4b,/home/izpiz/coding/automatic-raga-recognition/dataset/RagaDataset/Hindustani/features/93c73081-bdf8-4eca-b325-d736b71e9b4b/Ajoy_Chakrabarty/Ajoy_Chakrabarty-Vocal/Drut_Bandish_In_Tintal_9ce13d3a-f853-490c-a706-39283372eb0e.pitch,Drut_Bandish_In_Tintal_9ce13d3a-f853-490c-a706-39283372eb0e.pitch,.pitch,3280469,pitch
93c73081-bdf8-4eca-b325-d736b71e9b4b,/home/izpiz/coding/automatic-raga-recognition/dataset/RagaDataset/Hindustani/features/93c73081-bdf8-4eca-b325-d736b71e9b4b/Ajoy_Chakrabarty/Ajoy_Chakrabarty-Vocal/Drut_Bandish_In_Tintal_b267996c-c857-4774-9cf6-5f7cec7413d7.pitchSilIntrpPP,Drut_Bandish_In_Tintal_b267996c-c857-4774-9cf6-5f7cec7413d7.pitchSilIntrpPP,.pitchsilintrppp,7192250,pitch
93c73081-bdf8-4eca-b325-d736b71e9b4b,/home/izpiz/coding/automatic-raga-recognition/dataset/RagaDataset/Hindustani/features/93c73081-bdf8-4eca-b325-d736b71e9b4b/Ajoy_Chakrabarty/Ajoy_Chakrabarty-Vocal/Madhya_Bandish_In_Jhaptal_e0c1cf84-1bb3-4e8b-84d4-0f659976d576.pitchSilIntrpPP,Madhya_Bandish_In_Jhaptal_e0c1cf84-1bb3-4e8b-84d4-0f659976d576.pitchSilIntrpPP,.pitchsilintrppp,12202150,pitch
93c73081-bdf8-4eca-b325-d736b71e9b4b,/home/izpiz/coding/automatic-raga-recognition/dataset/RagaDataset/Hindustani/features/93c73081-bdf8-4eca-b325-d736b71e9b4b/Ajoy_Chakrabarty/Ajoy_Chakrabarty-Vocal/Vilambit_Bandish_In_Ektal_88210cd2-6440-4868-b6aa-3aeb403b4feb.pitchSilIntrpPP,Vilambit_Bandish_In_Ektal_88210cd2-6440-4868-b6aa-3aeb403b4feb.pitchSilIntrpPP,.pitchsilintrppp,22583400,pitch
93c73081-bdf8-4eca-b325-d736b71e9b4b,/home/izpiz/coding/automatic-raga-recognition/dataset/RagaDataset/Hindustani/features/93c73081-bdf8-4eca-b325-d736b71e9b4b/Ajoy_Chakrabarty/Ajoy_Chakrabarty-Vocal/Vilambit_Bandish_In_Ektal_88210cd2-6440-4868-b6aa-3aeb403b4feb.pitch,Vilambit_Bandish_In_Ektal_88210cd2-6440-4868-b6aa-3aeb403b4feb.pitch,.pitch,10701169,pitch
93c73081-bdf8-4eca-b325-d736b71e9b4b,/home/izpiz/coding/automatic-raga-recognition/dataset/RagaDataset/Hindustani/features/93c73081-bdf8-4eca-b325-d736b71e9b4b/Ajoy_Chakrabarty/Ajoy_Chakrabarty-Vocal/Drut_Bandish_In_Tintal_9ce13d3a-f853-490c-a706-39283372eb0e.pitchSilIntrpPP,Drut_Bandish_In_Tintal_9ce13d3a-f853-490c-a706-39283372eb0e.pitchSilIntrpPP,.pitchsilintrppp,7064300,pitch
a7d98897-e2fe-4d75-b9dc-e5b4dc88e1c6,/home/izpiz/coding/automatic-raga-recognition/dataset/RagaDataset/Hindustani/features/a7d98897-e2fe-4d75-b9dc-e5b4dc88e1c6/Abdul_Rashid_Khan/Rasan_Piya_-_Volume_1/Nayan_Bich_Dore_Lal_c8c0b93e-0e7d-4e08-a1cc-95b0eecee5db.pitchSilIntrpPP,Nayan_Bich_Dore_Lal_c8c0b93e-0e7d-4e08-a1cc-95b0eecee5db.pitchSilIntrpPP,.pitchsilintrppp,5119400,pitch
a7d98897-e2fe-4d75-b9dc-e5b4dc88e1c6,/home/izpiz/coding/automatic-raga-recognition/dataset/RagaDataset/Hindustani/features/a7d98897-e2fe-4d75-b9dc-e5b4dc88e1c6/Abdul_Rashid_Khan/Rasan_Piya_-_Volume_1/Bane-Bane_Thane-Thane_8f983ca1-2b51-4a9f-9265-b797b09c91c9.pitchSilIntrpPP,Bane-Bane_Thane-Thane_8f983ca1-2b51-4a9f-9265-b797b09c91c9.pitchSilIntrpPP,.pitchsilintrppp,5363050,pitch
a7d98897-e2fe-4d75-b9dc-e5b4dc88e1c6,/home/izpiz/coding/automatic-raga-recognition/dataset/RagaDataset/Hindustani/features/a7d98897-e2fe-4d75-b9dc-e5b4dc88e1c6/Abdul_Rashid_Khan/Rasan_Piya_-_Volume_1/Dhan_Dhan_Re_Tere_Ladla_ee202972-59a1-4576-9883-6e82124b356a.pitch,Dhan_Dhan_Re_Tere_Ladla_ee202972-59a1-4576-9883-6e82124b356a.pitch,.pitch,9912482,pitch
a7d98897-e2fe-4d75-b9dc-e5b4dc88e1c6,/home/izpiz/coding/automatic-raga-recognition/dataset/RagaDataset/Hindustani/features/a7d98897-e2fe-4d75-b9dc-e5b4dc88e1c6/Abdul_Rashid_Khan/Rasan_Piya_-_Volume_1/Qutab_Rabani_Mehboob_Subhani_858a82b8-562e-4a7c-a7a2-6cbc65967e99.pitchSilIntrpPP,Qutab_Rabani_Mehboob_Subhani_858a82b8-562e-4a7c-a7a2-6cbc65967e99.pitchSilIntrpPP,.pitchsilintrppp,8180450,pitch
a7d98897-e2fe-4d75-b9dc-e5b4dc88e1c6,/home/izpiz/coding/automatic-raga-recognition/dataset/RagaDataset/Hindustani/features/a7d98897-e2fe-4d75-b9dc-e5b4dc88e1c6/Abdul_Rashid_Khan/Rasan_Piya_-_Volume_1/Daiya_Moko_Ka_Kahega_Logava_907e6bb0-130e-4ec5-aad0-6c768e8e9dcd.pitch,Daiya_Moko_Ka_Kahega_Logava_907e6bb0-130e-4ec5-aad0-6c768e8e9dcd.pitch,.pitch,2482485,pitch
a7d98897-e2fe-4d75-b9dc-e5b4dc88e1c6,/home/izpiz/coding/automatic-raga-recognition/dataset/RagaDataset/Hindustani/features/a7d98897-e2fe-4d75-b9dc-e5b4dc88e1c6/Abdul_Rashid_Khan/Rasan_Piya_-_Volume_1/Bane-Bane_Thane-Thane_8f983ca1-2b51-4a9f-9265-b797b09c91c9.pitch,Bane-Bane_Thane-Thane_8f983ca1-2b51-4a9f-9265-b797b09c91c9.pitch,.pitch,2494895,pitch
a7d98897-e2fe-4d75-b9dc-e5b4dc88e1c6,/home/izpiz/coding/automatic-raga-recognition/dataset/RagaDataset/Hindustani/features/a7d98897-e2fe-4d75-b9dc-e5b4dc88e1c6/Abdul_Rashid_Khan/Rasan_Piya_-_Volume_1/Nayan_Bich_Dore_Lal_c8c0b93e-0e7d-4e08-a1cc-95b0eecee5db.pitch,Nayan_Bich_Dore_Lal_c8c0b93e-0e7d-4e08-a1cc-95b0eecee5db.pitch,.pitch,2376662,pitch
a7d98897-e2fe-4d75-b9dc-e5b4dc88e1c6,/home/izpiz/coding/automatic-raga-recognition/dataset/RagaDataset/Hindustani/features/a7d98897-e2fe-4d75-b9dc-e5b4dc88e1c6/Abdul_Rashid_Khan/Rasan_Piya_-_Volume_1/Dhan_Dhan_Re_Tere_Ladla_ee202972-59a1-4576-9883-6e82124b356a.pitchSilIntrpPP,Dhan_Dhan_Re_Tere_Ladla_ee202972-59a1-4576-9883-6e82124b356a.pitchSilIntrpPP,.pitchsilintrppp,20814850,pitch
a7d98897-e2fe-4d75-b9dc-e5b4dc88e1c6,/home/izpiz/coding/automatic-raga-recognition/dataset/RagaDataset/Hindustani/features/a7d98897-e2fe-4d75-b9dc-e5b4dc88e1c6/Abdul_Rashid_Khan/Rasan_Piya_-_Volume_1/Daiya_Moko_Ka_Kahega_Logava_907e6bb0-130e-4ec5-aad0-6c768e8e9dcd.pitchSilIntrpPP,Daiya_Moko_Ka_Kahega_Logava_907e6bb0-130e-4ec5-aad0-6c768e8e9dcd.pitchSilIntrpPP,.pitchsilintrppp,5342750,pitch
a7d98897-e2fe-4d75-b9dc-e5b4dc88e1c6,/home/izpiz/coding/automatic-raga-recognition/dataset/RagaDataset/Hindustani/features/a7d98897-e2fe-4d75-b9dc-e5b4dc88e1c6/Abdul_Rashid_Khan/Rasan_Piya_-_Volume_1/Qutab_Rabani_Mehboob_Subhani_858a82b8-562e-4a7c-a7a2-6cbc65967e99.pitch,Qutab_Rabani_Mehboob_Subhani_858a82b8-562e-4a7c-a7a2-6cbc65967e99.pitch,.pitch,3819492,pitch
a7d98897-e2fe-4d75-b9dc-e5b4dc88e1c6,/home/izpiz/coding/automatic-raga-recognition/dataset/RagaDataset/Hindustani/features/a7d98897-e2fe-4d75-b9dc-e5b4dc88e1c6/Omkar_Dadarkar/Raag_Bihag___Bhairavi_Dadra/Raag_Bihag_5d56b3ab-99d1-48c3-a785-269d74ccc944.pitchSilIntrpPP,Raag_Bihag_5d56b3ab-99d1-48c3-a785-269d74ccc944.pitchSilIntrpPP,.pitchsilintrppp,28316950,pitch
a7d98897-e2fe-4d75-b9dc-e5b4dc88e1c6,/home/izpiz/coding/automatic-raga-recognition/dataset/RagaDataset/Hindustani/features/a7d98897-e2fe-4d75-b9dc-e5b4dc88e1c6/Omkar_Dadarkar/Raag_Bihag___Bhairavi_Dadra/Raag_Bihag_5d56b3ab-99d1-48c3-a785-269d74ccc944.pitch,Raag_Bihag_5d56b3ab-99d1-48c3-a785-269d74ccc944.pitch,.pitch,13585651,pitch
a7d98897-e2fe-4d75-b9dc-e5b4dc88e1c6,/home/izpiz/coding/automatic-raga-recognition/dataset/RagaDataset/Hindustani/features/a7d98897-e2fe-4d75-b9dc-e5b4dc88e1c6/Omkarnath_Thakur/An_Undying_Parampara_Vol__2/Ab_Ho_Lalan_Mai_3148a17b-6be7-4f5e-bc35-84196b3c64b6.pitch,Ab_Ho_Lalan_Mai_3148a17b-6be7-4f5e-bc35-84196b3c64b6.pitch,.pitch,2015292,pitch
a7d98897-e2fe-4d75-b9dc-e5b4dc88e1c6,/home/izpiz/coding/automatic-raga-recognition/dataset/RagaDataset/Hindustani/features/a7d98897-e2fe-4d75-b9dc-e5b4dc88e1c6/Omkarnath_Thakur/An_Undying_Parampara_Vol__2/Kaise_Siukh_Soye_fecfe4a8-a68e-4ced-93d9-5d47fd4505cd.pitchSilIntrpPP,Kaise_Siukh_Soye_fecfe4a8-a68e-4ced-93d9-5d47fd4505cd.pitchSilIntrpPP,.pitchsilintrppp,20880650,pitch
a7d98897-e2fe-4d75-b9dc-e5b4dc88e1c6,/home/izpiz/coding/automatic-raga-recognition/dataset/RagaDataset/Hindustani/features/a7d98897-e2fe-4d75-b9dc-e5b4dc88e1c6/Omkarnath_Thakur/An_Undying_Parampara_Vol__2/Kaise_Siukh_Soye_fecfe4a8-a68e-4ced-93d9-5d47fd4505cd.pitch,Kaise_Siukh_Soye_fecfe4a8-a68e-4ced-93d9-5d47fd4505cd.pitch,.pitch,9895093,pitch
a7d98897-e2fe-4d75-b9dc-e5b4dc88e1c6,/home/izpiz/coding/automatic-raga-recognition/dataset/RagaDataset/Hindustani/features/a7d98897-e2fe-4d75-b9dc-e5b4dc88e1c6/Omkarnath_Thakur/An_Undying_Parampara_Vol__2/Ab_Ho_Lalan_Mai_3148a17b-6be7-4f5e-bc35-84196b3c64b6.pitchSilIntrpPP,Ab_Ho_Lalan_Mai_3148a17b-6be7-4f5e-bc35-84196b3c64b6.pitchSilIntrpPP,.pitchsilintrppp,4371600,pitch
a7d98897-e2fe-4d75-b9dc-e5b4dc88e1c6,/home/izpiz/coding/automatic-raga-recognition/dataset/RagaDataset/Hindustani/features/a7d98897-e2fe-4d75-b9dc-e5b4dc88e1c6/Deborshee_Bhattacharya/Raag_Bihag/Raag_Bihag_f0ce173e-e69b-4baf-8c23-cdd63fd15ab1.pitchSilIntrpPP,Raag_Bihag_f0ce173e-e69b-4baf-8c23-cdd63fd15ab1.pitchSilIntrpPP,.pitchsilintrppp,44884850,pitch
a7d98897-e2fe-4d75-b9dc-e5b4dc88e1c6,/home/izpiz/coding/automatic-raga-recognition/dataset/RagaDataset/Hindustani/features/a7d98897-e2fe-4d75-b9dc-e5b4dc88e1c6/Deborshee_Bhattacharya/Raag_Bihag/Raag_Bihag_f0ce173e-e69b-4baf-8c23-cdd63fd15ab1.pitch,Raag_Bihag_f0ce173e-e69b-4baf-8c23-cdd63fd15ab1.pitch,.pitch,21775436,pitch
a7d98897-e2fe-4d75-b9dc-e5b4dc88e1c6,/home/izpiz/coding/automatic-raga-recognition/dataset/RagaDataset/Hindustani/features/a7d98897-e2fe-4d75-b9dc-e5b4dc88e1c6/Manik_Bhide/The_Sanctity_of_Parampara/Bajeri_Mori_Payal_Jhanana_and_Lat_Ulajhi_Sulajha_Ja_Balam_82d9adb4-ad60-4437-b3ed-a5dda2a77f61.pitch,Bajeri_Mori_Payal_Jhanana_and_Lat_Ulajhi_Sulajha_Ja_Balam_82d9adb4-ad60-4437-b3ed-a5dda2a77f61.pitch,.pitch,9684856,pitch
a7d98897-e2fe-4d75-b9dc-e5b4dc88e1c6,/home/izpiz/coding/automatic-raga-recognition/dataset/RagaDataset/Hindustani/features/a7d98897-e2fe-4d75-b9dc-e5b4dc88e1c6/Manik_Bhide/The_Sanctity_of_Parampara/Bajeri_Mori_Payal_Jhanana_and_Lat_Ulajhi_Sulajha_Ja_Balam_82d9adb4-ad60-4437-b3ed-a5dda2a77f61.pitchSilIntrpPP,Bajeri_Mori_Payal_Jhanana_and_Lat_Ulajhi_Sulajha_Ja_Balam_82d9adb4-ad60-4437-b3ed-a5dda2a77f61.pitchSilIntrpPP,.pitchsilintrppp,20298000,pitch
a99e07d5-20a0-467b-8dcd-aa5a095177fd,/home/izpiz/coding/automatic-raga-recognition/dataset/RagaDataset/Hindustani/features/a99e07d5-20a0-467b-8dcd-aa5a095177fd/Rashid_Khan/Evergreen/Raga_Lalit_783aa4b0-26f3-4e18-844c-b787be6d9849.pitchSilIntrpPP,Raga_Lalit_783aa4b0-26f3-4e18-844c-b787be6d9849.pitchSilIntrpPP,.pitchsilintrppp,18220500,pitch
a99e07d5-20a0-467b-8dcd-aa5a095177fd,/home/izpiz/coding/automatic-raga-recognition/dataset/RagaDataset/Hindustani/features/a99e07d5-20a0-467b-8dcd-aa5a095177fd/Rashid_Khan/Evergreen/Raga_Lalit_783aa4b0-26f3-4e18-844c-b787be6d9849.pitch,Raga_Lalit_783aa4b0-26f3-4e18-844c-b787be6d9849.pitch,.pitch,8677945,pitch
a99e07d5-20a0-467b-8dcd-aa5a095177fd,/home/izpiz/coding/automatic-raga-recognition/dataset/RagaDataset/Hindustani/features/a99e07d5-20a0-467b-8dcd-aa5a095177fd/Dattatreya_L_Velankar/Sura_Sindhu/Raga_Lalit-Vilambit_Ektal_c0713057-d5eb-4fe3-a0ae-03a341ad707e.pitch,Raga_Lalit-Vilambit_Ektal_c0713057-d5eb-4fe3-a0ae-03a341ad707e.pitch,.pitch,10777537,pitch
a99e07d5-20a0-467b-8dcd-aa5a095177fd,/home/izpiz/coding/automatic-raga-recognition/dataset/RagaDataset/Hindustani/features/a99e07d5-20a0-467b-8dcd-aa5a095177fd/Dattatreya_L_Velankar/Sura_Sindhu/Raga_Lalit-Vilambit_Ektal_c0713057-d5eb-4fe3-a0ae-03a341ad707e.pitchSilIntrpPP,Raga_Lalit-Vilambit_Ektal_c0713057-d5eb-4fe3-a0ae-03a341ad707e.pitchSilIntrpPP,.pitchsilintrppp,22545200,pitch
a99e07d5-20a0-467b-8dcd-aa5a095177fd,/home/izpiz/coding/automatic-raga-recognition/dataset/RagaDataset/Hindustani/features/a99e07d5-20a0-467b-8dcd-aa5a095177fd/Omkar_Dadarkar/Raag_Lalit___Bibhas/Raag_Lalit_8e815f51-194f-4e14-b1e3-5a214590d895.pitch,Raag_Lalit_8e815f51-194f-4e14-b1e3-5a214590d895.pitch,.pitch,13283682,pitch
a99e07d5-20a0-467b-8dcd-aa5a095177fd,/home/izpiz/coding/automatic-raga-recognition/dataset/RagaDataset/Hindustani/features/a99e07d5-20a0-467b-8dcd-aa5a095177fd/Omkar_Dadarkar/Raag_Lalit___Bibhas/Raag_Lalit_8e815f51-194f-4e14-b1e3-5a214590d895.pitchSilIntrpPP,Raag_Lalit_8e815f51-194f-4e14-b1e3-5a214590d895.pitchSilIntrpPP,.pitchsilintrppp,27510850,pitch
a99e07d5-20a0-467b-8dcd-aa5a095177fd,/home/izpiz/coding/automatic-raga-recognition/dataset/RagaDataset/Hindustani/features/a99e07d5-20a0-467b-8dcd-aa5a095177fd/Omkarnath_Thakur/Heritage_-_Raga_Lalit/Raga_Lalit_(Bada_Khayal_In_Vilambit_Ek_Taal)_Raien_Ka_Sapna_ead345d2-0314-4a4a-bfb6-d65510e06aba.pitchSilIntrpPP,Raga_Lalit_(Bada_Khayal_In_Vilambit_Ek_Taal)_Raien_Ka_Sapna_ead345d2-0314-4a4a-bfb6-d65510e06aba.pitchSilIntrpPP,.pitchsilintrppp,16481400,pitch
a99e07d5-20a0-467b-8dcd-aa5a095177fd,/home/izpiz/coding/automatic-raga-recognition/dataset/RagaDataset/Hindustani/features/a99e07d5-20a0-467b-8dcd-aa5a095177fd/Omkarnath_Thakur/Heritage_-_Raga_Lalit/Raga_Lalit_(Bada_Khayal_In_Vilambit_Ek_Taal)_Raien_Ka_Sapna_ead345d2-0314-4a4a-bfb6-d65510e06aba.pitch,Raga_Lalit_(Bada_Khayal_In_Vilambit_Ek_Taal)_Raien_Ka_Sapna_ead345d2-0314-4a4a-bfb6-d65510e06aba.pitch,.pitch,7828560,pitch
a99e07d5-20a0-467b-8dcd-aa5a095177fd,/home/izpiz/coding/automatic-raga-recognition/dataset/RagaDataset/Hindustani/features/a99e07d5-20a0-467b-8dcd-aa5a095177fd/Omkarnath_Thakur/Heritage_-_Raga_Lalit/Raga_Lalit_(Chhota_Khayal_In_Teen_Taal)_Piyu_Piyu_Ratat_Papihara_e155b6c3-eb87-4522-9bf8-93bf74697fb4.pitch,Raga_Lalit_(Chhota_Khayal_In_Teen_Taal)_Piyu_Piyu_Ratat_Papihara_e155b6c3-eb87-4522-9bf8-93bf74697fb4.pitch,.pitch,8936807,pitch
a99e07d5-20a0-467b-8dcd-aa5a095177fd,/home/izpiz/coding/automatic-raga-recognition/dataset/RagaDataset/Hindustani/features/a99e07d5-20a0-467b-8dcd-aa5a095177fd/Omkarnath_Thakur/Heritage_-_Raga_Lalit/Raga_Lalit_(Chhota_Khayal_In_Teen_Taal)_Piyu_Piyu_Ratat_Papihara_e155b6c3-eb87-4522-9bf8-93bf74697fb4.pitchSilIntrpPP,Raga_Lalit_(Chhota_Khayal_In_Teen_Taal)_Piyu_Piyu_Ratat_Papihara_e155b6c3-eb87-4522-9bf8-93bf74697fb4.pitchSilIntrpPP,.pitchsilintrppp,18644250,pitch
a99e07d5-20a0-467b-8dcd-aa5a095177fd,/home/izpiz/coding/automatic-raga-recognition/dataset/RagaDataset/Hindustani/features/a99e07d5-20a0-467b-8dcd-aa5a095177fd/Kishori_Amonkar/Jaipur_Gharana/Raga_Lalit_-_Khayal_Vilambit_In_Teentaal_-_Sau_Sau_Baar_Balma_679827a7-41bf-4af7-bba6-50c036264941.pitch,Raga_Lalit_-_Khayal_Vilambit_In_Teentaal_-_Sau_Sau_Baar_Balma_679827a7-41bf-4af7-bba6-50c036264941.pitch,.pitch,10066693,pitch
a99e07d5-20a0-467b-8dcd-aa5a095177fd,/home/izpiz/coding/automatic-raga-recognition/dataset/RagaDataset/Hindustani/features/a99e07d5-20a0-467b-8dcd-aa5a095177fd/Kishori_Amonkar/Jaipur_Gharana/Raga_Lalit_-_Khayal_Drut_In_Teentaal_-_Piyu_Piyu_Ratata_Papihara_c2d1a926-dbe0-4f94-b739-c30796ba8346.pitchSilIntrpPP,Raga_Lalit_-_Khayal_Drut_In_Teentaal_-_Piyu_Piyu_Ratata_Papihara_c2d1a926-dbe0-4f94-b739-c30796ba8346.pitchSilIntrpPP,.pitchsilintrppp,7715850,pitch
a99e07d5-20a0-467b-8dcd-aa5a095177fd,/home/izpiz/coding/automatic-raga-recognition/dataset/RagaDataset/Hindustani/features/a99e07d5-20a0-467b-8dcd-aa5a095177fd/Kishori_Amonkar/Jaipur_Gharana/Raga_Lalit_-_Khayal_Drut_In_Teentaal_-_Piyu_Piyu_Ratata_Papihara_c2d1a926-dbe0-4f94-b739-c30796ba8346.pitch,Raga_Lalit_-_Khayal_Drut_In_Teentaal_-_Piyu_Piyu_Ratata_Papihara_c2d1a926-dbe0-4f94-b739-c30796ba8346.pitch,.pitch,3590268,pitch
a99e07d5-20a0-467b-8dcd-aa5a095177fd,/home/izpiz/coding/automatic-raga-recognition/dataset/RagaDataset/Hindustani/features/a99e07d5-20a0-467b-8dcd-aa5a095177fd/Kishori_Amonkar/Jaipur_Gharana/Raga_Lalit_-_Khayal_Vilambit_In_Teentaal_-_Sau_Sau_Baar_Balma_679827a7-41bf-4af7-bba6-50c036264941.pitchSilIntrpPP,Raga_Lalit_-_Khayal_Vilambit_In_Teentaal_-_Sau_Sau_Baar_Balma_679827a7-41bf-4af7-bba6-50c036264941.pitchSilIntrpPP,.pitchsilintrppp,21082250,pitch
a99e07d5-20a0-467b-8dcd-aa5a095177fd,/home/izpiz/coding/automatic-raga-recognition/dataset/RagaDataset/Hindustani/features/a99e07d5-20a0-467b-8dcd-aa5a095177fd/Rajan_Mishra/Sangeet_Sartaj/Raga_Lalit_d44c1914-b3ee-4948-af86-d07fde13c1b4.pitchSilIntrpPP,Raga_Lalit_d44c1914-b3ee-4948-af86-d07fde13c1b4.pitchSilIntrpPP,.pitchsilintrppp,21823150,pitch
a99e07d5-20a0-467b-8dcd-aa5a095177fd,/home/izpiz/coding/automatic-raga-recognition/dataset/RagaDataset/Hindustani/features/a99e07d5-20a0-467b-8dcd-aa5a095177fd/Rajan_Mishra/Sangeet_Sartaj/Raga_Lalit_d44c1914-b3ee-4948-af86-d07fde13c1b4.pitch,Raga_Lalit_d44c1914-b3ee-4948-af86-d07fde13c1b4.pitch,.pitch,10467767,pitch
a99e07d5-20a0-467b-8dcd-aa5a095177fd,/home/izpiz/coding/automatic-raga-recognition/dataset/RagaDataset/Hindustani/features/a99e07d5-20a0-467b-8dcd-aa5a095177fd/Ajoy_Chakrabarty/Subha_Chale_Sham_Dhale/Raga_Lalit_-_Khayal_9af146bf-4fdf-41bb-a665-eacc15741d32.pitchSilIntrpPP,Raga_Lalit_-_Khayal_9af146bf-4fdf-41bb-a665-eacc15741d32.pitchSilIntrpPP,.pitchsilintrppp,40691550,pitch
a99e07d5-20a0-467b-8dcd-aa5a095177fd,/home/izpiz/coding/automatic-raga-recognition/dataset/RagaDataset/Hindustani/features/a99e07d5-20a0-467b-8dcd-aa5a095177fd/Ajoy_Chakrabarty/Subha_Chale_Sham_Dhale/Raga_Lalit_-_Khayal_9af146bf-4fdf-41bb-a665-eacc15741d32.pitch,Raga_Lalit_-_Khayal_9af146bf-4fdf-41bb-a665-eacc15741d32.pitch,.pitch,19587463,pitch
a99e07d5-20a0-467b-8dcd-aa5a095177fd,/home/izpiz/coding/automatic-raga-recognition/dataset/RagaDataset/Hindustani/features/a99e07d5-20a0-467b-8dcd-aa5a095177fd/Sanjeev_Abhyankar/Soaring_Heights/Raga_Lalat_c0333b05-4593-4618-b00c-9c363c0e4b09.pitchSilIntrpPP,Raga_Lalat_c0333b05-4593-4618-b00c-9c363c0e4b09.pitchSilIntrpPP,.pitchsilintrppp,19620800,pitch
a99e07d5-20a0-467b-8dcd-aa5a095177fd,/home/izpiz/coding/automatic-raga-recognition/dataset/RagaDataset/Hindustani/features/a99e07d5-20a0-467b-8dcd-aa5a095177fd/Sanjeev_Abhyankar/Soaring_Heights/Raga_Lalat_c0333b05-4593-4618-b00c-9c363c0e4b09.pitch,Raga_Lalat_c0333b05-4593-4618-b00c-9c363c0e4b09.pitch,.pitch,9349776,pitch
a9ee554f-f146-43e9-b2d0-9bb31fd4b57d,/home/izpiz/coding/automatic-raga-recognition/dataset/RagaDataset/Hindustani/features/a9ee554f-f146-43e9-b2d0-9bb31fd4b57d/Abdul_Rashid_Khan/Rasan_Piya_-_Volume_3/Bajat_Kartal_Dasrath_Dwar_effa2f04-c0ab-4910-b822-55d8548363df.pitchSilIntrpPP,Bajat_Kartal_Dasrath_Dwar_effa2f04-c0ab-4910-b822-55d8548363df.pitchSilIntrpPP,.pitchsilintrppp,9323950,pitch
a9ee554f-f146-43e9-b2d0-9bb31fd4b57d,/home/izpiz/coding/automatic-raga-recognition/dataset/RagaDataset/Hindustani/features/a9ee554f-f146-43e9-b2d0-9bb31fd4b57d/Abdul_Rashid_Khan/Rasan_Piya_-_Volume_3/Upama_Raat_Ki_Badan_Dekh_89430adb-e414-4ea4-abde-1ec568641c93.pitch,Upama_Raat_Ki_Badan_Dekh_89430adb-e414-4ea4-abde-1ec568641c93.pitch,.pitch,7547158,pitch
a9ee554f-f146-43e9-b2d0-9bb31fd4b57d,/home/izpiz/coding/automatic-raga-recognition/dataset/RagaDataset/Hindustani/features/a9ee554f-f146-43e9-b2d0-9bb31fd4b57d/Abdul_Rashid_Khan/Rasan_Piya_-_Volume_3/Mano_Piya_Jagee_Saari_Raat_e0f9998f-0341-4621-8cf2-80c3d3b59855.pitch,Mano_Piya_Jagee_Saari_Raat_e0f9998f-0341-4621-8cf2-80c3d3b59855.pitch,.pitch,3352614,pitch
a9ee554f-f146-43e9-b2d0-9bb31fd4b57d,/home/izpiz/coding/automatic-raga-recognition/dataset/RagaDataset/Hindustani/features/a9ee554f-f146-43e9-b2d0-9bb31fd4b57d/Abdul_Rashid_Khan/Rasan_Piya_-_Volume_3/Balma_Tore_karana_4a9eb951-9a45-4292-a7c8-aeb103349e86.pitchSilIntrpPP,Balma_Tore_karana_4a9eb951-9a45-4292-a7c8-aeb103349e86.pitchSilIntrpPP,.pitchsilintrppp,8981250,pitch
a9ee554f-f146-43e9-b2d0-9bb31fd4b57d,/home/izpiz/coding/automatic-raga-recognition/dataset/RagaDataset/Hindustani/features/a9ee554f-f146-43e9-b2d0-9bb31fd4b57d/Abdul_Rashid_Khan/Rasan_Piya_-_Volume_3/Balma_Tore_karana_4a9eb951-9a45-4292-a7c8-aeb103349e86.pitch,Balma_Tore_karana_4a9eb951-9a45-4292-a7c8-aeb103349e86.pitch,.pitch,4176284,pitch
a9ee554f-f146-43e9-b2d0-9bb31fd4b57d,/home/izpiz/coding/automatic-raga-recognition/dataset/RagaDataset/Hindustani/features/a9ee554f-f146-43e9-b2d0-9bb31fd4b57d/Abdul_Rashid_Khan/Rasan_Piya_-_Volume_3/Mano_Piya_Jagee_Saari_Raat_e0f9998f-0341-4621-8cf2-80c3d3b59855.pitchSilIntrpPP,Mano_Piya_Jagee_Saari_Raat_e0f9998f-0341-4621-8cf2-80c3d3b59855.pitchSilIntrpPP,.pitchsilintrppp,7199800,pitch
a9ee554f-f146-43e9-b2d0-9bb31fd4b57d,/home/izpiz/coding/automatic-raga-recognition/dataset/RagaDataset/Hindustani/features/a9ee554f-f146-43e9-b2d0-9bb31fd4b57d/Abdul_Rashid_Khan/Rasan_Piya_-_Volume_3/Allah_Tere_Shaan_Maula_Tere_Shaan_256d06c1-34e2-43fc-aa14-c2f191f680f1.pitch,Allah_Tere_Shaan_Maula_Tere_Shaan_256d06c1-34e2-43fc-aa14-c2f191f680f1.pitch,.pitch,2032372,pitch
a9ee554f-f146-43e9-b2d0-9bb31fd4b57d,/home/izpiz/coding/automatic-raga-recognition/dataset/RagaDataset/Hindustani/features/a9ee554f-f146-43e9-b2d0-9bb31fd4b57d/Abdul_Rashid_Khan/Rasan_Piya_-_Volume_3/Upama_Raat_Ki_Badan_Dekh_89430adb-e414-4ea4-abde-1ec568641c93.pitchSilIntrpPP,Upama_Raat_Ki_Badan_Dekh_89430adb-e414-4ea4-abde-1ec568641c93.pitchSilIntrpPP,.pitchsilintrppp,15946150,pitch
a9ee554f-f146-43e9-b2d0-9bb31fd4b57d,/home/izpiz/coding/automatic-raga-recognition/dataset/RagaDataset/Hindustani/features/a9ee554f-f146-43e9-b2d0-9bb31fd4b57d/Abdul_Rashid_Khan/Rasan_Piya_-_Volume_3/Allah_Tere_Shaan_Maula_Tere_Shaan_256d06c1-34e2-43fc-aa14-c2f191f680f1.pitchSilIntrpPP,Allah_Tere_Shaan_Maula_Tere_Shaan_256d06c1-34e2-43fc-aa14-c2f191f680f1.pitchSilIntrpPP,.pitchsilintrppp,4388250,pitch
a9ee554f-f146-43e9-b2d0-9bb31fd4b57d,/home/izpiz/coding/automatic-raga-recognition/dataset/RagaDataset/Hindustani/features/a9ee554f-f146-43e9-b2d0-9bb31fd4b57d/Abdul_Rashid_Khan/Rasan_Piya_-_Volume_3/Bajat_Kartal_Dasrath_Dwar_effa2f04-c0ab-4910-b822-55d8548363df.pitch,Bajat_Kartal_Dasrath_Dwar_effa2f04-c0ab-4910-b822-55d8548363df.pitch,.pitch,4336493,pitch
a9ee554f-f146-43e9-b2d0-9bb31fd4b57d,/home/izpiz/coding/automatic-raga-recognition/dataset/RagaDataset/Hindustani/features/a9ee554f-f146-43e9-b2d0-9bb31fd4b57d/Jayateerth_Mevundi/Sunset_In_Dharwad/Kedar-_Chaartal_Ki_Sawari_Ban_Than_Kaha_Sawan_Ki_Bundaniya_cfaafb25-78e1-4d27-93d8-a5b160ee77fc.pitch,Kedar-_Chaartal_Ki_Sawari_Ban_Than_Kaha_Sawan_Ki_Bundaniya_cfaafb25-78e1-4d27-93d8-a5b160ee77fc.pitch,.pitch,9356478,pitch
a9ee554f-f146-43e9-b2d0-9bb31fd4b57d,/home/izpiz/coding/automatic-raga-recognition/dataset/RagaDataset/Hindustani/features/a9ee554f-f146-43e9-b2d0-9bb31fd4b57d/Jayateerth_Mevundi/Sunset_In_Dharwad/Kedar-_Chaartal_Ki_Sawari_Ban_Than_Kaha_Sawan_Ki_Bundaniya_cfaafb25-78e1-4d27-93d8-a5b160ee77fc.pitchSilIntrpPP,Kedar-_Chaartal_Ki_Sawari_Ban_Than_Kaha_Sawan_Ki_Bundaniya_cfaafb25-78e1-4d27-93d8-a5b160ee77fc.pitchSilIntrpPP,.pitchsilintrppp,19717200,pitch
a9ee554f-f146-43e9-b2d0-9bb31fd4b57d,/home/izpiz/coding/automatic-raga-recognition/dataset/RagaDataset/Hindustani/features/a9ee554f-f146-43e9-b2d0-9bb31fd4b57d/Rashid_Khan/Live_at_St__John_s_Smith_Square_London/Raga_Kedar_2c29d660-b4ed-4302-a447-866a1e1d86b3.pitch,Raga_Kedar_2c29d660-b4ed-4302-a447-866a1e1d86b3.pitch,.pitch,7243665,pitch
a9ee554f-f146-43e9-b2d0-9bb31fd4b57d,/home/izpiz/coding/automatic-raga-recognition/dataset/RagaDataset/Hindustani/features/a9ee554f-f146-43e9-b2d0-9bb31fd4b57d/Rashid_Khan/Live_at_St__John_s_Smith_Square_London/Raga_Kedar_2c29d660-b4ed-4302-a447-866a1e1d86b3.pitchSilIntrpPP,Raga_Kedar_2c29d660-b4ed-4302-a447-866a1e1d86b3.pitchSilIntrpPP,.pitchsilintrppp,15316200,pitch
a9ee554f-f146-43e9-b2d0-9bb31fd4b57d,/home/izpiz/coding/automatic-raga-recognition/dataset/RagaDataset/Hindustani/features/a9ee554f-f146-43e9-b2d0-9bb31fd4b57d/Bhimsen_Joshi/The_Multifaceted/Raga_Shudha_Kedar_4ec29190-b7c9-46f6-81d8-db4b0c2a5b40.pitchSilIntrpPP,Raga_Shudha_Kedar_4ec29190-b7c9-46f6-81d8-db4b0c2a5b40.pitchSilIntrpPP,.pitchsilintrppp,12482250,pitch
a9ee554f-f146-43e9-b2d0-9bb31fd4b57d,/home/izpiz/coding/automatic-raga-recognition/dataset/RagaDataset/Hindustani/features/a9ee554f-f146-43e9-b2d0-9bb31fd4b57d/Bhimsen_Joshi/The_Multifaceted/Raga_Shudha_Kedar_4ec29190-b7c9-46f6-81d8-db4b0c2a5b40.pitch,Raga_Shudha_Kedar_4ec29190-b7c9-46f6-81d8-db4b0c2a5b40.pitch,.pitch,5840839,pitch
a9ee554f-f146-43e9-b2d0-9bb31fd4b57d,/home/izpiz/coding/automatic-raga-recognition/dataset/RagaDataset/Hindustani/features/a9ee554f-f146-43e9-b2d0-9bb31fd4b57d/Ajoy_Chakrabarty/Raag_Kedar___Jog/Raag_Kedar_dc09e696-88d1-427f-bb1b-92d899ed9af1.pitch,Raag_Kedar_dc09e696-88d1-427f-bb1b-92d899ed9af1.pitch,.pitch,14682440,pitch
a9ee554f-f146-43e9-b2d0-9bb31fd4b57d,/home/izpiz/coding/automatic-raga-recognition/dataset/RagaDataset/Hindustani/features/a9ee554f-f146-43e9-b2d0-9bb31fd4b57d/Ajoy_Chakrabarty/Raag_Kedar___Jog/Raag_Kedar_dc09e696-88d1-427f-bb1b-92d899ed9af1.pitchSilIntrpPP,Raag_Kedar_dc09e696-88d1-427f-bb1b-92d899ed9af1.pitchSilIntrpPP,.pitchsilintrppp,30679350,pitch
a9ee554f-f146-43e9-b2d0-9bb31fd4b57d,/home/izpiz/coding/automatic-raga-recognition/dataset/RagaDataset/Hindustani/features/a9ee554f-f146-43e9-b2d0-9bb31fd4b57d/Jasraj/Legends__Sangeet_Martand_Pandit_Jasraj_(Vol__4)/Raga_Kedar_9a133da0-33a1-42c9-a0f1-d2619e4a8782.pitchSilIntrpPP,Raga_Kedar_9a133da0-33a1-42c9-a0f1-d2619e4a8782.pitchSilIntrpPP,.pitchsilintrppp,10227300,pitch
a9ee554f-f146-43e9-b2d0-9bb31fd4b57d,/home/izpiz/coding/automatic-raga-recognition/dataset/RagaDataset/Hindustani/features/a9ee554f-f146-43e9-b2d0-9bb31fd4b57d/Jasraj/Legends__Sangeet_Martand_Pandit_Jasraj_(Vol__4)/Raga_Kedar_9a133da0-33a1-42c9-a0f1-d2619e4a8782.pitch,Raga_Kedar_9a133da0-33a1-42c9-a0f1-d2619e4a8782.pitch,.pitch,4772902,pitch
b143adaa-f1a6-4de4-8985-a5bd35e96279,/home/izpiz/coding/automatic-raga-recognition/dataset/RagaDataset/Hindustani/features/b143adaa-f1a6-4de4-8985-a5bd35e96279/Rashid_Khan/Evergreen/Raga_Bairagi_Bhairav_c83a26a9-452f-49f4-bb4e-fad2d9bb9af1.pitchSilIntrpPP,Raga_Bairagi_Bhairav_c83a26a9-452f-49f4-bb4e-fad2d9bb9af1.pitchSilIntrpPP,.pitchsilintrppp,6921200,pitch
b143adaa-f1a6-4de4-8985-a5bd35e96279,/home/izpiz/coding/automatic-raga-recognition/dataset/RagaDataset/Hindustani/features/b143adaa-f1a6-4de4-8985-a5bd35e96279/Rashid_Khan/Evergreen/Raga_Bairagi_Bhairav_c83a26a9-452f-49f4-bb4e-fad2d9bb9af1.pitch,Raga_Bairagi_Bhairav_c83a26a9-452f-49f4-bb4e-fad2d9bb9af1.pitch,.pitch,3230726,pitch
b143adaa-f1a6-4de4-8985-a5bd35e96279,/home/izpiz/coding/automatic-raga-recognition/dataset/RagaDataset/Hindustani/features/b143adaa-f1a6-4de4-8985-a5bd35e96279/Brajeshwar_Mukherjee/New_Signature/Raag_Bairagi_ea36cb14-7c11-41d0-acb8-70ec66e61063.pitchSilIntrpPP,Raag_Bairagi_ea36cb14-7c11-41d0-acb8-70ec66e61063.pitchSilIntrpPP,.pitchsilintrppp,28275500,pitch
b143adaa-f1a6-4de4-8985-a5bd35e96279,/home/izpiz/coding/automatic-raga-recognition/dataset/RagaDataset/Hindustani/features/b143adaa-f1a6-4de4-8985-a5bd35e96279/Brajeshwar_Mukherjee/New_Signature/Raag_Bairagi_ea36cb14-7c11-41d0-acb8-70ec66e61063.pitch,Raag_Bairagi_ea36cb14-7c11-41d0-acb8-70ec66e61063.pitch,.pitch,13531966,pitch
b143adaa-f1a6-4de4-8985-a5bd35e96279,/home/izpiz/coding/automatic-raga-recognition/dataset/RagaDataset/Hindustani/features/b143adaa-f1a6-4de4-8985-a5bd35e96279/Ajoy_Chakrabarty/Ragamala/Sur_Sur_Se_Sadh_Le_Rasika_Sabada_Salone_Laya_Tala_Surana_2e399218-6978-47ef-ad3f-c7eca6dad81b.pitchSilIntrpPP,Sur_Sur_Se_Sadh_Le_Rasika_Sabada_Salone_Laya_Tala_Surana_2e399218-6978-47ef-ad3f-c7eca6dad81b.pitchSilIntrpPP,.pitchsilintrppp,11437200,pitch
b143adaa-f1a6-4de4-8985-a5bd35e96279,/home/izpiz/coding/automatic-raga-recognition/dataset/RagaDataset/Hindustani/features/b143adaa-f1a6-4de4-8985-a5bd35e96279/Ajoy_Chakrabarty/Ragamala/Sur_Sur_Se_Sadh_Le_Rasika_Sabada_Salone_Laya_Tala_Surana_2e399218-6978-47ef-ad3f-c7eca6dad81b.pitch,Sur_Sur_Se_Sadh_Le_Rasika_Sabada_Salone_Laya_Tala_Surana_2e399218-6978-47ef-ad3f-c7eca6dad81b.pitch,.pitch,5320474,pitch
b143adaa-f1a6-4de4-8985-a5bd35e96279,/home/izpiz/coding/automatic-raga-recognition/dataset/RagaDataset/Hindustani/features/b143adaa-f1a6-4de4-8985-a5bd35e96279/Ajoy_Chakrabarty/Ragamala/Mere_Maname_Baso_Ram_Abhiram_Puran_Ho_Sab_Kaam_950c9b6a-53e6-43e2-9339-82ba49ade152.pitch,Mere_Maname_Baso_Ram_Abhiram_Puran_Ho_Sab_Kaam_950c9b6a-53e6-43e2-9339-82ba49ade152.pitch,.pitch,9239521,pitch
b143adaa-f1a6-4de4-8985-a5bd35e96279,/home/izpiz/coding/automatic-raga-recognition/dataset/RagaDataset/Hindustani/features/b143adaa-f1a6-4de4-8985-a5bd35e96279/Ajoy_Chakrabarty/Ragamala/Mere_Maname_Baso_Ram_Abhiram_Puran_Ho_Sab_Kaam_950c9b6a-53e6-43e2-9339-82ba49ade152.pitchSilIntrpPP,Mere_Maname_Baso_Ram_Abhiram_Puran_Ho_Sab_Kaam_950c9b6a-53e6-43e2-9339-82ba49ade152.pitchSilIntrpPP,.pitchsilintrppp,19516200,pitch
b143adaa-f1a6-4de4-8985-a5bd35e96279,/home/izpiz/coding/automatic-raga-recognition/dataset/RagaDataset/Hindustani/features/b143adaa-f1a6-4de4-8985-a5bd35e96279/Ajoy_Chakrabarty/Geetinandan___Part-3/Bairagi_b71c2774-2532-4692-8761-5452e2a83118.pitch,Bairagi_b71c2774-2532-4692-8761-5452e2a83118.pitch,.pitch,4734657,pitch
b143adaa-f1a6-4de4-8985-a5bd35e96279,/home/izpiz/coding/automatic-raga-recognition/dataset/RagaDataset/Hindustani/features/b143adaa-f1a6-4de4-8985-a5bd35e96279/Ajoy_Chakrabarty/Geetinandan___Part-3/Bairagi_b71c2774-2532-4692-8761-5452e2a83118.pitchSilIntrpPP,Bairagi_b71c2774-2532-4692-8761-5452e2a83118.pitchSilIntrpPP,.pitchsilintrppp,10110050,pitch
b143adaa-f1a6-4de4-8985-a5bd35e96279,/home/izpiz/coding/automatic-raga-recognition/dataset/RagaDataset/Hindustani/features/b143adaa-f1a6-4de4-8985-a5bd35e96279/Kumar_Mardur/Classical_Essence/Raga_Bairagi_ef986f34-db14-4d1e-8dea-a623286b35fc.pitchSilIntrpPP,Raga_Bairagi_ef986f34-db14-4d1e-8dea-a623286b35fc.pitchSilIntrpPP,.pitchsilintrppp,1842400,pitch
b143adaa-f1a6-4de4-8985-a5bd35e96279,/home/izpiz/coding/automatic-raga-recognition/dataset/RagaDataset/Hindustani/features/b143adaa-f1a6-4de4-8985-a5bd35e96279/Kumar_Mardur/Classical_Essence/Raga_Bairagi_ef986f34-db14-4d1e-8dea-a623286b35fc.pitch,Raga_Bairagi_ef986f34-db14-4d1e-8dea-a623286b35fc.pitch,.pitch,840790,pitch
b143adaa-f1a6-4de4-8985-a5bd35e96279,/home/izpiz/coding/automatic-raga-recognition/dataset/RagaDataset/Hindustani/features/b143adaa-f1a6-4de4-8985-a5bd35e96279/Aslam_Hussain_Khan/The_Ultimate/Karat_Hun_Tero_Hi_Dhyan_9f4a4fc5-d5c0-4757-b875-9dbb2a83302f.pitch,Karat_Hun_Tero_Hi_Dhyan_9f4a4fc5-d5c0-4757-b875-9dbb2a83302f.pitch,.pitch,1673615,pitch
b143adaa-f1a6-4de4-8985-a5bd35e96279,/home/izpiz/coding/automatic-raga-recognition/dataset/RagaDataset/Hindustani/features/b143adaa-f1a6-4de4-8985-a5bd35e96279/Aslam_Hussain_Khan/The_Ultimate/Bina_Prabhu_Kaun_4b587d3f-4014-4d68-a958-17d51fe2c1c1.pitchSilIntrpPP,Bina_Prabhu_Kaun_4b587d3f-4014-4d68-a958-17d51fe2c1c1.pitchSilIntrpPP,.pitchsilintrppp,14969400,pitch
b143adaa-f1a6-4de4-8985-a5bd35e96279,/home/izpiz/coding/automatic-raga-recognition/dataset/RagaDataset/Hindustani/features/b143adaa-f1a6-4de4-8985-a5bd35e96279/Aslam_Hussain_Khan/The_Ultimate/Bina_Prabhu_Kaun_4b587d3f-4014-4d68-a958-17d51fe2c1c1.pitch,Bina_Prabhu_Kaun_4b587d3f-4014-4d68-a958-17d51fe2c1c1.pitch,.pitch,7049623,pitch
b143adaa-f1a6-4de4-8985-a5bd35e96279,/home/izpiz/coding/automatic-raga-recognition/dataset/RagaDataset/Hindustani/features/b143adaa-f1a6-4de4-8985-a5bd35e96279/Aslam_Hussain_Khan/The_Ultimate/Karat_Hun_Tero_Hi_Dhyan_9f4a4fc5-d5c0-4757-b875-9dbb2a83302f.pitchSilIntrpPP,Karat_Hun_Tero_Hi_Dhyan_9f4a4fc5-d5c0-4757-b875-9dbb2a83302f.pitchSilIntrpPP,.pitchsilintrppp,3621050,pitch
b143adaa-f1a6-4de4-8985-a5bd35e96279,/home/izpiz/coding/automatic-raga-recognition/dataset/RagaDataset/Hindustani/features/b143adaa-f1a6-4de4-8985-a5bd35e96279/Amir_Khan/The_Great_Heritage__Ustad_Amir_Khan/Raga_Bairagi_Man_Sumarat_Nis_Din_Tumharo_Naam_205d79c6-ad14-4193-be7c-3f32457eda60.pitchSilIntrpPP,Raga_Bairagi_Man_Sumarat_Nis_Din_Tumharo_Naam_205d79c6-ad14-4193-be7c-3f32457eda60.pitchSilIntrpPP,.pitchsilintrppp,7263250,pitch
b143adaa-f1a6-4de4-8985-a5bd35e96279,/home/izpiz/coding/automatic-raga-recognition/dataset/RagaDataset/Hindustani/features/b143adaa-f1a6-4de4-8985-a5bd35e96279/Amir_Khan/The_Great_Heritage__Ustad_Amir_Khan/Raga_Bairagi_Man_Sumarat_Nis_Din_Tumharo_Naam_205d79c6-ad14-4193-be7c-3f32457eda60.pitch,Raga_Bairagi_Man_Sumarat_Nis_Din_Tumharo_Naam_205d79c6-ad14-4193-be7c-3f32457eda60.pitch,.pitch,3367798,pitch
b143adaa-f1a6-4de4-8985-a5bd35e96279,/home/izpiz/coding/automatic-raga-recognition/dataset/RagaDataset/Hindustani/features/b143adaa-f1a6-4de4-8985-a5bd35e96279/Veena_Sahasrabuddhe/Immaculate_Ragas_Vol_2/Raga_Bairagi_d56b4f36-3101-4962-867b-40ee9906dd5a.pitch,Raga_Bairagi_d56b4f36-3101-4962-867b-40ee9906dd5a.pitch,.pitch,10113209,pitch
b143adaa-f1a6-4de4-8985-a5bd35e96279,/home/izpiz/coding/automatic-raga-recognition/dataset/RagaDataset/Hindustani/features/b143adaa-f1a6-4de4-8985-a5bd35e96279/Veena_Sahasrabuddhe/Immaculate_Ragas_Vol_2/Raga_Bairagi_d56b4f36-3101-4962-867b-40ee9906dd5a.pitchSilIntrpPP,Raga_Bairagi_d56b4f36-3101-4962-867b-40ee9906dd5a.pitchSilIntrpPP,.pitchsilintrppp,21115750,pitch
ba3242d0-8d40-4d93-865e-d2e2497ea2a8,"/home/izpiz/coding/automatic-raga-recognition/dataset/RagaDataset/Hindustani/features/ba3242d0-8d40-4d93-865e-d2e2497ea2a8/Omkar_Dadarkar/Raag_Bahar,_Gaud_Malhar___Yaman/Raag_Gaud_Malhar_73b74f57-4ba1-4f22-a969-1d9b2e26b5ea.pitchSilIntrpPP",Raag_Gaud_Malhar_73b74f57-4ba1-4f22-a969-1d9b2e26b5ea.pitchSilIntrpPP,.pitchsilintrppp,17494900,pitch
ba3242d0-8d40-4d93-865e-d2e2497ea2a8,"/home/izpiz/coding/automatic-raga-recognition/dataset/RagaDataset/Hindustani/features/ba3242d0-8d40-4d93-865e-d2e2497ea2a8/Omkar_Dadarkar/Raag_Bahar,_Gaud_Malhar___Yaman/Raag_Gaud_Malhar_73b74f57-4ba1-4f22-a969-1d9b2e26b5ea.pitch",Raag_Gaud_Malhar_73b74f57-4ba1-4f22-a969-1d9b2e26b5ea.pitch,.pitch,8316362,pitch
ba3242d0-8d40-4d93-865e-d2e2497ea2a8,/home/izpiz/coding/automatic-raga-recognition/dataset/RagaDataset/Hindustani/features/ba3242d0-8d40-4d93-865e-d2e2497ea2a8/Kishori_Amonkar/Malhar_Malika/Raga_Gaud_Malhar_5e9d1ce8-9dcf-4c3c-a58a-7bc8734791d0.pitch,Raga_Gaud_Malhar_5e9d1ce8-9dcf-4c3c-a58a-7bc8734791d0.pitch,.pitch,14613089,pitch
ba3242d0-8d40-4d93-865e-d2e2497ea2a8,/home/izpiz/coding/automatic-raga-recognition/dataset/RagaDataset/Hindustani/features/ba3242d0-8d40-4d93-865e-d2e2497ea2a8/Kishori_Amonkar/Malhar_Malika/Raga_Gaud_Malhar_5e9d1ce8-9dcf-4c3c-a58a-7bc8734791d0.pitchSilIntrpPP,Raga_Gaud_Malhar_5e9d1ce8-9dcf-4c3c-a58a-7bc8734791d0.pitchSilIntrpPP,.pitchsilintrppp,30446950,pitch
ba3242d0-8d40-4d93-865e-d2e2497ea2a8,/home/izpiz/coding/automatic-raga-recognition/dataset/RagaDataset/Hindustani/features/ba3242d0-8d40-4d93-865e-d2e2497ea2a8/Kishori_Amonkar/The_Malhars__Gaud_Malhar/Raga_Gaud_Malhar_Vilambit_Teental_0efd0dde-018c-4c30-972b-9dc14c6f09b5.pitchSilIntrpPP,Raga_Gaud_Malhar_Vilambit_Teental_0efd0dde-018c-4c30-972b-9dc14c6f09b5.pitchSilIntrpPP,.pitchsilintrppp,9007800,pitch
ba3242d0-8d40-4d93-865e-d2e2497ea2a8,/home/izpiz/coding/automatic-raga-recognition/dataset/RagaDataset/Hindustani/features/ba3242d0-8d40-4d93-865e-d2e2497ea2a8/Kishori_Amonkar/The_Malhars__Gaud_Malhar/Raga_Gaud_Malhar_Vilambit_Teental_50a45482-2a3e-44a8-beea-1320f529fa00.pitchSilIntrpPP,Raga_Gaud_Malhar_Vilambit_Teental_50a45482-2a3e-44a8-beea-1320f529fa00.pitchSilIntrpPP,.pitchsilintrppp,15368100,pitch
ba3242d0-8d40-4d93-865e-d2e2497ea2a8,/home/izpiz/coding/automatic-raga-recognition/dataset/RagaDataset/Hindustani/features/ba3242d0-8d40-4d93-865e-d2e2497ea2a8/Kishori_Amonkar/The_Malhars__Gaud_Malhar/Raga_Gaud_Malhar_Drut_Teental_28dd1d68-ee23-47f4-8776-33cc18adc44a.pitch,Raga_Gaud_Malhar_Drut_Teental_28dd1d68-ee23-47f4-8776-33cc18adc44a.pitch,.pitch,2788323,pitch
ba3242d0-8d40-4d93-865e-d2e2497ea2a8,/home/izpiz/coding/automatic-raga-recognition/dataset/RagaDataset/Hindustani/features/ba3242d0-8d40-4d93-865e-d2e2497ea2a8/Kishori_Amonkar/The_Malhars__Gaud_Malhar/Raga_Gaud_Malhar_Vilambit_Teental_0efd0dde-018c-4c30-972b-9dc14c6f09b5.pitch,Raga_Gaud_Malhar_Vilambit_Teental_0efd0dde-018c-4c30-972b-9dc14c6f09b5.pitch,.pitch,4182882,pitch
ba3242d0-8d40-4d93-865e-d2e2497ea2a8,/home/izpiz/coding/automatic-raga-recognition/dataset/RagaDataset/Hindustani/features/ba3242d0-8d40-4d93-865e-d2e2497ea2a8/Kishori_Amonkar/The_Malhars__Gaud_Malhar/Raga_Gaud_Malhar_Drut_Teental_28dd1d68-ee23-47f4-8776-33cc18adc44a.pitchSilIntrpPP,Raga_Gaud_Malhar_Drut_Teental_28dd1d68-ee23-47f4-8776-33cc18adc44a.pitchSilIntrpPP,.pitchsilintrppp,6014950,pitch
ba3242d0-8d40-4d93-865e-d2e2497ea2a8,/home/izpiz/coding/automatic-raga-recognition/dataset/RagaDataset/Hindustani/features/ba3242d0-8d40-4d93-865e-d2e2497ea2a8/Kishori_Amonkar/The_Malhars__Gaud_Malhar/Raga_Gaud_Malhar_Vilambit_Teental_50a45482-2a3e-44a8-beea-1320f529fa00.pitch,Raga_Gaud_Malhar_Vilambit_Teental_50a45482-2a3e-44a8-beea-1320f529fa00.pitch,.pitch,7260844,pitch
ba3242d0-8d40-4d93-865e-d2e2497ea2a8,/home/izpiz/coding/automatic-raga-recognition/dataset/RagaDataset/Hindustani/features/ba3242d0-8d40-4d93-865e-d2e2497ea2a8/Rajan_Mishra/Classical_Wonders_of_India/Raga_Gaud_Malhar_acf065cc-7a66-4f9d-9eb9-3a86b35fa447.pitch,Raga_Gaud_Malhar_acf065cc-7a66-4f9d-9eb9-3a86b35fa447.pitch,.pitch,19729815,pitch
ba3242d0-8d40-4d93-865e-d2e2497ea2a8,/home/izpiz/coding/automatic-raga-recognition/dataset/RagaDataset/Hindustani/features/ba3242d0-8d40-4d93-865e-d2e2497ea2a8/Rajan_Mishra/Classical_Wonders_of_India/Raga_Gaud_Malhar_acf065cc-7a66-4f9d-9eb9-3a86b35fa447.pitchSilIntrpPP,Raga_Gaud_Malhar_acf065cc-7a66-4f9d-9eb9-3a86b35fa447.pitchSilIntrpPP,.pitchsilintrppp,40783800,pitch
ba3242d0-8d40-4d93-865e-d2e2497ea2a8,/home/izpiz/coding/automatic-raga-recognition/dataset/RagaDataset/Hindustani/features/ba3242d0-8d40-4d93-865e-d2e2497ea2a8/Gauri_Pathare/Malhar/Raga_Gaud_Malhar_56c945ef-f5ed-4b03-ace1-80ed9b7acf25.pitch,Raga_Gaud_Malhar_56c945ef-f5ed-4b03-ace1-80ed9b7acf25.pitch,.pitch,8795619,pitch
ba3242d0-8d40-4d93-865e-d2e2497ea2a8,/home/izpiz/coding/automatic-raga-recognition/dataset/RagaDataset/Hindustani/features/ba3242d0-8d40-4d93-865e-d2e2497ea2a8/Gauri_Pathare/Malhar/Raga_Gaud_Malhar_56c945ef-f5ed-4b03-ace1-80ed9b7acf25.pitchSilIntrpPP,Raga_Gaud_Malhar_56c945ef-f5ed-4b03-ace1-80ed9b7acf25.pitchSilIntrpPP,.pitchsilintrppp,18454400,pitch
ba3242d0-8d40-4d93-865e-d2e2497ea2a8,/home/izpiz/coding/automatic-raga-recognition/dataset/RagaDataset/Hindustani/features/ba3242d0-8d40-4d93-865e-d2e2497ea2a8/Mallikarjun_Mansur/First_Time_on_CD/Raga__Gaud_Malhar_2f76f164-f02c-4b22-8bc0-4fe5500039b1.pitchSilIntrpPP,Raga__Gaud_Malhar_2f76f164-f02c-4b22-8bc0-4fe5500039b1.pitchSilIntrpPP,.pitchsilintrppp,12205200,pitch
ba3242d0-8d40-4d93-865e-d2e2497ea2a8,/home/izpiz/coding/automatic-raga-recognition/dataset/RagaDataset/Hindustani/features/ba3242d0-8d40-4d93-865e-d2e2497ea2a8/Mallikarjun_Mansur/First_Time_on_CD/Raga__Gaud_Malhar_2f76f164-f02c-4b22-8bc0-4fe5500039b1.pitch,Raga__Gaud_Malhar_2f76f164-f02c-4b22-8bc0-4fe5500039b1.pitch,.pitch,5752925,pitch
ba3242d0-8d40-4d93-865e-d2e2497ea2a8,/home/izpiz/coding/automatic-raga-recognition/dataset/RagaDataset/Hindustani/features/ba3242d0-8d40-4d93-865e-d2e2497ea2a8/Satyasheel_Deshpande/Kahen/Kisko_Aisi_Baat_Kahein_73f6dda2-50bf-416f-8b77-2de40d24b455.pitchSilIntrpPP,Kisko_Aisi_Baat_Kahein_73f6dda2-50bf-416f-8b77-2de40d24b455.pitchSilIntrpPP,.pitchsilintrppp,5753000,pitch
ba3242d0-8d40-4d93-865e-d2e2497ea2a8,/home/izpiz/coding/automatic-raga-recognition/dataset/RagaDataset/Hindustani/features/ba3242d0-8d40-4d93-865e-d2e2497ea2a8/Satyasheel_Deshpande/Kahen/Kisko_Aisi_Baat_Kahein_73f6dda2-50bf-416f-8b77-2de40d24b455.pitch,Kisko_Aisi_Baat_Kahein_73f6dda2-50bf-416f-8b77-2de40d24b455.pitch,.pitch,2689427,pitch
ba3242d0-8d40-4d93-865e-d2e2497ea2a8,/home/izpiz/coding/automatic-raga-recognition/dataset/RagaDataset/Hindustani/features/ba3242d0-8d40-4d93-865e-d2e2497ea2a8/Malini_Rajurkar/First_Time_On_CD/Kaahe_Ho_Hamso_Pritam_and_Garajat_Barasat_Bheejat_Aailo_27994cb8-23ae-4c32-959e-625b51727412.pitch,Kaahe_Ho_Hamso_Pritam_and_Garajat_Barasat_Bheejat_Aailo_27994cb8-23ae-4c32-959e-625b51727412.pitch,.pitch,9382878,pitch
ba3242d0-8d40-4d93-865e-d2e2497ea2a8,/home/izpiz/coding/automatic-raga-recognition/dataset/RagaDataset/Hindustani/features/ba3242d0-8d40-4d93-865e-d2e2497ea2a8/Malini_Rajurkar/First_Time_On_CD/Kaahe_Ho_Hamso_Pritam_and_Garajat_Barasat_Bheejat_Aailo_27994cb8-23ae-4c32-959e-625b51727412.pitchSilIntrpPP,Kaahe_Ho_Hamso_Pritam_and_Garajat_Barasat_Bheejat_Aailo_27994cb8-23ae-4c32-959e-625b51727412.pitchSilIntrpPP,.pitchsilintrppp,19736600,pitch
d9c603fa-875f-4b84-b851-c6a345427898,/home/izpiz/coding/automatic-raga-recognition/dataset/RagaDataset/Hindustani/features/d9c603fa-875f-4b84-b851-c6a345427898/Rashid_Khan/Live_at_St__John_s_Smith_Square_London/Bonus_Track_b63f8746-775e-447b-8bd5-1f32c4ef0b44.pitchSilIntrpPP,Bonus_Track_b63f8746-775e-447b-8bd5-1f32c4ef0b44.pitchSilIntrpPP,.pitchsilintrppp,11786900,pitch
d9c603fa-875f-4b84-b851-c6a345427898,/home/izpiz/coding/automatic-raga-recognition/dataset/RagaDataset/Hindustani/features/d9c603fa-875f-4b84-b851-c6a345427898/Rashid_Khan/Live_at_St__John_s_Smith_Square_London/Bonus_Track_b63f8746-775e-447b-8bd5-1f32c4ef0b44.pitch,Bonus_Track_b63f8746-775e-447b-8bd5-1f32c4ef0b44.pitch,.pitch,5531069,pitch
d9c603fa-875f-4b84-b851-c6a345427898,/home/izpiz/coding/automatic-raga-recognition/dataset/RagaDataset/Hindustani/features/d9c603fa-875f-4b84-b851-c6a345427898/Bhimsen_Joshi/The_Multifaceted/Raga_Abhogi_d29c44a0-d688-47f1-8d83-8c07f0b76b22.pitch,Raga_Abhogi_d29c44a0-d688-47f1-8d83-8c07f0b76b22.pitch,.pitch,2028764,pitch
d9c603fa-875f-4b84-b851-c6a345427898,/home/izpiz/coding/automatic-raga-recognition/dataset/RagaDataset/Hindustani/features/d9c603fa-875f-4b84-b851-c6a345427898/Bhimsen_Joshi/The_Multifaceted/Raga_Abhogi_d29c44a0-d688-47f1-8d83-8c07f0b76b22.pitchSilIntrpPP,Raga_Abhogi_d29c44a0-d688-47f1-8d83-8c07f0b76b22.pitchSilIntrpPP,.pitchsilintrppp,4395900,pitch
d9c603fa-875f-4b84-b851-c6a345427898,/home/izpiz/coding/automatic-raga-recognition/dataset/RagaDataset/Hindustani/features/d9c603fa-875f-4b84-b851-c6a345427898/Bhimsen_Joshi/The_Essential_Collection/Rag_Abhogi_Jhaptal_7060e016-7772-45c9-bfc6-8d3911ae0a06.pitch,Rag_Abhogi_Jhaptal_7060e016-7772-45c9-bfc6-8d3911ae0a06.pitch,.pitch,6168651,pitch
d9c603fa-875f-4b84-b851-c6a345427898,/home/izpiz/coding/automatic-raga-recognition/dataset/RagaDataset/Hindustani/features/d9c603fa-875f-4b84-b851-c6a345427898/Bhimsen_Joshi/The_Essential_Collection/Rag_Abhogi_Drut_Ektal_15fae9e1-01a0-4b4b-bcc9-4c84321a66a0.pitch,Rag_Abhogi_Drut_Ektal_15fae9e1-01a0-4b4b-bcc9-4c84321a66a0.pitch,.pitch,1684822,pitch
d9c603fa-875f-4b84-b851-c6a345427898,/home/izpiz/coding/automatic-raga-recognition/dataset/RagaDataset/Hindustani/features/d9c603fa-875f-4b84-b851-c6a345427898/Bhimsen_Joshi/The_Essential_Collection/Rag_Abhogi_Drut_Ektal_15fae9e1-01a0-4b4b-bcc9-4c84321a66a0.pitchSilIntrpPP,Rag_Abhogi_Drut_Ektal_15fae9e1-01a0-4b4b-bcc9-4c84321a66a0.pitchSilIntrpPP,.pitchsilintrppp,3623600,pitch
d9c603fa-875f-4b84-b851-c6a345427898,/home/izpiz/coding/automatic-raga-recognition/dataset/RagaDataset/Hindustani/features/d9c603fa-875f-4b84-b851-c6a345427898/Bhimsen_Joshi/The_Essential_Collection/Rag_Abhogi_Jhaptal_7060e016-7772-45c9-bfc6-8d3911ae0a06.pitchSilIntrpPP,Rag_Abhogi_Jhaptal_7060e016-7772-45c9-bfc6-8d3911ae0a06.pitchSilIntrpPP,.pitchsilintrppp,13144650,pitch
d9c603fa-875f-4b84-b851-c6a345427898,/home/izpiz/coding/automatic-raga-recognition/dataset/RagaDataset/Hindustani/features/d9c603fa-875f-4b84-b851-c6a345427898/Tripti_Mukherjee/Jasrangi/Raga_Abhogi_cc7999c1-feb7-4fa7-8b45-7e6fc39c0ec6.pitch,Raga_Abhogi_cc7999c1-feb7-4fa7-8b45-7e6fc39c0ec6.pitch,.pitch,5722666,pitch
d9c603fa-875f-4b84-b851-c6a345427898,/home/izpiz/coding/automatic-raga-recognition/dataset/RagaDataset/Hindustani/features/d9c603fa-875f-4b84-b851-c6a345427898/Tripti_Mukherjee/Jasrangi/Raga_Abhogi_cc7999c1-feb7-4fa7-8b45-7e6fc39c0ec6.pitchSilIntrpPP,Raga_Abhogi_cc7999c1-feb7-4fa7-8b45-7e6fc39c0ec6.pitchSilIntrpPP,.pitchsilintrppp,12177000,pitch
d9c603fa-875f-4b84-b851-c6a345427898,/home/izpiz/coding/automatic-raga-recognition/dataset/RagaDataset/Hindustani/features/d9c603fa-875f-4b84-b851-c6a345427898/Girija_Devi/The_Genius_of_Girija_Devi/Raga_Abhogi_Kanada_409903ce-cfe7-41fd-b42b-3b7790c0e917.pitch,Raga_Abhogi_Kanada_409903ce-cfe7-41fd-b42b-3b7790c0e917.pitch,.pitch,5030373,pitch
d9c603fa-875f-4b84-b851-c6a345427898,/home/izpiz/coding/automatic-raga-recognition/dataset/RagaDataset/Hindustani/features/d9c603fa-875f-4b84-b851-c6a345427898/Girija_Devi/The_Genius_of_Girija_Devi/Raga_Abhogi_Kanada_409903ce-cfe7-41fd-b42b-3b7790c0e917.pitchSilIntrpPP,Raga_Abhogi_Kanada_409903ce-cfe7-41fd-b42b-3b7790c0e917.pitchSilIntrpPP,.pitchsilintrppp,10757450,pitch
d9c603fa-875f-4b84-b851-c6a345427898,"/home/izpiz/coding/automatic-raga-recognition/dataset/RagaDataset/Hindustani/features/d9c603fa-875f-4b84-b851-c6a345427898/Ajoy_Chakrabarty/Raag_Abhogi,_Rageshree___Khamaj/Raag_Abhogi_a01ac873-dff4-420f-9fd8-490dd87c58e9.pitchSilIntrpPP",Raag_Abhogi_a01ac873-dff4-420f-9fd8-490dd87c58e9.pitchSilIntrpPP,.pitchsilintrppp,28902650,pitch
d9c603fa-875f-4b84-b851-c6a345427898,"/home/izpiz/coding/automatic-raga-recognition/dataset/RagaDataset/Hindustani/features/d9c603fa-875f-4b84-b851-c6a345427898/Ajoy_Chakrabarty/Raag_Abhogi,_Rageshree___Khamaj/Raag_Abhogi_a01ac873-dff4-420f-9fd8-490dd87c58e9.pitch",Raag_Abhogi_a01ac873-dff4-420f-9fd8-490dd87c58e9.pitch,.pitch,13797304,pitch
d9c603fa-875f-4b84-b851-c6a345427898,/home/izpiz/coding/automatic-raga-recognition/dataset/RagaDataset/Hindustani/features/d9c603fa-875f-4b84-b851-c6a345427898/Salamat_Ali_Khan/Timeless_Music_From_Pakistan_Vol__2/Raga_Abhogi_Kanrha_8d2eb825-77d6-4f61-ae4c-1a8639dd912b.pitchSilIntrpPP,Raga_Abhogi_Kanrha_8d2eb825-77d6-4f61-ae4c-1a8639dd912b.pitchSilIntrpPP,.pitchsilintrppp,7866600,pitch
d9c603fa-875f-4b84-b851-c6a345427898,/home/izpiz/coding/automatic-raga-recognition/dataset/RagaDataset/Hindustani/features/d9c603fa-875f-4b84-b851-c6a345427898/Salamat_Ali_Khan/Timeless_Music_From_Pakistan_Vol__2/Raga_Abhogi_Kanrha_8d2eb825-77d6-4f61-ae4c-1a8639dd912b.pitch,Raga_Abhogi_Kanrha_8d2eb825-77d6-4f61-ae4c-1a8639dd912b.pitch,.pitch,3639687,pitch
d9c603fa-875f-4b84-b851-c6a345427898,/home/izpiz/coding/automatic-raga-recognition/dataset/RagaDataset/Hindustani/features/d9c603fa-875f-4b84-b851-c6a345427898/Anol_Chatterjee/Raag_Abhogi___Megh/Raag_Abhogi_e40375a2-01d2-4137-823a-3e62503baf98.pitchSilIntrpPP,Raag_Abhogi_e40375a2-01d2-4137-823a-3e62503baf98.pitchSilIntrpPP,.pitchsilintrppp,21180400,pitch
d9c603fa-875f-4b84-b851-c6a345427898,/home/izpiz/coding/automatic-raga-recognition/dataset/RagaDataset/Hindustani/features/d9c603fa-875f-4b84-b851-c6a345427898/Anol_Chatterjee/Raag_Abhogi___Megh/Raag_Abhogi_e40375a2-01d2-4137-823a-3e62503baf98.pitch,Raag_Abhogi_e40375a2-01d2-4137-823a-3e62503baf98.pitch,.pitch,10136338,pitch
d9c603fa-875f-4b84-b851-c6a345427898,/home/izpiz/coding/automatic-raga-recognition/dataset/RagaDataset/Hindustani/features/d9c603fa-875f-4b84-b851-c6a345427898/Jagdish_Prasad/Laaj_Rakho_Mori/Raga_Abhogee_Dulahan_Raj_Dulare_-_Vilambit_Ek_Taal_41e85340-5071-4cdf-a988-6e0aabed3dd6.pitch,Raga_Abhogee_Dulahan_Raj_Dulare_-_Vilambit_Ek_Taal_41e85340-5071-4cdf-a988-6e0aabed3dd6.pitch,.pitch,9359699,pitch
d9c603fa-875f-4b84-b851-c6a345427898,/home/izpiz/coding/automatic-raga-recognition/dataset/RagaDataset/Hindustani/features/d9c603fa-875f-4b84-b851-c6a345427898/Jagdish_Prasad/Laaj_Rakho_Mori/Raga_Abhogee_Dulahan_Raj_Dulare_-_Vilambit_Ek_Taal_41e85340-5071-4cdf-a988-6e0aabed3dd6.pitchSilIntrpPP,Raga_Abhogee_Dulahan_Raj_Dulare_-_Vilambit_Ek_Taal_41e85340-5071-4cdf-a988-6e0aabed3dd6.pitchSilIntrpPP,.pitchsilintrppp,19798300,pitch
dd59147d-8775-44ff-a36b-0d9f15b31319,/home/izpiz/coding/automatic-raga-recognition/dataset/RagaDataset/Hindustani/features/dd59147d-8775-44ff-a36b-0d9f15b31319/Rashid_Khan/Evergreen/Raga_Bilaskhani_Todi_a655cf94-bb5f-4971-897a-9c20cdab828b.pitch,Raga_Bilaskhani_Todi_a655cf94-bb5f-4971-897a-9c20cdab828b.pitch,.pitch,4594410,pitch
dd59147d-8775-44ff-a36b-0d9f15b31319,/home/izpiz/coding/automatic-raga-recognition/dataset/RagaDataset/Hindustani/features/dd59147d-8775-44ff-a36b-0d9f15b31319/Rashid_Khan/Evergreen/Raga_Bilaskhani_Todi_a655cf94-bb5f-4971-897a-9c20cdab828b.pitchSilIntrpPP,Raga_Bilaskhani_Todi_a655cf94-bb5f-4971-897a-9c20cdab828b.pitchSilIntrpPP,.pitchsilintrppp,9866150,pitch
dd59147d-8775-44ff-a36b-0d9f15b31319,/home/izpiz/coding/automatic-raga-recognition/dataset/RagaDataset/Hindustani/features/dd59147d-8775-44ff-a36b-0d9f15b31319/Shruti_Sadolikar/Khayal/Raga_-_Bilaskhani_Todi_cdd148c7-07e4-46c9-88d9-fbbfcea2edf5.pitchSilIntrpPP,Raga_-_Bilaskhani_Todi_cdd148c7-07e4-46c9-88d9-fbbfcea2edf5.pitchSilIntrpPP,.pitchsilintrppp,18870650,pitch
dd59147d-8775-44ff-a36b-0d9f15b31319,/home/izpiz/coding/automatic-raga-recognition/dataset/RagaDataset/Hindustani/features/dd59147d-8775-44ff-a36b-0d9f15b31319/Shruti_Sadolikar/Khayal/Raga_-_Bilaskhani_Todi_cdd148c7-07e4-46c9-88d9-fbbfcea2edf5.pitch,Raga_-_Bilaskhani_Todi_cdd148c7-07e4-46c9-88d9-fbbfcea2edf5.pitch,.pitch,8983840,pitch
dd59147d-8775-44ff-a36b-0d9f15b31319,/home/izpiz/coding/automatic-raga-recognition/dataset/RagaDataset/Hindustani/features/dd59147d-8775-44ff-a36b-0d9f15b31319/Girija_Devi/Masterworks_from_the_NCPA_Archives/Khyal_in_Raga_Bilaskhani_(Teental)_c6e488e4-daa6-401d-a3db-cfe3f0ae63d6.pitchSilIntrpPP,Khyal_in_Raga_Bilaskhani_(Teental)_c6e488e4-daa6-401d-a3db-cfe3f0ae63d6.pitchSilIntrpPP,.pitchsilintrppp,20405450,pitch
dd59147d-8775-44ff-a36b-0d9f15b31319,/home/izpiz/coding/automatic-raga-recognition/dataset/RagaDataset/Hindustani/features/dd59147d-8775-44ff-a36b-0d9f15b31319/Girija_Devi/Masterworks_from_the_NCPA_Archives/Khyal_in_Raga_Bilaskhani_(Teental)_c6e488e4-daa6-401d-a3db-cfe3f0ae63d6.pitch,Khyal_in_Raga_Bilaskhani_(Teental)_c6e488e4-daa6-401d-a3db-cfe3f0ae63d6.pitch,.pitch,9876090,pitch
dd59147d-8775-44ff-a36b-0d9f15b31319,/home/izpiz/coding/automatic-raga-recognition/dataset/RagaDataset/Hindustani/features/dd59147d-8775-44ff-a36b-0d9f15b31319/Ajoy_Chakrabarty/The_Genius_Of_Pt__Ajoy_Chakraborty/Raga_Bilaskhani_Todi_d7510269-b26c-4735-a491-245f3c732a58.pitch,Raga_Bilaskhani_Todi_d7510269-b26c-4735-a491-245f3c732a58.pitch,.pitch,8458304,pitch
dd59147d-8775-44ff-a36b-0d9f15b31319,/home/izpiz/coding/automatic-raga-recognition/dataset/RagaDataset/Hindustani/features/dd59147d-8775-44ff-a36b-0d9f15b31319/Ajoy_Chakrabarty/The_Genius_Of_Pt__Ajoy_Chakraborty/Raga_Bilaskhani_Todi_d7510269-b26c-4735-a491-245f3c732a58.pitchSilIntrpPP,Raga_Bilaskhani_Todi_d7510269-b26c-4735-a491-245f3c732a58.pitchSilIntrpPP,.pitchsilintrppp,17890150,pitch
dd59147d-8775-44ff-a36b-0d9f15b31319,/home/izpiz/coding/automatic-raga-recognition/dataset/RagaDataset/Hindustani/features/dd59147d-8775-44ff-a36b-0d9f15b31319/Ajoy_Chakrabarty/Geetinandan___Part-3/Bilaskhani_Todi_3124479b-5118-4cf3-823f-8fefad45e586.pitchSilIntrpPP,Bilaskhani_Todi_3124479b-5118-4cf3-823f-8fefad45e586.pitchSilIntrpPP,.pitchsilintrppp,9604600,pitch
dd59147d-8775-44ff-a36b-0d9f15b31319,/home/izpiz/coding/automatic-raga-recognition/dataset/RagaDataset/Hindustani/features/dd59147d-8775-44ff-a36b-0d9f15b31319/Ajoy_Chakrabarty/Geetinandan___Part-3/Bilaskhani_Todi_3124479b-5118-4cf3-823f-8fefad45e586.pitch,Bilaskhani_Todi_3124479b-5118-4cf3-823f-8fefad45e586.pitch,.pitch,4503449,pitch
dd59147d-8775-44ff-a36b-0d9f15b31319,/home/izpiz/coding/automatic-raga-recognition/dataset/RagaDataset/Hindustani/features/dd59147d-8775-44ff-a36b-0d9f15b31319/Jasraj/Legends__Sangeet_Martand_Pandit_Jasraj_(Vol__1)/Raga_-_Bilaskhani_Todi_e23eb921-de6e-452b-bc2f-7fbd0772c4fd.pitchSilIntrpPP,Raga_-_Bilaskhani_Todi_e23eb921-de6e-452b-bc2f-7fbd0772c4fd.pitchSilIntrpPP,.pitchsilintrppp,14651050,pitch
dd59147d-8775-44ff-a36b-0d9f15b31319,/home/izpiz/coding/automatic-raga-recognition/dataset/RagaDataset/Hindustani/features/dd59147d-8775-44ff-a36b-0d9f15b31319/Jasraj/Legends__Sangeet_Martand_Pandit_Jasraj_(Vol__1)/Raga_-_Bilaskhani_Todi_e23eb921-de6e-452b-bc2f-7fbd0772c4fd.pitch,Raga_-_Bilaskhani_Todi_e23eb921-de6e-452b-bc2f-7fbd0772c4fd.pitch,.pitch,6930761,pitch
dd59147d-8775-44ff-a36b-0d9f15b31319,/home/izpiz/coding/automatic-raga-recognition/dataset/RagaDataset/Hindustani/features/dd59147d-8775-44ff-a36b-0d9f15b31319/Kaushiki_Chakrabarty/Manomay/Raga_Bilaskhani_Todi_-_Vilambit__Drut_Khayal_b20456b8-7abc-4158-bb53-5ea8d80e5999.pitch,Raga_Bilaskhani_Todi_-_Vilambit__Drut_Khayal_b20456b8-7abc-4158-bb53-5ea8d80e5999.pitch,.pitch,14002749,pitch
dd59147d-8775-44ff-a36b-0d9f15b31319,/home/izpiz/coding/automatic-raga-recognition/dataset/RagaDataset/Hindustani/features/dd59147d-8775-44ff-a36b-0d9f15b31319/Kaushiki_Chakrabarty/Manomay/Raga_Bilaskhani_Todi_-_Vilambit__Drut_Khayal_b20456b8-7abc-4158-bb53-5ea8d80e5999.pitchSilIntrpPP,Raga_Bilaskhani_Todi_-_Vilambit__Drut_Khayal_b20456b8-7abc-4158-bb53-5ea8d80e5999.pitchSilIntrpPP,.pitchsilintrppp,29046650,pitch
dd59147d-8775-44ff-a36b-0d9f15b31319,/home/izpiz/coding/automatic-raga-recognition/dataset/RagaDataset/Hindustani/features/dd59147d-8775-44ff-a36b-0d9f15b31319/Amir_Khan/The_Great_Heritage__Ustad_Amir_Khan/Raga_Bilaskhani_Todi_Bairagi_Roop_7d3f5b32-34f2-402c-b3b3-a87f1dedd3a8.pitch,Raga_Bilaskhani_Todi_Bairagi_Roop_7d3f5b32-34f2-402c-b3b3-a87f1dedd3a8.pitch,.pitch,7217993,pitch
dd59147d-8775-44ff-a36b-0d9f15b31319,/home/izpiz/coding/automatic-raga-recognition/dataset/RagaDataset/Hindustani/features/dd59147d-8775-44ff-a36b-0d9f15b31319/Amir_Khan/The_Great_Heritage__Ustad_Amir_Khan/Raga_Bilaskhani_Todi_Bairagi_Roop_7d3f5b32-34f2-402c-b3b3-a87f1dedd3a8.pitchSilIntrpPP,Raga_Bilaskhani_Todi_Bairagi_Roop_7d3f5b32-34f2-402c-b3b3-a87f1dedd3a8.pitchSilIntrpPP,.pitchsilintrppp,15263200,pitch
dd59147d-8775-44ff-a36b-0d9f15b31319,/home/izpiz/coding/automatic-raga-recognition/dataset/RagaDataset/Hindustani/features/dd59147d-8775-44ff-a36b-0d9f15b31319/Basavraj_Rajaguru/The_Genius_Of_Basavraj_Rajguru/Raga_Bilashkani_Todi_182dd9f9-d3b7-4ebc-9d18-9e0544c6e8cc.pitchSilIntrpPP,Raga_Bilashkani_Todi_182dd9f9-d3b7-4ebc-9d18-9e0544c6e8cc.pitchSilIntrpPP,.pitchsilintrppp,13906050,pitch
dd59147d-8775-44ff-a36b-0d9f15b31319,/home/izpiz/coding/automatic-raga-recognition/dataset/RagaDataset/Hindustani/features/dd59147d-8775-44ff-a36b-0d9f15b31319/Basavraj_Rajaguru/The_Genius_Of_Basavraj_Rajguru/Raga_Bilashkani_Todi_182dd9f9-d3b7-4ebc-9d18-9e0544c6e8cc.pitch,Raga_Bilashkani_Todi_182dd9f9-d3b7-4ebc-9d18-9e0544c6e8cc.pitch,.pitch,6575391,pitch
dd59147d-8775-44ff-a36b-0d9f15b31319,/home/izpiz/coding/automatic-raga-recognition/dataset/RagaDataset/Hindustani/features/dd59147d-8775-44ff-a36b-0d9f15b31319/Satyasheel_Deshpande/Kahen/Balam_Mori_Chando_Kalaiya_62ccf764-ddbd-49d4-a05a-cda03f4192a6.pitch,Balam_Mori_Chando_Kalaiya_62ccf764-ddbd-49d4-a05a-cda03f4192a6.pitch,.pitch,1744748,pitch
dd59147d-8775-44ff-a36b-0d9f15b31319,/home/izpiz/coding/automatic-raga-recognition/dataset/RagaDataset/Hindustani/features/dd59147d-8775-44ff-a36b-0d9f15b31319/Satyasheel_Deshpande/Kahen/Balam_Mori_Chando_Kalaiya_62ccf764-ddbd-49d4-a05a-cda03f4192a6.pitchSilIntrpPP,Balam_Mori_Chando_Kalaiya_62ccf764-ddbd-49d4-a05a-cda03f4192a6.pitchSilIntrpPP,.pitchsilintrppp,3743800,pitch
e771a74d-545d-41d5-816b-43403a818b0c,/home/izpiz/coding/automatic-raga-recognition/dataset/RagaDataset/Hindustani/features/e771a74d-545d-41d5-816b-43403a818b0c/Abdul_Rashid_Khan/Rasan_Piya_-_Volume_1/Tirwat_-_Bhopali_64a44651-dab9-4ee1-a49e-dcca4cf67c53.pitch,Tirwat_-_Bhopali_64a44651-dab9-4ee1-a49e-dcca4cf67c53.pitch,.pitch,2355883,pitch
e771a74d-545d-41d5-816b-43403a818b0c,/home/izpiz/coding/automatic-raga-recognition/dataset/RagaDataset/Hindustani/features/e771a74d-545d-41d5-816b-43403a818b0c/Abdul_Rashid_Khan/Rasan_Piya_-_Volume_1/Tirwat_-_Bhopali_64a44651-dab9-4ee1-a49e-dcca4cf67c53.pitchSilIntrpPP,Tirwat_-_Bhopali_64a44651-dab9-4ee1-a49e-dcca4cf67c53.pitchSilIntrpPP,.pitchsilintrppp,5073600,pitch
e771a74d-545d-41d5-816b-43403a818b0c,/home/izpiz/coding/automatic-raga-recognition/dataset/RagaDataset/Hindustani/features/e771a74d-545d-41d5-816b-43403a818b0c/Bade_Ghulam_Ali_Khan/The_Great_Heritage__Ustad_Bade_Ghulam_Ali_Khan/Raga_Bhoopali_dd42bbc9-4ec1-4881-81df-8b6813d460cf.pitch,Raga_Bhoopali_dd42bbc9-4ec1-4881-81df-8b6813d460cf.pitch,.pitch,7642073,pitch
e771a74d-545d-41d5-816b-43403a818b0c,/home/izpiz/coding/automatic-raga-recognition/dataset/RagaDataset/Hindustani/features/e771a74d-545d-41d5-816b-43403a818b0c/Bade_Ghulam_Ali_Khan/The_Great_Heritage__Ustad_Bade_Ghulam_Ali_Khan/Raga_Bhoopali_dd42bbc9-4ec1-4881-81df-8b6813d460cf.pitchSilIntrpPP,Raga_Bhoopali_dd42bbc9-4ec1-4881-81df-8b6813d460cf.pitchSilIntrpPP,.pitchsilintrppp,16199500,pitch
e771a74d-545d-41d5-816b-43403a818b0c,/home/izpiz/coding/automatic-raga-recognition/dataset/RagaDataset/Hindustani/features/e771a74d-545d-41d5-816b-43403a818b0c/Rashid_Khan/Masterworks/Raga_Bhoopali_77c887ad-de19-45b8-b83f-37446eae378d.pitchSilIntrpPP,Raga_Bhoopali_77c887ad-de19-45b8-b83f-37446eae378d.pitchSilIntrpPP,.pitchsilintrppp,15098900,pitch
e771a74d-545d-41d5-816b-43403a818b0c,/home/izpiz/coding/automatic-raga-recognition/dataset/RagaDataset/Hindustani/features/e771a74d-545d-41d5-816b-43403a818b0c/Rashid_Khan/Masterworks/Raga_Bhoopali_77c887ad-de19-45b8-b83f-37446eae378d.pitch,Raga_Bhoopali_77c887ad-de19-45b8-b83f-37446eae378d.pitch,.pitch,7115169,pitch
e771a74d-545d-41d5-816b-43403a818b0c,/home/izpiz/coding/automatic-raga-recognition/dataset/RagaDataset/Hindustani/features/e771a74d-545d-41d5-816b-43403a818b0c/Omkar_Dadarkar/Raag_Bhoopali___Gavti/Raag_Bhoopali_bfefde58-4eb2-49b0-9c63-7e4ce1070e61.pitch,Raag_Bhoopali_bfefde58-4eb2-49b0-9c63-7e4ce1070e61.pitch,.pitch,18225892,pitch
e771a74d-545d-41d5-816b-43403a818b0c,/home/izpiz/coding/automatic-raga-recognition/dataset/RagaDataset/Hindustani/features/e771a74d-545d-41d5-816b-43403a818b0c/Omkar_Dadarkar/Raag_Bhoopali___Gavti/Raag_Bhoopali_bfefde58-4eb2-49b0-9c63-7e4ce1070e61.pitchSilIntrpPP,Raag_Bhoopali_bfefde58-4eb2-49b0-9c63-7e4ce1070e61.pitchSilIntrpPP,.pitchsilintrppp,37649600,pitch
e771a74d-545d-41d5-816b-43403a818b0c,/home/izpiz/coding/automatic-raga-recognition/dataset/RagaDataset/Hindustani/features/e771a74d-545d-41d5-816b-43403a818b0c/Kishori_Amonkar/Live_in_Concert__New_Delhi_1992/Bhopali_-_vilambit_teentaal_-_Pratham_Sur_Saadhe_809196fd-2e16-435e-9d18-6c6132da0797.pitchSilIntrpPP,Bhopali_-_vilambit_teentaal_-_Pratham_Sur_Saadhe_809196fd-2e16-435e-9d18-6c6132da0797.pitchSilIntrpPP,.pitchsilintrppp,14563750,pitch
e771a74d-545d-41d5-816b-43403a818b0c,/home/izpiz/coding/automatic-raga-recognition/dataset/RagaDataset/Hindustani/features/e771a74d-545d-41d5-816b-43403a818b0c/Kishori_Amonkar/Live_in_Concert__New_Delhi_1992/Bhopali_-_drut_teentaal_-_Tarana_157f546c-90c8-4b3b-a72c-42fa5b0dd820.pitch,Bhopali_-_drut_teentaal_-_Tarana_157f546c-90c8-4b3b-a72c-42fa5b0dd820.pitch,.pitch,2655675,pitch
e771a74d-545d-41d5-816b-43403a818b0c,/home/izpiz/coding/automatic-raga-recognition/dataset/RagaDataset/Hindustani/features/e771a74d-545d-41d5-816b-43403a818b0c/Kishori_Amonkar/Live_in_Concert__New_Delhi_1992/Bhopali_-_drut_teentaal_-_Tarana_157f546c-90c8-4b3b-a72c-42fa5b0dd820.pitchSilIntrpPP,Bhopali_-_drut_teentaal_-_Tarana_157f546c-90c8-4b3b-a72c-42fa5b0dd820.pitchSilIntrpPP,.pitchsilintrppp,5698150,pitch
e771a74d-545d-41d5-816b-43403a818b0c,/home/izpiz/coding/automatic-raga-recognition/dataset/RagaDataset/Hindustani/features/e771a74d-545d-41d5-816b-43403a818b0c/Kishori_Amonkar/Live_in_Concert__New_Delhi_1992/Bhopali_-_vilambit_teentaal_-_Pratham_Sur_Saadhe_809196fd-2e16-435e-9d18-6c6132da0797.pitch,Bhopali_-_vilambit_teentaal_-_Pratham_Sur_Saadhe_809196fd-2e16-435e-9d18-6c6132da0797.pitch,.pitch,6928710,pitch
e771a74d-545d-41d5-816b-43403a818b0c,/home/izpiz/coding/automatic-raga-recognition/dataset/RagaDataset/Hindustani/features/e771a74d-545d-41d5-816b-43403a818b0c/Kishori_Amonkar/Live_in_Concert__Nehru_Center_Bombay/Raga_Bhoop_Vilambit_Teentaal_a3479fbe-fea4-4db7-9c1f-8b4ca613e5f0.pitchSilIntrpPP,Raga_Bhoop_Vilambit_Teentaal_a3479fbe-fea4-4db7-9c1f-8b4ca613e5f0.pitchSilIntrpPP,.pitchsilintrppp,20036950,pitch
e771a74d-545d-41d5-816b-43403a818b0c,/home/izpiz/coding/automatic-raga-recognition/dataset/RagaDataset/Hindustani/features/e771a74d-545d-41d5-816b-43403a818b0c/Kishori_Amonkar/Live_in_Concert__Nehru_Center_Bombay/Raga_Bhoop_-_Drut_Teentaal_8cee9d53-b105-45bc-bd1d-4a608d59b2fd.pitchSilIntrpPP,Raga_Bhoop_-_Drut_Teentaal_8cee9d53-b105-45bc-bd1d-4a608d59b2fd.pitchSilIntrpPP,.pitchsilintrppp,3454600,pitch
e771a74d-545d-41d5-816b-43403a818b0c,/home/izpiz/coding/automatic-raga-recognition/dataset/RagaDataset/Hindustani/features/e771a74d-545d-41d5-816b-43403a818b0c/Kishori_Amonkar/Live_in_Concert__Nehru_Center_Bombay/Raga_Bhoop_-_Drut_Teentaal_8cee9d53-b105-45bc-bd1d-4a608d59b2fd.pitch,Raga_Bhoop_-_Drut_Teentaal_8cee9d53-b105-45bc-bd1d-4a608d59b2fd.pitch,.pitch,1599494,pitch
e771a74d-545d-41d5-816b-43403a818b0c,/home/izpiz/coding/automatic-raga-recognition/dataset/RagaDataset/Hindustani/features/e771a74d-545d-41d5-816b-43403a818b0c/Kishori_Amonkar/Live_in_Concert__Nehru_Center_Bombay/Raga_Bhoop_Vilambit_Teentaal_a3479fbe-fea4-4db7-9c1f-8b4ca613e5f0.pitch,Raga_Bhoop_Vilambit_Teentaal_a3479fbe-fea4-4db7-9c1f-8b4ca613e5f0.pitch,.pitch,9568579,pitch
e771a74d-545d-41d5-816b-43403a818b0c,/home/izpiz/coding/automatic-raga-recognition/dataset/RagaDataset/Hindustani/features/e771a74d-545d-41d5-816b-43403a818b0c/D_V_Paluskar/Echoes_of_a_Golden_Voice/Raga_Bhoop_82b207d0-a974-4c45-bf48-79bda319c985.pitch,Raga_Bhoop_82b207d0-a974-4c45-bf48-79bda319c985.pitch,.pitch,9073033,pitch
e771a74d-545d-41d5-816b-43403a818b0c,/home/izpiz/coding/automatic-raga-recognition/dataset/RagaDataset/Hindustani/features/e771a74d-545d-41d5-816b-43403a818b0c/D_V_Paluskar/Echoes_of_a_Golden_Voice/Raga_Bhoop_82b207d0-a974-4c45-bf48-79bda319c985.pitchSilIntrpPP,Raga_Bhoop_82b207d0-a974-4c45-bf48-79bda319c985.pitchSilIntrpPP,.pitchsilintrppp,19028650,pitch
e771a74d-545d-41d5-816b-43403a818b0c,/home/izpiz/coding/automatic-raga-recognition/dataset/RagaDataset/Hindustani/features/e771a74d-545d-41d5-816b-43403a818b0c/Kumar_Gandharva/Pt__Kumar_Gandharva-Vocal/Ni_Mori_Ka_833a49b0-cb9e-41e5-b341-ab718e03b97c.pitchSilIntrpPP,Ni_Mori_Ka_833a49b0-cb9e-41e5-b341-ab718e03b97c.pitchSilIntrpPP,.pitchsilintrppp,4467000,pitch
e771a74d-545d-41d5-816b-43403a818b0c,/home/izpiz/coding/automatic-raga-recognition/dataset/RagaDataset/Hindustani/features/e771a74d-545d-41d5-816b-43403a818b0c/Kumar_Gandharva/Pt__Kumar_Gandharva-Vocal/Ni_Mori_Ka_833a49b0-cb9e-41e5-b341-ab718e03b97c.pitch,Ni_Mori_Ka_833a49b0-cb9e-41e5-b341-ab718e03b97c.pitch,.pitch,2065370,pitch
ecd04ceb-b46c-47fc-9045-84ac9160e527,/home/izpiz/coding/automatic-raga-recognition/dataset/RagaDataset/Hindustani/features/ecd04ceb-b46c-47fc-9045-84ac9160e527/Rashid_Khan/Masterworks/Raga_Basant_Piya_Sang_Kheloon_3d6dc834-550d-4eb5-87f9-6e57747f3cb1.pitchSilIntrpPP,Raga_Basant_Piya_Sang_Kheloon_3d6dc834-550d-4eb5-87f9-6e57747f3cb1.pitchSilIntrpPP,.pitchsilintrppp,4989050,pitch
ecd04ceb-b46c-47fc-9045-84ac9160e527,/home/izpiz/coding/automatic-raga-recognition/dataset/RagaDataset/Hindustani/features/ecd04ceb-b46c-47fc-9045-84ac9160e527/Rashid_Khan/Masterworks/Raga_Basant_Piya_Sang_Kheloon_3d6dc834-550d-4eb5-87f9-6e57747f3cb1.pitch,Raga_Basant_Piya_Sang_Kheloon_3d6dc834-550d-4eb5-87f9-6e57747f3cb1.pitch,.pitch,2324054,pitch
ecd04ceb-b46c-47fc-9045-84ac9160e527,/home/izpiz/coding/automatic-raga-recognition/dataset/RagaDataset/Hindustani/features/ecd04ceb-b46c-47fc-9045-84ac9160e527/Bhimsen_Joshi/Classical_Wonders_Of_India/Raga_Basant_5b640af5-26f6-4a02-81e5-d28cd01e9149.pitchSilIntrpPP,Raga_Basant_5b640af5-26f6-4a02-81e5-d28cd01e9149.pitchSilIntrpPP,.pitchsilintrppp,12488400,pitch
ecd04ceb-b46c-47fc-9045-84ac9160e527,/home/izpiz/coding/automatic-raga-recognition/dataset/RagaDataset/Hindustani/features/ecd04ceb-b46c-47fc-9045-84ac9160e527/Bhimsen_Joshi/Classical_Wonders_Of_India/Raga_Basant_5b640af5-26f6-4a02-81e5-d28cd01e9149.pitch,Raga_Basant_5b640af5-26f6-4a02-81e5-d28cd01e9149.pitch,.pitch,5845773,pitch
ecd04ceb-b46c-47fc-9045-84ac9160e527,/home/izpiz/coding/automatic-raga-recognition/dataset/RagaDataset/Hindustani/features/ecd04ceb-b46c-47fc-9045-84ac9160e527/C_R_Vyas/Legends_Forever/Raga_Vasant_-_Khyal_d9a79389-f4b4-4d66-920c-494525b3417e.pitchSilIntrpPP,Raga_Vasant_-_Khyal_d9a79389-f4b4-4d66-920c-494525b3417e.pitchSilIntrpPP,.pitchsilintrppp,12896000,pitch
ecd04ceb-b46c-47fc-9045-84ac9160e527,/home/izpiz/coding/automatic-raga-recognition/dataset/RagaDataset/Hindustani/features/ecd04ceb-b46c-47fc-9045-84ac9160e527/C_R_Vyas/Legends_Forever/Raga_Vasant_-_Khyal_d9a79389-f4b4-4d66-920c-494525b3417e.pitch,Raga_Vasant_-_Khyal_d9a79389-f4b4-4d66-920c-494525b3417e.pitch,.pitch,6048637,pitch
ecd04ceb-b46c-47fc-9045-84ac9160e527,/home/izpiz/coding/automatic-raga-recognition/dataset/RagaDataset/Hindustani/features/ecd04ceb-b46c-47fc-9045-84ac9160e527/Gauri_Pathare/Malhar/Raga_Basant_c853d66a-7f61-42ef-8373-94798bde90a6.pitchSilIntrpPP,Raga_Basant_c853d66a-7f61-42ef-8373-94798bde90a6.pitchSilIntrpPP,.pitchsilintrppp,10087150,pitch
ecd04ceb-b46c-47fc-9045-84ac9160e527,/home/izpiz/coding/automatic-raga-recognition/dataset/RagaDataset/Hindustani/features/ecd04ceb-b46c-47fc-9045-84ac9160e527/Gauri_Pathare/Malhar/Raga_Basant_c853d66a-7f61-42ef-8373-94798bde90a6.pitch,Raga_Basant_c853d66a-7f61-42ef-8373-94798bde90a6.pitch,.pitch,4714384,pitch
ecd04ceb-b46c-47fc-9045-84ac9160e527,/home/izpiz/coding/automatic-raga-recognition/dataset/RagaDataset/Hindustani/features/ecd04ceb-b46c-47fc-9045-84ac9160e527/Jasraj/Mewati_Gharana/Raga_Basant_Khyal_bb6a5ac4-9e42-49b2-bec4-58e1aff53230.pitchSilIntrpPP,Raga_Basant_Khyal_bb6a5ac4-9e42-49b2-bec4-58e1aff53230.pitchSilIntrpPP,.pitchsilintrppp,19449600,pitch
ecd04ceb-b46c-47fc-9045-84ac9160e527,/home/izpiz/coding/automatic-raga-recognition/dataset/RagaDataset/Hindustani/features/ecd04ceb-b46c-47fc-9045-84ac9160e527/Jasraj/Mewati_Gharana/Raga_Basant_Khyal_bb6a5ac4-9e42-49b2-bec4-58e1aff53230.pitch,Raga_Basant_Khyal_bb6a5ac4-9e42-49b2-bec4-58e1aff53230.pitch,.pitch,9242149,pitch
ecd04ceb-b46c-47fc-9045-84ac9160e527,/home/izpiz/coding/automatic-raga-recognition/dataset/RagaDataset/Hindustani/features/ecd04ceb-b46c-47fc-9045-84ac9160e527/Aslam_Hussain_Khan/Vocal/Mora_Saajan_Chhabila_Ree_dbfa7e22-4432-4db5-8ec6-8482b97bcea9.pitchSilIntrpPP,Mora_Saajan_Chhabila_Ree_dbfa7e22-4432-4db5-8ec6-8482b97bcea9.pitchSilIntrpPP,.pitchsilintrppp,7435750,pitch
ecd04ceb-b46c-47fc-9045-84ac9160e527,/home/izpiz/coding/automatic-raga-recognition/dataset/RagaDataset/Hindustani/features/ecd04ceb-b46c-47fc-9045-84ac9160e527/Aslam_Hussain_Khan/Vocal/Mora_Saajan_Chhabila_Ree_dbfa7e22-4432-4db5-8ec6-8482b97bcea9.pitch,Mora_Saajan_Chhabila_Ree_dbfa7e22-4432-4db5-8ec6-8482b97bcea9.pitch,.pitch,3472704,pitch
ecd04ceb-b46c-47fc-9045-84ac9160e527,/home/izpiz/coding/automatic-raga-recognition/dataset/RagaDataset/Hindustani/features/ecd04ceb-b46c-47fc-9045-84ac9160e527/Prabha_Atre/Niranjani/Raga_Basant_-_Drut_Ektaal_9ff5e2dd-7c77-492d-9aa1-09508fe595b9.pitchSilIntrpPP,Raga_Basant_-_Drut_Ektaal_9ff5e2dd-7c77-492d-9aa1-09508fe595b9.pitchSilIntrpPP,.pitchsilintrppp,13938400,pitch
ecd04ceb-b46c-47fc-9045-84ac9160e527,/home/izpiz/coding/automatic-raga-recognition/dataset/RagaDataset/Hindustani/features/ecd04ceb-b46c-47fc-9045-84ac9160e527/Prabha_Atre/Niranjani/Raga_Basant_-_Drut_Ektaal_9ff5e2dd-7c77-492d-9aa1-09508fe595b9.pitch,Raga_Basant_-_Drut_Ektaal_9ff5e2dd-7c77-492d-9aa1-09508fe595b9.pitch,.pitch,6627806,pitch
ecd04ceb-b46c-47fc-9045-84ac9160e527,/home/izpiz/coding/automatic-raga-recognition/dataset/RagaDataset/Hindustani/features/ecd04ceb-b46c-47fc-9045-84ac9160e527/Veena_Sahasrabuddhe/Bandish_Vol-1/Madhukar_Aaj_Basant_88b004be-6280-402b-a178-07efd6285326.pitch,Madhukar_Aaj_Basant_88b004be-6280-402b-a178-07efd6285326.pitch,.pitch,2733183,pitch
ecd04ceb-b46c-47fc-9045-84ac9160e527,/home/izpiz/coding/automatic-raga-recognition/dataset/RagaDataset/Hindustani/features/ecd04ceb-b46c-47fc-9045-84ac9160e527/Veena_Sahasrabuddhe/Bandish_Vol-1/Madhukar_Aaj_Basant_88b004be-6280-402b-a178-07efd6285326.pitchSilIntrpPP,Madhukar_Aaj_Basant_88b004be-6280-402b-a178-07efd6285326.pitchSilIntrpPP,.pitchsilintrppp,5870400,pitch
ecd04ceb-b46c-47fc-9045-84ac9160e527,/home/izpiz/coding/automatic-raga-recognition/dataset/RagaDataset/Hindustani/features/ecd04ceb-b46c-47fc-9045-84ac9160e527/Veena_Sahasrabuddhe/Ritu_Chakra_Vol__3/Raga_Basant_10224082-7d00-4839-b430-c8110686ec64.pitchSilIntrpPP,Raga_Basant_10224082-7d00-4839-b430-c8110686ec64.pitchSilIntrpPP,.pitchsilintrppp,12690000,pitch
ecd04ceb-b46c-47fc-9045-84ac9160e527,/home/izpiz/coding/automatic-raga-recognition/dataset/RagaDataset/Hindustani/features/ecd04ceb-b46c-47fc-9045-84ac9160e527/Veena_Sahasrabuddhe/Ritu_Chakra_Vol__3/Raga_Basant_10224082-7d00-4839-b430-c8110686ec64.pitch,Raga_Basant_10224082-7d00-4839-b430-c8110686ec64.pitch,.pitch,5975508,pitch
ecd04ceb-b46c-47fc-9045-84ac9160e527,/home/izpiz/coding/automatic-raga-recognition/dataset/RagaDataset/Hindustani/features/ecd04ceb-b46c-47fc-9045-84ac9160e527/Basavraj_Rajaguru/The_Genius_Of_Basavraj_Rajguru/Raga_Basant_4519091e-9eaa-4f03-911e-348727ee3c90.pitch,Raga_Basant_4519091e-9eaa-4f03-911e-348727ee3c90.pitch,.pitch,5152061,pitch
ecd04ceb-b46c-47fc-9045-84ac9160e527,/home/izpiz/coding/automatic-raga-recognition/dataset/RagaDataset/Hindustani/features/ecd04ceb-b46c-47fc-9045-84ac9160e527/Basavraj_Rajaguru/The_Genius_Of_Basavraj_Rajguru/Raga_Basant_4519091e-9eaa-4f03-911e-348727ee3c90.pitchSilIntrpPP,Raga_Basant_4519091e-9eaa-4f03-911e-348727ee3c90.pitchSilIntrpPP,.pitchsilintrppp,11005500,pitch
f6432fec-e9c2-4b09-9e73-c46086cbd8ea,/home/izpiz/coding/automatic-raga-recognition/dataset/RagaDataset/Hindustani/features/f6432fec-e9c2-4b09-9e73-c46086cbd8ea/Rashid_Khan/The_Genius_Of_Ustad_Rashid_Khan/Raga_-_Ahir_Bhairav_def59da7-8d7b-4047-b16c-eeee65482e87.pitchSilIntrpPP,Raga_-_Ahir_Bhairav_def59da7-8d7b-4047-b16c-eeee65482e87.pitchSilIntrpPP,.pitchsilintrppp,18721250,pitch
f6432fec-e9c2-4b09-9e73-c46086cbd8ea,/home/izpiz/coding/automatic-raga-recognition/dataset/RagaDataset/Hindustani/features/f6432fec-e9c2-4b09-9e73-c46086cbd8ea/Rashid_Khan/The_Genius_Of_Ustad_Rashid_Khan/Raga_-_Ahir_Bhairav_def59da7-8d7b-4047-b16c-eeee65482e87.pitch,Raga_-_Ahir_Bhairav_def59da7-8d7b-4047-b16c-eeee65482e87.pitch,.pitch,8821456,pitch
f6432fec-e9c2-4b09-9e73-c46086cbd8ea,/home/izpiz/coding/automatic-raga-recognition/dataset/RagaDataset/Hindustani/features/f6432fec-e9c2-4b09-9e73-c46086cbd8ea/Omkar_Dadarkar/Raag_Ahir_Bhairon___Todi/Raag_Ahir_Bhairon_2073b056-8120-4b04-b808-3d6a8c6a2bd7.pitch,Raag_Ahir_Bhairon_2073b056-8120-4b04-b808-3d6a8c6a2bd7.pitch,.pitch,12775983,pitch
f6432fec-e9c2-4b09-9e73-c46086cbd8ea,/home/izpiz/coding/automatic-raga-recognition/dataset/RagaDataset/Hindustani/features/f6432fec-e9c2-4b09-9e73-c46086cbd8ea/Omkar_Dadarkar/Raag_Ahir_Bhairon___Todi/Raag_Ahir_Bhairon_2073b056-8120-4b04-b808-3d6a8c6a2bd7.pitchSilIntrpPP,Raag_Ahir_Bhairon_2073b056-8120-4b04-b808-3d6a8c6a2bd7.pitchSilIntrpPP,.pitchsilintrppp,26648300,pitch
f6432fec-e9c2-4b09-9e73-c46086cbd8ea,/home/izpiz/coding/automatic-raga-recognition/dataset/RagaDataset/Hindustani/features/f6432fec-e9c2-4b09-9e73-c46086cbd8ea/Ajoy_Chakrabarty/Geetinandan___Part-3/Aahir_Bhairon_51656b20-295c-40f9-8dab-005b9b90fa98.pitch,Aahir_Bhairon_51656b20-295c-40f9-8dab-005b9b90fa98.pitch,.pitch,3092412,pitch
f6432fec-e9c2-4b09-9e73-c46086cbd8ea,/home/izpiz/coding/automatic-raga-recognition/dataset/RagaDataset/Hindustani/features/f6432fec-e9c2-4b09-9e73-c46086cbd8ea/Ajoy_Chakrabarty/Geetinandan___Part-3/Aahir_Bhairon_51656b20-295c-40f9-8dab-005b9b90fa98.pitchSilIntrpPP,Aahir_Bhairon_51656b20-295c-40f9-8dab-005b9b90fa98.pitchSilIntrpPP,.pitchsilintrppp,6625250,pitch
f6432fec-e9c2-4b09-9e73-c46086cbd8ea,/home/izpiz/coding/automatic-raga-recognition/dataset/RagaDataset/Hindustani/features/f6432fec-e9c2-4b09-9e73-c46086cbd8ea/Jasraj/A_Day_With_Pandit_Jasraj/Raga_Ahir_Bhairav_cbcba04b-023b-40e0-a5e8-04260ad3efdd.pitch,Raga_Ahir_Bhairav_cbcba04b-023b-40e0-a5e8-04260ad3efdd.pitch,.pitch,8873111,pitch
f6432fec-e9c2-4b09-9e73-c46086cbd8ea,/home/izpiz/coding/automatic-raga-recognition/dataset/RagaDataset/Hindustani/features/f6432fec-e9c2-4b09-9e73-c46086cbd8ea/Jasraj/A_Day_With_Pandit_Jasraj/Raga_Ahir_Bhairav_cbcba04b-023b-40e0-a5e8-04260ad3efdd.pitchSilIntrpPP,Raga_Ahir_Bhairav_cbcba04b-023b-40e0-a5e8-04260ad3efdd.pitchSilIntrpPP,.pitchsilintrppp,18659250,pitch
f6432fec-e9c2-4b09-9e73-c46086cbd8ea,/home/izpiz/coding/automatic-raga-recognition/dataset/RagaDataset/Hindustani/features/f6432fec-e9c2-4b09-9e73-c46086cbd8ea/Jasraj/Legends__Sangeet_Martand_Pandit_Jasraj_(Vol__1)/Raga_-_Ahir_Bhairav_53402748-f637-46a0-817d-ac711a9005ff.pitchSilIntrpPP,Raga_-_Ahir_Bhairav_53402748-f637-46a0-817d-ac711a9005ff.pitchSilIntrpPP,.pitchsilintrppp,16583000,pitch
f6432fec-e9c2-4b09-9e73-c46086cbd8ea,/home/izpiz/coding/automatic-raga-recognition/dataset/RagaDataset/Hindustani/features/f6432fec-e9c2-4b09-9e73-c46086cbd8ea/Jasraj/Legends__Sangeet_Martand_Pandit_Jasraj_(Vol__1)/Raga_-_Ahir_Bhairav_53402748-f637-46a0-817d-ac711a9005ff.pitch,Raga_-_Ahir_Bhairav_53402748-f637-46a0-817d-ac711a9005ff.pitch,.pitch,7846977,pitch
f6432fec-e9c2-4b09-9e73-c46086cbd8ea,/home/izpiz/coding/automatic-raga-recognition/dataset/RagaDataset/Hindustani/features/f6432fec-e9c2-4b09-9e73-c46086cbd8ea/Kaivalyakumar_Gurav/Kaivalyakumar_Vocal_Classical/Ahir_Bhairav_e2123c63-6a24-4190-be52-e299c05c4bb8.pitchSilIntrpPP,Ahir_Bhairav_e2123c63-6a24-4190-be52-e299c05c4bb8.pitchSilIntrpPP,.pitchsilintrppp,6278200,pitch
f6432fec-e9c2-4b09-9e73-c46086cbd8ea,/home/izpiz/coding/automatic-raga-recognition/dataset/RagaDataset/Hindustani/features/f6432fec-e9c2-4b09-9e73-c46086cbd8ea/Kaivalyakumar_Gurav/Kaivalyakumar_Vocal_Classical/Ahir_Bhairav_e2123c63-6a24-4190-be52-e299c05c4bb8.pitch,Ahir_Bhairav_e2123c63-6a24-4190-be52-e299c05c4bb8.pitch,.pitch,2945163,pitch
f6432fec-e9c2-4b09-9e73-c46086cbd8ea,/home/izpiz/coding/automatic-raga-recognition/dataset/RagaDataset/Hindustani/features/f6432fec-e9c2-4b09-9e73-c46086cbd8ea/Amir_Khan/A_Life_in_Music/Raga_Ahir_Bhairav_567e57a7-26c8-49c3-8a2c-fc2485cf2ab9.pitchSilIntrpPP,Raga_Ahir_Bhairav_567e57a7-26c8-49c3-8a2c-fc2485cf2ab9.pitchSilIntrpPP,.pitchsilintrppp,19764050,pitch
f6432fec-e9c2-4b09-9e73-c46086cbd8ea,/home/izpiz/coding/automatic-raga-recognition/dataset/RagaDataset/Hindustani/features/f6432fec-e9c2-4b09-9e73-c46086cbd8ea/Amir_Khan/A_Life_in_Music/Raga_Ahir_Bhairav_567e57a7-26c8-49c3-8a2c-fc2485cf2ab9.pitch,Raga_Ahir_Bhairav_567e57a7-26c8-49c3-8a2c-fc2485cf2ab9.pitch,.pitch,9358989,pitch
f6432fec-e9c2-4b09-9e73-c46086cbd8ea,/home/izpiz/coding/automatic-raga-recognition/dataset/RagaDataset/Hindustani/features/f6432fec-e9c2-4b09-9e73-c46086cbd8ea/Hirabai_Barodekar/The_Great_Heritage__Hirabai_Barodekar/Raga_Ahir_Bhairav_-_Rasiya_Mhara_Mharoji_b31c1429-f99f-481c-9a0e-cb2d2f99ac84.pitch,Raga_Ahir_Bhairav_-_Rasiya_Mhara_Mharoji_b31c1429-f99f-481c-9a0e-cb2d2f99ac84.pitch,.pitch,1786593,pitch
f6432fec-e9c2-4b09-9e73-c46086cbd8ea,/home/izpiz/coding/automatic-raga-recognition/dataset/RagaDataset/Hindustani/features/f6432fec-e9c2-4b09-9e73-c46086cbd8ea/Hirabai_Barodekar/The_Great_Heritage__Hirabai_Barodekar/Raga_Ahir_Bhairav_-_Rasiya_Mhara_Mharoji_b31c1429-f99f-481c-9a0e-cb2d2f99ac84.pitchSilIntrpPP,Raga_Ahir_Bhairav_-_Rasiya_Mhara_Mharoji_b31c1429-f99f-481c-9a0e-cb2d2f99ac84.pitchSilIntrpPP,.pitchsilintrppp,3840750,pitch
f6432fec-e9c2-4b09-9e73-c46086cbd8ea,/home/izpiz/coding/automatic-raga-recognition/dataset/RagaDataset/Hindustani/features/f6432fec-e9c2-4b09-9e73-c46086cbd8ea/Kumar_Gandharv/The_Genius_Of_Pt__Kumar_Gandharv/Raga_Ahir_Bhairav_f93a15cf-8ec1-43c7-b7e3-b48f5369dee4.pitchSilIntrpPP,Raga_Ahir_Bhairav_f93a15cf-8ec1-43c7-b7e3-b48f5369dee4.pitchSilIntrpPP,.pitchsilintrppp,5175250,pitch
f6432fec-e9c2-4b09-9e73-c46086cbd8ea,/home/izpiz/coding/automatic-raga-recognition/dataset/RagaDataset/Hindustani/features/f6432fec-e9c2-4b09-9e73-c46086cbd8ea/Kumar_Gandharv/The_Genius_Of_Pt__Kumar_Gandharv/Raga_Ahir_Bhairav_f93a15cf-8ec1-43c7-b7e3-b48f5369dee4.pitch,Raga_Ahir_Bhairav_f93a15cf-8ec1-43c7-b7e3-b48f5369dee4.pitch,.pitch,2391164,pitch
f6432fec-e9c2-4b09-9e73-c46086cbd8ea,/home/izpiz/coding/automatic-raga-recognition/dataset/RagaDataset/Hindustani/features/f6432fec-e9c2-4b09-9e73-c46086cbd8ea/Kumar_Gandharva/Pt__Kumar_Gandharva-Vocal/Kaise_Manalun_Re_73b6e933-61f6-4537-98df-834e3c0e0fa6.pitchSilIntrpPP,Kaise_Manalun_Re_73b6e933-61f6-4537-98df-834e3c0e0fa6.pitchSilIntrpPP,.pitchsilintrppp,4911650,pitch
f6432fec-e9c2-4b09-9e73-c46086cbd8ea,/home/izpiz/coding/automatic-raga-recognition/dataset/RagaDataset/Hindustani/features/f6432fec-e9c2-4b09-9e73-c46086cbd8ea/Kumar_Gandharva/Pt__Kumar_Gandharva-Vocal/Kaise_Manalun_Re_73b6e933-61f6-4537-98df-834e3c0e0fa6.pitch,Kaise_Manalun_Re_73b6e933-61f6-4537-98df-834e3c0e0fa6.pitch,.pitch,2276492,pitch
f7fddfc0-8c1d-4dd2-90d5-5d51a99d61f8,/home/izpiz/coding/automatic-raga-recognition/dataset/RagaDataset/Hindustani/features/f7fddfc0-8c1d-4dd2-90d5-5d51a99d61f8/Rashid_Khan/Live_At_Sunny_Towers_Vol-2/Raga_Ragesri_72df913b-ac52-4798-990d-72e04a64bd8c.pitchSilIntrpPP,Raga_Ragesri_72df913b-ac52-4798-990d-72e04a64bd8c.pitchSilIntrpPP,.pitchsilintrppp,20888400,pitch
f7fddfc0-8c1d-4dd2-90d5-5d51a99d61f8,/home/izpiz/coding/automatic-raga-recognition/dataset/RagaDataset/Hindustani/features/f7fddfc0-8c1d-4dd2-90d5-5d51a99d61f8/Rashid_Khan/Live_At_Sunny_Towers_Vol-2/Raga_Ragesri_72df913b-ac52-4798-990d-72e04a64bd8c.pitch,Raga_Ragesri_72df913b-ac52-4798-990d-72e04a64bd8c.pitch,.pitch,10003202,pitch
f7fddfc0-8c1d-4dd2-90d5-5d51a99d61f8,/home/izpiz/coding/automatic-raga-recognition/dataset/RagaDataset/Hindustani/features/f7fddfc0-8c1d-4dd2-90d5-5d51a99d61f8/Kishori_Amonkar/Classical_Encounter/Raga_Rageshri_-_Ali_Palak_Na_Laggi_-_Teentaal__Dekho_Shyam_Geha_-_Ektaal_e79f2c5f-ceee-4402-a0d6-2c75d3055d4b.pitchSilIntrpPP,Raga_Rageshri_-_Ali_Palak_Na_Laggi_-_Teentaal__Dekho_Shyam_Geha_-_Ektaal_e79f2c5f-ceee-4402-a0d6-2c75d3055d4b.pitchSilIntrpPP,.pitchsilintrppp,27564050,pitch
f7fddfc0-8c1d-4dd2-90d5-5d51a99d61f8,/home/izpiz/coding/automatic-raga-recognition/dataset/RagaDataset/Hindustani/features/f7fddfc0-8c1d-4dd2-90d5-5d51a99d61f8/Kishori_Amonkar/Classical_Encounter/Raga_Rageshri_-_Ali_Palak_Na_Laggi_-_Teentaal__Dekho_Shyam_Geha_-_Ektaal_e79f2c5f-ceee-4402-a0d6-2c75d3055d4b.pitch,Raga_Rageshri_-_Ali_Palak_Na_Laggi_-_Teentaal__Dekho_Shyam_Geha_-_Ektaal_e79f2c5f-ceee-4402-a0d6-2c75d3055d4b.pitch,.pitch,13330569,pitch
f7fddfc0-8c1d-4dd2-90d5-5d51a99d61f8,"/home/izpiz/coding/automatic-raga-recognition/dataset/RagaDataset/Hindustani/features/f7fddfc0-8c1d-4dd2-90d5-5d51a99d61f8/Ajoy_Chakrabarty/Raag_Abhogi,_Rageshree___Khamaj/Raag_Rageshri_9a2ce15a-4b28-4d10-abc7-9e05310c2e3b.pitch",Raag_Rageshri_9a2ce15a-4b28-4d10-abc7-9e05310c2e3b.pitch,.pitch,11342089,pitch
f7fddfc0-8c1d-4dd2-90d5-5d51a99d61f8,"/home/izpiz/coding/automatic-raga-recognition/dataset/RagaDataset/Hindustani/features/f7fddfc0-8c1d-4dd2-90d5-5d51a99d61f8/Ajoy_Chakrabarty/Raag_Abhogi,_Rageshree___Khamaj/Raag_Rageshri_9a2ce15a-4b28-4d10-abc7-9e05310c2e3b.pitchSilIntrpPP",Raag_Rageshri_9a2ce15a-4b28-4d10-abc7-9e05310c2e3b.pitchSilIntrpPP,.pitchsilintrppp,23746850,pitch
f7fddfc0-8c1d-4dd2-90d5-5d51a99d61f8,/home/izpiz/coding/automatic-raga-recognition/dataset/RagaDataset/Hindustani/features/f7fddfc0-8c1d-4dd2-90d5-5d51a99d61f8/Ajoy_Chakrabarty/Geetinandan___Part-3/Raageshree_7704b0d2-eeac-47e4-ba05-c541a91eb621.pitch,Raageshree_7704b0d2-eeac-47e4-ba05-c541a91eb621.pitch,.pitch,2587726,pitch
f7fddfc0-8c1d-4dd2-90d5-5d51a99d61f8,/home/izpiz/coding/automatic-raga-recognition/dataset/RagaDataset/Hindustani/features/f7fddfc0-8c1d-4dd2-90d5-5d51a99d61f8/Ajoy_Chakrabarty/Geetinandan___Part-3/Raageshree_7704b0d2-eeac-47e4-ba05-c541a91eb621.pitchSilIntrpPP,Raageshree_7704b0d2-eeac-47e4-ba05-c541a91eb621.pitchSilIntrpPP,.pitchsilintrppp,5533500,pitch
f7fddfc0-8c1d-4dd2-90d5-5d51a99d61f8,/home/izpiz/coding/automatic-raga-recognition/dataset/RagaDataset/Hindustani/features/f7fddfc0-8c1d-4dd2-90d5-5d51a99d61f8/Sanjeev_Abhyankar/Jiyaraa/Aali_Ri_Jiyaraa_Moraa_Naahi_Chain_Paave_2fd571a1-ca82-4ca6-9c41-39c2fe31d43f.pitchSilIntrpPP,Aali_Ri_Jiyaraa_Moraa_Naahi_Chain_Paave_2fd571a1-ca82-4ca6-9c41-39c2fe31d43f.pitchSilIntrpPP,.pitchsilintrppp,12721450,pitch
f7fddfc0-8c1d-4dd2-90d5-5d51a99d61f8,/home/izpiz/coding/automatic-raga-recognition/dataset/RagaDataset/Hindustani/features/f7fddfc0-8c1d-4dd2-90d5-5d51a99d61f8/Sanjeev_Abhyankar/Jiyaraa/Aali_Ri_Jiyaraa_Moraa_Naahi_Chain_Paave_2fd571a1-ca82-4ca6-9c41-39c2fe31d43f.pitch,Aali_Ri_Jiyaraa_Moraa_Naahi_Chain_Paave_2fd571a1-ca82-4ca6-9c41-39c2fe31d43f.pitch,.pitch,5964603,pitch
f7fddfc0-8c1d-4dd2-90d5-5d51a99d61f8,/home/izpiz/coding/automatic-raga-recognition/dataset/RagaDataset/Hindustani/features/f7fddfc0-8c1d-4dd2-90d5-5d51a99d61f8/Sanjeev_Abhyankar/Jiyaraa/Saajana_Re_Jiyaa_Laagat_Naa_d2ca91e0-74d1-4c68-b7c9-4dec57ef526b.pitch,Saajana_Re_Jiyaa_Laagat_Naa_d2ca91e0-74d1-4c68-b7c9-4dec57ef526b.pitch,.pitch,1759784,pitch
f7fddfc0-8c1d-4dd2-90d5-5d51a99d61f8,/home/izpiz/coding/automatic-raga-recognition/dataset/RagaDataset/Hindustani/features/f7fddfc0-8c1d-4dd2-90d5-5d51a99d61f8/Sanjeev_Abhyankar/Jiyaraa/Saajana_Re_Jiyaa_Laagat_Naa_d2ca91e0-74d1-4c68-b7c9-4dec57ef526b.pitchSilIntrpPP,Saajana_Re_Jiyaa_Laagat_Naa_d2ca91e0-74d1-4c68-b7c9-4dec57ef526b.pitchSilIntrpPP,.pitchsilintrppp,3804900,pitch
f7fddfc0-8c1d-4dd2-90d5-5d51a99d61f8,/home/izpiz/coding/automatic-raga-recognition/dataset/RagaDataset/Hindustani/features/f7fddfc0-8c1d-4dd2-90d5-5d51a99d61f8/Kaushiki_Chakrabarty/Rageshri/Raga_Rageshri_-_Bandish_Mora_Man_Harwa_Leeno_Daiya_c9c6dedd-4e86-4e0e-a5ea-0911cd8f5814.pitchSilIntrpPP,Raga_Rageshri_-_Bandish_Mora_Man_Harwa_Leeno_Daiya_c9c6dedd-4e86-4e0e-a5ea-0911cd8f5814.pitchSilIntrpPP,.pitchsilintrppp,9904650,pitch
f7fddfc0-8c1d-4dd2-90d5-5d51a99d61f8,/home/izpiz/coding/automatic-raga-recognition/dataset/RagaDataset/Hindustani/features/f7fddfc0-8c1d-4dd2-90d5-5d51a99d61f8/Kaushiki_Chakrabarty/Rageshri/Raga_Rageshri_-_Khayal_Saban_Sukh_Deho_eb3a6211-0062-4043-bd43-c7e84da353e9.pitch,Raga_Rageshri_-_Khayal_Saban_Sukh_Deho_eb3a6211-0062-4043-bd43-c7e84da353e9.pitch,.pitch,10425873,pitch
f7fddfc0-8c1d-4dd2-90d5-5d51a99d61f8,/home/izpiz/coding/automatic-raga-recognition/dataset/RagaDataset/Hindustani/features/f7fddfc0-8c1d-4dd2-90d5-5d51a99d61f8/Kaushiki_Chakrabarty/Rageshri/Raga_Rageshri_-_Alap_adb5c888-68cb-4456-811c-f282aeee3713.pitch,Raga_Rageshri_-_Alap_adb5c888-68cb-4456-811c-f282aeee3713.pitch,.pitch,1885636,pitch
f7fddfc0-8c1d-4dd2-90d5-5d51a99d61f8,/home/izpiz/coding/automatic-raga-recognition/dataset/RagaDataset/Hindustani/features/f7fddfc0-8c1d-4dd2-90d5-5d51a99d61f8/Kaushiki_Chakrabarty/Rageshri/Raga_Rageshri_-_Alap_adb5c888-68cb-4456-811c-f282aeee3713.pitchSilIntrpPP,Raga_Rageshri_-_Alap_adb5c888-68cb-4456-811c-f282aeee3713.pitchSilIntrpPP,.pitchsilintrppp,4067050,pitch
f7fddfc0-8c1d-4dd2-90d5-5d51a99d61f8,/home/izpiz/coding/automatic-raga-recognition/dataset/RagaDataset/Hindustani/features/f7fddfc0-8c1d-4dd2-90d5-5d51a99d61f8/Kaushiki_Chakrabarty/Rageshri/Raga_Rageshri_-_Bandish_Rag_Sang_Ragini_1472bfc9-acc9-4e25-9300-7cdff8df1575.pitch,Raga_Rageshri_-_Bandish_Rag_Sang_Ragini_1472bfc9-acc9-4e25-9300-7cdff8df1575.pitch,.pitch,2620832,pitch
f7fddfc0-8c1d-4dd2-90d5-5d51a99d61f8,/home/izpiz/coding/automatic-raga-recognition/dataset/RagaDataset/Hindustani/features/f7fddfc0-8c1d-4dd2-90d5-5d51a99d61f8/Kaushiki_Chakrabarty/Rageshri/Raga_Rageshri_-_Khayal_Saban_Sukh_Deho_eb3a6211-0062-4043-bd43-c7e84da353e9.pitchSilIntrpPP,Raga_Rageshri_-_Khayal_Saban_Sukh_Deho_eb3a6211-0062-4043-bd43-c7e84da353e9.pitchSilIntrpPP,.pitchsilintrppp,21785500,pitch
f7fddfc0-8c1d-4dd2-90d5-5d51a99d61f8,/home/izpiz/coding/automatic-raga-recognition/dataset/RagaDataset/Hindustani/features/f7fddfc0-8c1d-4dd2-90d5-5d51a99d61f8/Kaushiki_Chakrabarty/Rageshri/Raga_Rageshri_-_Bandish_Rag_Sang_Ragini_1472bfc9-acc9-4e25-9300-7cdff8df1575.pitchSilIntrpPP,Raga_Rageshri_-_Bandish_Rag_Sang_Ragini_1472bfc9-acc9-4e25-9300-7cdff8df1575.pitchSilIntrpPP,.pitchsilintrppp,5606950,pitch
f7fddfc0-8c1d-4dd2-90d5-5d51a99d61f8,/home/izpiz/coding/automatic-raga-recognition/dataset/RagaDataset/Hindustani/features/f7fddfc0-8c1d-4dd2-90d5-5d51a99d61f8/Kaushiki_Chakrabarty/Rageshri/Raga_Rageshri_-_Bandish_Mora_Man_Harwa_Leeno_Daiya_c9c6dedd-4e86-4e0e-a5ea-0911cd8f5814.pitch,Raga_Rageshri_-_Bandish_Mora_Man_Harwa_Leeno_Daiya_c9c6dedd-4e86-4e0e-a5ea-0911cd8f5814.pitch,.pitch,4621943,pitch
fa28470c-d413-44c7-94da-181f530cbfdd,/home/izpiz/coding/automatic-raga-recognition/dataset/RagaDataset/Hindustani/features/fa28470c-d413-44c7-94da-181f530cbfdd/Jayateerth_Mevundi/Jayateerth_Mevundi_Classical_Vocal/Raga_Pooriya_Dhanashree_61f14196-ba50-41c9-91f8-0f42e0d6870f.pitch,Raga_Pooriya_Dhanashree_61f14196-ba50-41c9-91f8-0f42e0d6870f.pitch,.pitch,11361334,pitch
fa28470c-d413-44c7-94da-181f530cbfdd,/home/izpiz/coding/automatic-raga-recognition/dataset/RagaDataset/Hindustani/features/fa28470c-d413-44c7-94da-181f530cbfdd/Jayateerth_Mevundi/Jayateerth_Mevundi_Classical_Vocal/Raga_Pooriya_Dhanashree_61f14196-ba50-41c9-91f8-0f42e0d6870f.pitchSilIntrpPP,Raga_Pooriya_Dhanashree_61f14196-ba50-41c9-91f8-0f42e0d6870f.pitchSilIntrpPP,.pitchsilintrppp,23636950,pitch
fa28470c-d413-44c7-94da-181f530cbfdd,/home/izpiz/coding/automatic-raga-recognition/dataset/RagaDataset/Hindustani/features/fa28470c-d413-44c7-94da-181f530cbfdd/Bhimsen_Joshi/Evergreen/Paar_Karo_Araj_Suno_6939b1dc-2646-41df-a741-095bfad3360f.pitchSilIntrpPP,Paar_Karo_Araj_Suno_6939b1dc-2646-41df-a741-095bfad3360f.pitchSilIntrpPP,.pitchsilintrppp,9403850,pitch
fa28470c-d413-44c7-94da-181f530cbfdd,/home/izpiz/coding/automatic-raga-recognition/dataset/RagaDataset/Hindustani/features/fa28470c-d413-44c7-94da-181f530cbfdd/Bhimsen_Joshi/Evergreen/Paar_Karo_Araj_Suno_6939b1dc-2646-41df-a741-095bfad3360f.pitch,Paar_Karo_Araj_Suno_6939b1dc-2646-41df-a741-095bfad3360f.pitch,.pitch,4364607,pitch
fa28470c-d413-44c7-94da-181f530cbfdd,/home/izpiz/coding/automatic-raga-recognition/dataset/RagaDataset/Hindustani/features/fa28470c-d413-44c7-94da-181f530cbfdd/Bhimsen_Joshi/Shraddhanjali/Raga_Puriya_Dhanashri_62d572bc-f693-4378-b22c-03879b78ff0a.pitch,Raga_Puriya_Dhanashri_62d572bc-f693-4378-b22c-03879b78ff0a.pitch,.pitch,4361569,pitch
fa28470c-d413-44c7-94da-181f530cbfdd,/home/izpiz/coding/automatic-raga-recognition/dataset/RagaDataset/Hindustani/features/fa28470c-d413-44c7-94da-181f530cbfdd/Bhimsen_Joshi/Shraddhanjali/Raga_Puriya_Dhanashri_62d572bc-f693-4378-b22c-03879b78ff0a.pitchSilIntrpPP,Raga_Puriya_Dhanashri_62d572bc-f693-4378-b22c-03879b78ff0a.pitchSilIntrpPP,.pitchsilintrppp,9382800,pitch
fa28470c-d413-44c7-94da-181f530cbfdd,/home/izpiz/coding/automatic-raga-recognition/dataset/RagaDataset/Hindustani/features/fa28470c-d413-44c7-94da-181f530cbfdd/Girija_Devi/Classical_Encounter/Mana_Ram_Naam_Ko_Sumiran_Kar_-_Khayal_Drut_In_Teental_930ae825-111c-4dd5-b8be-de609fd5202d.pitch,Mana_Ram_Naam_Ko_Sumiran_Kar_-_Khayal_Drut_In_Teental_930ae825-111c-4dd5-b8be-de609fd5202d.pitch,.pitch,3925391,pitch
fa28470c-d413-44c7-94da-181f530cbfdd,/home/izpiz/coding/automatic-raga-recognition/dataset/RagaDataset/Hindustani/features/fa28470c-d413-44c7-94da-181f530cbfdd/Girija_Devi/Classical_Encounter/Ali_Meri_Kaun_Sune_-_Khayal_Vilambhit_In_Ektal_00f54612-09f6-4528-91f1-95e5ef191c1b.pitch,Ali_Meri_Kaun_Sune_-_Khayal_Vilambhit_In_Ektal_00f54612-09f6-4528-91f1-95e5ef191c1b.pitch,.pitch,8940104,pitch
fa28470c-d413-44c7-94da-181f530cbfdd,/home/izpiz/coding/automatic-raga-recognition/dataset/RagaDataset/Hindustani/features/fa28470c-d413-44c7-94da-181f530cbfdd/Girija_Devi/Classical_Encounter/Mana_Ram_Naam_Ko_Sumiran_Kar_-_Khayal_Drut_In_Teental_930ae825-111c-4dd5-b8be-de609fd5202d.pitchSilIntrpPP,Mana_Ram_Naam_Ko_Sumiran_Kar_-_Khayal_Drut_In_Teental_930ae825-111c-4dd5-b8be-de609fd5202d.pitchSilIntrpPP,.pitchsilintrppp,8383250,pitch
fa28470c-d413-44c7-94da-181f530cbfdd,/home/izpiz/coding/automatic-raga-recognition/dataset/RagaDataset/Hindustani/features/fa28470c-d413-44c7-94da-181f530cbfdd/Girija_Devi/Classical_Encounter/Ali_Meri_Kaun_Sune_-_Khayal_Vilambhit_In_Ektal_00f54612-09f6-4528-91f1-95e5ef191c1b.pitchSilIntrpPP,Ali_Meri_Kaun_Sune_-_Khayal_Vilambhit_In_Ektal_00f54612-09f6-4528-91f1-95e5ef191c1b.pitchSilIntrpPP,.pitchsilintrppp,18771900,pitch
fa28470c-d413-44c7-94da-181f530cbfdd,/home/izpiz/coding/automatic-raga-recognition/dataset/RagaDataset/Hindustani/features/fa28470c-d413-44c7-94da-181f530cbfdd/Gopal_Mishra/Kula_Sampada/Raga_Puriya_Dhanashree_f4ca8526-f987-4ff8-a6a4-63459ea698ae.pitchSilIntrpPP,Raga_Puriya_Dhanashree_f4ca8526-f987-4ff8-a6a4-63459ea698ae.pitchSilIntrpPP,.pitchsilintrppp,13992550,pitch
fa28470c-d413-44c7-94da-181f530cbfdd,/home/izpiz/coding/automatic-raga-recognition/dataset/RagaDataset/Hindustani/features/fa28470c-d413-44c7-94da-181f530cbfdd/Gopal_Mishra/Kula_Sampada/Raga_Puriya_Dhanashree_f4ca8526-f987-4ff8-a6a4-63459ea698ae.pitch,Raga_Puriya_Dhanashree_f4ca8526-f987-4ff8-a6a4-63459ea698ae.pitch,.pitch,6631277,pitch
fa28470c-d413-44c7-94da-181f530cbfdd,/home/izpiz/coding/automatic-raga-recognition/dataset/RagaDataset/Hindustani/features/fa28470c-d413-44c7-94da-181f530cbfdd/Jasraj/Rajan_ke_Sirtaj/Dhundhan_Jaun_and_Shyam_Murari_Banwari_8e4f28ea-6a4c-4bae-a4df-4b9af14e1bb4.pitchSilIntrpPP,Dhundhan_Jaun_and_Shyam_Murari_Banwari_8e4f28ea-6a4c-4bae-a4df-4b9af14e1bb4.pitchSilIntrpPP,.pitchsilintrppp,18696550,pitch
fa28470c-d413-44c7-94da-181f530cbfdd,/home/izpiz/coding/automatic-raga-recognition/dataset/RagaDataset/Hindustani/features/fa28470c-d413-44c7-94da-181f530cbfdd/Jasraj/Rajan_ke_Sirtaj/Dhundhan_Jaun_and_Shyam_Murari_Banwari_8e4f28ea-6a4c-4bae-a4df-4b9af14e1bb4.pitch,Dhundhan_Jaun_and_Shyam_Murari_Banwari_8e4f28ea-6a4c-4bae-a4df-4b9af14e1bb4.pitch,.pitch,8865023,pitch
fa28470c-d413-44c7-94da-181f530cbfdd,/home/izpiz/coding/automatic-raga-recognition/dataset/RagaDataset/Hindustani/features/fa28470c-d413-44c7-94da-181f530cbfdd/Sanjeev_Abhyankar/Vocal_Classical/Raga_Puriya_Dhanashri_18e8ec47-13b8-48a8-9ad5-4f9fbc901c0f.pitch,Raga_Puriya_Dhanashri_18e8ec47-13b8-48a8-9ad5-4f9fbc901c0f.pitch,.pitch,9493326,pitch
fa28470c-d413-44c7-94da-181f530cbfdd,/home/izpiz/coding/automatic-raga-recognition/dataset/RagaDataset/Hindustani/features/fa28470c-d413-44c7-94da-181f530cbfdd/Sanjeev_Abhyankar/Vocal_Classical/Raga_Puriya_Dhanashri_18e8ec47-13b8-48a8-9ad5-4f9fbc901c0f.pitchSilIntrpPP,Raga_Puriya_Dhanashri_18e8ec47-13b8-48a8-9ad5-4f9fbc901c0f.pitchSilIntrpPP,.pitchsilintrppp,19958200,pitch
fa28470c-d413-44c7-94da-181f530cbfdd,/home/izpiz/coding/automatic-raga-recognition/dataset/RagaDataset/Hindustani/features/fa28470c-d413-44c7-94da-181f530cbfdd/Kumar_Gandharv/The_Genius_Of_Pt__Kumar_Gandharv/Raga_Puriya_Dhanashri_1caf7cef-ae50-4a96-ac5b-31519ec5f839.pitch,Raga_Puriya_Dhanashri_1caf7cef-ae50-4a96-ac5b-31519ec5f839.pitch,.pitch,2002194,pitch
fa28470c-d413-44c7-94da-181f530cbfdd,/home/izpiz/coding/automatic-raga-recognition/dataset/RagaDataset/Hindustani/features/fa28470c-d413-44c7-94da-181f530cbfdd/Kumar_Gandharv/The_Genius_Of_Pt__Kumar_Gandharv/Raga_Puriya_Dhanashri_1caf7cef-ae50-4a96-ac5b-31519ec5f839.pitchSilIntrpPP,Raga_Puriya_Dhanashri_1caf7cef-ae50-4a96-ac5b-31519ec5f839.pitchSilIntrpPP,.pitchsilintrppp,4316550,pitch
fa28470c-d413-44c7-94da-181f530cbfdd,/home/izpiz/coding/automatic-raga-recognition/dataset/RagaDataset/Hindustani/features/fa28470c-d413-44c7-94da-181f530cbfdd/Kumar_Gandharva/Pt__Kumar_Gandharva-Vocal/Aajara_Din_Dooba_b8ee37d2-e864-4b2e-a79e-b38f9b22c062.pitchSilIntrpPP,Aajara_Din_Dooba_b8ee37d2-e864-4b2e-a79e-b38f9b22c062.pitchSilIntrpPP,.pitchsilintrppp,4326850,pitch
fa28470c-d413-44c7-94da-181f530cbfdd,/home/izpiz/coding/automatic-raga-recognition/dataset/RagaDataset/Hindustani/features/fa28470c-d413-44c7-94da-181f530cbfdd/Kumar_Gandharva/Pt__Kumar_Gandharva-Vocal/Aajara_Din_Dooba_b8ee37d2-e864-4b2e-a79e-b38f9b22c062.pitch,Aajara_Din_Dooba_b8ee37d2-e864-4b2e-a79e-b38f9b22c062.pitch,.pitch,2014071,pitch
063ea5a0-23b1-4bb5-8537-3d924fe8ebb3,/home/izpiz/coding/automatic-raga-recognition/dataset/RagaDataset/Hindustani/features/063ea5a0-23b1-4bb5-8537-3d924fe8ebb3/Brajeshwar_Mukherjee/Raag_Jog___Hameer/Raag_Jog_d0781259-2c63-4b35-8ca3-75c19a98e275.tonic,Raag_Jog_d0781259-2c63-4b35-8ca3-75c19a98e275.tonic,.tonic,11,tonic
063ea5a0-23b1-4bb5-8537-3d924fe8ebb3,/home/izpiz/coding/automatic-raga-recognition/dataset/RagaDataset/Hindustani/features/063ea5a0-23b1-4bb5-8537-3d924fe8ebb3/Brajeshwar_Mukherjee/Raag_Jog___Hameer/Raag_Jog_d0781259-2c63-4b35-8ca3-75c19a98e275.tonicFine,Raag_Jog_d0781259-2c63-4b35-8ca3-75c19a98e275.tonicFine,.tonicfine,25,tonic
063ea5a0-23b1-4bb5-8537-3d924fe8ebb3,/home/izpiz/coding/automatic-raga-recognition/dataset/RagaDataset/Hindustani/features/063ea5a0-23b1-4bb5-8537-3d924fe8ebb3/Girija_Devi/Diva/Raag_Jog_-_Khayal_59ebf93e-fb88-4ac1-b400-000ffbc7ae3d.tonic,Raag_Jog_-_Khayal_59ebf93e-fb88-4ac1-b400-000ffbc7ae3d.tonic,.tonic,11,tonic
063ea5a0-23b1-4bb5-8537-3d924fe8ebb3,/home/izpiz/coding/automatic-raga-recognition/dataset/RagaDataset/Hindustani/features/063ea5a0-23b1-4bb5-8537-3d924fe8ebb3/Girija_Devi/Diva/Raag_Jog_-_Khayal_59ebf93e-fb88-4ac1-b400-000ffbc7ae3d.tonicFine,Raag_Jog_-_Khayal_59ebf93e-fb88-4ac1-b400-000ffbc7ae3d.tonicFine,.tonicfine,25,tonic
063ea5a0-23b1-4bb5-8537-3d924fe8ebb3,/home/izpiz/coding/automatic-raga-recognition/dataset/RagaDataset/Hindustani/features/063ea5a0-23b1-4bb5-8537-3d924fe8ebb3/Ajoy_Chakrabarty/Raag_Kedar___Jog/Raag_Jog_566d6c64-ae66-45e7-9f91-e33cd6c0f18f.tonicFine,Raag_Jog_566d6c64-ae66-45e7-9f91-e33cd6c0f18f.tonicFine,.tonicfine,25,tonic
063ea5a0-23b1-4bb5-8537-3d924fe8ebb3,/home/izpiz/coding/automatic-raga-recognition/dataset/RagaDataset/Hindustani/features/063ea5a0-23b1-4bb5-8537-3d924fe8ebb3/Ajoy_Chakrabarty/Raag_Kedar___Jog/Raag_Jog_566d6c64-ae66-45e7-9f91-e33cd6c0f18f.tonic,Raag_Jog_566d6c64-ae66-45e7-9f91-e33cd6c0f18f.tonic,.tonic,11,tonic
063ea5a0-23b1-4bb5-8537-3d924fe8ebb3,/home/izpiz/coding/automatic-raga-recognition/dataset/RagaDataset/Hindustani/features/063ea5a0-23b1-4bb5-8537-3d924fe8ebb3/Kaustuv_Kanti_Ganguli/Raag_Jog___Kirwani_Bhajan/Raag_Jog_99dcaebe-ab49-4fa3-ab6c-a9458143af8e.tonicFine,Raag_Jog_99dcaebe-ab49-4fa3-ab6c-a9458143af8e.tonicFine,.tonicfine,25,tonic
063ea5a0-23b1-4bb5-8537-3d924fe8ebb3,/home/izpiz/coding/automatic-raga-recognition/dataset/RagaDataset/Hindustani/features/063ea5a0-23b1-4bb5-8537-3d924fe8ebb3/Kaustuv_Kanti_Ganguli/Raag_Jog___Kirwani_Bhajan/Raag_Jog_99dcaebe-ab49-4fa3-ab6c-a9458143af8e.tonic,Raag_Jog_99dcaebe-ab49-4fa3-ab6c-a9458143af8e.tonic,.tonic,11,tonic
063ea5a0-23b1-4bb5-8537-3d924fe8ebb3,/home/izpiz/coding/automatic-raga-recognition/dataset/RagaDataset/Hindustani/features/063ea5a0-23b1-4bb5-8537-3d924fe8ebb3/Jasraj/Devataa/Alaap_And_Stuti_-_Raag_Jog_86d7779a-1610-4514-83a6-883997250abe.tonicFine,Alaap_And_Stuti_-_Raag_Jog_86d7779a-1610-4514-83a6-883997250abe.tonicFine,.tonicfine,25,tonic
063ea5a0-23b1-4bb5-8537-3d924fe8ebb3,/home/izpiz/coding/automatic-raga-recognition/dataset/RagaDataset/Hindustani/features/063ea5a0-23b1-4bb5-8537-3d924fe8ebb3/Jasraj/Devataa/Bandish_In_Drut_Teentaal_-_Raag_Jog_c02f714f-e4e6-4da6-af07-cea8a03c0e5c.tonicFine,Bandish_In_Drut_Teentaal_-_Raag_Jog_c02f714f-e4e6-4da6-af07-cea8a03c0e5c.tonicFine,.tonicfine,25,tonic
063ea5a0-23b1-4bb5-8537-3d924fe8ebb3,/home/izpiz/coding/automatic-raga-recognition/dataset/RagaDataset/Hindustani/features/063ea5a0-23b1-4bb5-8537-3d924fe8ebb3/Jasraj/Devataa/Bandish_In_Vlambit_Ektaal_-_Raag_Jog_3f66f0dc-73b7-48c4-8ad7-1f1a7dacd8bb.tonic,Bandish_In_Vlambit_Ektaal_-_Raag_Jog_3f66f0dc-73b7-48c4-8ad7-1f1a7dacd8bb.tonic,.tonic,11,tonic
063ea5a0-23b1-4bb5-8537-3d924fe8ebb3,/home/izpiz/coding/automatic-raga-recognition/dataset/RagaDataset/Hindustani/features/063ea5a0-23b1-4bb5-8537-3d924fe8ebb3/Jasraj/Devataa/Alaap_And_Stuti_-_Raag_Jog_86d7779a-1610-4514-83a6-883997250abe.tonic,Alaap_And_Stuti_-_Raag_Jog_86d7779a-1610-4514-83a6-883997250abe.tonic,.tonic,11,tonic
063ea5a0-23b1-4bb5-8537-3d924fe8ebb3,/home/izpiz/coding/automatic-raga-recognition/dataset/RagaDataset/Hindustani/features/063ea5a0-23b1-4bb5-8537-3d924fe8ebb3/Jasraj/Devataa/Bandish_In_Drut_Teentaal_-_Raag_Jog_c02f714f-e4e6-4da6-af07-cea8a03c0e5c.tonic,Bandish_In_Drut_Teentaal_-_Raag_Jog_c02f714f-e4e6-4da6-af07-cea8a03c0e5c.tonic,.tonic,11,tonic
063ea5a0-23b1-4bb5-8537-3d924fe8ebb3,/home/izpiz/coding/automatic-raga-recognition/dataset/RagaDataset/Hindustani/features/063ea5a0-23b1-4bb5-8537-3d924fe8ebb3/Jasraj/Devataa/Bandish_In_Vlambit_Ektaal_-_Raag_Jog_3f66f0dc-73b7-48c4-8ad7-1f1a7dacd8bb.tonicFine,Bandish_In_Vlambit_Ektaal_-_Raag_Jog_3f66f0dc-73b7-48c4-8ad7-1f1a7dacd8bb.tonicFine,.tonicfine,25,tonic
063ea5a0-23b1-4bb5-8537-3d924fe8ebb3,/home/izpiz/coding/automatic-raga-recognition/dataset/RagaDataset/Hindustani/features/063ea5a0-23b1-4bb5-8537-3d924fe8ebb3/Amir_Khan/From_The_Archives_Of_Sangeet_Natak_Akademi/Raga_Jog_7a383e3f-b0a6-4aca-92df-e53c3d928a2d.tonic,Raga_Jog_7a383e3f-b0a6-4aca-92df-e53c3d928a2d.tonic,.tonic,4,tonic
063ea5a0-23b1-4bb5-8537-3d924fe8ebb3,/home/izpiz/coding/automatic-raga-recognition/dataset/RagaDataset/Hindustani/features/063ea5a0-23b1-4bb5-8537-3d924fe8ebb3/Amir_Khan/From_The_Archives_Of_Sangeet_Natak_Akademi/Raga_Jog_7a383e3f-b0a6-4aca-92df-e53c3d928a2d.tonicFine,Raga_Jog_7a383e3f-b0a6-4aca-92df-e53c3d928a2d.tonicFine,.tonicfine,25,tonic
063ea5a0-23b1-4bb5-8537-3d924fe8ebb3,/home/izpiz/coding/automatic-raga-recognition/dataset/RagaDataset/Hindustani/features/063ea5a0-23b1-4bb5-8537-3d924fe8ebb3/Madhup_Mudgal/Eternal_Music/Raga_Jog_baea9093-d2c8-4529-8bc8-02ce7554c555.tonic,Raga_Jog_baea9093-d2c8-4529-8bc8-02ce7554c555.tonic,.tonic,11,tonic
063ea5a0-23b1-4bb5-8537-3d924fe8ebb3,/home/izpiz/coding/automatic-raga-recognition/dataset/RagaDataset/Hindustani/features/063ea5a0-23b1-4bb5-8537-3d924fe8ebb3/Madhup_Mudgal/Eternal_Music/Raga_Jog_baea9093-d2c8-4529-8bc8-02ce7554c555.tonicFine,Raga_Jog_baea9093-d2c8-4529-8bc8-02ce7554c555.tonicFine,.tonicfine,25,tonic
063ea5a0-23b1-4bb5-8537-3d924fe8ebb3,/home/izpiz/coding/automatic-raga-recognition/dataset/RagaDataset/Hindustani/features/063ea5a0-23b1-4bb5-8537-3d924fe8ebb3/Shrinivas_Joshi/Swarakruti/Raga_Jog_a7f6551d-9696-4713-becb-b22acf71a7db.tonicFine,Raga_Jog_a7f6551d-9696-4713-becb-b22acf71a7db.tonicFine,.tonicfine,25,tonic
063ea5a0-23b1-4bb5-8537-3d924fe8ebb3,/home/izpiz/coding/automatic-raga-recognition/dataset/RagaDataset/Hindustani/features/063ea5a0-23b1-4bb5-8537-3d924fe8ebb3/Shrinivas_Joshi/Swarakruti/Raga_Jog_a7f6551d-9696-4713-becb-b22acf71a7db.tonic,Raga_Jog_a7f6551d-9696-4713-becb-b22acf71a7db.tonic,.tonic,11,tonic
0b3bbf97-0ec3-41da-add4-722d87329ec3,/home/izpiz/coding/automatic-raga-recognition/dataset/RagaDataset/Hindustani/features/0b3bbf97-0ec3-41da-add4-722d87329ec3/Kaustuv_Kanti_Ganguli/Hindustani_Alaps/Raag_Madhukauns_89224046-f086-4530-b2a3-70f9ae697faf.tonic,Raag_Madhukauns_89224046-f086-4530-b2a3-70f9ae697faf.tonic,.tonic,10,tonic
0b3bbf97-0ec3-41da-add4-722d87329ec3,/home/izpiz/coding/automatic-raga-recognition/dataset/RagaDataset/Hindustani/features/0b3bbf97-0ec3-41da-add4-722d87329ec3/Kaustuv_Kanti_Ganguli/Hindustani_Alaps/Raag_Madhukauns_89224046-f086-4530-b2a3-70f9ae697faf.tonicFine,Raag_Madhukauns_89224046-f086-4530-b2a3-70f9ae697faf.tonicFine,.tonicfine,25,tonic
0b3bbf97-0ec3-41da-add4-722d87329ec3,/home/izpiz/coding/automatic-raga-recognition/dataset/RagaDataset/Hindustani/features/0b3bbf97-0ec3-41da-add4-722d87329ec3/Amir_Khan/The_Great_Heritage__Ustad_Amir_Khan/02_RAGA_-_MADHUKAUNS-_BAIRANBHAI_RAIN_57db6960-6038-4b48-b22f-a10d22752767.tonicFine,02_RAGA_-_MADHUKAUNS-_BAIRANBHAI_RAIN_57db6960-6038-4b48-b22f-a10d22752767.tonicFine,.tonicfine,25,tonic
0b3bbf97-0ec3-41da-add4-722d87329ec3,/home/izpiz/coding/automatic-raga-recognition/dataset/RagaDataset/Hindustani/features/0b3bbf97-0ec3-41da-add4-722d87329ec3/Amir_Khan/The_Great_Heritage__Ustad_Amir_Khan/02_RAGA_-_MADHUKAUNS-_BAIRANBHAI_RAIN_57db6960-6038-4b48-b22f-a10d22752767.tonic,02_RAGA_-_MADHUKAUNS-_BAIRANBHAI_RAIN_57db6960-6038-4b48-b22f-a10d22752767.tonic,.tonic,11,tonic
0b3bbf97-0ec3-41da-add4-722d87329ec3,/home/izpiz/coding/automatic-raga-recognition/dataset/RagaDataset/Hindustani/features/0b3bbf97-0ec3-41da-add4-722d87329ec3/Prabha_Atre/Madhukauns/Tarana_Drut_Ektal_1174dd02-87d2-4be3-bae1-d222b8a5f5a4.tonicFine,Tarana_Drut_Ektal_1174dd02-87d2-4be3-bae1-d222b8a5f5a4.tonicFine,.tonicfine,25,tonic
0b3bbf97-0ec3-41da-add4-722d87329ec3,/home/izpiz/coding/automatic-raga-recognition/dataset/RagaDataset/Hindustani/features/0b3bbf97-0ec3-41da-add4-722d87329ec3/Prabha_Atre/Madhukauns/Binati_Suno_Mori_6c0c6e87-c78c-44df-8955-3595575a06a7.tonicFine,Binati_Suno_Mori_6c0c6e87-c78c-44df-8955-3595575a06a7.tonicFine,.tonicfine,25,tonic
0b3bbf97-0ec3-41da-add4-722d87329ec3,/home/izpiz/coding/automatic-raga-recognition/dataset/RagaDataset/Hindustani/features/0b3bbf97-0ec3-41da-add4-722d87329ec3/Prabha_Atre/Madhukauns/Binati_Suno_Mori_6c0c6e87-c78c-44df-8955-3595575a06a7.tonic,Binati_Suno_Mori_6c0c6e87-c78c-44df-8955-3595575a06a7.tonic,.tonic,11,tonic
0b3bbf97-0ec3-41da-add4-722d87329ec3,/home/izpiz/coding/automatic-raga-recognition/dataset/RagaDataset/Hindustani/features/0b3bbf97-0ec3-41da-add4-722d87329ec3/Prabha_Atre/Madhukauns/Tarana_Drut_Ektal_1174dd02-87d2-4be3-bae1-d222b8a5f5a4.tonic,Tarana_Drut_Ektal_1174dd02-87d2-4be3-bae1-d222b8a5f5a4.tonic,.tonic,11,tonic
0b3bbf97-0ec3-41da-add4-722d87329ec3,/home/izpiz/coding/automatic-raga-recognition/dataset/RagaDataset/Hindustani/features/0b3bbf97-0ec3-41da-add4-722d87329ec3/Vasantrao_Deshpande/Dr__Vasant_Rao_Deshpande_(Compilation)/Dekho_Daras_Mohe_Ram__Aaja_Re_Aaja_Patikva_-_Khayal_1972_a0052c33-34b7-4e68-9dcd-121410c6ce36.tonicFine,Dekho_Daras_Mohe_Ram__Aaja_Re_Aaja_Patikva_-_Khayal_1972_a0052c33-34b7-4e68-9dcd-121410c6ce36.tonicFine,.tonicfine,25,tonic
0b3bbf97-0ec3-41da-add4-722d87329ec3,/home/izpiz/coding/automatic-raga-recognition/dataset/RagaDataset/Hindustani/features/0b3bbf97-0ec3-41da-add4-722d87329ec3/Vasantrao_Deshpande/Dr__Vasant_Rao_Deshpande_(Compilation)/Dekho_Daras_Mohe_Ram__Aaja_Re_Aaja_Patikva_-_Khayal_1972_a0052c33-34b7-4e68-9dcd-121410c6ce36.tonic,Dekho_Daras_Mohe_Ram__Aaja_Re_Aaja_Patikva_-_Khayal_1972_a0052c33-34b7-4e68-9dcd-121410c6ce36.tonic,.tonic,11,tonic
0b3bbf97-0ec3-41da-add4-722d87329ec3,/home/izpiz/coding/automatic-raga-recognition/dataset/RagaDataset/Hindustani/features/0b3bbf97-0ec3-41da-add4-722d87329ec3/Aarti_Anklikar_Tikekar/Ragamala/Madhukaunse_Raga_7084ac88-542c-4e84-8eda-dc9735201d18.tonic,Madhukaunse_Raga_7084ac88-542c-4e84-8eda-dc9735201d18.tonic,.tonic,11,tonic
0b3bbf97-0ec3-41da-add4-722d87329ec3,/home/izpiz/coding/automatic-raga-recognition/dataset/RagaDataset/Hindustani/features/0b3bbf97-0ec3-41da-add4-722d87329ec3/Aarti_Anklikar_Tikekar/Ragamala/Madhukaunse_Raga_7084ac88-542c-4e84-8eda-dc9735201d18.tonicFine,Madhukaunse_Raga_7084ac88-542c-4e84-8eda-dc9735201d18.tonicFine,.tonicfine,25,tonic
0b3bbf97-0ec3-41da-add4-722d87329ec3,/home/izpiz/coding/automatic-raga-recognition/dataset/RagaDataset/Hindustani/features/0b3bbf97-0ec3-41da-add4-722d87329ec3/Veena_Sahasrabuddhe/Bandish_Vol-1/Aajao_Shyam_31bc8850-a7cb-4a9f-bb4f-863e0e88728f.tonic,Aajao_Shyam_31bc8850-a7cb-4a9f-bb4f-863e0e88728f.tonic,.tonic,11,tonic
0b3bbf97-0ec3-41da-add4-722d87329ec3,/home/izpiz/coding/automatic-raga-recognition/dataset/RagaDataset/Hindustani/features/0b3bbf97-0ec3-41da-add4-722d87329ec3/Veena_Sahasrabuddhe/Bandish_Vol-1/Aajao_Shyam_31bc8850-a7cb-4a9f-bb4f-863e0e88728f.tonicFine,Aajao_Shyam_31bc8850-a7cb-4a9f-bb4f-863e0e88728f.tonicFine,.tonicfine,25,tonic
0b3bbf97-0ec3-41da-add4-722d87329ec3,/home/izpiz/coding/automatic-raga-recognition/dataset/RagaDataset/Hindustani/features/0b3bbf97-0ec3-41da-add4-722d87329ec3/Veena_Sahasrabuddhe/Bandish_Vol-1/Alap_-_Raga_Madhukauns_a5b15aae-c911-4df5-944d-1d0d95b8b5b0.tonic,Alap_-_Raga_Madhukauns_a5b15aae-c911-4df5-944d-1d0d95b8b5b0.tonic,.tonic,11,tonic
0b3bbf97-0ec3-41da-add4-722d87329ec3,/home/izpiz/coding/automatic-raga-recognition/dataset/RagaDataset/Hindustani/features/0b3bbf97-0ec3-41da-add4-722d87329ec3/Veena_Sahasrabuddhe/Bandish_Vol-1/Alap_-_Raga_Madhukauns_a5b15aae-c911-4df5-944d-1d0d95b8b5b0.tonicFine,Alap_-_Raga_Madhukauns_a5b15aae-c911-4df5-944d-1d0d95b8b5b0.tonicFine,.tonicfine,25,tonic
0b3bbf97-0ec3-41da-add4-722d87329ec3,/home/izpiz/coding/automatic-raga-recognition/dataset/RagaDataset/Hindustani/features/0b3bbf97-0ec3-41da-add4-722d87329ec3/Veena_Sahasrabuddhe/Ritu_Chakra_Vol_1/Raga_Madhukauns_c35ea067-d200-40b6-ad61-241b206c97ed.tonic,Raga_Madhukauns_c35ea067-d200-40b6-ad61-241b206c97ed.tonic,.tonic,11,tonic
0b3bbf97-0ec3-41da-add4-722d87329ec3,/home/izpiz/coding/automatic-raga-recognition/dataset/RagaDataset/Hindustani/features/0b3bbf97-0ec3-41da-add4-722d87329ec3/Veena_Sahasrabuddhe/Ritu_Chakra_Vol_1/Raga_Madhukauns_c35ea067-d200-40b6-ad61-241b206c97ed.tonicFine,Raga_Madhukauns_c35ea067-d200-40b6-ad61-241b206c97ed.tonicFine,.tonicfine,25,tonic
0b3bbf97-0ec3-41da-add4-722d87329ec3,/home/izpiz/coding/automatic-raga-recognition/dataset/RagaDataset/Hindustani/features/0b3bbf97-0ec3-41da-add4-722d87329ec3/Jagdish_Prasad/Jewel_of_Jewels/Raga_Madhukosh_e516312d-00c4-4ccc-8875-9c84f0f30207.tonicFine,Raga_Madhukosh_e516312d-00c4-4ccc-8875-9c84f0f30207.tonicFine,.tonicfine,25,tonic
0b3bbf97-0ec3-41da-add4-722d87329ec3,/home/izpiz/coding/automatic-raga-recognition/dataset/RagaDataset/Hindustani/features/0b3bbf97-0ec3-41da-add4-722d87329ec3/Jagdish_Prasad/Jewel_of_Jewels/Raga_Madhukosh_e516312d-00c4-4ccc-8875-9c84f0f30207.tonic,Raga_Madhukosh_e516312d-00c4-4ccc-8875-9c84f0f30207.tonic,.tonic,11,tonic
118401e7-8de8-4d81-9d8e-8070889e3fa8,/home/izpiz/coding/automatic-raga-recognition/dataset/RagaDataset/Hindustani/features/118401e7-8de8-4d81-9d8e-8070889e3fa8/Ajay_Pohankar/Mehfil/Raag_Darbari_f5a6ba75-7be0-4a67-b1c3-3e49b060d384.tonic,Raag_Darbari_f5a6ba75-7be0-4a67-b1c3-3e49b060d384.tonic,.tonic,11,tonic
118401e7-8de8-4d81-9d8e-8070889e3fa8,/home/izpiz/coding/automatic-raga-recognition/dataset/RagaDataset/Hindustani/features/118401e7-8de8-4d81-9d8e-8070889e3fa8/Ajay_Pohankar/Mehfil/Raag_Darbari_f5a6ba75-7be0-4a67-b1c3-3e49b060d384.tonicFine,Raag_Darbari_f5a6ba75-7be0-4a67-b1c3-3e49b060d384.tonicFine,.tonicfine,25,tonic
118401e7-8de8-4d81-9d8e-8070889e3fa8,/home/izpiz/coding/automatic-raga-recognition/dataset/RagaDataset/Hindustani/features/118401e7-8de8-4d81-9d8e-8070889e3fa8/Bade_Ghulam_Ali_Khan/Ustad_Bade_Ghulam_Ali_Khan/Raga_Darbari_Kanada_98e14bae-50ae-4c9b-bb39-693ef89fc5b2.tonic,Raga_Darbari_Kanada_98e14bae-50ae-4c9b-bb39-693ef89fc5b2.tonic,.tonic,11,tonic
118401e7-8de8-4d81-9d8e-8070889e3fa8,/home/izpiz/coding/automatic-raga-recognition/dataset/RagaDataset/Hindustani/features/118401e7-8de8-4d81-9d8e-8070889e3fa8/Bade_Ghulam_Ali_Khan/Ustad_Bade_Ghulam_Ali_Khan/Raga_Darbari_Kanada_98e14bae-50ae-4c9b-bb39-693ef89fc5b2.tonicFine,Raga_Darbari_Kanada_98e14bae-50ae-4c9b-bb39-693ef89fc5b2.tonicFine,.tonicfine,25,tonic
118401e7-8de8-4d81-9d8e-8070889e3fa8,/home/izpiz/coding/automatic-raga-recognition/dataset/RagaDataset/Hindustani/features/118401e7-8de8-4d81-9d8e-8070889e3fa8/Jayateerth_Mevundi/Jayateerth_Mevundi_Classical_Vocal/Raga_Darbari_Kanada_b0434093-2d8b-4c8d-aaa8-7fb44bd1ce0e.tonicFine,Raga_Darbari_Kanada_b0434093-2d8b-4c8d-aaa8-7fb44bd1ce0e.tonicFine,.tonicfine,25,tonic
118401e7-8de8-4d81-9d8e-8070889e3fa8,/home/izpiz/coding/automatic-raga-recognition/dataset/RagaDataset/Hindustani/features/118401e7-8de8-4d81-9d8e-8070889e3fa8/Jayateerth_Mevundi/Jayateerth_Mevundi_Classical_Vocal/Raga_Darbari_Kanada_b0434093-2d8b-4c8d-aaa8-7fb44bd1ce0e.tonic,Raga_Darbari_Kanada_b0434093-2d8b-4c8d-aaa8-7fb44bd1ce0e.tonic,.tonic,11,tonic
118401e7-8de8-4d81-9d8e-8070889e3fa8,/home/izpiz/coding/automatic-raga-recognition/dataset/RagaDataset/Hindustani/features/118401e7-8de8-4d81-9d8e-8070889e3fa8/Jayateerth_Mevundi/Raag_Darbari__Rendition_of_Late_Evening_Raga/Raag_Darbari_7ee9570e-7f04-4f1c-819a-ec044318e15c.tonic,Raag_Darbari_7ee9570e-7f04-4f1c-819a-ec044318e15c.tonic,.tonic,11,tonic
118401e7-8de8-4d81-9d8e-8070889e3fa8,/home/izpiz/coding/automatic-raga-recognition/dataset/RagaDataset/Hindustani/features/118401e7-8de8-4d81-9d8e-8070889e3fa8/Jayateerth_Mevundi/Raag_Darbari__Rendition_of_Late_Evening_Raga/Raag_Darbari_7ee9570e-7f04-4f1c-819a-ec044318e15c.tonicFine,Raag_Darbari_7ee9570e-7f04-4f1c-819a-ec044318e15c.tonicFine,.tonicfine,25,tonic
118401e7-8de8-4d81-9d8e-8070889e3fa8,/home/izpiz/coding/automatic-raga-recognition/dataset/RagaDataset/Hindustani/features/118401e7-8de8-4d81-9d8e-8070889e3fa8/Rashid_Khan/The_Genius_Of_Ustad_Rashid_Khan/Raga_Darbari_Kanada_-_Vilambit_Khayal_In_Ek_Iaal_-_Drut_Khayal_In_Teen_Taal_01df0bee-b090-4b1d-bbdc-84e1c436635b.tonic,Raga_Darbari_Kanada_-_Vilambit_Khayal_In_Ek_Iaal_-_Drut_Khayal_In_Teen_Taal_01df0bee-b090-4b1d-bbdc-84e1c436635b.tonic,.tonic,11,tonic
118401e7-8de8-4d81-9d8e-8070889e3fa8,/home/izpiz/coding/automatic-raga-recognition/dataset/RagaDataset/Hindustani/features/118401e7-8de8-4d81-9d8e-8070889e3fa8/Rashid_Khan/The_Genius_Of_Ustad_Rashid_Khan/Raga_Darbari_Kanada_-_Vilambit_Khayal_In_Ek_Iaal_-_Drut_Khayal_In_Teen_Taal_01df0bee-b090-4b1d-bbdc-84e1c436635b.tonicFine,Raga_Darbari_Kanada_-_Vilambit_Khayal_In_Ek_Iaal_-_Drut_Khayal_In_Teen_Taal_01df0bee-b090-4b1d-bbdc-84e1c436635b.tonicFine,.tonicfine,25,tonic
118401e7-8de8-4d81-9d8e-8070889e3fa8,/home/izpiz/coding/automatic-raga-recognition/dataset/RagaDataset/Hindustani/features/118401e7-8de8-4d81-9d8e-8070889e3fa8/Rashid_Khan/One___Only_Rashid/Bandish_in_Raag_Darbari_8d01b397-5d3f-4fdd-8c9a-a8a3a4e18709.tonicFine,Bandish_in_Raag_Darbari_8d01b397-5d3f-4fdd-8c9a-a8a3a4e18709.tonicFine,.tonicfine,25,tonic
118401e7-8de8-4d81-9d8e-8070889e3fa8,/home/izpiz/coding/automatic-raga-recognition/dataset/RagaDataset/Hindustani/features/118401e7-8de8-4d81-9d8e-8070889e3fa8/Rashid_Khan/One___Only_Rashid/Bandish_in_Raag_Darbari_8d01b397-5d3f-4fdd-8c9a-a8a3a4e18709.tonic,Bandish_in_Raag_Darbari_8d01b397-5d3f-4fdd-8c9a-a8a3a4e18709.tonic,.tonic,10,tonic
118401e7-8de8-4d81-9d8e-8070889e3fa8,/home/izpiz/coding/automatic-raga-recognition/dataset/RagaDataset/Hindustani/features/118401e7-8de8-4d81-9d8e-8070889e3fa8/Ulhas_Kashalkar/Mellow_Moods/Raga_-_Darbari_Kanada_91bbdaa0-551d-454b-97f3-67c89c72f8d5.tonic,Raga_-_Darbari_Kanada_91bbdaa0-551d-454b-97f3-67c89c72f8d5.tonic,.tonic,11,tonic
118401e7-8de8-4d81-9d8e-8070889e3fa8,/home/izpiz/coding/automatic-raga-recognition/dataset/RagaDataset/Hindustani/features/118401e7-8de8-4d81-9d8e-8070889e3fa8/Ulhas_Kashalkar/Mellow_Moods/Raga_-_Darbari_Kanada_91bbdaa0-551d-454b-97f3-67c89c72f8d5.tonicFine,Raga_-_Darbari_Kanada_91bbdaa0-551d-454b-97f3-67c89c72f8d5.tonicFine,.tonicfine,25,tonic
118401e7-8de8-4d81-9d8e-8070889e3fa8,/home/izpiz/coding/automatic-raga-recognition/dataset/RagaDataset/Hindustani/features/118401e7-8de8-4d81-9d8e-8070889e3fa8/Jasraj/Legends__Sangeet_Martand_Pandit_Jasraj_(Vol__5)/Raga_-_Darbari_6e4dea78-ec22-479a-9e3c-c253a6deba7c.tonic,Raga_-_Darbari_6e4dea78-ec22-479a-9e3c-c253a6deba7c.tonic,.tonic,10,tonic
118401e7-8de8-4d81-9d8e-8070889e3fa8,/home/izpiz/coding/automatic-raga-recognition/dataset/RagaDataset/Hindustani/features/118401e7-8de8-4d81-9d8e-8070889e3fa8/Jasraj/Legends__Sangeet_Martand_Pandit_Jasraj_(Vol__5)/Raga_-_Darbari_6e4dea78-ec22-479a-9e3c-c253a6deba7c.tonicFine,Raga_-_Darbari_6e4dea78-ec22-479a-9e3c-c253a6deba7c.tonicFine,.tonicfine,25,tonic
118401e7-8de8-4d81-9d8e-8070889e3fa8,/home/izpiz/coding/automatic-raga-recognition/dataset/RagaDataset/Hindustani/features/118401e7-8de8-4d81-9d8e-8070889e3fa8/Madhup_Mudgal/Eternal_Music/Raga_Darbari_Kanhada_1f5947f8-e4b8-47e4-86a6-8a817dbf8554.tonic,Raga_Darbari_Kanhada_1f5947f8-e4b8-47e4-86a6-8a817dbf8554.tonic,.tonic,11,tonic
118401e7-8de8-4d81-9d8e-8070889e3fa8,/home/izpiz/coding/automatic-raga-recognition/dataset/RagaDataset/Hindustani/features/118401e7-8de8-4d81-9d8e-8070889e3fa8/Madhup_Mudgal/Eternal_Music/Raga_Darbari_Kanhada_1f5947f8-e4b8-47e4-86a6-8a817dbf8554.tonicFine,Raga_Darbari_Kanhada_1f5947f8-e4b8-47e4-86a6-8a817dbf8554.tonicFine,.tonicfine,25,tonic
118401e7-8de8-4d81-9d8e-8070889e3fa8,/home/izpiz/coding/automatic-raga-recognition/dataset/RagaDataset/Hindustani/features/118401e7-8de8-4d81-9d8e-8070889e3fa8/Ghulam_Mustafa_Khan/Timeless/Darbari_Kanada_f5cb8fde-2483-407c-896e-1d5a777aac2e.tonic,Darbari_Kanada_f5cb8fde-2483-407c-896e-1d5a777aac2e.tonic,.tonic,11,tonic
118401e7-8de8-4d81-9d8e-8070889e3fa8,/home/izpiz/coding/automatic-raga-recognition/dataset/RagaDataset/Hindustani/features/118401e7-8de8-4d81-9d8e-8070889e3fa8/Ghulam_Mustafa_Khan/Timeless/Darbari_Kanada_f5cb8fde-2483-407c-896e-1d5a777aac2e.tonicFine,Darbari_Kanada_f5cb8fde-2483-407c-896e-1d5a777aac2e.tonicFine,.tonicfine,25,tonic
1b05a564-059f-445b-b325-cf26318367e3,/home/izpiz/coding/automatic-raga-recognition/dataset/RagaDataset/Hindustani/features/1b05a564-059f-445b-b325-cf26318367e3/Rashid_Khan/One___Only_Rashid/Bijuri_Chamake_Barase_916fd45f-ddda-49e2-be63-207fc56a411e.tonic,Bijuri_Chamake_Barase_916fd45f-ddda-49e2-be63-207fc56a411e.tonic,.tonic,11,tonic
1b05a564-059f-445b-b325-cf26318367e3,/home/izpiz/coding/automatic-raga-recognition/dataset/RagaDataset/Hindustani/features/1b05a564-059f-445b-b325-cf26318367e3/Rashid_Khan/One___Only_Rashid/Bijuri_Chamake_Barase_916fd45f-ddda-49e2-be63-207fc56a411e.tonicFine,Bijuri_Chamake_Barase_916fd45f-ddda-49e2-be63-207fc56a411e.tonicFine,.tonicfine,25,tonic
1b05a564-059f-445b-b325-cf26318367e3,/home/izpiz/coding/automatic-raga-recognition/dataset/RagaDataset/Hindustani/features/1b05a564-059f-445b-b325-cf26318367e3/Bhimsen_Joshi/Raagadhiraj/Kareem_Naam_and_At_Ghumar_Aayi_Badariya_37686ac1-797f-44f5-a3c9-5e8690beb8ec.tonicFine,Kareem_Naam_and_At_Ghumar_Aayi_Badariya_37686ac1-797f-44f5-a3c9-5e8690beb8ec.tonicFine,.tonicfine,25,tonic
1b05a564-059f-445b-b325-cf26318367e3,/home/izpiz/coding/automatic-raga-recognition/dataset/RagaDataset/Hindustani/features/1b05a564-059f-445b-b325-cf26318367e3/Bhimsen_Joshi/Raagadhiraj/Kareem_Naam_and_At_Ghumar_Aayi_Badariya_37686ac1-797f-44f5-a3c9-5e8690beb8ec.tonic,Kareem_Naam_and_At_Ghumar_Aayi_Badariya_37686ac1-797f-44f5-a3c9-5e8690beb8ec.tonic,.tonic,11,tonic
1b05a564-059f-445b-b325-cf26318367e3,/home/izpiz/coding/automatic-raga-recognition/dataset/RagaDataset/Hindustani/features/1b05a564-059f-445b-b325-cf26318367e3/Bhimsen_Joshi/Naad_Brahma_-_The_Eternal_Voice_Volume_1/Raga_Mian_Ki_Malhar_-_Vilambit_Khayal_In_Ektaal_9cb37475-852e-4f7c-81c6-78824d08b839.tonicFine,Raga_Mian_Ki_Malhar_-_Vilambit_Khayal_In_Ektaal_9cb37475-852e-4f7c-81c6-78824d08b839.tonicFine,.tonicfine,25,tonic
1b05a564-059f-445b-b325-cf26318367e3,/home/izpiz/coding/automatic-raga-recognition/dataset/RagaDataset/Hindustani/features/1b05a564-059f-445b-b325-cf26318367e3/Bhimsen_Joshi/Naad_Brahma_-_The_Eternal_Voice_Volume_1/Raga_Mian_Ki_Malhar_-_Vilambit_Khayal_In_Ektaal_9cb37475-852e-4f7c-81c6-78824d08b839.tonic,Raga_Mian_Ki_Malhar_-_Vilambit_Khayal_In_Ektaal_9cb37475-852e-4f7c-81c6-78824d08b839.tonic,.tonic,11,tonic
1b05a564-059f-445b-b325-cf26318367e3,/home/izpiz/coding/automatic-raga-recognition/dataset/RagaDataset/Hindustani/features/1b05a564-059f-445b-b325-cf26318367e3/C_R_Vyas/Legends_Forever/Raga_Mian_Malhar_-_Vilambit_9010c587-1419-425c-966c-cfbb6b80891f.tonic,Raga_Mian_Malhar_-_Vilambit_9010c587-1419-425c-966c-cfbb6b80891f.tonic,.tonic,11,tonic
1b05a564-059f-445b-b325-cf26318367e3,/home/izpiz/coding/automatic-raga-recognition/dataset/RagaDataset/Hindustani/features/1b05a564-059f-445b-b325-cf26318367e3/C_R_Vyas/Legends_Forever/Raga_Mian_Malhar_-_Vilambit_9010c587-1419-425c-966c-cfbb6b80891f.tonicFine,Raga_Mian_Malhar_-_Vilambit_9010c587-1419-425c-966c-cfbb6b80891f.tonicFine,.tonicfine,25,tonic
1b05a564-059f-445b-b325-cf26318367e3,/home/izpiz/coding/automatic-raga-recognition/dataset/RagaDataset/Hindustani/features/1b05a564-059f-445b-b325-cf26318367e3/Deborshee_Bhattacharya/Raag_Mian_Malhar___Ramdasi_Malhar/Raag_Mian_Malhar_1f9922a5-0366-4461-96ac-81a31703416b.tonic,Raag_Mian_Malhar_1f9922a5-0366-4461-96ac-81a31703416b.tonic,.tonic,11,tonic
1b05a564-059f-445b-b325-cf26318367e3,/home/izpiz/coding/automatic-raga-recognition/dataset/RagaDataset/Hindustani/features/1b05a564-059f-445b-b325-cf26318367e3/Deborshee_Bhattacharya/Raag_Mian_Malhar___Ramdasi_Malhar/Raag_Mian_Malhar_1f9922a5-0366-4461-96ac-81a31703416b.tonicFine,Raag_Mian_Malhar_1f9922a5-0366-4461-96ac-81a31703416b.tonicFine,.tonicfine,25,tonic
1b05a564-059f-445b-b325-cf26318367e3,/home/izpiz/coding/automatic-raga-recognition/dataset/RagaDataset/Hindustani/features/1b05a564-059f-445b-b325-cf26318367e3/Jasraj/Classical_Wonders_of_India/Raga_Miyan_Ki_Malhar_dcd3f7ef-a962-4664-8cbb-3902ad43d935.tonicFine,Raga_Miyan_Ki_Malhar_dcd3f7ef-a962-4664-8cbb-3902ad43d935.tonicFine,.tonicfine,25,tonic
1b05a564-059f-445b-b325-cf26318367e3,/home/izpiz/coding/automatic-raga-recognition/dataset/RagaDataset/Hindustani/features/1b05a564-059f-445b-b325-cf26318367e3/Jasraj/Classical_Wonders_of_India/Raga_Miyan_Ki_Malhar_dcd3f7ef-a962-4664-8cbb-3902ad43d935.tonic,Raga_Miyan_Ki_Malhar_dcd3f7ef-a962-4664-8cbb-3902ad43d935.tonic,.tonic,11,tonic
1b05a564-059f-445b-b325-cf26318367e3,/home/izpiz/coding/automatic-raga-recognition/dataset/RagaDataset/Hindustani/features/1b05a564-059f-445b-b325-cf26318367e3/Kumar_Gandharv/The_Genius_Of_Pt__Kumar_Gandharv/Raga_Miyan_Malhar_6c573272-1f4a-4504-b7e1-996f877e1e15.tonic,Raga_Miyan_Malhar_6c573272-1f4a-4504-b7e1-996f877e1e15.tonic,.tonic,11,tonic
1b05a564-059f-445b-b325-cf26318367e3,/home/izpiz/coding/automatic-raga-recognition/dataset/RagaDataset/Hindustani/features/1b05a564-059f-445b-b325-cf26318367e3/Kumar_Gandharv/The_Genius_Of_Pt__Kumar_Gandharv/Raga_Miyan_Malhar_6c573272-1f4a-4504-b7e1-996f877e1e15.tonicFine,Raga_Miyan_Malhar_6c573272-1f4a-4504-b7e1-996f877e1e15.tonicFine,.tonicfine,25,tonic
1b05a564-059f-445b-b325-cf26318367e3,/home/izpiz/coding/automatic-raga-recognition/dataset/RagaDataset/Hindustani/features/1b05a564-059f-445b-b325-cf26318367e3/Prabha_Atre/Chaitanya/Raga_Miyan_Malhar_Khayal_3ce024ce-395c-45a7-9236-ac282eb21aa3.tonic,Raga_Miyan_Malhar_Khayal_3ce024ce-395c-45a7-9236-ac282eb21aa3.tonic,.tonic,11,tonic
1b05a564-059f-445b-b325-cf26318367e3,/home/izpiz/coding/automatic-raga-recognition/dataset/RagaDataset/Hindustani/features/1b05a564-059f-445b-b325-cf26318367e3/Prabha_Atre/Chaitanya/Raga_Miyan_Malhar_Khayal_3ce024ce-395c-45a7-9236-ac282eb21aa3.tonicFine,Raga_Miyan_Malhar_Khayal_3ce024ce-395c-45a7-9236-ac282eb21aa3.tonicFine,.tonicfine,25,tonic
1b05a564-059f-445b-b325-cf26318367e3,/home/izpiz/coding/automatic-raga-recognition/dataset/RagaDataset/Hindustani/features/1b05a564-059f-445b-b325-cf26318367e3/Veena_Sahasrabuddhe/Tribute_To_Miyan_Tansen_Vol-1/Karim_Naam_Tero_and_Gahar_Aayo_Re_Badarva_6848a21a-20da-4023-a608-332870105a92.tonicFine,Karim_Naam_Tero_and_Gahar_Aayo_Re_Badarva_6848a21a-20da-4023-a608-332870105a92.tonicFine,.tonicfine,25,tonic
1b05a564-059f-445b-b325-cf26318367e3,/home/izpiz/coding/automatic-raga-recognition/dataset/RagaDataset/Hindustani/features/1b05a564-059f-445b-b325-cf26318367e3/Veena_Sahasrabuddhe/Tribute_To_Miyan_Tansen_Vol-1/Karim_Naam_Tero_and_Gahar_Aayo_Re_Badarva_6848a21a-20da-4023-a608-332870105a92.tonic,Karim_Naam_Tero_and_Gahar_Aayo_Re_Badarva_6848a21a-20da-4023-a608-332870105a92.tonic,.tonic,11,tonic
1b05a564-059f-445b-b325-cf26318367e3,/home/izpiz/coding/automatic-raga-recognition/dataset/RagaDataset/Hindustani/features/1b05a564-059f-445b-b325-cf26318367e3/Satyasheel_Deshpande/Raag_Mian_Malhar___Ramdasi_Malhar/Raag_Mian_Malhar_adf0b8ea-cc74-410f-bd52-d59c08c78783.tonicFine,Raag_Mian_Malhar_adf0b8ea-cc74-410f-bd52-d59c08c78783.tonicFine,.tonicfine,25,tonic
1b05a564-059f-445b-b325-cf26318367e3,/home/izpiz/coding/automatic-raga-recognition/dataset/RagaDataset/Hindustani/features/1b05a564-059f-445b-b325-cf26318367e3/Satyasheel_Deshpande/Raag_Mian_Malhar___Ramdasi_Malhar/Raag_Mian_Malhar_adf0b8ea-cc74-410f-bd52-d59c08c78783.tonic,Raag_Mian_Malhar_adf0b8ea-cc74-410f-bd52-d59c08c78783.tonic,.tonic,11,tonic
1e7de02f-e77f-405a-a033-f31117aaf955,/home/izpiz/coding/automatic-raga-recognition/dataset/RagaDataset/Hindustani/features/1e7de02f-e77f-405a-a033-f31117aaf955/Abdul_Rashid_Khan/Rasan_Piya_-_Volume_4/Malana_Gungh_Lao_Is_Banre_Kay_Se_Sehara_3956d76d-876b-4e34-a6dd-c8ecfc057ff8.tonicFine,Malana_Gungh_Lao_Is_Banre_Kay_Se_Sehara_3956d76d-876b-4e34-a6dd-c8ecfc057ff8.tonicFine,.tonicfine,25,tonic
1e7de02f-e77f-405a-a033-f31117aaf955,/home/izpiz/coding/automatic-raga-recognition/dataset/RagaDataset/Hindustani/features/1e7de02f-e77f-405a-a033-f31117aaf955/Abdul_Rashid_Khan/Rasan_Piya_-_Volume_4/Dir_Tana_Dir-Dir_Ta-Dir_(Tarana)_52c68301-d913-4208-adc6-c2cf8d2003d3.tonicFine,Dir_Tana_Dir-Dir_Ta-Dir_(Tarana)_52c68301-d913-4208-adc6-c2cf8d2003d3.tonicFine,.tonicfine,25,tonic
1e7de02f-e77f-405a-a033-f31117aaf955,/home/izpiz/coding/automatic-raga-recognition/dataset/RagaDataset/Hindustani/features/1e7de02f-e77f-405a-a033-f31117aaf955/Abdul_Rashid_Khan/Rasan_Piya_-_Volume_4/Dir_Tana_Dir-Dir_Ta-Dir_(Tarana)_52c68301-d913-4208-adc6-c2cf8d2003d3.tonic,Dir_Tana_Dir-Dir_Ta-Dir_(Tarana)_52c68301-d913-4208-adc6-c2cf8d2003d3.tonic,.tonic,11,tonic
1e7de02f-e77f-405a-a033-f31117aaf955,/home/izpiz/coding/automatic-raga-recognition/dataset/RagaDataset/Hindustani/features/1e7de02f-e77f-405a-a033-f31117aaf955/Abdul_Rashid_Khan/Rasan_Piya_-_Volume_4/Pratham_Man_Nirankar_Devan_Man_Mahadev_30408242-719e-4efb-a72d-fc1dc2833db7.tonic,Pratham_Man_Nirankar_Devan_Man_Mahadev_30408242-719e-4efb-a72d-fc1dc2833db7.tonic,.tonic,11,tonic
1e7de02f-e77f-405a-a033-f31117aaf955,/home/izpiz/coding/automatic-raga-recognition/dataset/RagaDataset/Hindustani/features/1e7de02f-e77f-405a-a033-f31117aaf955/Abdul_Rashid_Khan/Rasan_Piya_-_Volume_4/Magwa_Pe_Rokey_Thharo_Ree_8718d4df-5fcb-419f-b209-5d34b2474a28.tonicFine,Magwa_Pe_Rokey_Thharo_Ree_8718d4df-5fcb-419f-b209-5d34b2474a28.tonicFine,.tonicfine,25,tonic
1e7de02f-e77f-405a-a033-f31117aaf955,/home/izpiz/coding/automatic-raga-recognition/dataset/RagaDataset/Hindustani/features/1e7de02f-e77f-405a-a033-f31117aaf955/Abdul_Rashid_Khan/Rasan_Piya_-_Volume_4/Malana_Gungh_Lao_Is_Banre_Kay_Se_Sehara_3956d76d-876b-4e34-a6dd-c8ecfc057ff8.tonic,Malana_Gungh_Lao_Is_Banre_Kay_Se_Sehara_3956d76d-876b-4e34-a6dd-c8ecfc057ff8.tonic,.tonic,11,tonic
1e7de02f-e77f-405a-a033-f31117aaf955,/home/izpiz/coding/automatic-raga-recognition/dataset/RagaDataset/Hindustani/features/1e7de02f-e77f-405a-a033-f31117aaf955/Abdul_Rashid_Khan/Rasan_Piya_-_Volume_4/Magwa_Pe_Rokey_Thharo_Ree_8718d4df-5fcb-419f-b209-5d34b2474a28.tonic,Magwa_Pe_Rokey_Thharo_Ree_8718d4df-5fcb-419f-b209-5d34b2474a28.tonic,.tonic,11,tonic
1e7de02f-e77f-405a-a033-f31117aaf955,/home/izpiz/coding/automatic-raga-recognition/dataset/RagaDataset/Hindustani/features/1e7de02f-e77f-405a-a033-f31117aaf955/Abdul_Rashid_Khan/Rasan_Piya_-_Volume_4/Pratham_Man_Nirankar_Devan_Man_Mahadev_30408242-719e-4efb-a72d-fc1dc2833db7.tonicFine,Pratham_Man_Nirankar_Devan_Man_Mahadev_30408242-719e-4efb-a72d-fc1dc2833db7.tonicFine,.tonicfine,25,tonic
1e7de02f-e77f-405a-a033-f31117aaf955,/home/izpiz/coding/automatic-raga-recognition/dataset/RagaDataset/Hindustani/features/1e7de02f-e77f-405a-a033-f31117aaf955/Rashid_Khan/The_Song_Of_Shiva/Raga_Bhairav_2b1da797-d9f6-47bc-93c0-d19f5de0fa5d.tonicFine,Raga_Bhairav_2b1da797-d9f6-47bc-93c0-d19f5de0fa5d.tonicFine,.tonicfine,25,tonic
1e7de02f-e77f-405a-a033-f31117aaf955,/home/izpiz/coding/automatic-raga-recognition/dataset/RagaDataset/Hindustani/features/1e7de02f-e77f-405a-a033-f31117aaf955/Rashid_Khan/The_Song_Of_Shiva/Raga_Bhairav_c207da5f-60fa-4622-b735-a9bd3425e8fd.tonicFine,Raga_Bhairav_c207da5f-60fa-4622-b735-a9bd3425e8fd.tonicFine,.tonicfine,25,tonic
1e7de02f-e77f-405a-a033-f31117aaf955,/home/izpiz/coding/automatic-raga-recognition/dataset/RagaDataset/Hindustani/features/1e7de02f-e77f-405a-a033-f31117aaf955/Rashid_Khan/The_Song_Of_Shiva/Raga_Bhairav_2b1da797-d9f6-47bc-93c0-d19f5de0fa5d.tonic,Raga_Bhairav_2b1da797-d9f6-47bc-93c0-d19f5de0fa5d.tonic,.tonic,11,tonic
1e7de02f-e77f-405a-a033-f31117aaf955,/home/izpiz/coding/automatic-raga-recognition/dataset/RagaDataset/Hindustani/features/1e7de02f-e77f-405a-a033-f31117aaf955/Rashid_Khan/The_Song_Of_Shiva/Raga_Bhairav_c207da5f-60fa-4622-b735-a9bd3425e8fd.tonic,Raga_Bhairav_c207da5f-60fa-4622-b735-a9bd3425e8fd.tonic,.tonic,11,tonic
1e7de02f-e77f-405a-a033-f31117aaf955,/home/izpiz/coding/automatic-raga-recognition/dataset/RagaDataset/Hindustani/features/1e7de02f-e77f-405a-a033-f31117aaf955/Prabha_Atre/Gaan_Prabha/Man_Re_Tu_Kar_Dhyan_5a73fd2e-2308-49c3-81de-e3baa95d2c1b.tonic,Man_Re_Tu_Kar_Dhyan_5a73fd2e-2308-49c3-81de-e3baa95d2c1b.tonic,.tonic,11,tonic
1e7de02f-e77f-405a-a033-f31117aaf955,/home/izpiz/coding/automatic-raga-recognition/dataset/RagaDataset/Hindustani/features/1e7de02f-e77f-405a-a033-f31117aaf955/Prabha_Atre/Gaan_Prabha/Man_Re_Tu_Kar_Dhyan_5a73fd2e-2308-49c3-81de-e3baa95d2c1b.tonicFine,Man_Re_Tu_Kar_Dhyan_5a73fd2e-2308-49c3-81de-e3baa95d2c1b.tonicFine,.tonicfine,25,tonic
1e7de02f-e77f-405a-a033-f31117aaf955,/home/izpiz/coding/automatic-raga-recognition/dataset/RagaDataset/Hindustani/features/1e7de02f-e77f-405a-a033-f31117aaf955/Kumar_Gandharva/Raga_Bhairav_Ke_Prakaar/Rag_Bhairav_(Jhaptal)_3abaaa52-4c95-4e8b-beda-37bc3d01f763.tonic,Rag_Bhairav_(Jhaptal)_3abaaa52-4c95-4e8b-beda-37bc3d01f763.tonic,.tonic,11,tonic
1e7de02f-e77f-405a-a033-f31117aaf955,/home/izpiz/coding/automatic-raga-recognition/dataset/RagaDataset/Hindustani/features/1e7de02f-e77f-405a-a033-f31117aaf955/Kumar_Gandharva/Raga_Bhairav_Ke_Prakaar/Rag_Bhairav_(Jhaptal)_3abaaa52-4c95-4e8b-beda-37bc3d01f763.tonicFine,Rag_Bhairav_(Jhaptal)_3abaaa52-4c95-4e8b-beda-37bc3d01f763.tonicFine,.tonicfine,25,tonic
1e7de02f-e77f-405a-a033-f31117aaf955,/home/izpiz/coding/automatic-raga-recognition/dataset/RagaDataset/Hindustani/features/1e7de02f-e77f-405a-a033-f31117aaf955/Kumar_Gandharva/Raag_Bhairav___Dhani/Raag_Bhairav_0a11bf6f-b55d-459c-9447-7a5a555a286f.tonicFine,Raag_Bhairav_0a11bf6f-b55d-459c-9447-7a5a555a286f.tonicFine,.tonicfine,25,tonic
1e7de02f-e77f-405a-a033-f31117aaf955,/home/izpiz/coding/automatic-raga-recognition/dataset/RagaDataset/Hindustani/features/1e7de02f-e77f-405a-a033-f31117aaf955/Kumar_Gandharva/Raag_Bhairav___Dhani/Raag_Bhairav_0a11bf6f-b55d-459c-9447-7a5a555a286f.tonic,Raag_Bhairav_0a11bf6f-b55d-459c-9447-7a5a555a286f.tonic,.tonic,11,tonic
1e7de02f-e77f-405a-a033-f31117aaf955,/home/izpiz/coding/automatic-raga-recognition/dataset/RagaDataset/Hindustani/features/1e7de02f-e77f-405a-a033-f31117aaf955/Salamat_Ali_Khan/Timeless_Music_From_Pakistan_Vol__2/Raga_Bhairav_ef6c848a-8f36-49fa-98f1-2b3d40391ddd.tonicFine,Raga_Bhairav_ef6c848a-8f36-49fa-98f1-2b3d40391ddd.tonicFine,.tonicfine,25,tonic
1e7de02f-e77f-405a-a033-f31117aaf955,/home/izpiz/coding/automatic-raga-recognition/dataset/RagaDataset/Hindustani/features/1e7de02f-e77f-405a-a033-f31117aaf955/Salamat_Ali_Khan/Timeless_Music_From_Pakistan_Vol__2/Raga_Bhairav_ef6c848a-8f36-49fa-98f1-2b3d40391ddd.tonic,Raga_Bhairav_ef6c848a-8f36-49fa-98f1-2b3d40391ddd.tonic,.tonic,11,tonic
290674e0-d94c-41c1-ad99-f65fa22a1447,/home/izpiz/coding/automatic-raga-recognition/dataset/RagaDataset/Hindustani/features/290674e0-d94c-41c1-ad99-f65fa22a1447/Bhimsen_Joshi/Swaradhiraj_Vol__2/Raga_Madhuvanti_67b90abb-08cb-4473-9224-343b21e4681a.tonicFine,Raga_Madhuvanti_67b90abb-08cb-4473-9224-343b21e4681a.tonicFine,.tonicfine,25,tonic
290674e0-d94c-41c1-ad99-f65fa22a1447,/home/izpiz/coding/automatic-raga-recognition/dataset/RagaDataset/Hindustani/features/290674e0-d94c-41c1-ad99-f65fa22a1447/Bhimsen_Joshi/Swaradhiraj_Vol__2/Raga_Madhuvanti_67b90abb-08cb-4473-9224-343b21e4681a.tonic,Raga_Madhuvanti_67b90abb-08cb-4473-9224-343b21e4681a.tonic,.tonic,11,tonic
290674e0-d94c-41c1-ad99-f65fa22a1447,/home/izpiz/coding/automatic-raga-recognition/dataset/RagaDataset/Hindustani/features/290674e0-d94c-41c1-ad99-f65fa22a1447/Gopal_Mishra/Kula_Sampada/Raga_Madhuwanti_7711d588-1c7a-4756-8793-2aa5d32bfffb.tonicFine,Raga_Madhuwanti_7711d588-1c7a-4756-8793-2aa5d32bfffb.tonicFine,.tonicfine,25,tonic
290674e0-d94c-41c1-ad99-f65fa22a1447,/home/izpiz/coding/automatic-raga-recognition/dataset/RagaDataset/Hindustani/features/290674e0-d94c-41c1-ad99-f65fa22a1447/Gopal_Mishra/Kula_Sampada/Raga_Madhuwanti_7711d588-1c7a-4756-8793-2aa5d32bfffb.tonic,Raga_Madhuwanti_7711d588-1c7a-4756-8793-2aa5d32bfffb.tonic,.tonic,11,tonic
290674e0-d94c-41c1-ad99-f65fa22a1447,/home/izpiz/coding/automatic-raga-recognition/dataset/RagaDataset/Hindustani/features/290674e0-d94c-41c1-ad99-f65fa22a1447/Jasraj/A_Day_With_Pandit_Jasraj/Raga_Madhuvanti_211c010f-7ae5-4ca6-a909-f10afed265c5.tonic,Raga_Madhuvanti_211c010f-7ae5-4ca6-a909-f10afed265c5.tonic,.tonic,11,tonic
290674e0-d94c-41c1-ad99-f65fa22a1447,/home/izpiz/coding/automatic-raga-recognition/dataset/RagaDataset/Hindustani/features/290674e0-d94c-41c1-ad99-f65fa22a1447/Jasraj/A_Day_With_Pandit_Jasraj/Raga_Madhuvanti_211c010f-7ae5-4ca6-a909-f10afed265c5.tonicFine,Raga_Madhuvanti_211c010f-7ae5-4ca6-a909-f10afed265c5.tonicFine,.tonicfine,25,tonic
290674e0-d94c-41c1-ad99-f65fa22a1447,/home/izpiz/coding/automatic-raga-recognition/dataset/RagaDataset/Hindustani/features/290674e0-d94c-41c1-ad99-f65fa22a1447/Jasraj/Legends__Sangeet_Martand_Pandit_Jasraj_(Vol__2)/Raga_-_Madhuvanti_e05c9807-4b3a-4532-b6cf-aa560ee07dad.tonicFine,Raga_-_Madhuvanti_e05c9807-4b3a-4532-b6cf-aa560ee07dad.tonicFine,.tonicfine,25,tonic
290674e0-d94c-41c1-ad99-f65fa22a1447,/home/izpiz/coding/automatic-raga-recognition/dataset/RagaDataset/Hindustani/features/290674e0-d94c-41c1-ad99-f65fa22a1447/Jasraj/Legends__Sangeet_Martand_Pandit_Jasraj_(Vol__2)/Raga_-_Madhuvanti_e05c9807-4b3a-4532-b6cf-aa560ee07dad.tonic,Raga_-_Madhuvanti_e05c9807-4b3a-4532-b6cf-aa560ee07dad.tonic,.tonic,11,tonic
290674e0-d94c-41c1-ad99-f65fa22a1447,/home/izpiz/coding/automatic-raga-recognition/dataset/RagaDataset/Hindustani/features/290674e0-d94c-41c1-ad99-f65fa22a1447/Sanjeev_Abhyankar/Vocal_Classical/Mehamanan_se_ka_lariye_49e7d75c-484c-4002-9532-5717a4e30fe0.tonicFine,Mehamanan_se_ka_lariye_49e7d75c-484c-4002-9532-5717a4e30fe0.tonicFine,.tonicfine,25,tonic
290674e0-d94c-41c1-ad99-f65fa22a1447,/home/izpiz/coding/automatic-raga-recognition/dataset/RagaDataset/Hindustani/features/290674e0-d94c-41c1-ad99-f65fa22a1447/Sanjeev_Abhyankar/Vocal_Classical/Mehamanan_se_ka_lariye_49e7d75c-484c-4002-9532-5717a4e30fe0.tonic,Mehamanan_se_ka_lariye_49e7d75c-484c-4002-9532-5717a4e30fe0.tonic,.tonic,11,tonic
290674e0-d94c-41c1-ad99-f65fa22a1447,/home/izpiz/coding/automatic-raga-recognition/dataset/RagaDataset/Hindustani/features/290674e0-d94c-41c1-ad99-f65fa22a1447/Kaushiki_Chakrabarty/Pure/Raga_Madhuvanti_Alap_c1aba7b7-cd7a-4e6c-90e7-798b617bfdc9.tonic,Raga_Madhuvanti_Alap_c1aba7b7-cd7a-4e6c-90e7-798b617bfdc9.tonic,.tonic,10,tonic
290674e0-d94c-41c1-ad99-f65fa22a1447,/home/izpiz/coding/automatic-raga-recognition/dataset/RagaDataset/Hindustani/features/290674e0-d94c-41c1-ad99-f65fa22a1447/Kaushiki_Chakrabarty/Pure/Raga_Madhuvanti_Khayal_Shyam_bhaee_Ghanashyam_nahi_aye_more_dware_in_Ektaal_68ecc764-b0da-4919-affe-8a50d558cbbf.tonicFine,Raga_Madhuvanti_Khayal_Shyam_bhaee_Ghanashyam_nahi_aye_more_dware_in_Ektaal_68ecc764-b0da-4919-affe-8a50d558cbbf.tonicFine,.tonicfine,25,tonic
290674e0-d94c-41c1-ad99-f65fa22a1447,/home/izpiz/coding/automatic-raga-recognition/dataset/RagaDataset/Hindustani/features/290674e0-d94c-41c1-ad99-f65fa22a1447/Kaushiki_Chakrabarty/Pure/Raga_Madhuvanti_Alap_c1aba7b7-cd7a-4e6c-90e7-798b617bfdc9.tonicFine,Raga_Madhuvanti_Alap_c1aba7b7-cd7a-4e6c-90e7-798b617bfdc9.tonicFine,.tonicfine,25,tonic
290674e0-d94c-41c1-ad99-f65fa22a1447,/home/izpiz/coding/automatic-raga-recognition/dataset/RagaDataset/Hindustani/features/290674e0-d94c-41c1-ad99-f65fa22a1447/Kaushiki_Chakrabarty/Pure/Raga_Madhuvanti_Khayal_Kahe_maan_karo_sakihiri_ab_in_Teental_ff70a092-0893-4836-a2a2-7ea654d171c9.tonicFine,Raga_Madhuvanti_Khayal_Kahe_maan_karo_sakihiri_ab_in_Teental_ff70a092-0893-4836-a2a2-7ea654d171c9.tonicFine,.tonicfine,25,tonic
290674e0-d94c-41c1-ad99-f65fa22a1447,/home/izpiz/coding/automatic-raga-recognition/dataset/RagaDataset/Hindustani/features/290674e0-d94c-41c1-ad99-f65fa22a1447/Kaushiki_Chakrabarty/Pure/Raga_Madhuvanti_Khayal_Shyam_bhaee_Ghanashyam_nahi_aye_more_dware_in_Ektaal_68ecc764-b0da-4919-affe-8a50d558cbbf.tonic,Raga_Madhuvanti_Khayal_Shyam_bhaee_Ghanashyam_nahi_aye_more_dware_in_Ektaal_68ecc764-b0da-4919-affe-8a50d558cbbf.tonic,.tonic,11,tonic
290674e0-d94c-41c1-ad99-f65fa22a1447,/home/izpiz/coding/automatic-raga-recognition/dataset/RagaDataset/Hindustani/features/290674e0-d94c-41c1-ad99-f65fa22a1447/Kaushiki_Chakrabarty/Pure/Raga_Madhuvanti_Khayal_Kahe_maan_karo_sakihiri_ab_in_Teental_ff70a092-0893-4836-a2a2-7ea654d171c9.tonic,Raga_Madhuvanti_Khayal_Kahe_maan_karo_sakihiri_ab_in_Teental_ff70a092-0893-4836-a2a2-7ea654d171c9.tonic,.tonic,11,tonic
290674e0-d94c-41c1-ad99-f65fa22a1447,/home/izpiz/coding/automatic-raga-recognition/dataset/RagaDataset/Hindustani/features/290674e0-d94c-41c1-ad99-f65fa22a1447/Prabha_Atre/Vocal_Recital/Raga_Madhuvanti_354c38e3-c71b-4dd6-bc77-deb629ad14b9.tonicFine,Raga_Madhuvanti_354c38e3-c71b-4dd6-bc77-deb629ad14b9.tonicFine,.tonicfine,25,tonic
290674e0-d94c-41c1-ad99-f65fa22a1447,/home/izpiz/coding/automatic-raga-recognition/dataset/RagaDataset/Hindustani/features/290674e0-d94c-41c1-ad99-f65fa22a1447/Prabha_Atre/Vocal_Recital/Raga_Madhuvanti_354c38e3-c71b-4dd6-bc77-deb629ad14b9.tonic,Raga_Madhuvanti_354c38e3-c71b-4dd6-bc77-deb629ad14b9.tonic,.tonic,11,tonic
290674e0-d94c-41c1-ad99-f65fa22a1447,/home/izpiz/coding/automatic-raga-recognition/dataset/RagaDataset/Hindustani/features/290674e0-d94c-41c1-ad99-f65fa22a1447/Shubha_Mudgal/Divas__Once_Upon_a_Time/Madhuvanti_b2456c14-8db5-4d11-bf23-ec360b33d242.tonicFine,Madhuvanti_b2456c14-8db5-4d11-bf23-ec360b33d242.tonicFine,.tonicfine,25,tonic
290674e0-d94c-41c1-ad99-f65fa22a1447,/home/izpiz/coding/automatic-raga-recognition/dataset/RagaDataset/Hindustani/features/290674e0-d94c-41c1-ad99-f65fa22a1447/Shubha_Mudgal/Divas__Once_Upon_a_Time/Madhuvanti_b2456c14-8db5-4d11-bf23-ec360b33d242.tonic,Madhuvanti_b2456c14-8db5-4d11-bf23-ec360b33d242.tonic,.tonic,11,tonic
2ed9379f-14c9-49af-8e4d-f9b63e96801f,/home/izpiz/coding/automatic-raga-recognition/dataset/RagaDataset/Hindustani/features/2ed9379f-14c9-49af-8e4d-f9b63e96801f/Abdul_Rashid_Khan/Rasan_Piya_-_Volume_2/Kahe_Ko_Garabh_Keeno_f5689624-b636-4a6c-831f-53d1678d9bb6.tonicFine,Kahe_Ko_Garabh_Keeno_f5689624-b636-4a6c-831f-53d1678d9bb6.tonicFine,.tonicfine,25,tonic
2ed9379f-14c9-49af-8e4d-f9b63e96801f,/home/izpiz/coding/automatic-raga-recognition/dataset/RagaDataset/Hindustani/features/2ed9379f-14c9-49af-8e4d-f9b63e96801f/Abdul_Rashid_Khan/Rasan_Piya_-_Volume_2/Kahe_Ko_Garabh_Keeno_f5689624-b636-4a6c-831f-53d1678d9bb6.tonic,Kahe_Ko_Garabh_Keeno_f5689624-b636-4a6c-831f-53d1678d9bb6.tonic,.tonic,11,tonic
2ed9379f-14c9-49af-8e4d-f9b63e96801f,/home/izpiz/coding/automatic-raga-recognition/dataset/RagaDataset/Hindustani/features/2ed9379f-14c9-49af-8e4d-f9b63e96801f/Dattatreya_L_Velankar/Sura_Sindhu/Raga_Alahiya_Bilawal-Drut_Teental_0017d78e-a39d-4151-8d93-826ab2eb00d8.tonicFine,Raga_Alahiya_Bilawal-Drut_Teental_0017d78e-a39d-4151-8d93-826ab2eb00d8.tonicFine,.tonicfine,25,tonic
2ed9379f-14c9-49af-8e4d-f9b63e96801f,/home/izpiz/coding/automatic-raga-recognition/dataset/RagaDataset/Hindustani/features/2ed9379f-14c9-49af-8e4d-f9b63e96801f/Dattatreya_L_Velankar/Sura_Sindhu/Raga_Alahiya_Bilawal-Vilambit_Teental_b22390c8-88bb-4e1f-9e23-bd3e237043ba.tonic,Raga_Alahiya_Bilawal-Vilambit_Teental_b22390c8-88bb-4e1f-9e23-bd3e237043ba.tonic,.tonic,11,tonic
2ed9379f-14c9-49af-8e4d-f9b63e96801f,/home/izpiz/coding/automatic-raga-recognition/dataset/RagaDataset/Hindustani/features/2ed9379f-14c9-49af-8e4d-f9b63e96801f/Dattatreya_L_Velankar/Sura_Sindhu/Raga_Alahiya_Bilawal-Vilambit_Teental_b22390c8-88bb-4e1f-9e23-bd3e237043ba.tonicFine,Raga_Alahiya_Bilawal-Vilambit_Teental_b22390c8-88bb-4e1f-9e23-bd3e237043ba.tonicFine,.tonicfine,25,tonic
2ed9379f-14c9-49af-8e4d-f9b63e96801f,/home/izpiz/coding/automatic-raga-recognition/dataset/RagaDataset/Hindustani/features/2ed9379f-14c9-49af-8e4d-f9b63e96801f/Dattatreya_L_Velankar/Sura_Sindhu/Raga_Alahiya_Bilawal-Drut_Teental_0017d78e-a39d-4151-8d93-826ab2eb00d8.tonic,Raga_Alahiya_Bilawal-Drut_Teental_0017d78e-a39d-4151-8d93-826ab2eb00d8.tonic,.tonic,11,tonic
2ed9379f-14c9-49af-8e4d-f9b63e96801f,/home/izpiz/coding/automatic-raga-recognition/dataset/RagaDataset/Hindustani/features/2ed9379f-14c9-49af-8e4d-f9b63e96801f/Kishori_Amonkar/Sampradaya__Carrying_Forward_a_Tradition/Raga_Alhaiya_Bilawal_Drut_Khayal_-_Teental_Sitarkhani_04d506c4-df9e-410c-a3e2-037abffe7b9c.tonic,Raga_Alhaiya_Bilawal_Drut_Khayal_-_Teental_Sitarkhani_04d506c4-df9e-410c-a3e2-037abffe7b9c.tonic,.tonic,11,tonic
2ed9379f-14c9-49af-8e4d-f9b63e96801f,/home/izpiz/coding/automatic-raga-recognition/dataset/RagaDataset/Hindustani/features/2ed9379f-14c9-49af-8e4d-f9b63e96801f/Kishori_Amonkar/Sampradaya__Carrying_Forward_a_Tradition/Raga_Alhaiya_Bilawal_Drut_Khayal_-_Teental_Sitarkhani_04d506c4-df9e-410c-a3e2-037abffe7b9c.tonicFine,Raga_Alhaiya_Bilawal_Drut_Khayal_-_Teental_Sitarkhani_04d506c4-df9e-410c-a3e2-037abffe7b9c.tonicFine,.tonicfine,25,tonic
2ed9379f-14c9-49af-8e4d-f9b63e96801f,/home/izpiz/coding/automatic-raga-recognition/dataset/RagaDataset/Hindustani/features/2ed9379f-14c9-49af-8e4d-f9b63e96801f/Kishori_Amonkar/Sampradaya__Carrying_Forward_a_Tradition/Raga_Alhaiya_Bilawal_Vilambit_Khayal_-_Teental_30261aa8-aa4d-4f66-a2d4-b087668b00a8.tonic,Raga_Alhaiya_Bilawal_Vilambit_Khayal_-_Teental_30261aa8-aa4d-4f66-a2d4-b087668b00a8.tonic,.tonic,11,tonic
2ed9379f-14c9-49af-8e4d-f9b63e96801f,/home/izpiz/coding/automatic-raga-recognition/dataset/RagaDataset/Hindustani/features/2ed9379f-14c9-49af-8e4d-f9b63e96801f/Kishori_Amonkar/Sampradaya__Carrying_Forward_a_Tradition/Raga_Alhaiya_Bilawal_Vilambit_Khayal_-_Teental_30261aa8-aa4d-4f66-a2d4-b087668b00a8.tonicFine,Raga_Alhaiya_Bilawal_Vilambit_Khayal_-_Teental_30261aa8-aa4d-4f66-a2d4-b087668b00a8.tonicFine,.tonicfine,25,tonic
2ed9379f-14c9-49af-8e4d-f9b63e96801f,/home/izpiz/coding/automatic-raga-recognition/dataset/RagaDataset/Hindustani/features/2ed9379f-14c9-49af-8e4d-f9b63e96801f/Jasraj/The_Genius_of_Pt__Jasraj/Raga_Alahiya_Bilawal_9117fa28-df28-4bb8-a0e3-b70e60fed262.tonicFine,Raga_Alahiya_Bilawal_9117fa28-df28-4bb8-a0e3-b70e60fed262.tonicFine,.tonicfine,25,tonic
2ed9379f-14c9-49af-8e4d-f9b63e96801f,/home/izpiz/coding/automatic-raga-recognition/dataset/RagaDataset/Hindustani/features/2ed9379f-14c9-49af-8e4d-f9b63e96801f/Jasraj/The_Genius_of_Pt__Jasraj/Raga_Alahiya_Bilawal_9117fa28-df28-4bb8-a0e3-b70e60fed262.tonic,Raga_Alahiya_Bilawal_9117fa28-df28-4bb8-a0e3-b70e60fed262.tonic,.tonic,11,tonic
2ed9379f-14c9-49af-8e4d-f9b63e96801f,/home/izpiz/coding/automatic-raga-recognition/dataset/RagaDataset/Hindustani/features/2ed9379f-14c9-49af-8e4d-f9b63e96801f/Jasraj/Legends__Sangeet_Martand_Pandit_Jasraj_(Vol__1)/Karat_Shringar_Maiya_Man_Bhavat_7ed38940-f5e5-46cb-897d-ed408ddf8c85.tonicFine,Karat_Shringar_Maiya_Man_Bhavat_7ed38940-f5e5-46cb-897d-ed408ddf8c85.tonicFine,.tonicfine,25,tonic
2ed9379f-14c9-49af-8e4d-f9b63e96801f,/home/izpiz/coding/automatic-raga-recognition/dataset/RagaDataset/Hindustani/features/2ed9379f-14c9-49af-8e4d-f9b63e96801f/Jasraj/Legends__Sangeet_Martand_Pandit_Jasraj_(Vol__1)/Karat_Shringar_Maiya_Man_Bhavat_7ed38940-f5e5-46cb-897d-ed408ddf8c85.tonic,Karat_Shringar_Maiya_Man_Bhavat_7ed38940-f5e5-46cb-897d-ed408ddf8c85.tonic,.tonic,11,tonic
2ed9379f-14c9-49af-8e4d-f9b63e96801f,/home/izpiz/coding/automatic-raga-recognition/dataset/RagaDataset/Hindustani/features/2ed9379f-14c9-49af-8e4d-f9b63e96801f/Aslam_Hussain_Khan/Vocal/Mangta_Hoon_Tere_Dar_Ka__E_Ha_Jiyo_Pa_c53396aa-f369-4875-8c61-3f29787da6f5.tonicFine,Mangta_Hoon_Tere_Dar_Ka__E_Ha_Jiyo_Pa_c53396aa-f369-4875-8c61-3f29787da6f5.tonicFine,.tonicfine,25,tonic
2ed9379f-14c9-49af-8e4d-f9b63e96801f,/home/izpiz/coding/automatic-raga-recognition/dataset/RagaDataset/Hindustani/features/2ed9379f-14c9-49af-8e4d-f9b63e96801f/Aslam_Hussain_Khan/Vocal/Mangta_Hoon_Tere_Dar_Ka__E_Ha_Jiyo_Pa_c53396aa-f369-4875-8c61-3f29787da6f5.tonic,Mangta_Hoon_Tere_Dar_Ka__E_Ha_Jiyo_Pa_c53396aa-f369-4875-8c61-3f29787da6f5.tonic,.tonic,11,tonic
2ed9379f-14c9-49af-8e4d-f9b63e96801f,/home/izpiz/coding/automatic-raga-recognition/dataset/RagaDataset/Hindustani/features/2ed9379f-14c9-49af-8e4d-f9b63e96801f/Kumar_Gandharva/Pt__Kumar_Gandharva-Vocal/Laita_Jaiyo_3766bcb1-57b6-4c16-9196-c2ed94d80331.tonicFine,Laita_Jaiyo_3766bcb1-57b6-4c16-9196-c2ed94d80331.tonicFine,.tonicfine,25,tonic
2ed9379f-14c9-49af-8e4d-f9b63e96801f,/home/izpiz/coding/automatic-raga-recognition/dataset/RagaDataset/Hindustani/features/2ed9379f-14c9-49af-8e4d-f9b63e96801f/Kumar_Gandharva/Pt__Kumar_Gandharva-Vocal/Laita_Jaiyo_3766bcb1-57b6-4c16-9196-c2ed94d80331.tonic,Laita_Jaiyo_3766bcb1-57b6-4c16-9196-c2ed94d80331.tonic,.tonic,11,tonic
2ed9379f-14c9-49af-8e4d-f9b63e96801f,/home/izpiz/coding/automatic-raga-recognition/dataset/RagaDataset/Hindustani/features/2ed9379f-14c9-49af-8e4d-f9b63e96801f/Basavraj_Rajaguru/The_Genius_Of_Basavraj_Rajguru/Raga_Alhaiya_Bilawal_3d0539f5-2d30-422f-9647-b3e14fd9787d.tonic,Raga_Alhaiya_Bilawal_3d0539f5-2d30-422f-9647-b3e14fd9787d.tonic,.tonic,11,tonic
2ed9379f-14c9-49af-8e4d-f9b63e96801f,/home/izpiz/coding/automatic-raga-recognition/dataset/RagaDataset/Hindustani/features/2ed9379f-14c9-49af-8e4d-f9b63e96801f/Basavraj_Rajaguru/The_Genius_Of_Basavraj_Rajguru/Raga_Alhaiya_Bilawal_3d0539f5-2d30-422f-9647-b3e14fd9787d.tonicFine,Raga_Alhaiya_Bilawal_3d0539f5-2d30-422f-9647-b3e14fd9787d.tonicFine,.tonicfine,25,tonic
3eb7ba30-4b94-432e-9618-875ee57e01ab,/home/izpiz/coding/automatic-raga-recognition/dataset/RagaDataset/Hindustani/features/3eb7ba30-4b94-432e-9618-875ee57e01ab/Rashid_Khan/Masterworks/Raga_Marwa_c6232a25-3f5a-4394-a85c-43dc1efcc1de.tonicFine,Raga_Marwa_c6232a25-3f5a-4394-a85c-43dc1efcc1de.tonicFine,.tonicfine,25,tonic
3eb7ba30-4b94-432e-9618-875ee57e01ab,/home/izpiz/coding/automatic-raga-recognition/dataset/RagaDataset/Hindustani/features/3eb7ba30-4b94-432e-9618-875ee57e01ab/Rashid_Khan/Masterworks/Raga_Marwa_c6232a25-3f5a-4394-a85c-43dc1efcc1de.tonic,Raga_Marwa_c6232a25-3f5a-4394-a85c-43dc1efcc1de.tonic,.tonic,11,tonic
3eb7ba30-4b94-432e-9618-875ee57e01ab,/home/izpiz/coding/automatic-raga-recognition/dataset/RagaDataset/Hindustani/features/3eb7ba30-4b94-432e-9618-875ee57e01ab/Rashid_Khan/Vocal/Piya_More_Anat_Des_and_Kaunki_Reet_Kou_Kare_Sakhiri_3c6fa59c-a492-4e76-a3f0-be3e81053ca5.tonicFine,Piya_More_Anat_Des_and_Kaunki_Reet_Kou_Kare_Sakhiri_3c6fa59c-a492-4e76-a3f0-be3e81053ca5.tonicFine,.tonicfine,25,tonic
3eb7ba30-4b94-432e-9618-875ee57e01ab,/home/izpiz/coding/automatic-raga-recognition/dataset/RagaDataset/Hindustani/features/3eb7ba30-4b94-432e-9618-875ee57e01ab/Rashid_Khan/Vocal/Piya_More_Anat_Des_and_Kaunki_Reet_Kou_Kare_Sakhiri_3c6fa59c-a492-4e76-a3f0-be3e81053ca5.tonic,Piya_More_Anat_Des_and_Kaunki_Reet_Kou_Kare_Sakhiri_3c6fa59c-a492-4e76-a3f0-be3e81053ca5.tonic,.tonic,11,tonic
3eb7ba30-4b94-432e-9618-875ee57e01ab,/home/izpiz/coding/automatic-raga-recognition/dataset/RagaDataset/Hindustani/features/3eb7ba30-4b94-432e-9618-875ee57e01ab/Omkar_Dadarkar/Raag_Marwa___Shree/Raag_Marwa_98afad39-5abc-4c96-b7af-5f2c70831066.tonicFine,Raag_Marwa_98afad39-5abc-4c96-b7af-5f2c70831066.tonicFine,.tonicfine,25,tonic
3eb7ba30-4b94-432e-9618-875ee57e01ab,/home/izpiz/coding/automatic-raga-recognition/dataset/RagaDataset/Hindustani/features/3eb7ba30-4b94-432e-9618-875ee57e01ab/Omkar_Dadarkar/Raag_Marwa___Shree/Raag_Marwa_98afad39-5abc-4c96-b7af-5f2c70831066.tonic,Raag_Marwa_98afad39-5abc-4c96-b7af-5f2c70831066.tonic,.tonic,11,tonic
3eb7ba30-4b94-432e-9618-875ee57e01ab,/home/izpiz/coding/automatic-raga-recognition/dataset/RagaDataset/Hindustani/features/3eb7ba30-4b94-432e-9618-875ee57e01ab/C_R_Vyas/The_Eternal_Rhapsody/Raga_Marwa_-_Rakho_Mori_Laaj_Khayal_In_Madhyalaya_Jhaptaal_c568bab8-7653-4252-a4d9-aebcc26fc752.tonic,Raga_Marwa_-_Rakho_Mori_Laaj_Khayal_In_Madhyalaya_Jhaptaal_c568bab8-7653-4252-a4d9-aebcc26fc752.tonic,.tonic,11,tonic
3eb7ba30-4b94-432e-9618-875ee57e01ab,/home/izpiz/coding/automatic-raga-recognition/dataset/RagaDataset/Hindustani/features/3eb7ba30-4b94-432e-9618-875ee57e01ab/C_R_Vyas/The_Eternal_Rhapsody/Raga_Marwa_-_Rakho_Mori_Laaj_Khayal_In_Madhyalaya_Jhaptaal_c568bab8-7653-4252-a4d9-aebcc26fc752.tonicFine,Raga_Marwa_-_Rakho_Mori_Laaj_Khayal_In_Madhyalaya_Jhaptaal_c568bab8-7653-4252-a4d9-aebcc26fc752.tonicFine,.tonicfine,25,tonic
3eb7ba30-4b94-432e-9618-875ee57e01ab,/home/izpiz/coding/automatic-raga-recognition/dataset/RagaDataset/Hindustani/features/3eb7ba30-4b94-432e-9618-875ee57e01ab/Jasraj/Khazana/Raga_Marwa_344dca74-fb8a-4c7e-a7e6-0a52088edd71.tonic,Raga_Marwa_344dca74-fb8a-4c7e-a7e6-0a52088edd71.tonic,.tonic,6,tonic
3eb7ba30-4b94-432e-9618-875ee57e01ab,/home/izpiz/coding/automatic-raga-recognition/dataset/RagaDataset/Hindustani/features/3eb7ba30-4b94-432e-9618-875ee57e01ab/Jasraj/Khazana/Raga_Marwa_344dca74-fb8a-4c7e-a7e6-0a52088edd71.tonicFine,Raga_Marwa_344dca74-fb8a-4c7e-a7e6-0a52088edd71.tonicFine,.tonicfine,25,tonic
3eb7ba30-4b94-432e-9618-875ee57e01ab,/home/izpiz/coding/automatic-raga-recognition/dataset/RagaDataset/Hindustani/features/3eb7ba30-4b94-432e-9618-875ee57e01ab/Amir_Khan/The_Great_Heritage__Ustad_Amir_Khan/Raga_Marwa_Piya_More_fb73793a-3791-4986-b3f8-00621a16a522.tonicFine,Raga_Marwa_Piya_More_fb73793a-3791-4986-b3f8-00621a16a522.tonicFine,.tonicfine,25,tonic
3eb7ba30-4b94-432e-9618-875ee57e01ab,/home/izpiz/coding/automatic-raga-recognition/dataset/RagaDataset/Hindustani/features/3eb7ba30-4b94-432e-9618-875ee57e01ab/Amir_Khan/The_Great_Heritage__Ustad_Amir_Khan/Raga_Marwa_Piya_More_fb73793a-3791-4986-b3f8-00621a16a522.tonic,Raga_Marwa_Piya_More_fb73793a-3791-4986-b3f8-00621a16a522.tonic,.tonic,11,tonic
3eb7ba30-4b94-432e-9618-875ee57e01ab,/home/izpiz/coding/automatic-raga-recognition/dataset/RagaDataset/Hindustani/features/3eb7ba30-4b94-432e-9618-875ee57e01ab/Hirabai_Barodekar/The_Great_Heritage__Hirabai_Barodekar/Ata_Tana_Dere_Na_7081d924-c8e4-4216-9e69-ca397c10550b.tonic,Ata_Tana_Dere_Na_7081d924-c8e4-4216-9e69-ca397c10550b.tonic,.tonic,4,tonic
3eb7ba30-4b94-432e-9618-875ee57e01ab,/home/izpiz/coding/automatic-raga-recognition/dataset/RagaDataset/Hindustani/features/3eb7ba30-4b94-432e-9618-875ee57e01ab/Hirabai_Barodekar/The_Great_Heritage__Hirabai_Barodekar/Ata_Tana_Dere_Na_7081d924-c8e4-4216-9e69-ca397c10550b.tonicFine,Ata_Tana_Dere_Na_7081d924-c8e4-4216-9e69-ca397c10550b.tonicFine,.tonicfine,25,tonic
3eb7ba30-4b94-432e-9618-875ee57e01ab,/home/izpiz/coding/automatic-raga-recognition/dataset/RagaDataset/Hindustani/features/3eb7ba30-4b94-432e-9618-875ee57e01ab/Vasantrao_Deshpande/Dr__Vasant_Rao_Deshpande_(Compilation)/Ye_Madmati_Chal__Bol_Na_Bin_-_Khayal_-_1972_66de36d2-f8b5-44aa-b586-ce75bd665a46.tonic,Ye_Madmati_Chal__Bol_Na_Bin_-_Khayal_-_1972_66de36d2-f8b5-44aa-b586-ce75bd665a46.tonic,.tonic,11,tonic
3eb7ba30-4b94-432e-9618-875ee57e01ab,/home/izpiz/coding/automatic-raga-recognition/dataset/RagaDataset/Hindustani/features/3eb7ba30-4b94-432e-9618-875ee57e01ab/Vasantrao_Deshpande/Dr__Vasant_Rao_Deshpande_(Compilation)/Ye_Madmati_Chal__Bol_Na_Bin_-_Khayal_-_1972_66de36d2-f8b5-44aa-b586-ce75bd665a46.tonicFine,Ye_Madmati_Chal__Bol_Na_Bin_-_Khayal_-_1972_66de36d2-f8b5-44aa-b586-ce75bd665a46.tonicFine,.tonicfine,25,tonic
3eb7ba30-4b94-432e-9618-875ee57e01ab,/home/izpiz/coding/automatic-raga-recognition/dataset/RagaDataset/Hindustani/features/3eb7ba30-4b94-432e-9618-875ee57e01ab/Sameehan_Kashalkar/Raag_Marwa___Hameer/Raag_Marwa_1a311323-791b-46fa-ab59-b749adcd18e1.tonic,Raag_Marwa_1a311323-791b-46fa-ab59-b749adcd18e1.tonic,.tonic,11,tonic
3eb7ba30-4b94-432e-9618-875ee57e01ab,/home/izpiz/coding/automatic-raga-recognition/dataset/RagaDataset/Hindustani/features/3eb7ba30-4b94-432e-9618-875ee57e01ab/Sameehan_Kashalkar/Raag_Marwa___Hameer/Raag_Marwa_1a311323-791b-46fa-ab59-b749adcd18e1.tonicFine,Raag_Marwa_1a311323-791b-46fa-ab59-b749adcd18e1.tonicFine,.tonicfine,25,tonic
3eb7ba30-4b94-432e-9618-875ee57e01ab,/home/izpiz/coding/automatic-raga-recognition/dataset/RagaDataset/Hindustani/features/3eb7ba30-4b94-432e-9618-875ee57e01ab/Shrinivas_Joshi/Swarakruti/Raga_Marwa_6504d224-d5e7-4353-841f-47adfcda0bd3.tonicFine,Raga_Marwa_6504d224-d5e7-4353-841f-47adfcda0bd3.tonicFine,.tonicfine,25,tonic
3eb7ba30-4b94-432e-9618-875ee57e01ab,/home/izpiz/coding/automatic-raga-recognition/dataset/RagaDataset/Hindustani/features/3eb7ba30-4b94-432e-9618-875ee57e01ab/Shrinivas_Joshi/Swarakruti/Raga_Marwa_6504d224-d5e7-4353-841f-47adfcda0bd3.tonic,Raga_Marwa_6504d224-d5e7-4353-841f-47adfcda0bd3.tonic,.tonic,11,tonic
40dbe1db-858f-4366-bef8-9076eb67340d,/home/izpiz/coding/automatic-raga-recognition/dataset/RagaDataset/Hindustani/features/40dbe1db-858f-4366-bef8-9076eb67340d/Bade_Ghulam_Ali_Khan/The_Great_Heritage__Ustad_Bade_Ghulam_Ali_Khan/Raga_Shuddha_Sarang_ab50e3e6-e6cb-4faa-a5ad-f0a94de30f86.tonic,Raga_Shuddha_Sarang_ab50e3e6-e6cb-4faa-a5ad-f0a94de30f86.tonic,.tonic,11,tonic
40dbe1db-858f-4366-bef8-9076eb67340d,/home/izpiz/coding/automatic-raga-recognition/dataset/RagaDataset/Hindustani/features/40dbe1db-858f-4366-bef8-9076eb67340d/Bade_Ghulam_Ali_Khan/The_Great_Heritage__Ustad_Bade_Ghulam_Ali_Khan/Raga_Shuddha_Sarang_ab50e3e6-e6cb-4faa-a5ad-f0a94de30f86.tonicFine,Raga_Shuddha_Sarang_ab50e3e6-e6cb-4faa-a5ad-f0a94de30f86.tonicFine,.tonicfine,25,tonic
40dbe1db-858f-4366-bef8-9076eb67340d,/home/izpiz/coding/automatic-raga-recognition/dataset/RagaDataset/Hindustani/features/40dbe1db-858f-4366-bef8-9076eb67340d/Ajoy_Chakrabarty/Geetinandan___Part-3/Sudh_Sarang_3a75a312-b119-41f8-8a5a-e799ebeed0cc.tonic,Sudh_Sarang_3a75a312-b119-41f8-8a5a-e799ebeed0cc.tonic,.tonic,11,tonic
40dbe1db-858f-4366-bef8-9076eb67340d,/home/izpiz/coding/automatic-raga-recognition/dataset/RagaDataset/Hindustani/features/40dbe1db-858f-4366-bef8-9076eb67340d/Ajoy_Chakrabarty/Geetinandan___Part-3/Sudh_Sarang_3a75a312-b119-41f8-8a5a-e799ebeed0cc.tonicFine,Sudh_Sarang_3a75a312-b119-41f8-8a5a-e799ebeed0cc.tonicFine,.tonicfine,25,tonic
40dbe1db-858f-4366-bef8-9076eb67340d,/home/izpiz/coding/automatic-raga-recognition/dataset/RagaDataset/Hindustani/features/40dbe1db-858f-4366-bef8-9076eb67340d/Jasraj/Legends__Sangeet_Martand_Pandit_Jasraj_(Vol__2)/Raga_-_Shudh_Sarang_3ce253e3-20a1-4148-b6c7-420a9784c242.tonicFine,Raga_-_Shudh_Sarang_3ce253e3-20a1-4148-b6c7-420a9784c242.tonicFine,.tonicfine,25,tonic
40dbe1db-858f-4366-bef8-9076eb67340d,/home/izpiz/coding/automatic-raga-recognition/dataset/RagaDataset/Hindustani/features/40dbe1db-858f-4366-bef8-9076eb67340d/Jasraj/Legends__Sangeet_Martand_Pandit_Jasraj_(Vol__2)/Raga_-_Shudh_Sarang_3ce253e3-20a1-4148-b6c7-420a9784c242.tonic,Raga_-_Shudh_Sarang_3ce253e3-20a1-4148-b6c7-420a9784c242.tonic,.tonic,6,tonic
40dbe1db-858f-4366-bef8-9076eb67340d,/home/izpiz/coding/automatic-raga-recognition/dataset/RagaDataset/Hindustani/features/40dbe1db-858f-4366-bef8-9076eb67340d/Kumar_Mardur/Classical_Essence/Raga_Shudh_Saarang_f0dfbbd2-7c91-4d7f-aa8d-30d95ee22c29.tonicFine,Raga_Shudh_Saarang_f0dfbbd2-7c91-4d7f-aa8d-30d95ee22c29.tonicFine,.tonicfine,25,tonic
40dbe1db-858f-4366-bef8-9076eb67340d,/home/izpiz/coding/automatic-raga-recognition/dataset/RagaDataset/Hindustani/features/40dbe1db-858f-4366-bef8-9076eb67340d/Kumar_Mardur/Classical_Essence/Raga_Shudh_Saarang_f0dfbbd2-7c91-4d7f-aa8d-30d95ee22c29.tonic,Raga_Shudh_Saarang_f0dfbbd2-7c91-4d7f-aa8d-30d95ee22c29.tonic,.tonic,11,tonic
40dbe1db-858f-4366-bef8-9076eb67340d,/home/izpiz/coding/automatic-raga-recognition/dataset/RagaDataset/Hindustani/features/40dbe1db-858f-4366-bef8-9076eb67340d/Kumar_Gandharva/Pt__Kumar_Gandharva-Vocal/Naina_Na_Mane_Mora_ed4b8208-d0bf-4269-b513-5799a9ae3884.tonicFine,Naina_Na_Mane_Mora_ed4b8208-d0bf-4269-b513-5799a9ae3884.tonicFine,.tonicfine,25,tonic
40dbe1db-858f-4366-bef8-9076eb67340d,/home/izpiz/coding/automatic-raga-recognition/dataset/RagaDataset/Hindustani/features/40dbe1db-858f-4366-bef8-9076eb67340d/Kumar_Gandharva/Pt__Kumar_Gandharva-Vocal/Naina_Na_Mane_Mora_ed4b8208-d0bf-4269-b513-5799a9ae3884.tonic,Naina_Na_Mane_Mora_ed4b8208-d0bf-4269-b513-5799a9ae3884.tonic,.tonic,11,tonic
40dbe1db-858f-4366-bef8-9076eb67340d,/home/izpiz/coding/automatic-raga-recognition/dataset/RagaDataset/Hindustani/features/40dbe1db-858f-4366-bef8-9076eb67340d/Veena_Sahasrabuddhe/Ritu_Chakra_Vol__3/Raga_Shudh_Sarang_6df73a9c-3978-4db0-af6a-7d833467234b.tonicFine,Raga_Shudh_Sarang_6df73a9c-3978-4db0-af6a-7d833467234b.tonicFine,.tonicfine,25,tonic
40dbe1db-858f-4366-bef8-9076eb67340d,/home/izpiz/coding/automatic-raga-recognition/dataset/RagaDataset/Hindustani/features/40dbe1db-858f-4366-bef8-9076eb67340d/Veena_Sahasrabuddhe/Ritu_Chakra_Vol__3/Raga_Shudh_Sarang_6df73a9c-3978-4db0-af6a-7d833467234b.tonic,Raga_Shudh_Sarang_6df73a9c-3978-4db0-af6a-7d833467234b.tonic,.tonic,11,tonic
40dbe1db-858f-4366-bef8-9076eb67340d,/home/izpiz/coding/automatic-raga-recognition/dataset/RagaDataset/Hindustani/features/40dbe1db-858f-4366-bef8-9076eb67340d/Basavraj_Rajaguru/The_Genius_Of_Basavraj_Rajguru/Raga_Shuddh_Sarang_43688da7-80e9-4814-b486-b01534a6ed44.tonicFine,Raga_Shuddh_Sarang_43688da7-80e9-4814-b486-b01534a6ed44.tonicFine,.tonicfine,25,tonic
40dbe1db-858f-4366-bef8-9076eb67340d,/home/izpiz/coding/automatic-raga-recognition/dataset/RagaDataset/Hindustani/features/40dbe1db-858f-4366-bef8-9076eb67340d/Basavraj_Rajaguru/The_Genius_Of_Basavraj_Rajguru/Raga_Shuddh_Sarang_43688da7-80e9-4814-b486-b01534a6ed44.tonic,Raga_Shuddh_Sarang_43688da7-80e9-4814-b486-b01534a6ed44.tonic,.tonic,11,tonic
40dbe1db-858f-4366-bef8-9076eb67340d,/home/izpiz/coding/automatic-raga-recognition/dataset/RagaDataset/Hindustani/features/40dbe1db-858f-4366-bef8-9076eb67340d/Satyasheel_Deshpande/Kahen/Kite_Din_Piya_Dekhe_Bin_Beete_f11c7c0c-d148-4084-8cfc-b5e81893f5cf.tonicFine,Kite_Din_Piya_Dekhe_Bin_Beete_f11c7c0c-d148-4084-8cfc-b5e81893f5cf.tonicFine,.tonicfine,25,tonic
40dbe1db-858f-4366-bef8-9076eb67340d,/home/izpiz/coding/automatic-raga-recognition/dataset/RagaDataset/Hindustani/features/40dbe1db-858f-4366-bef8-9076eb67340d/Satyasheel_Deshpande/Kahen/Kite_Din_Piya_Dekhe_Bin_Beete_f11c7c0c-d148-4084-8cfc-b5e81893f5cf.tonic,Kite_Din_Piya_Dekhe_Bin_Beete_f11c7c0c-d148-4084-8cfc-b5e81893f5cf.tonic,.tonic,11,tonic
40dbe1db-858f-4366-bef8-9076eb67340d,/home/izpiz/coding/automatic-raga-recognition/dataset/RagaDataset/Hindustani/features/40dbe1db-858f-4366-bef8-9076eb67340d/Satyasheel_Deshpande/Kahen/Tapan_Lagi_Gahare_e63679b8-d529-4815-9e58-aac403e079e1.tonicFine,Tapan_Lagi_Gahare_e63679b8-d529-4815-9e58-aac403e079e1.tonicFine,.tonicfine,25,tonic
40dbe1db-858f-4366-bef8-9076eb67340d,/home/izpiz/coding/automatic-raga-recognition/dataset/RagaDataset/Hindustani/features/40dbe1db-858f-4366-bef8-9076eb67340d/Satyasheel_Deshpande/Kahen/Tapan_Lagi_Gahare_e63679b8-d529-4815-9e58-aac403e079e1.tonic,Tapan_Lagi_Gahare_e63679b8-d529-4815-9e58-aac403e079e1.tonic,.tonic,11,tonic
40dbe1db-858f-4366-bef8-9076eb67340d,/home/izpiz/coding/automatic-raga-recognition/dataset/RagaDataset/Hindustani/features/40dbe1db-858f-4366-bef8-9076eb67340d/Satyasheel_Deshpande/Kahen/Bataide_Mohe_Gan_Surjnava_97c2c622-af6f-4a70-98be-9e44d5c933db.tonicFine,Bataide_Mohe_Gan_Surjnava_97c2c622-af6f-4a70-98be-9e44d5c933db.tonicFine,.tonicfine,25,tonic
40dbe1db-858f-4366-bef8-9076eb67340d,/home/izpiz/coding/automatic-raga-recognition/dataset/RagaDataset/Hindustani/features/40dbe1db-858f-4366-bef8-9076eb67340d/Satyasheel_Deshpande/Kahen/Bataide_Mohe_Gan_Surjnava_97c2c622-af6f-4a70-98be-9e44d5c933db.tonic,Bataide_Mohe_Gan_Surjnava_97c2c622-af6f-4a70-98be-9e44d5c933db.tonic,.tonic,11,tonic
46997b02-f09c-4969-8138-4e1861f61967,/home/izpiz/coding/automatic-raga-recognition/dataset/RagaDataset/Hindustani/features/46997b02-f09c-4969-8138-4e1861f61967/Omkar_Dadarkar/Raag_Marwa___Shree/Raag_Shree_f3313201-ab83-4633-b463-60b862ab1a21.tonic,Raag_Shree_f3313201-ab83-4633-b463-60b862ab1a21.tonic,.tonic,11,tonic
46997b02-f09c-4969-8138-4e1861f61967,/home/izpiz/coding/automatic-raga-recognition/dataset/RagaDataset/Hindustani/features/46997b02-f09c-4969-8138-4e1861f61967/Omkar_Dadarkar/Raag_Marwa___Shree/Raag_Shree_f3313201-ab83-4633-b463-60b862ab1a21.tonicFine,Raag_Shree_f3313201-ab83-4633-b463-60b862ab1a21.tonicFine,.tonicfine,25,tonic
46997b02-f09c-4969-8138-4e1861f61967,/home/izpiz/coding/automatic-raga-recognition/dataset/RagaDataset/Hindustani/features/46997b02-f09c-4969-8138-4e1861f61967/C_R_Vyas/The_Eternal_Rhapsody/Raga_Shree_-_Alap_077d538e-545a-4098-8997-76742fb26d39.tonic,Raga_Shree_-_Alap_077d538e-545a-4098-8997-76742fb26d39.tonic,.tonic,11,tonic
46997b02-f09c-4969-8138-4e1861f61967,/home/izpiz/coding/automatic-raga-recognition/dataset/RagaDataset/Hindustani/features/46997b02-f09c-4969-8138-4e1861f61967/C_R_Vyas/The_Eternal_Rhapsody/Raga_Shree_-_Soon_Le_Ho_Araj_Mora_6502220f-ec92-4308-99d4-3922f41579aa.tonic,Raga_Shree_-_Soon_Le_Ho_Araj_Mora_6502220f-ec92-4308-99d4-3922f41579aa.tonic,.tonic,11,tonic
46997b02-f09c-4969-8138-4e1861f61967,/home/izpiz/coding/automatic-raga-recognition/dataset/RagaDataset/Hindustani/features/46997b02-f09c-4969-8138-4e1861f61967/C_R_Vyas/The_Eternal_Rhapsody/Raga_Shree_-_Soon_Le_Ho_Araj_Mora_6502220f-ec92-4308-99d4-3922f41579aa.tonicFine,Raga_Shree_-_Soon_Le_Ho_Araj_Mora_6502220f-ec92-4308-99d4-3922f41579aa.tonicFine,.tonicfine,25,tonic
46997b02-f09c-4969-8138-4e1861f61967,/home/izpiz/coding/automatic-raga-recognition/dataset/RagaDataset/Hindustani/features/46997b02-f09c-4969-8138-4e1861f61967/C_R_Vyas/The_Eternal_Rhapsody/Raga_Shree_-_Kahe_Dar_Paun_Main_1b3714f7-9cab-4674-8d19-c9aad8801d29.tonicFine,Raga_Shree_-_Kahe_Dar_Paun_Main_1b3714f7-9cab-4674-8d19-c9aad8801d29.tonicFine,.tonicfine,25,tonic
46997b02-f09c-4969-8138-4e1861f61967,/home/izpiz/coding/automatic-raga-recognition/dataset/RagaDataset/Hindustani/features/46997b02-f09c-4969-8138-4e1861f61967/C_R_Vyas/The_Eternal_Rhapsody/Raga_Shree_-_Alap_077d538e-545a-4098-8997-76742fb26d39.tonicFine,Raga_Shree_-_Alap_077d538e-545a-4098-8997-76742fb26d39.tonicFine,.tonicfine,25,tonic
46997b02-f09c-4969-8138-4e1861f61967,/home/izpiz/coding/automatic-raga-recognition/dataset/RagaDataset/Hindustani/features/46997b02-f09c-4969-8138-4e1861f61967/C_R_Vyas/The_Eternal_Rhapsody/Raga_Shree_-_Kahe_Dar_Paun_Main_1b3714f7-9cab-4674-8d19-c9aad8801d29.tonic,Raga_Shree_-_Kahe_Dar_Paun_Main_1b3714f7-9cab-4674-8d19-c9aad8801d29.tonic,.tonic,11,tonic
46997b02-f09c-4969-8138-4e1861f61967,/home/izpiz/coding/automatic-raga-recognition/dataset/RagaDataset/Hindustani/features/46997b02-f09c-4969-8138-4e1861f61967/Deborshee_Bhattacharya/Raag_Shree/Raag_Shree_b3a43a82-b3c3-49bf-bd3d-db561c1ec355.tonic,Raag_Shree_b3a43a82-b3c3-49bf-bd3d-db561c1ec355.tonic,.tonic,11,tonic
46997b02-f09c-4969-8138-4e1861f61967,/home/izpiz/coding/automatic-raga-recognition/dataset/RagaDataset/Hindustani/features/46997b02-f09c-4969-8138-4e1861f61967/Deborshee_Bhattacharya/Raag_Shree/Raag_Shree_b3a43a82-b3c3-49bf-bd3d-db561c1ec355.tonicFine,Raag_Shree_b3a43a82-b3c3-49bf-bd3d-db561c1ec355.tonicFine,.tonicfine,25,tonic
46997b02-f09c-4969-8138-4e1861f61967,/home/izpiz/coding/automatic-raga-recognition/dataset/RagaDataset/Hindustani/features/46997b02-f09c-4969-8138-4e1861f61967/Ajoy_Chakrabarty/Subha_Chale_Sham_Dhale/Raga_Shree_-_Khayal_6ac112dd-b04f-4ad8-9913-1a1bfc35c5ec.tonic,Raga_Shree_-_Khayal_6ac112dd-b04f-4ad8-9913-1a1bfc35c5ec.tonic,.tonic,11,tonic
46997b02-f09c-4969-8138-4e1861f61967,/home/izpiz/coding/automatic-raga-recognition/dataset/RagaDataset/Hindustani/features/46997b02-f09c-4969-8138-4e1861f61967/Ajoy_Chakrabarty/Subha_Chale_Sham_Dhale/Raga_Shree_-_Khayal_6ac112dd-b04f-4ad8-9913-1a1bfc35c5ec.tonicFine,Raga_Shree_-_Khayal_6ac112dd-b04f-4ad8-9913-1a1bfc35c5ec.tonicFine,.tonicfine,25,tonic
46997b02-f09c-4969-8138-4e1861f61967,"/home/izpiz/coding/automatic-raga-recognition/dataset/RagaDataset/Hindustani/features/46997b02-f09c-4969-8138-4e1861f61967/Kaustuv_Kanti_Ganguli/Raag_Shree,_Lalit_Pancham___Bhairavi_Thumri/Raag_Shree_454f0c85-a41b-48c1-afa5-b4f5dbcb7947.tonicFine",Raag_Shree_454f0c85-a41b-48c1-afa5-b4f5dbcb7947.tonicFine,.tonicfine,25,tonic
46997b02-f09c-4969-8138-4e1861f61967,"/home/izpiz/coding/automatic-raga-recognition/dataset/RagaDataset/Hindustani/features/46997b02-f09c-4969-8138-4e1861f61967/Kaustuv_Kanti_Ganguli/Raag_Shree,_Lalit_Pancham___Bhairavi_Thumri/Raag_Shree_454f0c85-a41b-48c1-afa5-b4f5dbcb7947.tonic",Raag_Shree_454f0c85-a41b-48c1-afa5-b4f5dbcb7947.tonic,.tonic,11,tonic
46997b02-f09c-4969-8138-4e1861f61967,/home/izpiz/coding/automatic-raga-recognition/dataset/RagaDataset/Hindustani/features/46997b02-f09c-4969-8138-4e1861f61967/Kaustuv_Kanti_Ganguli/Raag_Shree/Raag_Shree_928a430e-813e-48b0-8a23-566e74aa8dc9.tonic,Raag_Shree_928a430e-813e-48b0-8a23-566e74aa8dc9.tonic,.tonic,11,tonic
46997b02-f09c-4969-8138-4e1861f61967,/home/izpiz/coding/automatic-raga-recognition/dataset/RagaDataset/Hindustani/features/46997b02-f09c-4969-8138-4e1861f61967/Kaustuv_Kanti_Ganguli/Raag_Shree/Raag_Shree_928a430e-813e-48b0-8a23-566e74aa8dc9.tonicFine,Raag_Shree_928a430e-813e-48b0-8a23-566e74aa8dc9.tonicFine,.tonicfine,25,tonic
46997b02-f09c-4969-8138-4e1861f61967,/home/izpiz/coding/automatic-raga-recognition/dataset/RagaDataset/Hindustani/features/46997b02-f09c-4969-8138-4e1861f61967/Kumar_Mardur/Classical_Essence/Raga_Shree_f5999e30-d00d-4837-b9c6-5328768ae22d.tonicFine,Raga_Shree_f5999e30-d00d-4837-b9c6-5328768ae22d.tonicFine,.tonicfine,25,tonic
46997b02-f09c-4969-8138-4e1861f61967,/home/izpiz/coding/automatic-raga-recognition/dataset/RagaDataset/Hindustani/features/46997b02-f09c-4969-8138-4e1861f61967/Kumar_Mardur/Classical_Essence/Raga_Shree_f5999e30-d00d-4837-b9c6-5328768ae22d.tonic,Raga_Shree_f5999e30-d00d-4837-b9c6-5328768ae22d.tonic,.tonic,11,tonic
46997b02-f09c-4969-8138-4e1861f61967,/home/izpiz/coding/automatic-raga-recognition/dataset/RagaDataset/Hindustani/features/46997b02-f09c-4969-8138-4e1861f61967/Mallikarjun_Mansur/Rare_Ragas_-_Raag_Sree/Raag_Shree_113d82be-a83c-4c43-9393-6377fcd982bf.tonic,Raag_Shree_113d82be-a83c-4c43-9393-6377fcd982bf.tonic,.tonic,11,tonic
46997b02-f09c-4969-8138-4e1861f61967,/home/izpiz/coding/automatic-raga-recognition/dataset/RagaDataset/Hindustani/features/46997b02-f09c-4969-8138-4e1861f61967/Mallikarjun_Mansur/Rare_Ragas_-_Raag_Sree/Raag_Shree_113d82be-a83c-4c43-9393-6377fcd982bf.tonicFine,Raag_Shree_113d82be-a83c-4c43-9393-6377fcd982bf.tonicFine,.tonicfine,25,tonic
48b37bed-e847-4882-8a01-5c721e07f07d,/home/izpiz/coding/automatic-raga-recognition/dataset/RagaDataset/Hindustani/features/48b37bed-e847-4882-8a01-5c721e07f07d/Abdul_Rashid_Khan/Rasan_Piya_-_Volume_4/Are_Lalju_Ab_Tum_Kahey_Baat_Banawat_6acdbda5-8c44-4dd4-8aea-dc024c7f65b6.tonic,Are_Lalju_Ab_Tum_Kahey_Baat_Banawat_6acdbda5-8c44-4dd4-8aea-dc024c7f65b6.tonic,.tonic,11,tonic
48b37bed-e847-4882-8a01-5c721e07f07d,/home/izpiz/coding/automatic-raga-recognition/dataset/RagaDataset/Hindustani/features/48b37bed-e847-4882-8a01-5c721e07f07d/Abdul_Rashid_Khan/Rasan_Piya_-_Volume_4/Are_Lalju_Ab_Tum_Kahey_Baat_Banawat_6acdbda5-8c44-4dd4-8aea-dc024c7f65b6.tonicFine,Are_Lalju_Ab_Tum_Kahey_Baat_Banawat_6acdbda5-8c44-4dd4-8aea-dc024c7f65b6.tonicFine,.tonicfine,25,tonic
48b37bed-e847-4882-8a01-5c721e07f07d,/home/izpiz/coding/automatic-raga-recognition/dataset/RagaDataset/Hindustani/features/48b37bed-e847-4882-8a01-5c721e07f07d/Bhimsen_Joshi/Raagadhiraj/Ay_Piya_Bin_Kaise_Taroge_and_Eri_Aali_Piya_Bin_e2bfec5e-df30-42b5-9157-e4fd102a78a6.tonic,Ay_Piya_Bin_Kaise_Taroge_and_Eri_Aali_Piya_Bin_e2bfec5e-df30-42b5-9157-e4fd102a78a6.tonic,.tonic,11,tonic
48b37bed-e847-4882-8a01-5c721e07f07d,/home/izpiz/coding/automatic-raga-recognition/dataset/RagaDataset/Hindustani/features/48b37bed-e847-4882-8a01-5c721e07f07d/Bhimsen_Joshi/Raagadhiraj/Ay_Piya_Bin_Kaise_Taroge_and_Eri_Aali_Piya_Bin_e2bfec5e-df30-42b5-9157-e4fd102a78a6.tonicFine,Ay_Piya_Bin_Kaise_Taroge_and_Eri_Aali_Piya_Bin_e2bfec5e-df30-42b5-9157-e4fd102a78a6.tonicFine,.tonicfine,25,tonic
48b37bed-e847-4882-8a01-5c721e07f07d,/home/izpiz/coding/automatic-raga-recognition/dataset/RagaDataset/Hindustani/features/48b37bed-e847-4882-8a01-5c721e07f07d/Bhimsen_Joshi/A_Rare_Treat/Yaman_Kalyan_aa93fca9-362d-4ea4-952f-65006746b888.tonicFine,Yaman_Kalyan_aa93fca9-362d-4ea4-952f-65006746b888.tonicFine,.tonicfine,25,tonic
48b37bed-e847-4882-8a01-5c721e07f07d,/home/izpiz/coding/automatic-raga-recognition/dataset/RagaDataset/Hindustani/features/48b37bed-e847-4882-8a01-5c721e07f07d/Bhimsen_Joshi/A_Rare_Treat/Yaman_Kalyan_aa93fca9-362d-4ea4-952f-65006746b888.tonic,Yaman_Kalyan_aa93fca9-362d-4ea4-952f-65006746b888.tonic,.tonic,11,tonic
48b37bed-e847-4882-8a01-5c721e07f07d,"/home/izpiz/coding/automatic-raga-recognition/dataset/RagaDataset/Hindustani/features/48b37bed-e847-4882-8a01-5c721e07f07d/Omkar_Dadarkar/Raag_Bahar,_Gaud_Malhar___Yaman/Raag_Yaman_c76cadd9-9e7b-4e9e-96dc-f79a9a8eed78.tonic",Raag_Yaman_c76cadd9-9e7b-4e9e-96dc-f79a9a8eed78.tonic,.tonic,11,tonic
48b37bed-e847-4882-8a01-5c721e07f07d,"/home/izpiz/coding/automatic-raga-recognition/dataset/RagaDataset/Hindustani/features/48b37bed-e847-4882-8a01-5c721e07f07d/Omkar_Dadarkar/Raag_Bahar,_Gaud_Malhar___Yaman/Raag_Yaman_c76cadd9-9e7b-4e9e-96dc-f79a9a8eed78.tonicFine",Raag_Yaman_c76cadd9-9e7b-4e9e-96dc-f79a9a8eed78.tonicFine,.tonicfine,25,tonic
48b37bed-e847-4882-8a01-5c721e07f07d,/home/izpiz/coding/automatic-raga-recognition/dataset/RagaDataset/Hindustani/features/48b37bed-e847-4882-8a01-5c721e07f07d/Ajoy_Chakrabarty/The_Genius_Of_Pt__Ajoy_Chakraborty/Raga_Yaman_e59642ca-72bc-466b-bf4b-d82bfbc7b4af.tonicFine,Raga_Yaman_e59642ca-72bc-466b-bf4b-d82bfbc7b4af.tonicFine,.tonicfine,25,tonic
48b37bed-e847-4882-8a01-5c721e07f07d,/home/izpiz/coding/automatic-raga-recognition/dataset/RagaDataset/Hindustani/features/48b37bed-e847-4882-8a01-5c721e07f07d/Ajoy_Chakrabarty/The_Genius_Of_Pt__Ajoy_Chakraborty/Raga_Yaman_e59642ca-72bc-466b-bf4b-d82bfbc7b4af.tonic,Raga_Yaman_e59642ca-72bc-466b-bf4b-d82bfbc7b4af.tonic,.tonic,11,tonic
48b37bed-e847-4882-8a01-5c721e07f07d,/home/izpiz/coding/automatic-raga-recognition/dataset/RagaDataset/Hindustani/features/48b37bed-e847-4882-8a01-5c721e07f07d/Shashank_Maktedar/Hidden_Gems/Raga_Yaman_a7a805ef-66c7-47aa-ad38-371c13fa3761.tonicFine,Raga_Yaman_a7a805ef-66c7-47aa-ad38-371c13fa3761.tonicFine,.tonicfine,25,tonic
48b37bed-e847-4882-8a01-5c721e07f07d,/home/izpiz/coding/automatic-raga-recognition/dataset/RagaDataset/Hindustani/features/48b37bed-e847-4882-8a01-5c721e07f07d/Shashank_Maktedar/Hidden_Gems/Raga_Yaman_a7a805ef-66c7-47aa-ad38-371c13fa3761.tonic,Raga_Yaman_a7a805ef-66c7-47aa-ad38-371c13fa3761.tonic,.tonic,11,tonic
48b37bed-e847-4882-8a01-5c721e07f07d,/home/izpiz/coding/automatic-raga-recognition/dataset/RagaDataset/Hindustani/features/48b37bed-e847-4882-8a01-5c721e07f07d/Hirabai_Barodekar/The_Great_Heritage__Hirabai_Barodekar/Raga_-_Yaman_72b3199c-c49d-4f50-b959-e1bf6abab98e.tonicFine,Raga_-_Yaman_72b3199c-c49d-4f50-b959-e1bf6abab98e.tonicFine,.tonicfine,25,tonic
48b37bed-e847-4882-8a01-5c721e07f07d,/home/izpiz/coding/automatic-raga-recognition/dataset/RagaDataset/Hindustani/features/48b37bed-e847-4882-8a01-5c721e07f07d/Hirabai_Barodekar/The_Great_Heritage__Hirabai_Barodekar/Raga_-_Yaman_72b3199c-c49d-4f50-b959-e1bf6abab98e.tonic,Raga_-_Yaman_72b3199c-c49d-4f50-b959-e1bf6abab98e.tonic,.tonic,11,tonic
48b37bed-e847-4882-8a01-5c721e07f07d,/home/izpiz/coding/automatic-raga-recognition/dataset/RagaDataset/Hindustani/features/48b37bed-e847-4882-8a01-5c721e07f07d/Prabha_Atre/Gaan_Prabha/Man_Tu_Gaa_Re_Hari_Naam_fe984e34-eae6-4dcf-bf70-159923c26fe6.tonic,Man_Tu_Gaa_Re_Hari_Naam_fe984e34-eae6-4dcf-bf70-159923c26fe6.tonic,.tonic,11,tonic
48b37bed-e847-4882-8a01-5c721e07f07d,/home/izpiz/coding/automatic-raga-recognition/dataset/RagaDataset/Hindustani/features/48b37bed-e847-4882-8a01-5c721e07f07d/Prabha_Atre/Gaan_Prabha/Man_Tu_Gaa_Re_Hari_Naam_fe984e34-eae6-4dcf-bf70-159923c26fe6.tonicFine,Man_Tu_Gaa_Re_Hari_Naam_fe984e34-eae6-4dcf-bf70-159923c26fe6.tonicFine,.tonicfine,25,tonic
48b37bed-e847-4882-8a01-5c721e07f07d,/home/izpiz/coding/automatic-raga-recognition/dataset/RagaDataset/Hindustani/features/48b37bed-e847-4882-8a01-5c721e07f07d/Veena_Sahasrabuddhe/Celestial/Deo_daan_mohe_a2c54654-2699-489a-95ab-623fc903281a.tonicFine,Deo_daan_mohe_a2c54654-2699-489a-95ab-623fc903281a.tonicFine,.tonicfine,25,tonic
48b37bed-e847-4882-8a01-5c721e07f07d,/home/izpiz/coding/automatic-raga-recognition/dataset/RagaDataset/Hindustani/features/48b37bed-e847-4882-8a01-5c721e07f07d/Veena_Sahasrabuddhe/Celestial/Deo_daan_mohe_a2c54654-2699-489a-95ab-623fc903281a.tonic,Deo_daan_mohe_a2c54654-2699-489a-95ab-623fc903281a.tonic,.tonic,11,tonic
48b37bed-e847-4882-8a01-5c721e07f07d,/home/izpiz/coding/automatic-raga-recognition/dataset/RagaDataset/Hindustani/features/48b37bed-e847-4882-8a01-5c721e07f07d/Jagdish_Prasad/Jewel_of_Jewels/Raga_Yaman_37c79233-b5d7-4517-a393-37784702c4ce.tonicFine,Raga_Yaman_37c79233-b5d7-4517-a393-37784702c4ce.tonicFine,.tonicfine,25,tonic
48b37bed-e847-4882-8a01-5c721e07f07d,/home/izpiz/coding/automatic-raga-recognition/dataset/RagaDataset/Hindustani/features/48b37bed-e847-4882-8a01-5c721e07f07d/Jagdish_Prasad/Jewel_of_Jewels/Raga_Yaman_37c79233-b5d7-4517-a393-37784702c4ce.tonic,Raga_Yaman_37c79233-b5d7-4517-a393-37784702c4ce.tonic,.tonic,5,tonic
54c4214c-05b9-4acc-8f77-6d5786e43a2e,/home/izpiz/coding/automatic-raga-recognition/dataset/RagaDataset/Hindustani/features/54c4214c-05b9-4acc-8f77-6d5786e43a2e/Bhimsen_Joshi/Swar_Shikhar/Raag_Marubihag_fe91ccb2-499a-4d99-be22-3fdde04ee9aa.tonic,Raag_Marubihag_fe91ccb2-499a-4d99-be22-3fdde04ee9aa.tonic,.tonic,11,tonic
54c4214c-05b9-4acc-8f77-6d5786e43a2e,/home/izpiz/coding/automatic-raga-recognition/dataset/RagaDataset/Hindustani/features/54c4214c-05b9-4acc-8f77-6d5786e43a2e/Bhimsen_Joshi/Swar_Shikhar/Raag_Marubihag_fe91ccb2-499a-4d99-be22-3fdde04ee9aa.tonicFine,Raag_Marubihag_fe91ccb2-499a-4d99-be22-3fdde04ee9aa.tonicFine,.tonicfine,25,tonic
54c4214c-05b9-4acc-8f77-6d5786e43a2e,/home/izpiz/coding/automatic-raga-recognition/dataset/RagaDataset/Hindustani/features/54c4214c-05b9-4acc-8f77-6d5786e43a2e/Bhimsen_Joshi/The_Essential_Collection/Rag_Maru_Bihag_Vilambit_Teental_230998b8-34e1-4d6c-bc96-e0ff95146ddb.tonicFine,Rag_Maru_Bihag_Vilambit_Teental_230998b8-34e1-4d6c-bc96-e0ff95146ddb.tonicFine,.tonicfine,25,tonic
54c4214c-05b9-4acc-8f77-6d5786e43a2e,/home/izpiz/coding/automatic-raga-recognition/dataset/RagaDataset/Hindustani/features/54c4214c-05b9-4acc-8f77-6d5786e43a2e/Bhimsen_Joshi/The_Essential_Collection/Rag_Maru_Bihag_Drut_Teental_a0cfb64b-6744-477e-9a17-e335a08e604f.tonic,Rag_Maru_Bihag_Drut_Teental_a0cfb64b-6744-477e-9a17-e335a08e604f.tonic,.tonic,11,tonic
54c4214c-05b9-4acc-8f77-6d5786e43a2e,/home/izpiz/coding/automatic-raga-recognition/dataset/RagaDataset/Hindustani/features/54c4214c-05b9-4acc-8f77-6d5786e43a2e/Bhimsen_Joshi/The_Essential_Collection/Rag_Maru_Bihag_Vilambit_Teental_230998b8-34e1-4d6c-bc96-e0ff95146ddb.tonic,Rag_Maru_Bihag_Vilambit_Teental_230998b8-34e1-4d6c-bc96-e0ff95146ddb.tonic,.tonic,11,tonic
54c4214c-05b9-4acc-8f77-6d5786e43a2e,/home/izpiz/coding/automatic-raga-recognition/dataset/RagaDataset/Hindustani/features/54c4214c-05b9-4acc-8f77-6d5786e43a2e/Bhimsen_Joshi/The_Essential_Collection/Rag_Maru_Bihag_Drut_Teental_a0cfb64b-6744-477e-9a17-e335a08e604f.tonicFine,Rag_Maru_Bihag_Drut_Teental_a0cfb64b-6744-477e-9a17-e335a08e604f.tonicFine,.tonicfine,25,tonic
54c4214c-05b9-4acc-8f77-6d5786e43a2e,/home/izpiz/coding/automatic-raga-recognition/dataset/RagaDataset/Hindustani/features/54c4214c-05b9-4acc-8f77-6d5786e43a2e/Ajoy_Chakrabarty/Geetinandan___Part-3/Maru_Bihag_631bde83-42e4-4c04-b260-3dbbd5b03799.tonic,Maru_Bihag_631bde83-42e4-4c04-b260-3dbbd5b03799.tonic,.tonic,11,tonic
54c4214c-05b9-4acc-8f77-6d5786e43a2e,/home/izpiz/coding/automatic-raga-recognition/dataset/RagaDataset/Hindustani/features/54c4214c-05b9-4acc-8f77-6d5786e43a2e/Ajoy_Chakrabarty/Geetinandan___Part-3/Maru_Bihag_631bde83-42e4-4c04-b260-3dbbd5b03799.tonicFine,Maru_Bihag_631bde83-42e4-4c04-b260-3dbbd5b03799.tonicFine,.tonicfine,25,tonic
54c4214c-05b9-4acc-8f77-6d5786e43a2e,/home/izpiz/coding/automatic-raga-recognition/dataset/RagaDataset/Hindustani/features/54c4214c-05b9-4acc-8f77-6d5786e43a2e/Jasraj/Classical_Wonders_of_India/Raga_Maru_Bihag_56ad0c6b-6e9d-40e5-a917-96ec46c95e1c.tonic,Raga_Maru_Bihag_56ad0c6b-6e9d-40e5-a917-96ec46c95e1c.tonic,.tonic,11,tonic
54c4214c-05b9-4acc-8f77-6d5786e43a2e,/home/izpiz/coding/automatic-raga-recognition/dataset/RagaDataset/Hindustani/features/54c4214c-05b9-4acc-8f77-6d5786e43a2e/Jasraj/Classical_Wonders_of_India/Raga_Maru_Bihag_56ad0c6b-6e9d-40e5-a917-96ec46c95e1c.tonicFine,Raga_Maru_Bihag_56ad0c6b-6e9d-40e5-a917-96ec46c95e1c.tonicFine,.tonicfine,25,tonic
54c4214c-05b9-4acc-8f77-6d5786e43a2e,/home/izpiz/coding/automatic-raga-recognition/dataset/RagaDataset/Hindustani/features/54c4214c-05b9-4acc-8f77-6d5786e43a2e/Sanjeev_Abhyankar/Khayal/Raga_Maru_Bihag_7199a72c-c660-40dc-8cb9-bc941ae4e8a2.tonic,Raga_Maru_Bihag_7199a72c-c660-40dc-8cb9-bc941ae4e8a2.tonic,.tonic,11,tonic
54c4214c-05b9-4acc-8f77-6d5786e43a2e,/home/izpiz/coding/automatic-raga-recognition/dataset/RagaDataset/Hindustani/features/54c4214c-05b9-4acc-8f77-6d5786e43a2e/Sanjeev_Abhyankar/Khayal/Raga_Maru_Bihag_7199a72c-c660-40dc-8cb9-bc941ae4e8a2.tonicFine,Raga_Maru_Bihag_7199a72c-c660-40dc-8cb9-bc941ae4e8a2.tonicFine,.tonicfine,25,tonic
54c4214c-05b9-4acc-8f77-6d5786e43a2e,/home/izpiz/coding/automatic-raga-recognition/dataset/RagaDataset/Hindustani/features/54c4214c-05b9-4acc-8f77-6d5786e43a2e/Kaushiki_Chakrabarty/Kaushiki/Maru_Bihag_-_Ratiya_Hamari_-_Vilambit_Ektaal_80c94c75-4175-40ca-9f23-4e5a04f5e9cb.tonic,Maru_Bihag_-_Ratiya_Hamari_-_Vilambit_Ektaal_80c94c75-4175-40ca-9f23-4e5a04f5e9cb.tonic,.tonic,4,tonic
54c4214c-05b9-4acc-8f77-6d5786e43a2e,/home/izpiz/coding/automatic-raga-recognition/dataset/RagaDataset/Hindustani/features/54c4214c-05b9-4acc-8f77-6d5786e43a2e/Kaushiki_Chakrabarty/Kaushiki/Maru_Bihag_-_Ratiya_Hamari_-_Vilambit_Ektaal_80c94c75-4175-40ca-9f23-4e5a04f5e9cb.tonicFine,Maru_Bihag_-_Ratiya_Hamari_-_Vilambit_Ektaal_80c94c75-4175-40ca-9f23-4e5a04f5e9cb.tonicFine,.tonicfine,25,tonic
54c4214c-05b9-4acc-8f77-6d5786e43a2e,/home/izpiz/coding/automatic-raga-recognition/dataset/RagaDataset/Hindustani/features/54c4214c-05b9-4acc-8f77-6d5786e43a2e/Kaushiki_Chakrabarty/Kaushiki/Tarapa_Tarapa_-_Drut_Ektaal_932be692-9ff8-4fe1-8546-b92b2d3db696.tonicFine,Tarapa_Tarapa_-_Drut_Ektaal_932be692-9ff8-4fe1-8546-b92b2d3db696.tonicFine,.tonicfine,25,tonic
54c4214c-05b9-4acc-8f77-6d5786e43a2e,/home/izpiz/coding/automatic-raga-recognition/dataset/RagaDataset/Hindustani/features/54c4214c-05b9-4acc-8f77-6d5786e43a2e/Kaushiki_Chakrabarty/Kaushiki/Tarapa_Tarapa_-_Drut_Ektaal_932be692-9ff8-4fe1-8546-b92b2d3db696.tonic,Tarapa_Tarapa_-_Drut_Ektaal_932be692-9ff8-4fe1-8546-b92b2d3db696.tonic,.tonic,3,tonic
54c4214c-05b9-4acc-8f77-6d5786e43a2e,/home/izpiz/coding/automatic-raga-recognition/dataset/RagaDataset/Hindustani/features/54c4214c-05b9-4acc-8f77-6d5786e43a2e/Prabha_Atre/Night_Melodies/Kal_Nai_Aaye_and_Jagu_Main_Saari_Raina_a4fa5d55-8ea5-47dc-b411-f3abe4ce5405.tonic,Kal_Nai_Aaye_and_Jagu_Main_Saari_Raina_a4fa5d55-8ea5-47dc-b411-f3abe4ce5405.tonic,.tonic,11,tonic
54c4214c-05b9-4acc-8f77-6d5786e43a2e,/home/izpiz/coding/automatic-raga-recognition/dataset/RagaDataset/Hindustani/features/54c4214c-05b9-4acc-8f77-6d5786e43a2e/Prabha_Atre/Night_Melodies/Kal_Nai_Aaye_and_Jagu_Main_Saari_Raina_a4fa5d55-8ea5-47dc-b411-f3abe4ce5405.tonicFine,Kal_Nai_Aaye_and_Jagu_Main_Saari_Raina_a4fa5d55-8ea5-47dc-b411-f3abe4ce5405.tonicFine,.tonicfine,25,tonic
54c4214c-05b9-4acc-8f77-6d5786e43a2e,/home/izpiz/coding/automatic-raga-recognition/dataset/RagaDataset/Hindustani/features/54c4214c-05b9-4acc-8f77-6d5786e43a2e/Veena_Sahasrabuddhe/Khayal/Raga_Marubihag_22e45ddb-9b88-406e-996a-2136730d72d4.tonic,Raga_Marubihag_22e45ddb-9b88-406e-996a-2136730d72d4.tonic,.tonic,11,tonic
54c4214c-05b9-4acc-8f77-6d5786e43a2e,/home/izpiz/coding/automatic-raga-recognition/dataset/RagaDataset/Hindustani/features/54c4214c-05b9-4acc-8f77-6d5786e43a2e/Veena_Sahasrabuddhe/Khayal/Raga_Marubihag_22e45ddb-9b88-406e-996a-2136730d72d4.tonicFine,Raga_Marubihag_22e45ddb-9b88-406e-996a-2136730d72d4.tonicFine,.tonicfine,25,tonic
595de771-fcc2-414c-9df6-ae4ffd898549,/home/izpiz/coding/automatic-raga-recognition/dataset/RagaDataset/Hindustani/features/595de771-fcc2-414c-9df6-ae4ffd898549/Rajan_Mishra/Sadhana/Raga_Hamsadhwani-Alap__Bada_Khayal_In_Viambit_Teental_bb7a967a-4bb8-4cb8-9075-f2da540628e0.tonic,Raga_Hamsadhwani-Alap__Bada_Khayal_In_Viambit_Teental_bb7a967a-4bb8-4cb8-9075-f2da540628e0.tonic,.tonic,11,tonic
595de771-fcc2-414c-9df6-ae4ffd898549,/home/izpiz/coding/automatic-raga-recognition/dataset/RagaDataset/Hindustani/features/595de771-fcc2-414c-9df6-ae4ffd898549/Rajan_Mishra/Sadhana/Raga_Hamsadhwani-Tarana_In_Drut_Teental_66dcff23-bcf4-4a32-82fb-e6bb679c0d5d.tonicFine,Raga_Hamsadhwani-Tarana_In_Drut_Teental_66dcff23-bcf4-4a32-82fb-e6bb679c0d5d.tonicFine,.tonicfine,25,tonic
595de771-fcc2-414c-9df6-ae4ffd898549,/home/izpiz/coding/automatic-raga-recognition/dataset/RagaDataset/Hindustani/features/595de771-fcc2-414c-9df6-ae4ffd898549/Rajan_Mishra/Sadhana/Raga_Hamsadhwani-Bandish_In_Madhya_Ektal_8aeccac0-75b0-4397-92b6-7bcfa0c427cc.tonic,Raga_Hamsadhwani-Bandish_In_Madhya_Ektal_8aeccac0-75b0-4397-92b6-7bcfa0c427cc.tonic,.tonic,11,tonic
595de771-fcc2-414c-9df6-ae4ffd898549,/home/izpiz/coding/automatic-raga-recognition/dataset/RagaDataset/Hindustani/features/595de771-fcc2-414c-9df6-ae4ffd898549/Rajan_Mishra/Sadhana/Raga_Hamsadhwani-Tarana_In_Drut_Teental_66dcff23-bcf4-4a32-82fb-e6bb679c0d5d.tonic,Raga_Hamsadhwani-Tarana_In_Drut_Teental_66dcff23-bcf4-4a32-82fb-e6bb679c0d5d.tonic,.tonic,11,tonic
595de771-fcc2-414c-9df6-ae4ffd898549,/home/izpiz/coding/automatic-raga-recognition/dataset/RagaDataset/Hindustani/features/595de771-fcc2-414c-9df6-ae4ffd898549/Rajan_Mishra/Sadhana/Raga_Hamsadhwani-Bandish_In_Madhya_Ektal_8aeccac0-75b0-4397-92b6-7bcfa0c427cc.tonicFine,Raga_Hamsadhwani-Bandish_In_Madhya_Ektal_8aeccac0-75b0-4397-92b6-7bcfa0c427cc.tonicFine,.tonicfine,25,tonic
595de771-fcc2-414c-9df6-ae4ffd898549,/home/izpiz/coding/automatic-raga-recognition/dataset/RagaDataset/Hindustani/features/595de771-fcc2-414c-9df6-ae4ffd898549/Rajan_Mishra/Sadhana/Raga_Hamsadhwani-Alap__Bada_Khayal_In_Viambit_Teental_bb7a967a-4bb8-4cb8-9075-f2da540628e0.tonicFine,Raga_Hamsadhwani-Alap__Bada_Khayal_In_Viambit_Teental_bb7a967a-4bb8-4cb8-9075-f2da540628e0.tonicFine,.tonicfine,25,tonic
595de771-fcc2-414c-9df6-ae4ffd898549,/home/izpiz/coding/automatic-raga-recognition/dataset/RagaDataset/Hindustani/features/595de771-fcc2-414c-9df6-ae4ffd898549/Rajan_Mishra/Sadhana/Raga_Hamsadhwani-Bandish_In_Drut_Teental_f227efaa-652f-48e1-b57e-6fe6fea16fe4.tonic,Raga_Hamsadhwani-Bandish_In_Drut_Teental_f227efaa-652f-48e1-b57e-6fe6fea16fe4.tonic,.tonic,11,tonic
595de771-fcc2-414c-9df6-ae4ffd898549,/home/izpiz/coding/automatic-raga-recognition/dataset/RagaDataset/Hindustani/features/595de771-fcc2-414c-9df6-ae4ffd898549/Rajan_Mishra/Sadhana/Raga_Hamsadhwani-Bandish_In_Drut_Teental_f227efaa-652f-48e1-b57e-6fe6fea16fe4.tonicFine,Raga_Hamsadhwani-Bandish_In_Drut_Teental_f227efaa-652f-48e1-b57e-6fe6fea16fe4.tonicFine,.tonicfine,25,tonic
595de771-fcc2-414c-9df6-ae4ffd898549,/home/izpiz/coding/automatic-raga-recognition/dataset/RagaDataset/Hindustani/features/595de771-fcc2-414c-9df6-ae4ffd898549/Jasraj/Legends__Sangeet_Martand_Pandit_Jasraj_(Vol__5)/Raga_-_Hansdhwani_06cc10fd-d57e-4581-9627-ee7422c273dd.tonic,Raga_-_Hansdhwani_06cc10fd-d57e-4581-9627-ee7422c273dd.tonic,.tonic,11,tonic
595de771-fcc2-414c-9df6-ae4ffd898549,/home/izpiz/coding/automatic-raga-recognition/dataset/RagaDataset/Hindustani/features/595de771-fcc2-414c-9df6-ae4ffd898549/Jasraj/Legends__Sangeet_Martand_Pandit_Jasraj_(Vol__5)/Raga_-_Hansdhwani_06cc10fd-d57e-4581-9627-ee7422c273dd.tonicFine,Raga_-_Hansdhwani_06cc10fd-d57e-4581-9627-ee7422c273dd.tonicFine,.tonicfine,25,tonic
595de771-fcc2-414c-9df6-ae4ffd898549,/home/izpiz/coding/automatic-raga-recognition/dataset/RagaDataset/Hindustani/features/595de771-fcc2-414c-9df6-ae4ffd898549/Amir_Khan/The_Great_Heritage__Ustad_Amir_Khan/Raga_Hansdhwani_Jai_Maate_56a5f6b7-67c0-4672-8eb5-4800ea004251.tonicFine,Raga_Hansdhwani_Jai_Maate_56a5f6b7-67c0-4672-8eb5-4800ea004251.tonicFine,.tonicfine,25,tonic
595de771-fcc2-414c-9df6-ae4ffd898549,/home/izpiz/coding/automatic-raga-recognition/dataset/RagaDataset/Hindustani/features/595de771-fcc2-414c-9df6-ae4ffd898549/Amir_Khan/The_Great_Heritage__Ustad_Amir_Khan/Raga_Hansdhwani_Jai_Maate_56a5f6b7-67c0-4672-8eb5-4800ea004251.tonic,Raga_Hansdhwani_Jai_Maate_56a5f6b7-67c0-4672-8eb5-4800ea004251.tonic,.tonic,11,tonic
595de771-fcc2-414c-9df6-ae4ffd898549,/home/izpiz/coding/automatic-raga-recognition/dataset/RagaDataset/Hindustani/features/595de771-fcc2-414c-9df6-ae4ffd898549/Raghunandan_Panshikar/Classical_Vocal/Raag_Hamsadhwani_7feb93f7-eaa4-42d5-b366-709fd1dbbc2c.tonicFine,Raag_Hamsadhwani_7feb93f7-eaa4-42d5-b366-709fd1dbbc2c.tonicFine,.tonicfine,25,tonic
595de771-fcc2-414c-9df6-ae4ffd898549,/home/izpiz/coding/automatic-raga-recognition/dataset/RagaDataset/Hindustani/features/595de771-fcc2-414c-9df6-ae4ffd898549/Raghunandan_Panshikar/Classical_Vocal/Raag_Hamsadhwani_7feb93f7-eaa4-42d5-b366-709fd1dbbc2c.tonic,Raag_Hamsadhwani_7feb93f7-eaa4-42d5-b366-709fd1dbbc2c.tonic,.tonic,11,tonic
595de771-fcc2-414c-9df6-ae4ffd898549,/home/izpiz/coding/automatic-raga-recognition/dataset/RagaDataset/Hindustani/features/595de771-fcc2-414c-9df6-ae4ffd898549/Veena_Sahasrabuddhe/Bandish_Vol-1/Brahma_Shiva_Hari_19b66d55-98b3-4157-b680-6a0f17fce925.tonic,Brahma_Shiva_Hari_19b66d55-98b3-4157-b680-6a0f17fce925.tonic,.tonic,11,tonic
595de771-fcc2-414c-9df6-ae4ffd898549,/home/izpiz/coding/automatic-raga-recognition/dataset/RagaDataset/Hindustani/features/595de771-fcc2-414c-9df6-ae4ffd898549/Veena_Sahasrabuddhe/Bandish_Vol-1/Jabse_Laagi_Lagan_b142b865-8995-4ce5-aa98-4e0fc7d99d94.tonicFine,Jabse_Laagi_Lagan_b142b865-8995-4ce5-aa98-4e0fc7d99d94.tonicFine,.tonicfine,25,tonic
595de771-fcc2-414c-9df6-ae4ffd898549,/home/izpiz/coding/automatic-raga-recognition/dataset/RagaDataset/Hindustani/features/595de771-fcc2-414c-9df6-ae4ffd898549/Veena_Sahasrabuddhe/Bandish_Vol-1/Brahma_Shiva_Hari_19b66d55-98b3-4157-b680-6a0f17fce925.tonicFine,Brahma_Shiva_Hari_19b66d55-98b3-4157-b680-6a0f17fce925.tonicFine,.tonicfine,25,tonic
595de771-fcc2-414c-9df6-ae4ffd898549,/home/izpiz/coding/automatic-raga-recognition/dataset/RagaDataset/Hindustani/features/595de771-fcc2-414c-9df6-ae4ffd898549/Veena_Sahasrabuddhe/Bandish_Vol-1/Jabse_Laagi_Lagan_b142b865-8995-4ce5-aa98-4e0fc7d99d94.tonic,Jabse_Laagi_Lagan_b142b865-8995-4ce5-aa98-4e0fc7d99d94.tonic,.tonic,11,tonic
595de771-fcc2-414c-9df6-ae4ffd898549,/home/izpiz/coding/automatic-raga-recognition/dataset/RagaDataset/Hindustani/features/595de771-fcc2-414c-9df6-ae4ffd898549/Veena_Sahasrabuddhe/Veena_Sahasrabuddhe_-_First_Milestone/Sakal_Dukh_Haran_and_Viharati_Brahmanandani_2331050f-b7cf-46d5-a700-c7503539d7c5.tonicFine,Sakal_Dukh_Haran_and_Viharati_Brahmanandani_2331050f-b7cf-46d5-a700-c7503539d7c5.tonicFine,.tonicfine,25,tonic
595de771-fcc2-414c-9df6-ae4ffd898549,/home/izpiz/coding/automatic-raga-recognition/dataset/RagaDataset/Hindustani/features/595de771-fcc2-414c-9df6-ae4ffd898549/Veena_Sahasrabuddhe/Veena_Sahasrabuddhe_-_First_Milestone/Sakal_Dukh_Haran_and_Viharati_Brahmanandani_2331050f-b7cf-46d5-a700-c7503539d7c5.tonic,Sakal_Dukh_Haran_and_Viharati_Brahmanandani_2331050f-b7cf-46d5-a700-c7503539d7c5.tonic,.tonic,11,tonic
62b79291-73b0-4c77-a353-0f8bc6ed8362,/home/izpiz/coding/automatic-raga-recognition/dataset/RagaDataset/Hindustani/features/62b79291-73b0-4c77-a353-0f8bc6ed8362/Abdul_Rashid_Khan/Rasan_Piya_-_Volume_1/Haare_-Haare_Haare_Piya_-_Desh_39f429c9-ee16-414d-b8d0-fbf1d0bc6e79.tonic,Haare_-Haare_Haare_Piya_-_Desh_39f429c9-ee16-414d-b8d0-fbf1d0bc6e79.tonic,.tonic,11,tonic
62b79291-73b0-4c77-a353-0f8bc6ed8362,/home/izpiz/coding/automatic-raga-recognition/dataset/RagaDataset/Hindustani/features/62b79291-73b0-4c77-a353-0f8bc6ed8362/Abdul_Rashid_Khan/Rasan_Piya_-_Volume_1/Haare_-Haare_Haare_Piya_-_Desh_39f429c9-ee16-414d-b8d0-fbf1d0bc6e79.tonicFine,Haare_-Haare_Haare_Piya_-_Desh_39f429c9-ee16-414d-b8d0-fbf1d0bc6e79.tonicFine,.tonicfine,25,tonic
62b79291-73b0-4c77-a353-0f8bc6ed8362,/home/izpiz/coding/automatic-raga-recognition/dataset/RagaDataset/Hindustani/features/62b79291-73b0-4c77-a353-0f8bc6ed8362/Abdul_Rashid_Khan/Rasan_Piya_-_Volume_3/Nanadiya_Tora_Bhavan_Na_Bhave_a5381523-347b-47bc-8645-a95d24a9a666.tonic,Nanadiya_Tora_Bhavan_Na_Bhave_a5381523-347b-47bc-8645-a95d24a9a666.tonic,.tonic,11,tonic
62b79291-73b0-4c77-a353-0f8bc6ed8362,/home/izpiz/coding/automatic-raga-recognition/dataset/RagaDataset/Hindustani/features/62b79291-73b0-4c77-a353-0f8bc6ed8362/Abdul_Rashid_Khan/Rasan_Piya_-_Volume_3/Nanadiya_Tora_Bhavan_Na_Bhave_a5381523-347b-47bc-8645-a95d24a9a666.tonicFine,Nanadiya_Tora_Bhavan_Na_Bhave_a5381523-347b-47bc-8645-a95d24a9a666.tonicFine,.tonicfine,25,tonic
62b79291-73b0-4c77-a353-0f8bc6ed8362,/home/izpiz/coding/automatic-raga-recognition/dataset/RagaDataset/Hindustani/features/62b79291-73b0-4c77-a353-0f8bc6ed8362/Abdul_Rashid_Khan/Rasan_Piya_-_Volume_3/Saiya_More_Savari_Surat_Man_Baso_Re_2a853a15-4376-4a0a-8b3f-7a55d652f464.tonicFine,Saiya_More_Savari_Surat_Man_Baso_Re_2a853a15-4376-4a0a-8b3f-7a55d652f464.tonicFine,.tonicfine,25,tonic
62b79291-73b0-4c77-a353-0f8bc6ed8362,/home/izpiz/coding/automatic-raga-recognition/dataset/RagaDataset/Hindustani/features/62b79291-73b0-4c77-a353-0f8bc6ed8362/Abdul_Rashid_Khan/Rasan_Piya_-_Volume_3/Saiya_More_Savari_Surat_Man_Baso_Re_2a853a15-4376-4a0a-8b3f-7a55d652f464.tonic,Saiya_More_Savari_Surat_Man_Baso_Re_2a853a15-4376-4a0a-8b3f-7a55d652f464.tonic,.tonic,11,tonic
62b79291-73b0-4c77-a353-0f8bc6ed8362,/home/izpiz/coding/automatic-raga-recognition/dataset/RagaDataset/Hindustani/features/62b79291-73b0-4c77-a353-0f8bc6ed8362/Abdul_Rashid_Khan/Rasan_Piya_-_Volume_3/Garajat_Baadar_Chaunk_Pari_Mai_f0de74aa-416f-4da7-b2d8-c02cd6da978e.tonic,Garajat_Baadar_Chaunk_Pari_Mai_f0de74aa-416f-4da7-b2d8-c02cd6da978e.tonic,.tonic,11,tonic
62b79291-73b0-4c77-a353-0f8bc6ed8362,/home/izpiz/coding/automatic-raga-recognition/dataset/RagaDataset/Hindustani/features/62b79291-73b0-4c77-a353-0f8bc6ed8362/Abdul_Rashid_Khan/Rasan_Piya_-_Volume_3/Garajat_Baadar_Chaunk_Pari_Mai_f0de74aa-416f-4da7-b2d8-c02cd6da978e.tonicFine,Garajat_Baadar_Chaunk_Pari_Mai_f0de74aa-416f-4da7-b2d8-c02cd6da978e.tonicFine,.tonicfine,25,tonic
62b79291-73b0-4c77-a353-0f8bc6ed8362,/home/izpiz/coding/automatic-raga-recognition/dataset/RagaDataset/Hindustani/features/62b79291-73b0-4c77-a353-0f8bc6ed8362/Rashid_Khan/Live_At_Sunny_Towers_Vol-2/Karam_Kara_Dije_695a5b9b-fdbe-4a02-914f-b40f46df4367.tonic,Karam_Kara_Dije_695a5b9b-fdbe-4a02-914f-b40f46df4367.tonic,.tonic,11,tonic
62b79291-73b0-4c77-a353-0f8bc6ed8362,/home/izpiz/coding/automatic-raga-recognition/dataset/RagaDataset/Hindustani/features/62b79291-73b0-4c77-a353-0f8bc6ed8362/Rashid_Khan/Live_At_Sunny_Towers_Vol-2/Karam_Kara_Dije_695a5b9b-fdbe-4a02-914f-b40f46df4367.tonicFine,Karam_Kara_Dije_695a5b9b-fdbe-4a02-914f-b40f46df4367.tonicFine,.tonicfine,25,tonic
62b79291-73b0-4c77-a353-0f8bc6ed8362,/home/izpiz/coding/automatic-raga-recognition/dataset/RagaDataset/Hindustani/features/62b79291-73b0-4c77-a353-0f8bc6ed8362/Rashid_Khan/Vocal/Raga_Desh_c7073b30-cb25-4ed4-a2f3-9d75fe9cd1e8.tonicFine,Raga_Desh_c7073b30-cb25-4ed4-a2f3-9d75fe9cd1e8.tonicFine,.tonicfine,25,tonic
62b79291-73b0-4c77-a353-0f8bc6ed8362,/home/izpiz/coding/automatic-raga-recognition/dataset/RagaDataset/Hindustani/features/62b79291-73b0-4c77-a353-0f8bc6ed8362/Rashid_Khan/Vocal/Raga_Desh_b97c32e5-f9ab-465d-b651-681016323409.tonic,Raga_Desh_b97c32e5-f9ab-465d-b651-681016323409.tonic,.tonic,11,tonic
62b79291-73b0-4c77-a353-0f8bc6ed8362,/home/izpiz/coding/automatic-raga-recognition/dataset/RagaDataset/Hindustani/features/62b79291-73b0-4c77-a353-0f8bc6ed8362/Rashid_Khan/Vocal/Raga_Desh_c7073b30-cb25-4ed4-a2f3-9d75fe9cd1e8.tonic,Raga_Desh_c7073b30-cb25-4ed4-a2f3-9d75fe9cd1e8.tonic,.tonic,11,tonic
62b79291-73b0-4c77-a353-0f8bc6ed8362,/home/izpiz/coding/automatic-raga-recognition/dataset/RagaDataset/Hindustani/features/62b79291-73b0-4c77-a353-0f8bc6ed8362/Rashid_Khan/Vocal/Raga_Desh_b97c32e5-f9ab-465d-b651-681016323409.tonicFine,Raga_Desh_b97c32e5-f9ab-465d-b651-681016323409.tonicFine,.tonicfine,25,tonic
62b79291-73b0-4c77-a353-0f8bc6ed8362,/home/izpiz/coding/automatic-raga-recognition/dataset/RagaDataset/Hindustani/features/62b79291-73b0-4c77-a353-0f8bc6ed8362/Ulhas_Kashalkar/Khayalnuma/Des_c8724201-ecfd-44be-af53-5f436564d062.tonic,Des_c8724201-ecfd-44be-af53-5f436564d062.tonic,.tonic,9,tonic
62b79291-73b0-4c77-a353-0f8bc6ed8362,/home/izpiz/coding/automatic-raga-recognition/dataset/RagaDataset/Hindustani/features/62b79291-73b0-4c77-a353-0f8bc6ed8362/Ulhas_Kashalkar/Khayalnuma/Des_c8724201-ecfd-44be-af53-5f436564d062.tonicFine,Des_c8724201-ecfd-44be-af53-5f436564d062.tonicFine,.tonicfine,25,tonic
62b79291-73b0-4c77-a353-0f8bc6ed8362,/home/izpiz/coding/automatic-raga-recognition/dataset/RagaDataset/Hindustani/features/62b79291-73b0-4c77-a353-0f8bc6ed8362/Sanjeev_Abhyankar/Jiyaraa/Manwaa_Naahi_Laage_97a04401-5a5a-4951-9b94-cce8fbc302cf.tonic,Manwaa_Naahi_Laage_97a04401-5a5a-4951-9b94-cce8fbc302cf.tonic,.tonic,11,tonic
62b79291-73b0-4c77-a353-0f8bc6ed8362,/home/izpiz/coding/automatic-raga-recognition/dataset/RagaDataset/Hindustani/features/62b79291-73b0-4c77-a353-0f8bc6ed8362/Sanjeev_Abhyankar/Jiyaraa/Manwaa_Naahi_Laage_97a04401-5a5a-4951-9b94-cce8fbc302cf.tonicFine,Manwaa_Naahi_Laage_97a04401-5a5a-4951-9b94-cce8fbc302cf.tonicFine,.tonicfine,25,tonic
62b79291-73b0-4c77-a353-0f8bc6ed8362,/home/izpiz/coding/automatic-raga-recognition/dataset/RagaDataset/Hindustani/features/62b79291-73b0-4c77-a353-0f8bc6ed8362/Veena_Sahasrabuddhe/Ritu_Chakra_Vol__3/Raga_Desh_e3a55c80-653e-4587-aca9-bf6c7245c459.tonic,Raga_Desh_e3a55c80-653e-4587-aca9-bf6c7245c459.tonic,.tonic,11,tonic
62b79291-73b0-4c77-a353-0f8bc6ed8362,/home/izpiz/coding/automatic-raga-recognition/dataset/RagaDataset/Hindustani/features/62b79291-73b0-4c77-a353-0f8bc6ed8362/Veena_Sahasrabuddhe/Ritu_Chakra_Vol__3/Raga_Desh_e3a55c80-653e-4587-aca9-bf6c7245c459.tonicFine,Raga_Desh_e3a55c80-653e-4587-aca9-bf6c7245c459.tonicFine,.tonicfine,25,tonic
64e5fb9e-5569-4e80-8e6c-f543af9469c7,/home/izpiz/coding/automatic-raga-recognition/dataset/RagaDataset/Hindustani/features/64e5fb9e-5569-4e80-8e6c-f543af9469c7/Bade_Ghulam_Ali_Khan/Hindustani_Vocal/Raga_Malkauns_3fc7b071-68c7-4a5a-bed5-7da6301931f4.tonic,Raga_Malkauns_3fc7b071-68c7-4a5a-bed5-7da6301931f4.tonic,.tonic,5,tonic
64e5fb9e-5569-4e80-8e6c-f543af9469c7,/home/izpiz/coding/automatic-raga-recognition/dataset/RagaDataset/Hindustani/features/64e5fb9e-5569-4e80-8e6c-f543af9469c7/Bade_Ghulam_Ali_Khan/Hindustani_Vocal/Raga_Malkauns_3fc7b071-68c7-4a5a-bed5-7da6301931f4.tonicFine,Raga_Malkauns_3fc7b071-68c7-4a5a-bed5-7da6301931f4.tonicFine,.tonicfine,25,tonic
64e5fb9e-5569-4e80-8e6c-f543af9469c7,/home/izpiz/coding/automatic-raga-recognition/dataset/RagaDataset/Hindustani/features/64e5fb9e-5569-4e80-8e6c-f543af9469c7/Rashid_Khan/The_Genius_Of_Ustad_Rashid_Khan/Raga_-_Malkauns_f5d3cea0-50ad-461f-9aa2-20f2434ae1e8.tonic,Raga_-_Malkauns_f5d3cea0-50ad-461f-9aa2-20f2434ae1e8.tonic,.tonic,11,tonic
64e5fb9e-5569-4e80-8e6c-f543af9469c7,/home/izpiz/coding/automatic-raga-recognition/dataset/RagaDataset/Hindustani/features/64e5fb9e-5569-4e80-8e6c-f543af9469c7/Rashid_Khan/The_Genius_Of_Ustad_Rashid_Khan/Raga_-_Malkauns_f5d3cea0-50ad-461f-9aa2-20f2434ae1e8.tonicFine,Raga_-_Malkauns_f5d3cea0-50ad-461f-9aa2-20f2434ae1e8.tonicFine,.tonicfine,25,tonic
64e5fb9e-5569-4e80-8e6c-f543af9469c7,/home/izpiz/coding/automatic-raga-recognition/dataset/RagaDataset/Hindustani/features/64e5fb9e-5569-4e80-8e6c-f543af9469c7/Gopal_Mishra/Kula_Sampada/Raga_Malkauns_64587462-6f9f-4439-8b48-6375a4fb1f6a.tonic,Raga_Malkauns_64587462-6f9f-4439-8b48-6375a4fb1f6a.tonic,.tonic,11,tonic
64e5fb9e-5569-4e80-8e6c-f543af9469c7,/home/izpiz/coding/automatic-raga-recognition/dataset/RagaDataset/Hindustani/features/64e5fb9e-5569-4e80-8e6c-f543af9469c7/Gopal_Mishra/Kula_Sampada/Raga_Malkauns_64587462-6f9f-4439-8b48-6375a4fb1f6a.tonicFine,Raga_Malkauns_64587462-6f9f-4439-8b48-6375a4fb1f6a.tonicFine,.tonicfine,25,tonic
64e5fb9e-5569-4e80-8e6c-f543af9469c7,/home/izpiz/coding/automatic-raga-recognition/dataset/RagaDataset/Hindustani/features/64e5fb9e-5569-4e80-8e6c-f543af9469c7/Ulhas_Kashalkar/Masterpieces/Malkauns_Bada_Khyal_2d207bf5-90cf-4d74-8703-b3b0d52a531f.tonicFine,Malkauns_Bada_Khyal_2d207bf5-90cf-4d74-8703-b3b0d52a531f.tonicFine,.tonicfine,25,tonic
64e5fb9e-5569-4e80-8e6c-f543af9469c7,/home/izpiz/coding/automatic-raga-recognition/dataset/RagaDataset/Hindustani/features/64e5fb9e-5569-4e80-8e6c-f543af9469c7/Ulhas_Kashalkar/Masterpieces/Malkauns_Bada_Khyal_2d207bf5-90cf-4d74-8703-b3b0d52a531f.tonic,Malkauns_Bada_Khyal_2d207bf5-90cf-4d74-8703-b3b0d52a531f.tonic,.tonic,11,tonic
64e5fb9e-5569-4e80-8e6c-f543af9469c7,/home/izpiz/coding/automatic-raga-recognition/dataset/RagaDataset/Hindustani/features/64e5fb9e-5569-4e80-8e6c-f543af9469c7/Ajoy_Chakrabarty/Ajoy_Chakrabarty-Vocal/Malkauns-Bandish_in_Vilambit_Ektal_4a507000-6c5a-4c8b-8922-1bfc29cba805.tonicFine,Malkauns-Bandish_in_Vilambit_Ektal_4a507000-6c5a-4c8b-8922-1bfc29cba805.tonicFine,.tonicfine,25,tonic
64e5fb9e-5569-4e80-8e6c-f543af9469c7,/home/izpiz/coding/automatic-raga-recognition/dataset/RagaDataset/Hindustani/features/64e5fb9e-5569-4e80-8e6c-f543af9469c7/Ajoy_Chakrabarty/Ajoy_Chakrabarty-Vocal/Malkauns-Bandish_in_Vilambit_Ektal_4a507000-6c5a-4c8b-8922-1bfc29cba805.tonic,Malkauns-Bandish_in_Vilambit_Ektal_4a507000-6c5a-4c8b-8922-1bfc29cba805.tonic,.tonic,11,tonic
64e5fb9e-5569-4e80-8e6c-f543af9469c7,/home/izpiz/coding/automatic-raga-recognition/dataset/RagaDataset/Hindustani/features/64e5fb9e-5569-4e80-8e6c-f543af9469c7/Rattan_Mohan_Sharma/Raga_Reflections/Eri_Sakhi_Mai_Kase_Kahu_Manki_Batiya_and_Maai_Garaj_Badarva_Doleri_99f1a318-f246-40cb-86b9-3639344be94d.tonic,Eri_Sakhi_Mai_Kase_Kahu_Manki_Batiya_and_Maai_Garaj_Badarva_Doleri_99f1a318-f246-40cb-86b9-3639344be94d.tonic,.tonic,11,tonic
64e5fb9e-5569-4e80-8e6c-f543af9469c7,/home/izpiz/coding/automatic-raga-recognition/dataset/RagaDataset/Hindustani/features/64e5fb9e-5569-4e80-8e6c-f543af9469c7/Rattan_Mohan_Sharma/Raga_Reflections/Eri_Sakhi_Mai_Kase_Kahu_Manki_Batiya_and_Maai_Garaj_Badarva_Doleri_99f1a318-f246-40cb-86b9-3639344be94d.tonicFine,Eri_Sakhi_Mai_Kase_Kahu_Manki_Batiya_and_Maai_Garaj_Badarva_Doleri_99f1a318-f246-40cb-86b9-3639344be94d.tonicFine,.tonicfine,25,tonic
64e5fb9e-5569-4e80-8e6c-f543af9469c7,/home/izpiz/coding/automatic-raga-recognition/dataset/RagaDataset/Hindustani/features/64e5fb9e-5569-4e80-8e6c-f543af9469c7/Prabha_Atre/Maalkauns/Jaako_Mana_Raam_980b4a00-6e7c-41c1-81ee-6b021d237343.tonicFine,Jaako_Mana_Raam_980b4a00-6e7c-41c1-81ee-6b021d237343.tonicFine,.tonicfine,25,tonic
64e5fb9e-5569-4e80-8e6c-f543af9469c7,/home/izpiz/coding/automatic-raga-recognition/dataset/RagaDataset/Hindustani/features/64e5fb9e-5569-4e80-8e6c-f543af9469c7/Prabha_Atre/Maalkauns/Jaako_Mana_Raam_980b4a00-6e7c-41c1-81ee-6b021d237343.tonic,Jaako_Mana_Raam_980b4a00-6e7c-41c1-81ee-6b021d237343.tonic,.tonic,3,tonic
64e5fb9e-5569-4e80-8e6c-f543af9469c7,/home/izpiz/coding/automatic-raga-recognition/dataset/RagaDataset/Hindustani/features/64e5fb9e-5569-4e80-8e6c-f543af9469c7/Kesarbai_Kerkar/20th_Century_Baithak_Series/Raga_Malkauns_-_Teental_5233f93f-4f1c-4ba1-9d3f-3d47a5f81d2e.tonicFine,Raga_Malkauns_-_Teental_5233f93f-4f1c-4ba1-9d3f-3d47a5f81d2e.tonicFine,.tonicfine,25,tonic
64e5fb9e-5569-4e80-8e6c-f543af9469c7,/home/izpiz/coding/automatic-raga-recognition/dataset/RagaDataset/Hindustani/features/64e5fb9e-5569-4e80-8e6c-f543af9469c7/Kesarbai_Kerkar/20th_Century_Baithak_Series/Raga_Malkauns_-_Teental_5233f93f-4f1c-4ba1-9d3f-3d47a5f81d2e.tonic,Raga_Malkauns_-_Teental_5233f93f-4f1c-4ba1-9d3f-3d47a5f81d2e.tonic,.tonic,11,tonic
64e5fb9e-5569-4e80-8e6c-f543af9469c7,"/home/izpiz/coding/automatic-raga-recognition/dataset/RagaDataset/Hindustani/features/64e5fb9e-5569-4e80-8e6c-f543af9469c7/Satyasheel_Deshpande/Raag_Malkauns,_Chandrakauns___Majh_Khamaj_Thumri/Raag_Malkauns_52944bc0-4639-4760-be76-f2720a20be81.tonicFine",Raag_Malkauns_52944bc0-4639-4760-be76-f2720a20be81.tonicFine,.tonicfine,25,tonic
64e5fb9e-5569-4e80-8e6c-f543af9469c7,"/home/izpiz/coding/automatic-raga-recognition/dataset/RagaDataset/Hindustani/features/64e5fb9e-5569-4e80-8e6c-f543af9469c7/Satyasheel_Deshpande/Raag_Malkauns,_Chandrakauns___Majh_Khamaj_Thumri/Raag_Malkauns_52944bc0-4639-4760-be76-f2720a20be81.tonic",Raag_Malkauns_52944bc0-4639-4760-be76-f2720a20be81.tonic,.tonic,11,tonic
64e5fb9e-5569-4e80-8e6c-f543af9469c7,/home/izpiz/coding/automatic-raga-recognition/dataset/RagaDataset/Hindustani/features/64e5fb9e-5569-4e80-8e6c-f543af9469c7/Malini_Rajurkar/Classical_Vocal/Raga_Malkauns_f149cad0-c5af-48d6-a726-ef3badb0169a.tonic,Raga_Malkauns_f149cad0-c5af-48d6-a726-ef3badb0169a.tonic,.tonic,4,tonic
64e5fb9e-5569-4e80-8e6c-f543af9469c7,/home/izpiz/coding/automatic-raga-recognition/dataset/RagaDataset/Hindustani/features/64e5fb9e-5569-4e80-8e6c-f543af9469c7/Malini_Rajurkar/Classical_Vocal/Raga_Malkauns_f149cad0-c5af-48d6-a726-ef3badb0169a.tonicFine,Raga_Malkauns_f149cad0-c5af-48d6-a726-ef3badb0169a.tonicFine,.tonicfine,25,tonic
6f13484e-6fdd-402d-baf3-3835835454d0,/home/izpiz/coding/automatic-raga-recognition/dataset/RagaDataset/Hindustani/features/6f13484e-6fdd-402d-baf3-3835835454d0/Bhimsen_Joshi/Evergreen/Daiyya_Baat_Dubar_and_Langar_Kankariye_Jin_Maar_02915dfb-8e3d-40be-8f88-421afe81a697.tonic,Daiyya_Baat_Dubar_and_Langar_Kankariye_Jin_Maar_02915dfb-8e3d-40be-8f88-421afe81a697.tonic,.tonic,11,tonic
6f13484e-6fdd-402d-baf3-3835835454d0,/home/izpiz/coding/automatic-raga-recognition/dataset/RagaDataset/Hindustani/features/6f13484e-6fdd-402d-baf3-3835835454d0/Bhimsen_Joshi/Evergreen/Daiyya_Baat_Dubar_and_Langar_Kankariye_Jin_Maar_02915dfb-8e3d-40be-8f88-421afe81a697.tonicFine,Daiyya_Baat_Dubar_and_Langar_Kankariye_Jin_Maar_02915dfb-8e3d-40be-8f88-421afe81a697.tonicFine,.tonicfine,25,tonic
6f13484e-6fdd-402d-baf3-3835835454d0,/home/izpiz/coding/automatic-raga-recognition/dataset/RagaDataset/Hindustani/features/6f13484e-6fdd-402d-baf3-3835835454d0/Omkar_Dadarkar/Raag_Ahir_Bhairon___Todi/Raag_Todi_25d5c348-023b-487b-b149-a46d553cedee.tonic,Raag_Todi_25d5c348-023b-487b-b149-a46d553cedee.tonic,.tonic,11,tonic
6f13484e-6fdd-402d-baf3-3835835454d0,/home/izpiz/coding/automatic-raga-recognition/dataset/RagaDataset/Hindustani/features/6f13484e-6fdd-402d-baf3-3835835454d0/Omkar_Dadarkar/Raag_Ahir_Bhairon___Todi/Raag_Todi_25d5c348-023b-487b-b149-a46d553cedee.tonicFine,Raag_Todi_25d5c348-023b-487b-b149-a46d553cedee.tonicFine,.tonicfine,25,tonic
6f13484e-6fdd-402d-baf3-3835835454d0,/home/izpiz/coding/automatic-raga-recognition/dataset/RagaDataset/Hindustani/features/6f13484e-6fdd-402d-baf3-3835835454d0/Kishori_Amonkar/Prabhat/Raga_Todi_-_Khyal_in_Vilambit_Teental_0de04a5c-74b1-42e0-8df2-d166be9a3b33.tonic,Raga_Todi_-_Khyal_in_Vilambit_Teental_0de04a5c-74b1-42e0-8df2-d166be9a3b33.tonic,.tonic,11,tonic
6f13484e-6fdd-402d-baf3-3835835454d0,/home/izpiz/coding/automatic-raga-recognition/dataset/RagaDataset/Hindustani/features/6f13484e-6fdd-402d-baf3-3835835454d0/Kishori_Amonkar/Prabhat/Raga_Todi_-_Khyal_in_Vilambit_Teental_0de04a5c-74b1-42e0-8df2-d166be9a3b33.tonicFine,Raga_Todi_-_Khyal_in_Vilambit_Teental_0de04a5c-74b1-42e0-8df2-d166be9a3b33.tonicFine,.tonicfine,25,tonic
6f13484e-6fdd-402d-baf3-3835835454d0,/home/izpiz/coding/automatic-raga-recognition/dataset/RagaDataset/Hindustani/features/6f13484e-6fdd-402d-baf3-3835835454d0/Gopal_Mishra/Kula_Sampada/Raga_Todi_d38c59a4-947b-4918-8b0d-f22b7c8c1ea5.tonicFine,Raga_Todi_d38c59a4-947b-4918-8b0d-f22b7c8c1ea5.tonicFine,.tonicfine,25,tonic
6f13484e-6fdd-402d-baf3-3835835454d0,/home/izpiz/coding/automatic-raga-recognition/dataset/RagaDataset/Hindustani/features/6f13484e-6fdd-402d-baf3-3835835454d0/Gopal_Mishra/Kula_Sampada/Raga_Todi_d38c59a4-947b-4918-8b0d-f22b7c8c1ea5.tonic,Raga_Todi_d38c59a4-947b-4918-8b0d-f22b7c8c1ea5.tonic,.tonic,11,tonic
6f13484e-6fdd-402d-baf3-3835835454d0,/home/izpiz/coding/automatic-raga-recognition/dataset/RagaDataset/Hindustani/features/6f13484e-6fdd-402d-baf3-3835835454d0/Jasraj/Echoes_of_a_Golden_Voice/Is_Nagri_Main_and_Allah_Jane_Allah_Jane_c4f7a204-5c54-47a1-ae39-b70a366b6865.tonic,Is_Nagri_Main_and_Allah_Jane_Allah_Jane_c4f7a204-5c54-47a1-ae39-b70a366b6865.tonic,.tonic,11,tonic
6f13484e-6fdd-402d-baf3-3835835454d0,/home/izpiz/coding/automatic-raga-recognition/dataset/RagaDataset/Hindustani/features/6f13484e-6fdd-402d-baf3-3835835454d0/Jasraj/Echoes_of_a_Golden_Voice/Is_Nagri_Main_and_Allah_Jane_Allah_Jane_c4f7a204-5c54-47a1-ae39-b70a366b6865.tonicFine,Is_Nagri_Main_and_Allah_Jane_Allah_Jane_c4f7a204-5c54-47a1-ae39-b70a366b6865.tonicFine,.tonicfine,25,tonic
6f13484e-6fdd-402d-baf3-3835835454d0,/home/izpiz/coding/automatic-raga-recognition/dataset/RagaDataset/Hindustani/features/6f13484e-6fdd-402d-baf3-3835835454d0/Kaivalyakumar_Gurav/Kaivalyakumar_Vocal_Classical/Miyan_Ki_Todi_8bbf423e-c4ea-43b8-b496-dd84f2c28d2a.tonic,Miyan_Ki_Todi_8bbf423e-c4ea-43b8-b496-dd84f2c28d2a.tonic,.tonic,11,tonic
6f13484e-6fdd-402d-baf3-3835835454d0,/home/izpiz/coding/automatic-raga-recognition/dataset/RagaDataset/Hindustani/features/6f13484e-6fdd-402d-baf3-3835835454d0/Kaivalyakumar_Gurav/Kaivalyakumar_Vocal_Classical/Miyan_Ki_Todi_8bbf423e-c4ea-43b8-b496-dd84f2c28d2a.tonicFine,Miyan_Ki_Todi_8bbf423e-c4ea-43b8-b496-dd84f2c28d2a.tonicFine,.tonicfine,25,tonic
6f13484e-6fdd-402d-baf3-3835835454d0,/home/izpiz/coding/automatic-raga-recognition/dataset/RagaDataset/Hindustani/features/6f13484e-6fdd-402d-baf3-3835835454d0/Amir_Khan/Taskeen_(Vol__2)/Raga_Todi_da623ecf-5590-4fc6-8d6d-d1f396d5021d.tonicFine,Raga_Todi_da623ecf-5590-4fc6-8d6d-d1f396d5021d.tonicFine,.tonicfine,25,tonic
6f13484e-6fdd-402d-baf3-3835835454d0,/home/izpiz/coding/automatic-raga-recognition/dataset/RagaDataset/Hindustani/features/6f13484e-6fdd-402d-baf3-3835835454d0/Amir_Khan/Taskeen_(Vol__2)/Raga_Todi_da623ecf-5590-4fc6-8d6d-d1f396d5021d.tonic,Raga_Todi_da623ecf-5590-4fc6-8d6d-d1f396d5021d.tonic,.tonic,11,tonic
6f13484e-6fdd-402d-baf3-3835835454d0,/home/izpiz/coding/automatic-raga-recognition/dataset/RagaDataset/Hindustani/features/6f13484e-6fdd-402d-baf3-3835835454d0/Prabha_Atre/Amrut_Prabha/Raag_Miyan_Ki_Todi_b3dba394-97c1-4fa3-a291-0805fc642e0a.tonicFine,Raag_Miyan_Ki_Todi_b3dba394-97c1-4fa3-a291-0805fc642e0a.tonicFine,.tonicfine,25,tonic
6f13484e-6fdd-402d-baf3-3835835454d0,/home/izpiz/coding/automatic-raga-recognition/dataset/RagaDataset/Hindustani/features/6f13484e-6fdd-402d-baf3-3835835454d0/Prabha_Atre/Amrut_Prabha/Raag_Miyan_Ki_Todi_b3dba394-97c1-4fa3-a291-0805fc642e0a.tonic,Raag_Miyan_Ki_Todi_b3dba394-97c1-4fa3-a291-0805fc642e0a.tonic,.tonic,11,tonic
6f13484e-6fdd-402d-baf3-3835835454d0,/home/izpiz/coding/automatic-raga-recognition/dataset/RagaDataset/Hindustani/features/6f13484e-6fdd-402d-baf3-3835835454d0/Kumar_Gandharva/Raag_Todi/Raag_Todi_3f162361-c4fa-46f9-bc56-58242d978449.tonicFine,Raag_Todi_3f162361-c4fa-46f9-bc56-58242d978449.tonicFine,.tonicfine,25,tonic
6f13484e-6fdd-402d-baf3-3835835454d0,/home/izpiz/coding/automatic-raga-recognition/dataset/RagaDataset/Hindustani/features/6f13484e-6fdd-402d-baf3-3835835454d0/Kumar_Gandharva/Raag_Todi/Raag_Todi_3f162361-c4fa-46f9-bc56-58242d978449.tonic,Raag_Todi_3f162361-c4fa-46f9-bc56-58242d978449.tonic,.tonic,11,tonic
6f13484e-6fdd-402d-baf3-3835835454d0,/home/izpiz/coding/automatic-raga-recognition/dataset/RagaDataset/Hindustani/features/6f13484e-6fdd-402d-baf3-3835835454d0/Veena_Sahasrabuddhe/Tribute_To_Miyan_Tansen_Vol-1/Barkha_ki_Ritu_Aai_and_Sanch_Sanch_Ki_Je_7a91131b-210d-45b1-a056-e12dd578cc68.tonic,Barkha_ki_Ritu_Aai_and_Sanch_Sanch_Ki_Je_7a91131b-210d-45b1-a056-e12dd578cc68.tonic,.tonic,11,tonic
6f13484e-6fdd-402d-baf3-3835835454d0,/home/izpiz/coding/automatic-raga-recognition/dataset/RagaDataset/Hindustani/features/6f13484e-6fdd-402d-baf3-3835835454d0/Veena_Sahasrabuddhe/Tribute_To_Miyan_Tansen_Vol-1/Barkha_ki_Ritu_Aai_and_Sanch_Sanch_Ki_Je_7a91131b-210d-45b1-a056-e12dd578cc68.tonicFine,Barkha_ki_Ritu_Aai_and_Sanch_Sanch_Ki_Je_7a91131b-210d-45b1-a056-e12dd578cc68.tonicFine,.tonicfine,25,tonic
7591faad-e68a-4550-b675-8082842c6056,/home/izpiz/coding/automatic-raga-recognition/dataset/RagaDataset/Hindustani/features/7591faad-e68a-4550-b675-8082842c6056/Rashid_Khan/Vocal/Raga_Bageshri_1d378f5b-33ac-47ae-9219-a03a394de1b9.tonic,Raga_Bageshri_1d378f5b-33ac-47ae-9219-a03a394de1b9.tonic,.tonic,11,tonic
7591faad-e68a-4550-b675-8082842c6056,/home/izpiz/coding/automatic-raga-recognition/dataset/RagaDataset/Hindustani/features/7591faad-e68a-4550-b675-8082842c6056/Rashid_Khan/Vocal/Raga_Bageshri_1d378f5b-33ac-47ae-9219-a03a394de1b9.tonicFine,Raga_Bageshri_1d378f5b-33ac-47ae-9219-a03a394de1b9.tonicFine,.tonicfine,25,tonic
7591faad-e68a-4550-b675-8082842c6056,/home/izpiz/coding/automatic-raga-recognition/dataset/RagaDataset/Hindustani/features/7591faad-e68a-4550-b675-8082842c6056/Ajoy_Chakrabarty/The_Genius_Of_Pt__Ajoy_Chakraborty/Raga_Bageshree_186b62f6-3073-4817-a075-439cad73305c.tonicFine,Raga_Bageshree_186b62f6-3073-4817-a075-439cad73305c.tonicFine,.tonicfine,25,tonic
7591faad-e68a-4550-b675-8082842c6056,/home/izpiz/coding/automatic-raga-recognition/dataset/RagaDataset/Hindustani/features/7591faad-e68a-4550-b675-8082842c6056/Ajoy_Chakrabarty/The_Genius_Of_Pt__Ajoy_Chakraborty/Raga_Bageshree_186b62f6-3073-4817-a075-439cad73305c.tonic,Raga_Bageshree_186b62f6-3073-4817-a075-439cad73305c.tonic,.tonic,11,tonic
7591faad-e68a-4550-b675-8082842c6056,/home/izpiz/coding/automatic-raga-recognition/dataset/RagaDataset/Hindustani/features/7591faad-e68a-4550-b675-8082842c6056/Sanjeev_Abhyankar/Soaring_Heights-_Vol_2/Kaum_Fande_Mope_Daal_Gayo_and_Ja_Re_Balama_To_Se_Nahin_Bolun_afe4855b-9b3e-477a-944a-251b6bb7dd97.tonic,Kaum_Fande_Mope_Daal_Gayo_and_Ja_Re_Balama_To_Se_Nahin_Bolun_afe4855b-9b3e-477a-944a-251b6bb7dd97.tonic,.tonic,11,tonic
7591faad-e68a-4550-b675-8082842c6056,/home/izpiz/coding/automatic-raga-recognition/dataset/RagaDataset/Hindustani/features/7591faad-e68a-4550-b675-8082842c6056/Sanjeev_Abhyankar/Soaring_Heights-_Vol_2/Kaum_Fande_Mope_Daal_Gayo_and_Ja_Re_Balama_To_Se_Nahin_Bolun_afe4855b-9b3e-477a-944a-251b6bb7dd97.tonicFine,Kaum_Fande_Mope_Daal_Gayo_and_Ja_Re_Balama_To_Se_Nahin_Bolun_afe4855b-9b3e-477a-944a-251b6bb7dd97.tonicFine,.tonicfine,25,tonic
7591faad-e68a-4550-b675-8082842c6056,/home/izpiz/coding/automatic-raga-recognition/dataset/RagaDataset/Hindustani/features/7591faad-e68a-4550-b675-8082842c6056/Amir_Khan/A_Life_in_Music/Raga_Bageshri_47b78e45-4a67-49e7-94db-aac7fc8a3db7.tonic,Raga_Bageshri_47b78e45-4a67-49e7-94db-aac7fc8a3db7.tonic,.tonic,3,tonic
7591faad-e68a-4550-b675-8082842c6056,/home/izpiz/coding/automatic-raga-recognition/dataset/RagaDataset/Hindustani/features/7591faad-e68a-4550-b675-8082842c6056/Amir_Khan/A_Life_in_Music/Raga_Bageshri_47b78e45-4a67-49e7-94db-aac7fc8a3db7.tonicFine,Raga_Bageshri_47b78e45-4a67-49e7-94db-aac7fc8a3db7.tonicFine,.tonicfine,25,tonic
7591faad-e68a-4550-b675-8082842c6056,/home/izpiz/coding/automatic-raga-recognition/dataset/RagaDataset/Hindustani/features/7591faad-e68a-4550-b675-8082842c6056/Prabhakar_Karekar/Swarprabha/Mohe_Manavan_Aaya_and_Na_Daro_Rang_c6dfc5f0-34cb-4d1e-90a0-712a845beb38.tonicFine,Mohe_Manavan_Aaya_and_Na_Daro_Rang_c6dfc5f0-34cb-4d1e-90a0-712a845beb38.tonicFine,.tonicfine,25,tonic
7591faad-e68a-4550-b675-8082842c6056,/home/izpiz/coding/automatic-raga-recognition/dataset/RagaDataset/Hindustani/features/7591faad-e68a-4550-b675-8082842c6056/Prabhakar_Karekar/Swarprabha/Mohe_Manavan_Aaya_and_Na_Daro_Rang_c6dfc5f0-34cb-4d1e-90a0-712a845beb38.tonic,Mohe_Manavan_Aaya_and_Na_Daro_Rang_c6dfc5f0-34cb-4d1e-90a0-712a845beb38.tonic,.tonic,11,tonic
7591faad-e68a-4550-b675-8082842c6056,/home/izpiz/coding/automatic-raga-recognition/dataset/RagaDataset/Hindustani/features/7591faad-e68a-4550-b675-8082842c6056/Veena_Sahasrabuddhe/Veena_Sahasrabuddhe_-_First_Milestone/Sakhi_Mana_Lage_Na_and_Shyaam_Ghan_Chhaye_58ffbe74-0145-48b9-bc41-fa9e4b3a59cc.tonic,Sakhi_Mana_Lage_Na_and_Shyaam_Ghan_Chhaye_58ffbe74-0145-48b9-bc41-fa9e4b3a59cc.tonic,.tonic,4,tonic
7591faad-e68a-4550-b675-8082842c6056,/home/izpiz/coding/automatic-raga-recognition/dataset/RagaDataset/Hindustani/features/7591faad-e68a-4550-b675-8082842c6056/Veena_Sahasrabuddhe/Veena_Sahasrabuddhe_-_First_Milestone/Sakhi_Mana_Lage_Na_and_Shyaam_Ghan_Chhaye_58ffbe74-0145-48b9-bc41-fa9e4b3a59cc.tonicFine,Sakhi_Mana_Lage_Na_and_Shyaam_Ghan_Chhaye_58ffbe74-0145-48b9-bc41-fa9e4b3a59cc.tonicFine,.tonicfine,25,tonic
7591faad-e68a-4550-b675-8082842c6056,/home/izpiz/coding/automatic-raga-recognition/dataset/RagaDataset/Hindustani/features/7591faad-e68a-4550-b675-8082842c6056/Satyasheel_Deshpande/Raag_Bageshree___Bhairavi_Bhajan/Raag_Bageshree_897f4174-24be-493a-be1c-57fd3c018601.tonicFine,Raag_Bageshree_897f4174-24be-493a-be1c-57fd3c018601.tonicFine,.tonicfine,25,tonic
7591faad-e68a-4550-b675-8082842c6056,/home/izpiz/coding/automatic-raga-recognition/dataset/RagaDataset/Hindustani/features/7591faad-e68a-4550-b675-8082842c6056/Satyasheel_Deshpande/Raag_Bageshree___Bhairavi_Bhajan/Raag_Bageshree_897f4174-24be-493a-be1c-57fd3c018601.tonic,Raag_Bageshree_897f4174-24be-493a-be1c-57fd3c018601.tonic,.tonic,11,tonic
7591faad-e68a-4550-b675-8082842c6056,/home/izpiz/coding/automatic-raga-recognition/dataset/RagaDataset/Hindustani/features/7591faad-e68a-4550-b675-8082842c6056/Malini_Rajurkar/Classical_Vocal/Raga_Bageshree_bf3e009b-5d36-46a2-8fde-3c019c9fef1a.tonicFine,Raga_Bageshree_bf3e009b-5d36-46a2-8fde-3c019c9fef1a.tonicFine,.tonicfine,25,tonic
7591faad-e68a-4550-b675-8082842c6056,/home/izpiz/coding/automatic-raga-recognition/dataset/RagaDataset/Hindustani/features/7591faad-e68a-4550-b675-8082842c6056/Malini_Rajurkar/Classical_Vocal/Raga_Bageshree_bf3e009b-5d36-46a2-8fde-3c019c9fef1a.tonic,Raga_Bageshree_bf3e009b-5d36-46a2-8fde-3c019c9fef1a.tonic,.tonic,4,tonic
7591faad-e68a-4550-b675-8082842c6056,/home/izpiz/coding/automatic-raga-recognition/dataset/RagaDataset/Hindustani/features/7591faad-e68a-4550-b675-8082842c6056/Jagdish_Prasad/Shraddhanjali__Jagdish_Prasad/Raga_Bhageshri_6cb0fc24-76bf-48a8-8a45-8552b70127ea.tonicFine,Raga_Bhageshri_6cb0fc24-76bf-48a8-8a45-8552b70127ea.tonicFine,.tonicfine,25,tonic
7591faad-e68a-4550-b675-8082842c6056,/home/izpiz/coding/automatic-raga-recognition/dataset/RagaDataset/Hindustani/features/7591faad-e68a-4550-b675-8082842c6056/Jagdish_Prasad/Shraddhanjali__Jagdish_Prasad/Raga_Bhageshri_6cb0fc24-76bf-48a8-8a45-8552b70127ea.tonic,Raga_Bhageshri_6cb0fc24-76bf-48a8-8a45-8552b70127ea.tonic,.tonic,6,tonic
7591faad-e68a-4550-b675-8082842c6056,/home/izpiz/coding/automatic-raga-recognition/dataset/RagaDataset/Hindustani/features/7591faad-e68a-4550-b675-8082842c6056/Mukul_Shivaputra_Bhanumatey/Hindustani_Vocal/Raga_Bageshri_c12784d9-c5d7-4883-adae-8140551480c4.tonicFine,Raga_Bageshri_c12784d9-c5d7-4883-adae-8140551480c4.tonicFine,.tonicfine,25,tonic
7591faad-e68a-4550-b675-8082842c6056,/home/izpiz/coding/automatic-raga-recognition/dataset/RagaDataset/Hindustani/features/7591faad-e68a-4550-b675-8082842c6056/Mukul_Shivaputra_Bhanumatey/Hindustani_Vocal/Raga_Bageshri_c12784d9-c5d7-4883-adae-8140551480c4.tonic,Raga_Bageshri_c12784d9-c5d7-4883-adae-8140551480c4.tonic,.tonic,11,tonic
93c73081-bdf8-4eca-b325-d736b71e9b4b,/home/izpiz/coding/automatic-raga-recognition/dataset/RagaDataset/Hindustani/features/93c73081-bdf8-4eca-b325-d736b71e9b4b/Abdul_Rashid_Khan/Rasan_Piya_-_Volume_1/Chanchal_Chatur_Nodar_Kanhale_-_Khamaj_5c3bd389-696a-4ffd-93af-94b68343e9b7.tonicFine,Chanchal_Chatur_Nodar_Kanhale_-_Khamaj_5c3bd389-696a-4ffd-93af-94b68343e9b7.tonicFine,.tonicfine,25,tonic
93c73081-bdf8-4eca-b325-d736b71e9b4b,/home/izpiz/coding/automatic-raga-recognition/dataset/RagaDataset/Hindustani/features/93c73081-bdf8-4eca-b325-d736b71e9b4b/Abdul_Rashid_Khan/Rasan_Piya_-_Volume_1/Chanchal_Chatur_Nodar_Kanhale_-_Khamaj_5c3bd389-696a-4ffd-93af-94b68343e9b7.tonic,Chanchal_Chatur_Nodar_Kanhale_-_Khamaj_5c3bd389-696a-4ffd-93af-94b68343e9b7.tonic,.tonic,11,tonic
93c73081-bdf8-4eca-b325-d736b71e9b4b,/home/izpiz/coding/automatic-raga-recognition/dataset/RagaDataset/Hindustani/features/93c73081-bdf8-4eca-b325-d736b71e9b4b/Abdul_Rashid_Khan/Rasan_Piya_-_Volume_2/Laagun_Re_Junaiyan_Tere_Paiyan_eb7fce60-8232-44ee-ad0a-571bb15003fb.tonicFine,Laagun_Re_Junaiyan_Tere_Paiyan_eb7fce60-8232-44ee-ad0a-571bb15003fb.tonicFine,.tonicfine,25,tonic
93c73081-bdf8-4eca-b325-d736b71e9b4b,/home/izpiz/coding/automatic-raga-recognition/dataset/RagaDataset/Hindustani/features/93c73081-bdf8-4eca-b325-d736b71e9b4b/Abdul_Rashid_Khan/Rasan_Piya_-_Volume_2/Dekho_Dekho_Aaj_Shyam_dcc4b6e9-15ef-4662-acbe-8666af8cbca5.tonicFine,Dekho_Dekho_Aaj_Shyam_dcc4b6e9-15ef-4662-acbe-8666af8cbca5.tonicFine,.tonicfine,25,tonic
93c73081-bdf8-4eca-b325-d736b71e9b4b,/home/izpiz/coding/automatic-raga-recognition/dataset/RagaDataset/Hindustani/features/93c73081-bdf8-4eca-b325-d736b71e9b4b/Abdul_Rashid_Khan/Rasan_Piya_-_Volume_2/Kab_Ghar_Aao_Piya_More_Paas_76f343ce-a0ce-40c0-89aa-969c75a8cec2.tonicFine,Kab_Ghar_Aao_Piya_More_Paas_76f343ce-a0ce-40c0-89aa-969c75a8cec2.tonicFine,.tonicfine,25,tonic
93c73081-bdf8-4eca-b325-d736b71e9b4b,/home/izpiz/coding/automatic-raga-recognition/dataset/RagaDataset/Hindustani/features/93c73081-bdf8-4eca-b325-d736b71e9b4b/Abdul_Rashid_Khan/Rasan_Piya_-_Volume_2/Tair_Sunaye_Re_Papihara_b3f5d314-c817-41e1-b6a2-df3c260c8c63.tonic,Tair_Sunaye_Re_Papihara_b3f5d314-c817-41e1-b6a2-df3c260c8c63.tonic,.tonic,11,tonic
93c73081-bdf8-4eca-b325-d736b71e9b4b,/home/izpiz/coding/automatic-raga-recognition/dataset/RagaDataset/Hindustani/features/93c73081-bdf8-4eca-b325-d736b71e9b4b/Abdul_Rashid_Khan/Rasan_Piya_-_Volume_2/Tair_Sunaye_Re_Papihara_b3f5d314-c817-41e1-b6a2-df3c260c8c63.tonicFine,Tair_Sunaye_Re_Papihara_b3f5d314-c817-41e1-b6a2-df3c260c8c63.tonicFine,.tonicfine,25,tonic
93c73081-bdf8-4eca-b325-d736b71e9b4b,/home/izpiz/coding/automatic-raga-recognition/dataset/RagaDataset/Hindustani/features/93c73081-bdf8-4eca-b325-d736b71e9b4b/Abdul_Rashid_Khan/Rasan_Piya_-_Volume_2/Laagun_Re_Junaiyan_Tere_Paiyan_eb7fce60-8232-44ee-ad0a-571bb15003fb.tonic,Laagun_Re_Junaiyan_Tere_Paiyan_eb7fce60-8232-44ee-ad0a-571bb15003fb.tonic,.tonic,11,tonic
93c73081-bdf8-4eca-b325-d736b71e9b4b,/home/izpiz/coding/automatic-raga-recognition/dataset/RagaDataset/Hindustani/features/93c73081-bdf8-4eca-b325-d736b71e9b4b/Abdul_Rashid_Khan/Rasan_Piya_-_Volume_2/Dekho_Dekho_Aaj_Shyam_dcc4b6e9-15ef-4662-acbe-8666af8cbca5.tonic,Dekho_Dekho_Aaj_Shyam_dcc4b6e9-15ef-4662-acbe-8666af8cbca5.tonic,.tonic,11,tonic
93c73081-bdf8-4eca-b325-d736b71e9b4b,/home/izpiz/coding/automatic-raga-recognition/dataset/RagaDataset/Hindustani/features/93c73081-bdf8-4eca-b325-d736b71e9b4b/Abdul_Rashid_Khan/Rasan_Piya_-_Volume_2/Kab_Ghar_Aao_Piya_More_Paas_76f343ce-a0ce-40c0-89aa-969c75a8cec2.tonic,Kab_Ghar_Aao_Piya_More_Paas_76f343ce-a0ce-40c0-89aa-969c75a8cec2.tonic,.tonic,11,tonic
93c73081-bdf8-4eca-b325-d736b71e9b4b,"/home/izpiz/coding/automatic-raga-recognition/dataset/RagaDataset/Hindustani/features/93c73081-bdf8-4eca-b325-d736b71e9b4b/Ajoy_Chakrabarty/Raag_Abhogi,_Rageshree___Khamaj/Raag_Khamaj_c556b631-111f-42e8-aa98-e02f0777be9e.tonicFine",Raag_Khamaj_c556b631-111f-42e8-aa98-e02f0777be9e.tonicFine,.tonicfine,25,tonic
93c73081-bdf8-4eca-b325-d736b71e9b4b,"/home/izpiz/coding/automatic-raga-recognition/dataset/RagaDataset/Hindustani/features/93c73081-bdf8-4eca-b325-d736b71e9b4b/Ajoy_Chakrabarty/Raag_Abhogi,_Rageshree___Khamaj/Raag_Khamaj_c556b631-111f-42e8-aa98-e02f0777be9e.tonic",Raag_Khamaj_c556b631-111f-42e8-aa98-e02f0777be9e.tonic,.tonic,10,tonic
93c73081-bdf8-4eca-b325-d736b71e9b4b,/home/izpiz/coding/automatic-raga-recognition/dataset/RagaDataset/Hindustani/features/93c73081-bdf8-4eca-b325-d736b71e9b4b/Ajoy_Chakrabarty/Ajoy_Chakrabarty-Vocal/Drut_Bandish_In_Tintal_9ce13d3a-f853-490c-a706-39283372eb0e.tonicFine,Drut_Bandish_In_Tintal_9ce13d3a-f853-490c-a706-39283372eb0e.tonicFine,.tonicfine,25,tonic
93c73081-bdf8-4eca-b325-d736b71e9b4b,/home/izpiz/coding/automatic-raga-recognition/dataset/RagaDataset/Hindustani/features/93c73081-bdf8-4eca-b325-d736b71e9b4b/Ajoy_Chakrabarty/Ajoy_Chakrabarty-Vocal/Drut_Bandish_In_Tintal_9ce13d3a-f853-490c-a706-39283372eb0e.tonic,Drut_Bandish_In_Tintal_9ce13d3a-f853-490c-a706-39283372eb0e.tonic,.tonic,11,tonic
93c73081-bdf8-4eca-b325-d736b71e9b4b,/home/izpiz/coding/automatic-raga-recognition/dataset/RagaDataset/Hindustani/features/93c73081-bdf8-4eca-b325-d736b71e9b4b/Ajoy_Chakrabarty/Ajoy_Chakrabarty-Vocal/Madhya_Bandish_In_Jhaptal_e0c1cf84-1bb3-4e8b-84d4-0f659976d576.tonic,Madhya_Bandish_In_Jhaptal_e0c1cf84-1bb3-4e8b-84d4-0f659976d576.tonic,.tonic,11,tonic
93c73081-bdf8-4eca-b325-d736b71e9b4b,/home/izpiz/coding/automatic-raga-recognition/dataset/RagaDataset/Hindustani/features/93c73081-bdf8-4eca-b325-d736b71e9b4b/Ajoy_Chakrabarty/Ajoy_Chakrabarty-Vocal/Vilambit_Bandish_In_Ektal_88210cd2-6440-4868-b6aa-3aeb403b4feb.tonicFine,Vilambit_Bandish_In_Ektal_88210cd2-6440-4868-b6aa-3aeb403b4feb.tonicFine,.tonicfine,25,tonic
93c73081-bdf8-4eca-b325-d736b71e9b4b,/home/izpiz/coding/automatic-raga-recognition/dataset/RagaDataset/Hindustani/features/93c73081-bdf8-4eca-b325-d736b71e9b4b/Ajoy_Chakrabarty/Ajoy_Chakrabarty-Vocal/Drut_Bandish_In_Tintal_b267996c-c857-4774-9cf6-5f7cec7413d7.tonic,Drut_Bandish_In_Tintal_b267996c-c857-4774-9cf6-5f7cec7413d7.tonic,.tonic,11,tonic
93c73081-bdf8-4eca-b325-d736b71e9b4b,/home/izpiz/coding/automatic-raga-recognition/dataset/RagaDataset/Hindustani/features/93c73081-bdf8-4eca-b325-d736b71e9b4b/Ajoy_Chakrabarty/Ajoy_Chakrabarty-Vocal/Madhya_Bandish_In_Jhaptal_e0c1cf84-1bb3-4e8b-84d4-0f659976d576.tonicFine,Madhya_Bandish_In_Jhaptal_e0c1cf84-1bb3-4e8b-84d4-0f659976d576.tonicFine,.tonicfine,25,tonic
93c73081-bdf8-4eca-b325-d736b71e9b4b,/home/izpiz/coding/automatic-raga-recognition/dataset/RagaDataset/Hindustani/features/93c73081-bdf8-4eca-b325-d736b71e9b4b/Ajoy_Chakrabarty/Ajoy_Chakrabarty-Vocal/Drut_Bandish_In_Tintal_b267996c-c857-4774-9cf6-5f7cec7413d7.tonicFine,Drut_Bandish_In_Tintal_b267996c-c857-4774-9cf6-5f7cec7413d7.tonicFine,.tonicfine,25,tonic
93c73081-bdf8-4eca-b325-d736b71e9b4b,/home/izpiz/coding/automatic-raga-recognition/dataset/RagaDataset/Hindustani/features/93c73081-bdf8-4eca-b325-d736b71e9b4b/Ajoy_Chakrabarty/Ajoy_Chakrabarty-Vocal/Vilambit_Bandish_In_Ektal_88210cd2-6440-4868-b6aa-3aeb403b4feb.tonic,Vilambit_Bandish_In_Ektal_88210cd2-6440-4868-b6aa-3aeb403b4feb.tonic,.tonic,11,tonic
a7d98897-e2fe-4d75-b9dc-e5b4dc88e1c6,/home/izpiz/coding/automatic-raga-recognition/dataset/RagaDataset/Hindustani/features/a7d98897-e2fe-4d75-b9dc-e5b4dc88e1c6/Abdul_Rashid_Khan/Rasan_Piya_-_Volume_1/Nayan_Bich_Dore_Lal_c8c0b93e-0e7d-4e08-a1cc-95b0eecee5db.tonic,Nayan_Bich_Dore_Lal_c8c0b93e-0e7d-4e08-a1cc-95b0eecee5db.tonic,.tonic,11,tonic
a7d98897-e2fe-4d75-b9dc-e5b4dc88e1c6,/home/izpiz/coding/automatic-raga-recognition/dataset/RagaDataset/Hindustani/features/a7d98897-e2fe-4d75-b9dc-e5b4dc88e1c6/Abdul_Rashid_Khan/Rasan_Piya_-_Volume_1/Dhan_Dhan_Re_Tere_Ladla_ee202972-59a1-4576-9883-6e82124b356a.tonic,Dhan_Dhan_Re_Tere_Ladla_ee202972-59a1-4576-9883-6e82124b356a.tonic,.tonic,11,tonic
a7d98897-e2fe-4d75-b9dc-e5b4dc88e1c6,/home/izpiz/coding/automatic-raga-recognition/dataset/RagaDataset/Hindustani/features/a7d98897-e2fe-4d75-b9dc-e5b4dc88e1c6/Abdul_Rashid_Khan/Rasan_Piya_-_Volume_1/Bane-Bane_Thane-Thane_8f983ca1-2b51-4a9f-9265-b797b09c91c9.tonicFine,Bane-Bane_Thane-Thane_8f983ca1-2b51-4a9f-9265-b797b09c91c9.tonicFine,.tonicfine,25,tonic
a7d98897-e2fe-4d75-b9dc-e5b4dc88e1c6,/home/izpiz/coding/automatic-raga-recognition/dataset/RagaDataset/Hindustani/features/a7d98897-e2fe-4d75-b9dc-e5b4dc88e1c6/Abdul_Rashid_Khan/Rasan_Piya_-_Volume_1/Qutab_Rabani_Mehboob_Subhani_858a82b8-562e-4a7c-a7a2-6cbc65967e99.tonic,Qutab_Rabani_Mehboob_Subhani_858a82b8-562e-4a7c-a7a2-6cbc65967e99.tonic,.tonic,11,tonic
a7d98897-e2fe-4d75-b9dc-e5b4dc88e1c6,/home/izpiz/coding/automatic-raga-recognition/dataset/RagaDataset/Hindustani/features/a7d98897-e2fe-4d75-b9dc-e5b4dc88e1c6/Abdul_Rashid_Khan/Rasan_Piya_-_Volume_1/Bane-Bane_Thane-Thane_8f983ca1-2b51-4a9f-9265-b797b09c91c9.tonic,Bane-Bane_Thane-Thane_8f983ca1-2b51-4a9f-9265-b797b09c91c9.tonic,.tonic,11,tonic
a7d98897-e2fe-4d75-b9dc-e5b4dc88e1c6,/home/izpiz/coding/automatic-raga-recognition/dataset/RagaDataset/Hindustani/features/a7d98897-e2fe-4d75-b9dc-e5b4dc88e1c6/Abdul_Rashid_Khan/Rasan_Piya_-_Volume_1/Daiya_Moko_Ka_Kahega_Logava_907e6bb0-130e-4ec5-aad0-6c768e8e9dcd.tonicFine,Daiya_Moko_Ka_Kahega_Logava_907e6bb0-130e-4ec5-aad0-6c768e8e9dcd.tonicFine,.tonicfine,25,tonic
a7d98897-e2fe-4d75-b9dc-e5b4dc88e1c6,/home/izpiz/coding/automatic-raga-recognition/dataset/RagaDataset/Hindustani/features/a7d98897-e2fe-4d75-b9dc-e5b4dc88e1c6/Abdul_Rashid_Khan/Rasan_Piya_-_Volume_1/Dhan_Dhan_Re_Tere_Ladla_ee202972-59a1-4576-9883-6e82124b356a.tonicFine,Dhan_Dhan_Re_Tere_Ladla_ee202972-59a1-4576-9883-6e82124b356a.tonicFine,.tonicfine,25,tonic
a7d98897-e2fe-4d75-b9dc-e5b4dc88e1c6,/home/izpiz/coding/automatic-raga-recognition/dataset/RagaDataset/Hindustani/features/a7d98897-e2fe-4d75-b9dc-e5b4dc88e1c6/Abdul_Rashid_Khan/Rasan_Piya_-_Volume_1/Daiya_Moko_Ka_Kahega_Logava_907e6bb0-130e-4ec5-aad0-6c768e8e9dcd.tonic,Daiya_Moko_Ka_Kahega_Logava_907e6bb0-130e-4ec5-aad0-6c768e8e9dcd.tonic,.tonic,11,tonic
a7d98897-e2fe-4d75-b9dc-e5b4dc88e1c6,/home/izpiz/coding/automatic-raga-recognition/dataset/RagaDataset/Hindustani/features/a7d98897-e2fe-4d75-b9dc-e5b4dc88e1c6/Abdul_Rashid_Khan/Rasan_Piya_-_Volume_1/Nayan_Bich_Dore_Lal_c8c0b93e-0e7d-4e08-a1cc-95b0eecee5db.tonicFine,Nayan_Bich_Dore_Lal_c8c0b93e-0e7d-4e08-a1cc-95b0eecee5db.tonicFine,.tonicfine,25,tonic
a7d98897-e2fe-4d75-b9dc-e5b4dc88e1c6,/home/izpiz/coding/automatic-raga-recognition/dataset/RagaDataset/Hindustani/features/a7d98897-e2fe-4d75-b9dc-e5b4dc88e1c6/Abdul_Rashid_Khan/Rasan_Piya_-_Volume_1/Qutab_Rabani_Mehboob_Subhani_858a82b8-562e-4a7c-a7a2-6cbc65967e99.tonicFine,Qutab_Rabani_Mehboob_Subhani_858a82b8-562e-4a7c-a7a2-6cbc65967e99.tonicFine,.tonicfine,25,tonic
a7d98897-e2fe-4d75-b9dc-e5b4dc88e1c6,/home/izpiz/coding/automatic-raga-recognition/dataset/RagaDataset/Hindustani/features/a7d98897-e2fe-4d75-b9dc-e5b4dc88e1c6/Omkar_Dadarkar/Raag_Bihag___Bhairavi_Dadra/Raag_Bihag_5d56b3ab-99d1-48c3-a785-269d74ccc944.tonic,Raag_Bihag_5d56b3ab-99d1-48c3-a785-269d74ccc944.tonic,.tonic,4,tonic
a7d98897-e2fe-4d75-b9dc-e5b4dc88e1c6,/home/izpiz/coding/automatic-raga-recognition/dataset/RagaDataset/Hindustani/features/a7d98897-e2fe-4d75-b9dc-e5b4dc88e1c6/Omkar_Dadarkar/Raag_Bihag___Bhairavi_Dadra/Raag_Bihag_5d56b3ab-99d1-48c3-a785-269d74ccc944.tonicFine,Raag_Bihag_5d56b3ab-99d1-48c3-a785-269d74ccc944.tonicFine,.tonicfine,25,tonic
a7d98897-e2fe-4d75-b9dc-e5b4dc88e1c6,/home/izpiz/coding/automatic-raga-recognition/dataset/RagaDataset/Hindustani/features/a7d98897-e2fe-4d75-b9dc-e5b4dc88e1c6/Omkarnath_Thakur/An_Undying_Parampara_Vol__2/Kaise_Siukh_Soye_fecfe4a8-a68e-4ced-93d9-5d47fd4505cd.tonic,Kaise_Siukh_Soye_fecfe4a8-a68e-4ced-93d9-5d47fd4505cd.tonic,.tonic,11,tonic
a7d98897-e2fe-4d75-b9dc-e5b4dc88e1c6,/home/izpiz/coding/automatic-raga-recognition/dataset/RagaDataset/Hindustani/features/a7d98897-e2fe-4d75-b9dc-e5b4dc88e1c6/Omkarnath_Thakur/An_Undying_Parampara_Vol__2/Ab_Ho_Lalan_Mai_3148a17b-6be7-4f5e-bc35-84196b3c64b6.tonicFine,Ab_Ho_Lalan_Mai_3148a17b-6be7-4f5e-bc35-84196b3c64b6.tonicFine,.tonicfine,25,tonic
a7d98897-e2fe-4d75-b9dc-e5b4dc88e1c6,/home/izpiz/coding/automatic-raga-recognition/dataset/RagaDataset/Hindustani/features/a7d98897-e2fe-4d75-b9dc-e5b4dc88e1c6/Omkarnath_Thakur/An_Undying_Parampara_Vol__2/Kaise_Siukh_Soye_fecfe4a8-a68e-4ced-93d9-5d47fd4505cd.tonicFine,Kaise_Siukh_Soye_fecfe4a8-a68e-4ced-93d9-5d47fd4505cd.tonicFine,.tonicfine,25,tonic
a7d98897-e2fe-4d75-b9dc-e5b4dc88e1c6,/home/izpiz/coding/automatic-raga-recognition/dataset/RagaDataset/Hindustani/features/a7d98897-e2fe-4d75-b9dc-e5b4dc88e1c6/Omkarnath_Thakur/An_Undying_Parampara_Vol__2/Ab_Ho_Lalan_Mai_3148a17b-6be7-4f5e-bc35-84196b3c64b6.tonic,Ab_Ho_Lalan_Mai_3148a17b-6be7-4f5e-bc35-84196b3c64b6.tonic,.tonic,11,tonic
a7d98897-e2fe-4d75-b9dc-e5b4dc88e1c6,/home/izpiz/coding/automatic-raga-recognition/dataset/RagaDataset/Hindustani/features/a7d98897-e2fe-4d75-b9dc-e5b4dc88e1c6/Deborshee_Bhattacharya/Raag_Bihag/Raag_Bihag_f0ce173e-e69b-4baf-8c23-cdd63fd15ab1.tonicFine,Raag_Bihag_f0ce173e-e69b-4baf-8c23-cdd63fd15ab1.tonicFine,.tonicfine,25,tonic
a7d98897-e2fe-4d75-b9dc-e5b4dc88e1c6,/home/izpiz/coding/automatic-raga-recognition/dataset/RagaDataset/Hindustani/features/a7d98897-e2fe-4d75-b9dc-e5b4dc88e1c6/Deborshee_Bhattacharya/Raag_Bihag/Raag_Bihag_f0ce173e-e69b-4baf-8c23-cdd63fd15ab1.tonic,Raag_Bihag_f0ce173e-e69b-4baf-8c23-cdd63fd15ab1.tonic,.tonic,11,tonic
a7d98897-e2fe-4d75-b9dc-e5b4dc88e1c6,/home/izpiz/coding/automatic-raga-recognition/dataset/RagaDataset/Hindustani/features/a7d98897-e2fe-4d75-b9dc-e5b4dc88e1c6/Manik_Bhide/The_Sanctity_of_Parampara/Bajeri_Mori_Payal_Jhanana_and_Lat_Ulajhi_Sulajha_Ja_Balam_82d9adb4-ad60-4437-b3ed-a5dda2a77f61.tonic,Bajeri_Mori_Payal_Jhanana_and_Lat_Ulajhi_Sulajha_Ja_Balam_82d9adb4-ad60-4437-b3ed-a5dda2a77f61.tonic,.tonic,11,tonic
a7d98897-e2fe-4d75-b9dc-e5b4dc88e1c6,/home/izpiz/coding/automatic-raga-recognition/dataset/RagaDataset/Hindustani/features/a7d98897-e2fe-4d75-b9dc-e5b4dc88e1c6/Manik_Bhide/The_Sanctity_of_Parampara/Bajeri_Mori_Payal_Jhanana_and_Lat_Ulajhi_Sulajha_Ja_Balam_82d9adb4-ad60-4437-b3ed-a5dda2a77f61.tonicFine,Bajeri_Mori_Payal_Jhanana_and_Lat_Ulajhi_Sulajha_Ja_Balam_82d9adb4-ad60-4437-b3ed-a5dda2a77f61.tonicFine,.tonicfine,25,tonic
a99e07d5-20a0-467b-8dcd-aa5a095177fd,/home/izpiz/coding/automatic-raga-recognition/dataset/RagaDataset/Hindustani/features/a99e07d5-20a0-467b-8dcd-aa5a095177fd/Rashid_Khan/Evergreen/Raga_Lalit_783aa4b0-26f3-4e18-844c-b787be6d9849.tonicFine,Raga_Lalit_783aa4b0-26f3-4e18-844c-b787be6d9849.tonicFine,.tonicfine,25,tonic
a99e07d5-20a0-467b-8dcd-aa5a095177fd,/home/izpiz/coding/automatic-raga-recognition/dataset/RagaDataset/Hindustani/features/a99e07d5-20a0-467b-8dcd-aa5a095177fd/Rashid_Khan/Evergreen/Raga_Lalit_783aa4b0-26f3-4e18-844c-b787be6d9849.tonic,Raga_Lalit_783aa4b0-26f3-4e18-844c-b787be6d9849.tonic,.tonic,11,tonic
a99e07d5-20a0-467b-8dcd-aa5a095177fd,/home/izpiz/coding/automatic-raga-recognition/dataset/RagaDataset/Hindustani/features/a99e07d5-20a0-467b-8dcd-aa5a095177fd/Dattatreya_L_Velankar/Sura_Sindhu/Raga_Lalit-Vilambit_Ektal_c0713057-d5eb-4fe3-a0ae-03a341ad707e.tonic,Raga_Lalit-Vilambit_Ektal_c0713057-d5eb-4fe3-a0ae-03a341ad707e.tonic,.tonic,11,tonic
a99e07d5-20a0-467b-8dcd-aa5a095177fd,/home/izpiz/coding/automatic-raga-recognition/dataset/RagaDataset/Hindustani/features/a99e07d5-20a0-467b-8dcd-aa5a095177fd/Dattatreya_L_Velankar/Sura_Sindhu/Raga_Lalit-Vilambit_Ektal_c0713057-d5eb-4fe3-a0ae-03a341ad707e.tonicFine,Raga_Lalit-Vilambit_Ektal_c0713057-d5eb-4fe3-a0ae-03a341ad707e.tonicFine,.tonicfine,25,tonic
a99e07d5-20a0-467b-8dcd-aa5a095177fd,/home/izpiz/coding/automatic-raga-recognition/dataset/RagaDataset/Hindustani/features/a99e07d5-20a0-467b-8dcd-aa5a095177fd/Omkar_Dadarkar/Raag_Lalit___Bibhas/Raag_Lalit_8e815f51-194f-4e14-b1e3-5a214590d895.tonicFine,Raag_Lalit_8e815f51-194f-4e14-b1e3-5a214590d895.tonicFine,.tonicfine,25,tonic
a99e07d5-20a0-467b-8dcd-aa5a095177fd,/home/izpiz/coding/automatic-raga-recognition/dataset/RagaDataset/Hindustani/features/a99e07d5-20a0-467b-8dcd-aa5a095177fd/Omkar_Dadarkar/Raag_Lalit___Bibhas/Raag_Lalit_8e815f51-194f-4e14-b1e3-5a214590d895.tonic,Raag_Lalit_8e815f51-194f-4e14-b1e3-5a214590d895.tonic,.tonic,11,tonic
a99e07d5-20a0-467b-8dcd-aa5a095177fd,/home/izpiz/coding/automatic-raga-recognition/dataset/RagaDataset/Hindustani/features/a99e07d5-20a0-467b-8dcd-aa5a095177fd/Omkarnath_Thakur/Heritage_-_Raga_Lalit/Raga_Lalit_(Chhota_Khayal_In_Teen_Taal)_Piyu_Piyu_Ratat_Papihara_e155b6c3-eb87-4522-9bf8-93bf74697fb4.tonicFine,Raga_Lalit_(Chhota_Khayal_In_Teen_Taal)_Piyu_Piyu_Ratat_Papihara_e155b6c3-eb87-4522-9bf8-93bf74697fb4.tonicFine,.tonicfine,25,tonic
a99e07d5-20a0-467b-8dcd-aa5a095177fd,/home/izpiz/coding/automatic-raga-recognition/dataset/RagaDataset/Hindustani/features/a99e07d5-20a0-467b-8dcd-aa5a095177fd/Omkarnath_Thakur/Heritage_-_Raga_Lalit/Raga_Lalit_(Chhota_Khayal_In_Teen_Taal)_Piyu_Piyu_Ratat_Papihara_e155b6c3-eb87-4522-9bf8-93bf74697fb4.tonic,Raga_Lalit_(Chhota_Khayal_In_Teen_Taal)_Piyu_Piyu_Ratat_Papihara_e155b6c3-eb87-4522-9bf8-93bf74697fb4.tonic,.tonic,11,tonic
a99e07d5-20a0-467b-8dcd-aa5a095177fd,/home/izpiz/coding/automatic-raga-recognition/dataset/RagaDataset/Hindustani/features/a99e07d5-20a0-467b-8dcd-aa5a095177fd/Omkarnath_Thakur/Heritage_-_Raga_Lalit/Raga_Lalit_(Bada_Khayal_In_Vilambit_Ek_Taal)_Raien_Ka_Sapna_ead345d2-0314-4a4a-bfb6-d65510e06aba.tonicFine,Raga_Lalit_(Bada_Khayal_In_Vilambit_Ek_Taal)_Raien_Ka_Sapna_ead345d2-0314-4a4a-bfb6-d65510e06aba.tonicFine,.tonicfine,25,tonic
a99e07d5-20a0-467b-8dcd-aa5a095177fd,/home/izpiz/coding/automatic-raga-recognition/dataset/RagaDataset/Hindustani/features/a99e07d5-20a0-467b-8dcd-aa5a095177fd/Omkarnath_Thakur/Heritage_-_Raga_Lalit/Raga_Lalit_(Bada_Khayal_In_Vilambit_Ek_Taal)_Raien_Ka_Sapna_ead345d2-0314-4a4a-bfb6-d65510e06aba.tonic,Raga_Lalit_(Bada_Khayal_In_Vilambit_Ek_Taal)_Raien_Ka_Sapna_ead345d2-0314-4a4a-bfb6-d65510e06aba.tonic,.tonic,11,tonic
a99e07d5-20a0-467b-8dcd-aa5a095177fd,/home/izpiz/coding/automatic-raga-recognition/dataset/RagaDataset/Hindustani/features/a99e07d5-20a0-467b-8dcd-aa5a095177fd/Kishori_Amonkar/Jaipur_Gharana/Raga_Lalit_-_Khayal_Drut_In_Teentaal_-_Piyu_Piyu_Ratata_Papihara_c2d1a926-dbe0-4f94-b739-c30796ba8346.tonicFine,Raga_Lalit_-_Khayal_Drut_In_Teentaal_-_Piyu_Piyu_Ratata_Papihara_c2d1a926-dbe0-4f94-b739-c30796ba8346.tonicFine,.tonicfine,25,tonic
a99e07d5-20a0-467b-8dcd-aa5a095177fd,/home/izpiz/coding/automatic-raga-recognition/dataset/RagaDataset/Hindustani/features/a99e07d5-20a0-467b-8dcd-aa5a095177fd/Kishori_Amonkar/Jaipur_Gharana/Raga_Lalit_-_Khayal_Vilambit_In_Teentaal_-_Sau_Sau_Baar_Balma_679827a7-41bf-4af7-bba6-50c036264941.tonic,Raga_Lalit_-_Khayal_Vilambit_In_Teentaal_-_Sau_Sau_Baar_Balma_679827a7-41bf-4af7-bba6-50c036264941.tonic,.tonic,4,tonic
a99e07d5-20a0-467b-8dcd-aa5a095177fd,/home/izpiz/coding/automatic-raga-recognition/dataset/RagaDataset/Hindustani/features/a99e07d5-20a0-467b-8dcd-aa5a095177fd/Kishori_Amonkar/Jaipur_Gharana/Raga_Lalit_-_Khayal_Drut_In_Teentaal_-_Piyu_Piyu_Ratata_Papihara_c2d1a926-dbe0-4f94-b739-c30796ba8346.tonic,Raga_Lalit_-_Khayal_Drut_In_Teentaal_-_Piyu_Piyu_Ratata_Papihara_c2d1a926-dbe0-4f94-b739-c30796ba8346.tonic,.tonic,9,tonic
a99e07d5-20a0-467b-8dcd-aa5a095177fd,/home/izpiz/coding/automatic-raga-recognition/dataset/RagaDataset/Hindustani/features/a99e07d5-20a0-467b-8dcd-aa5a095177fd/Kishori_Amonkar/Jaipur_Gharana/Raga_Lalit_-_Khayal_Vilambit_In_Teentaal_-_Sau_Sau_Baar_Balma_679827a7-41bf-4af7-bba6-50c036264941.tonicFine,Raga_Lalit_-_Khayal_Vilambit_In_Teentaal_-_Sau_Sau_Baar_Balma_679827a7-41bf-4af7-bba6-50c036264941.tonicFine,.tonicfine,25,tonic
a99e07d5-20a0-467b-8dcd-aa5a095177fd,/home/izpiz/coding/automatic-raga-recognition/dataset/RagaDataset/Hindustani/features/a99e07d5-20a0-467b-8dcd-aa5a095177fd/Rajan_Mishra/Sangeet_Sartaj/Raga_Lalit_d44c1914-b3ee-4948-af86-d07fde13c1b4.tonic,Raga_Lalit_d44c1914-b3ee-4948-af86-d07fde13c1b4.tonic,.tonic,11,tonic
a99e07d5-20a0-467b-8dcd-aa5a095177fd,/home/izpiz/coding/automatic-raga-recognition/dataset/RagaDataset/Hindustani/features/a99e07d5-20a0-467b-8dcd-aa5a095177fd/Rajan_Mishra/Sangeet_Sartaj/Raga_Lalit_d44c1914-b3ee-4948-af86-d07fde13c1b4.tonicFine,Raga_Lalit_d44c1914-b3ee-4948-af86-d07fde13c1b4.tonicFine,.tonicfine,25,tonic
a99e07d5-20a0-467b-8dcd-aa5a095177fd,/home/izpiz/coding/automatic-raga-recognition/dataset/RagaDataset/Hindustani/features/a99e07d5-20a0-467b-8dcd-aa5a095177fd/Ajoy_Chakrabarty/Subha_Chale_Sham_Dhale/Raga_Lalit_-_Khayal_9af146bf-4fdf-41bb-a665-eacc15741d32.tonic,Raga_Lalit_-_Khayal_9af146bf-4fdf-41bb-a665-eacc15741d32.tonic,.tonic,11,tonic
a99e07d5-20a0-467b-8dcd-aa5a095177fd,/home/izpiz/coding/automatic-raga-recognition/dataset/RagaDataset/Hindustani/features/a99e07d5-20a0-467b-8dcd-aa5a095177fd/Ajoy_Chakrabarty/Subha_Chale_Sham_Dhale/Raga_Lalit_-_Khayal_9af146bf-4fdf-41bb-a665-eacc15741d32.tonicFine,Raga_Lalit_-_Khayal_9af146bf-4fdf-41bb-a665-eacc15741d32.tonicFine,.tonicfine,25,tonic
a99e07d5-20a0-467b-8dcd-aa5a095177fd,/home/izpiz/coding/automatic-raga-recognition/dataset/RagaDataset/Hindustani/features/a99e07d5-20a0-467b-8dcd-aa5a095177fd/Sanjeev_Abhyankar/Soaring_Heights/Raga_Lalat_c0333b05-4593-4618-b00c-9c363c0e4b09.tonic,Raga_Lalat_c0333b05-4593-4618-b00c-9c363c0e4b09.tonic,.tonic,11,tonic
a99e07d5-20a0-467b-8dcd-aa5a095177fd,/home/izpiz/coding/automatic-raga-recognition/dataset/RagaDataset/Hindustani/features/a99e07d5-20a0-467b-8dcd-aa5a095177fd/Sanjeev_Abhyankar/Soaring_Heights/Raga_Lalat_c0333b05-4593-4618-b00c-9c363c0e4b09.tonicFine,Raga_Lalat_c0333b05-4593-4618-b00c-9c363c0e4b09.tonicFine,.tonicfine,25,tonic
a9ee554f-f146-43e9-b2d0-9bb31fd4b57d,/home/izpiz/coding/automatic-raga-recognition/dataset/RagaDataset/Hindustani/features/a9ee554f-f146-43e9-b2d0-9bb31fd4b57d/Abdul_Rashid_Khan/Rasan_Piya_-_Volume_3/Allah_Tere_Shaan_Maula_Tere_Shaan_256d06c1-34e2-43fc-aa14-c2f191f680f1.tonic,Allah_Tere_Shaan_Maula_Tere_Shaan_256d06c1-34e2-43fc-aa14-c2f191f680f1.tonic,.tonic,11,tonic
a9ee554f-f146-43e9-b2d0-9bb31fd4b57d,/home/izpiz/coding/automatic-raga-recognition/dataset/RagaDataset/Hindustani/features/a9ee554f-f146-43e9-b2d0-9bb31fd4b57d/Abdul_Rashid_Khan/Rasan_Piya_-_Volume_3/Bajat_Kartal_Dasrath_Dwar_effa2f04-c0ab-4910-b822-55d8548363df.tonicFine,Bajat_Kartal_Dasrath_Dwar_effa2f04-c0ab-4910-b822-55d8548363df.tonicFine,.tonicfine,25,tonic
a9ee554f-f146-43e9-b2d0-9bb31fd4b57d,/home/izpiz/coding/automatic-raga-recognition/dataset/RagaDataset/Hindustani/features/a9ee554f-f146-43e9-b2d0-9bb31fd4b57d/Abdul_Rashid_Khan/Rasan_Piya_-_Volume_3/Upama_Raat_Ki_Badan_Dekh_89430adb-e414-4ea4-abde-1ec568641c93.tonic,Upama_Raat_Ki_Badan_Dekh_89430adb-e414-4ea4-abde-1ec568641c93.tonic,.tonic,11,tonic
a9ee554f-f146-43e9-b2d0-9bb31fd4b57d,/home/izpiz/coding/automatic-raga-recognition/dataset/RagaDataset/Hindustani/features/a9ee554f-f146-43e9-b2d0-9bb31fd4b57d/Abdul_Rashid_Khan/Rasan_Piya_-_Volume_3/Mano_Piya_Jagee_Saari_Raat_e0f9998f-0341-4621-8cf2-80c3d3b59855.tonic,Mano_Piya_Jagee_Saari_Raat_e0f9998f-0341-4621-8cf2-80c3d3b59855.tonic,.tonic,11,tonic
a9ee554f-f146-43e9-b2d0-9bb31fd4b57d,/home/izpiz/coding/automatic-raga-recognition/dataset/RagaDataset/Hindustani/features/a9ee554f-f146-43e9-b2d0-9bb31fd4b57d/Abdul_Rashid_Khan/Rasan_Piya_-_Volume_3/Balma_Tore_karana_4a9eb951-9a45-4292-a7c8-aeb103349e86.tonicFine,Balma_Tore_karana_4a9eb951-9a45-4292-a7c8-aeb103349e86.tonicFine,.tonicfine,25,tonic
a9ee554f-f146-43e9-b2d0-9bb31fd4b57d,/home/izpiz/coding/automatic-raga-recognition/dataset/RagaDataset/Hindustani/features/a9ee554f-f146-43e9-b2d0-9bb31fd4b57d/Abdul_Rashid_Khan/Rasan_Piya_-_Volume_3/Mano_Piya_Jagee_Saari_Raat_e0f9998f-0341-4621-8cf2-80c3d3b59855.tonicFine,Mano_Piya_Jagee_Saari_Raat_e0f9998f-0341-4621-8cf2-80c3d3b59855.tonicFine,.tonicfine,25,tonic
a9ee554f-f146-43e9-b2d0-9bb31fd4b57d,/home/izpiz/coding/automatic-raga-recognition/dataset/RagaDataset/Hindustani/features/a9ee554f-f146-43e9-b2d0-9bb31fd4b57d/Abdul_Rashid_Khan/Rasan_Piya_-_Volume_3/Balma_Tore_karana_4a9eb951-9a45-4292-a7c8-aeb103349e86.tonic,Balma_Tore_karana_4a9eb951-9a45-4292-a7c8-aeb103349e86.tonic,.tonic,11,tonic
a9ee554f-f146-43e9-b2d0-9bb31fd4b57d,/home/izpiz/coding/automatic-raga-recognition/dataset/RagaDataset/Hindustani/features/a9ee554f-f146-43e9-b2d0-9bb31fd4b57d/Abdul_Rashid_Khan/Rasan_Piya_-_Volume_3/Upama_Raat_Ki_Badan_Dekh_89430adb-e414-4ea4-abde-1ec568641c93.tonicFine,Upama_Raat_Ki_Badan_Dekh_89430adb-e414-4ea4-abde-1ec568641c93.tonicFine,.tonicfine,25,tonic
a9ee554f-f146-43e9-b2d0-9bb31fd4b57d,/home/izpiz/coding/automatic-raga-recognition/dataset/RagaDataset/Hindustani/features/a9ee554f-f146-43e9-b2d0-9bb31fd4b57d/Abdul_Rashid_Khan/Rasan_Piya_-_Volume_3/Allah_Tere_Shaan_Maula_Tere_Shaan_256d06c1-34e2-43fc-aa14-c2f191f680f1.tonicFine,Allah_Tere_Shaan_Maula_Tere_Shaan_256d06c1-34e2-43fc-aa14-c2f191f680f1.tonicFine,.tonicfine,25,tonic
a9ee554f-f146-43e9-b2d0-9bb31fd4b57d,/home/izpiz/coding/automatic-raga-recognition/dataset/RagaDataset/Hindustani/features/a9ee554f-f146-43e9-b2d0-9bb31fd4b57d/Abdul_Rashid_Khan/Rasan_Piya_-_Volume_3/Bajat_Kartal_Dasrath_Dwar_effa2f04-c0ab-4910-b822-55d8548363df.tonic,Bajat_Kartal_Dasrath_Dwar_effa2f04-c0ab-4910-b822-55d8548363df.tonic,.tonic,11,tonic
a9ee554f-f146-43e9-b2d0-9bb31fd4b57d,/home/izpiz/coding/automatic-raga-recognition/dataset/RagaDataset/Hindustani/features/a9ee554f-f146-43e9-b2d0-9bb31fd4b57d/Jayateerth_Mevundi/Sunset_In_Dharwad/Kedar-_Chaartal_Ki_Sawari_Ban_Than_Kaha_Sawan_Ki_Bundaniya_cfaafb25-78e1-4d27-93d8-a5b160ee77fc.tonic,Kedar-_Chaartal_Ki_Sawari_Ban_Than_Kaha_Sawan_Ki_Bundaniya_cfaafb25-78e1-4d27-93d8-a5b160ee77fc.tonic,.tonic,11,tonic
a9ee554f-f146-43e9-b2d0-9bb31fd4b57d,/home/izpiz/coding/automatic-raga-recognition/dataset/RagaDataset/Hindustani/features/a9ee554f-f146-43e9-b2d0-9bb31fd4b57d/Jayateerth_Mevundi/Sunset_In_Dharwad/Kedar-_Chaartal_Ki_Sawari_Ban_Than_Kaha_Sawan_Ki_Bundaniya_cfaafb25-78e1-4d27-93d8-a5b160ee77fc.tonicFine,Kedar-_Chaartal_Ki_Sawari_Ban_Than_Kaha_Sawan_Ki_Bundaniya_cfaafb25-78e1-4d27-93d8-a5b160ee77fc.tonicFine,.tonicfine,25,tonic
a9ee554f-f146-43e9-b2d0-9bb31fd4b57d,/home/izpiz/coding/automatic-raga-recognition/dataset/RagaDataset/Hindustani/features/a9ee554f-f146-43e9-b2d0-9bb31fd4b57d/Rashid_Khan/Live_at_St__John_s_Smith_Square_London/Raga_Kedar_2c29d660-b4ed-4302-a447-866a1e1d86b3.tonic,Raga_Kedar_2c29d660-b4ed-4302-a447-866a1e1d86b3.tonic,.tonic,11,tonic
a9ee554f-f146-43e9-b2d0-9bb31fd4b57d,/home/izpiz/coding/automatic-raga-recognition/dataset/RagaDataset/Hindustani/features/a9ee554f-f146-43e9-b2d0-9bb31fd4b57d/Rashid_Khan/Live_at_St__John_s_Smith_Square_London/Raga_Kedar_2c29d660-b4ed-4302-a447-866a1e1d86b3.tonicFine,Raga_Kedar_2c29d660-b4ed-4302-a447-866a1e1d86b3.tonicFine,.tonicfine,25,tonic
a9ee554f-f146-43e9-b2d0-9bb31fd4b57d,/home/izpiz/coding/automatic-raga-recognition/dataset/RagaDataset/Hindustani/features/a9ee554f-f146-43e9-b2d0-9bb31fd4b57d/Bhimsen_Joshi/The_Multifaceted/Raga_Shudha_Kedar_4ec29190-b7c9-46f6-81d8-db4b0c2a5b40.tonicFine,Raga_Shudha_Kedar_4ec29190-b7c9-46f6-81d8-db4b0c2a5b40.tonicFine,.tonicfine,25,tonic
a9ee554f-f146-43e9-b2d0-9bb31fd4b57d,/home/izpiz/coding/automatic-raga-recognition/dataset/RagaDataset/Hindustani/features/a9ee554f-f146-43e9-b2d0-9bb31fd4b57d/Bhimsen_Joshi/The_Multifaceted/Raga_Shudha_Kedar_4ec29190-b7c9-46f6-81d8-db4b0c2a5b40.tonic,Raga_Shudha_Kedar_4ec29190-b7c9-46f6-81d8-db4b0c2a5b40.tonic,.tonic,11,tonic
a9ee554f-f146-43e9-b2d0-9bb31fd4b57d,/home/izpiz/coding/automatic-raga-recognition/dataset/RagaDataset/Hindustani/features/a9ee554f-f146-43e9-b2d0-9bb31fd4b57d/Ajoy_Chakrabarty/Raag_Kedar___Jog/Raag_Kedar_dc09e696-88d1-427f-bb1b-92d899ed9af1.tonicFine,Raag_Kedar_dc09e696-88d1-427f-bb1b-92d899ed9af1.tonicFine,.tonicfine,25,tonic
a9ee554f-f146-43e9-b2d0-9bb31fd4b57d,/home/izpiz/coding/automatic-raga-recognition/dataset/RagaDataset/Hindustani/features/a9ee554f-f146-43e9-b2d0-9bb31fd4b57d/Ajoy_Chakrabarty/Raag_Kedar___Jog/Raag_Kedar_dc09e696-88d1-427f-bb1b-92d899ed9af1.tonic,Raag_Kedar_dc09e696-88d1-427f-bb1b-92d899ed9af1.tonic,.tonic,11,tonic
a9ee554f-f146-43e9-b2d0-9bb31fd4b57d,/home/izpiz/coding/automatic-raga-recognition/dataset/RagaDataset/Hindustani/features/a9ee554f-f146-43e9-b2d0-9bb31fd4b57d/Jasraj/Legends__Sangeet_Martand_Pandit_Jasraj_(Vol__4)/Raga_Kedar_9a133da0-33a1-42c9-a0f1-d2619e4a8782.tonic,Raga_Kedar_9a133da0-33a1-42c9-a0f1-d2619e4a8782.tonic,.tonic,11,tonic
a9ee554f-f146-43e9-b2d0-9bb31fd4b57d,/home/izpiz/coding/automatic-raga-recognition/dataset/RagaDataset/Hindustani/features/a9ee554f-f146-43e9-b2d0-9bb31fd4b57d/Jasraj/Legends__Sangeet_Martand_Pandit_Jasraj_(Vol__4)/Raga_Kedar_9a133da0-33a1-42c9-a0f1-d2619e4a8782.tonicFine,Raga_Kedar_9a133da0-33a1-42c9-a0f1-d2619e4a8782.tonicFine,.tonicfine,25,tonic
b143adaa-f1a6-4de4-8985-a5bd35e96279,/home/izpiz/coding/automatic-raga-recognition/dataset/RagaDataset/Hindustani/features/b143adaa-f1a6-4de4-8985-a5bd35e96279/Rashid_Khan/Evergreen/Raga_Bairagi_Bhairav_c83a26a9-452f-49f4-bb4e-fad2d9bb9af1.tonicFine,Raga_Bairagi_Bhairav_c83a26a9-452f-49f4-bb4e-fad2d9bb9af1.tonicFine,.tonicfine,25,tonic
b143adaa-f1a6-4de4-8985-a5bd35e96279,/home/izpiz/coding/automatic-raga-recognition/dataset/RagaDataset/Hindustani/features/b143adaa-f1a6-4de4-8985-a5bd35e96279/Rashid_Khan/Evergreen/Raga_Bairagi_Bhairav_c83a26a9-452f-49f4-bb4e-fad2d9bb9af1.tonic,Raga_Bairagi_Bhairav_c83a26a9-452f-49f4-bb4e-fad2d9bb9af1.tonic,.tonic,11,tonic
b143adaa-f1a6-4de4-8985-a5bd35e96279,/home/izpiz/coding/automatic-raga-recognition/dataset/RagaDataset/Hindustani/features/b143adaa-f1a6-4de4-8985-a5bd35e96279/Brajeshwar_Mukherjee/New_Signature/Raag_Bairagi_ea36cb14-7c11-41d0-acb8-70ec66e61063.tonic,Raag_Bairagi_ea36cb14-7c11-41d0-acb8-70ec66e61063.tonic,.tonic,11,tonic
b143adaa-f1a6-4de4-8985-a5bd35e96279,/home/izpiz/coding/automatic-raga-recognition/dataset/RagaDataset/Hindustani/features/b143adaa-f1a6-4de4-8985-a5bd35e96279/Brajeshwar_Mukherjee/New_Signature/Raag_Bairagi_ea36cb14-7c11-41d0-acb8-70ec66e61063.tonicFine,Raag_Bairagi_ea36cb14-7c11-41d0-acb8-70ec66e61063.tonicFine,.tonicfine,25,tonic
b143adaa-f1a6-4de4-8985-a5bd35e96279,/home/izpiz/coding/automatic-raga-recognition/dataset/RagaDataset/Hindustani/features/b143adaa-f1a6-4de4-8985-a5bd35e96279/Ajoy_Chakrabarty/Ragamala/Sur_Sur_Se_Sadh_Le_Rasika_Sabada_Salone_Laya_Tala_Surana_2e399218-6978-47ef-ad3f-c7eca6dad81b.tonicFine,Sur_Sur_Se_Sadh_Le_Rasika_Sabada_Salone_Laya_Tala_Surana_2e399218-6978-47ef-ad3f-c7eca6dad81b.tonicFine,.tonicfine,25,tonic
b143adaa-f1a6-4de4-8985-a5bd35e96279,/home/izpiz/coding/automatic-raga-recognition/dataset/RagaDataset/Hindustani/features/b143adaa-f1a6-4de4-8985-a5bd35e96279/Ajoy_Chakrabarty/Ragamala/Mere_Maname_Baso_Ram_Abhiram_Puran_Ho_Sab_Kaam_950c9b6a-53e6-43e2-9339-82ba49ade152.tonic,Mere_Maname_Baso_Ram_Abhiram_Puran_Ho_Sab_Kaam_950c9b6a-53e6-43e2-9339-82ba49ade152.tonic,.tonic,11,tonic
b143adaa-f1a6-4de4-8985-a5bd35e96279,/home/izpiz/coding/automatic-raga-recognition/dataset/RagaDataset/Hindustani/features/b143adaa-f1a6-4de4-8985-a5bd35e96279/Ajoy_Chakrabarty/Ragamala/Mere_Maname_Baso_Ram_Abhiram_Puran_Ho_Sab_Kaam_950c9b6a-53e6-43e2-9339-82ba49ade152.tonicFine,Mere_Maname_Baso_Ram_Abhiram_Puran_Ho_Sab_Kaam_950c9b6a-53e6-43e2-9339-82ba49ade152.tonicFine,.tonicfine,25,tonic
b143adaa-f1a6-4de4-8985-a5bd35e96279,/home/izpiz/coding/automatic-raga-recognition/dataset/RagaDataset/Hindustani/features/b143adaa-f1a6-4de4-8985-a5bd35e96279/Ajoy_Chakrabarty/Ragamala/Sur_Sur_Se_Sadh_Le_Rasika_Sabada_Salone_Laya_Tala_Surana_2e399218-6978-47ef-ad3f-c7eca6dad81b.tonic,Sur_Sur_Se_Sadh_Le_Rasika_Sabada_Salone_Laya_Tala_Surana_2e399218-6978-47ef-ad3f-c7eca6dad81b.tonic,.tonic,11,tonic
b143adaa-f1a6-4de4-8985-a5bd35e96279,/home/izpiz/coding/automatic-raga-recognition/dataset/RagaDataset/Hindustani/features/b143adaa-f1a6-4de4-8985-a5bd35e96279/Ajoy_Chakrabarty/Geetinandan___Part-3/Bairagi_b71c2774-2532-4692-8761-5452e2a83118.tonicFine,Bairagi_b71c2774-2532-4692-8761-5452e2a83118.tonicFine,.tonicfine,25,tonic
b143adaa-f1a6-4de4-8985-a5bd35e96279,/home/izpiz/coding/automatic-raga-recognition/dataset/RagaDataset/Hindustani/features/b143adaa-f1a6-4de4-8985-a5bd35e96279/Ajoy_Chakrabarty/Geetinandan___Part-3/Bairagi_b71c2774-2532-4692-8761-5452e2a83118.tonic,Bairagi_b71c2774-2532-4692-8761-5452e2a83118.tonic,.tonic,11,tonic
b143adaa-f1a6-4de4-8985-a5bd35e96279,/home/izpiz/coding/automatic-raga-recognition/dataset/RagaDataset/Hindustani/features/b143adaa-f1a6-4de4-8985-a5bd35e96279/Kumar_Mardur/Classical_Essence/Raga_Bairagi_ef986f34-db14-4d1e-8dea-a623286b35fc.tonic,Raga_Bairagi_ef986f34-db14-4d1e-8dea-a623286b35fc.tonic,.tonic,11,tonic
b143adaa-f1a6-4de4-8985-a5bd35e96279,/home/izpiz/coding/automatic-raga-recognition/dataset/RagaDataset/Hindustani/features/b143adaa-f1a6-4de4-8985-a5bd35e96279/Kumar_Mardur/Classical_Essence/Raga_Bairagi_ef986f34-db14-4d1e-8dea-a623286b35fc.tonicFine,Raga_Bairagi_ef986f34-db14-4d1e-8dea-a623286b35fc.tonicFine,.tonicfine,25,tonic
b143adaa-f1a6-4de4-8985-a5bd35e96279,/home/izpiz/coding/automatic-raga-recognition/dataset/RagaDataset/Hindustani/features/b143adaa-f1a6-4de4-8985-a5bd35e96279/Aslam_Hussain_Khan/The_Ultimate/Bina_Prabhu_Kaun_4b587d3f-4014-4d68-a958-17d51fe2c1c1.tonic,Bina_Prabhu_Kaun_4b587d3f-4014-4d68-a958-17d51fe2c1c1.tonic,.tonic,11,tonic
b143adaa-f1a6-4de4-8985-a5bd35e96279,/home/izpiz/coding/automatic-raga-recognition/dataset/RagaDataset/Hindustani/features/b143adaa-f1a6-4de4-8985-a5bd35e96279/Aslam_Hussain_Khan/The_Ultimate/Karat_Hun_Tero_Hi_Dhyan_9f4a4fc5-d5c0-4757-b875-9dbb2a83302f.tonicFine,Karat_Hun_Tero_Hi_Dhyan_9f4a4fc5-d5c0-4757-b875-9dbb2a83302f.tonicFine,.tonicfine,25,tonic
b143adaa-f1a6-4de4-8985-a5bd35e96279,/home/izpiz/coding/automatic-raga-recognition/dataset/RagaDataset/Hindustani/features/b143adaa-f1a6-4de4-8985-a5bd35e96279/Aslam_Hussain_Khan/The_Ultimate/Bina_Prabhu_Kaun_4b587d3f-4014-4d68-a958-17d51fe2c1c1.tonicFine,Bina_Prabhu_Kaun_4b587d3f-4014-4d68-a958-17d51fe2c1c1.tonicFine,.tonicfine,25,tonic
b143adaa-f1a6-4de4-8985-a5bd35e96279,/home/izpiz/coding/automatic-raga-recognition/dataset/RagaDataset/Hindustani/features/b143adaa-f1a6-4de4-8985-a5bd35e96279/Aslam_Hussain_Khan/The_Ultimate/Karat_Hun_Tero_Hi_Dhyan_9f4a4fc5-d5c0-4757-b875-9dbb2a83302f.tonic,Karat_Hun_Tero_Hi_Dhyan_9f4a4fc5-d5c0-4757-b875-9dbb2a83302f.tonic,.tonic,11,tonic
b143adaa-f1a6-4de4-8985-a5bd35e96279,/home/izpiz/coding/automatic-raga-recognition/dataset/RagaDataset/Hindustani/features/b143adaa-f1a6-4de4-8985-a5bd35e96279/Amir_Khan/The_Great_Heritage__Ustad_Amir_Khan/Raga_Bairagi_Man_Sumarat_Nis_Din_Tumharo_Naam_205d79c6-ad14-4193-be7c-3f32457eda60.tonicFine,Raga_Bairagi_Man_Sumarat_Nis_Din_Tumharo_Naam_205d79c6-ad14-4193-be7c-3f32457eda60.tonicFine,.tonicfine,25,tonic
b143adaa-f1a6-4de4-8985-a5bd35e96279,/home/izpiz/coding/automatic-raga-recognition/dataset/RagaDataset/Hindustani/features/b143adaa-f1a6-4de4-8985-a5bd35e96279/Amir_Khan/The_Great_Heritage__Ustad_Amir_Khan/Raga_Bairagi_Man_Sumarat_Nis_Din_Tumharo_Naam_205d79c6-ad14-4193-be7c-3f32457eda60.tonic,Raga_Bairagi_Man_Sumarat_Nis_Din_Tumharo_Naam_205d79c6-ad14-4193-be7c-3f32457eda60.tonic,.tonic,11,tonic
b143adaa-f1a6-4de4-8985-a5bd35e96279,/home/izpiz/coding/automatic-raga-recognition/dataset/RagaDataset/Hindustani/features/b143adaa-f1a6-4de4-8985-a5bd35e96279/Veena_Sahasrabuddhe/Immaculate_Ragas_Vol_2/Raga_Bairagi_d56b4f36-3101-4962-867b-40ee9906dd5a.tonic,Raga_Bairagi_d56b4f36-3101-4962-867b-40ee9906dd5a.tonic,.tonic,11,tonic
b143adaa-f1a6-4de4-8985-a5bd35e96279,/home/izpiz/coding/automatic-raga-recognition/dataset/RagaDataset/Hindustani/features/b143adaa-f1a6-4de4-8985-a5bd35e96279/Veena_Sahasrabuddhe/Immaculate_Ragas_Vol_2/Raga_Bairagi_d56b4f36-3101-4962-867b-40ee9906dd5a.tonicFine,Raga_Bairagi_d56b4f36-3101-4962-867b-40ee9906dd5a.tonicFine,.tonicfine,25,tonic
ba3242d0-8d40-4d93-865e-d2e2497ea2a8,"/home/izpiz/coding/automatic-raga-recognition/dataset/RagaDataset/Hindustani/features/ba3242d0-8d40-4d93-865e-d2e2497ea2a8/Omkar_Dadarkar/Raag_Bahar,_Gaud_Malhar___Yaman/Raag_Gaud_Malhar_73b74f57-4ba1-4f22-a969-1d9b2e26b5ea.tonic",Raag_Gaud_Malhar_73b74f57-4ba1-4f22-a969-1d9b2e26b5ea.tonic,.tonic,11,tonic
ba3242d0-8d40-4d93-865e-d2e2497ea2a8,"/home/izpiz/coding/automatic-raga-recognition/dataset/RagaDataset/Hindustani/features/ba3242d0-8d40-4d93-865e-d2e2497ea2a8/Omkar_Dadarkar/Raag_Bahar,_Gaud_Malhar___Yaman/Raag_Gaud_Malhar_73b74f57-4ba1-4f22-a969-1d9b2e26b5ea.tonicFine",Raag_Gaud_Malhar_73b74f57-4ba1-4f22-a969-1d9b2e26b5ea.tonicFine,.tonicfine,25,tonic
ba3242d0-8d40-4d93-865e-d2e2497ea2a8,/home/izpiz/coding/automatic-raga-recognition/dataset/RagaDataset/Hindustani/features/ba3242d0-8d40-4d93-865e-d2e2497ea2a8/Kishori_Amonkar/Malhar_Malika/Raga_Gaud_Malhar_5e9d1ce8-9dcf-4c3c-a58a-7bc8734791d0.tonicFine,Raga_Gaud_Malhar_5e9d1ce8-9dcf-4c3c-a58a-7bc8734791d0.tonicFine,.tonicfine,25,tonic
ba3242d0-8d40-4d93-865e-d2e2497ea2a8,/home/izpiz/coding/automatic-raga-recognition/dataset/RagaDataset/Hindustani/features/ba3242d0-8d40-4d93-865e-d2e2497ea2a8/Kishori_Amonkar/Malhar_Malika/Raga_Gaud_Malhar_5e9d1ce8-9dcf-4c3c-a58a-7bc8734791d0.tonic,Raga_Gaud_Malhar_5e9d1ce8-9dcf-4c3c-a58a-7bc8734791d0.tonic,.tonic,11,tonic
ba3242d0-8d40-4d93-865e-d2e2497ea2a8,/home/izpiz/coding/automatic-raga-recognition/dataset/RagaDataset/Hindustani/features/ba3242d0-8d40-4d93-865e-d2e2497ea2a8/Kishori_Amonkar/The_Malhars__Gaud_Malhar/Raga_Gaud_Malhar_Vilambit_Teental_50a45482-2a3e-44a8-beea-1320f529fa00.tonicFine,Raga_Gaud_Malhar_Vilambit_Teental_50a45482-2a3e-44a8-beea-1320f529fa00.tonicFine,.tonicfine,25,tonic
ba3242d0-8d40-4d93-865e-d2e2497ea2a8,/home/izpiz/coding/automatic-raga-recognition/dataset/RagaDataset/Hindustani/features/ba3242d0-8d40-4d93-865e-d2e2497ea2a8/Kishori_Amonkar/The_Malhars__Gaud_Malhar/Raga_Gaud_Malhar_Vilambit_Teental_0efd0dde-018c-4c30-972b-9dc14c6f09b5.tonicFine,Raga_Gaud_Malhar_Vilambit_Teental_0efd0dde-018c-4c30-972b-9dc14c6f09b5.tonicFine,.tonicfine,25,tonic
ba3242d0-8d40-4d93-865e-d2e2497ea2a8,/home/izpiz/coding/automatic-raga-recognition/dataset/RagaDataset/Hindustani/features/ba3242d0-8d40-4d93-865e-d2e2497ea2a8/Kishori_Amonkar/The_Malhars__Gaud_Malhar/Raga_Gaud_Malhar_Vilambit_Teental_50a45482-2a3e-44a8-beea-1320f529fa00.tonic,Raga_Gaud_Malhar_Vilambit_Teental_50a45482-2a3e-44a8-beea-1320f529fa00.tonic,.tonic,11,tonic
ba3242d0-8d40-4d93-865e-d2e2497ea2a8,/home/izpiz/coding/automatic-raga-recognition/dataset/RagaDataset/Hindustani/features/ba3242d0-8d40-4d93-865e-d2e2497ea2a8/Kishori_Amonkar/The_Malhars__Gaud_Malhar/Raga_Gaud_Malhar_Drut_Teental_28dd1d68-ee23-47f4-8776-33cc18adc44a.tonic,Raga_Gaud_Malhar_Drut_Teental_28dd1d68-ee23-47f4-8776-33cc18adc44a.tonic,.tonic,11,tonic
ba3242d0-8d40-4d93-865e-d2e2497ea2a8,/home/izpiz/coding/automatic-raga-recognition/dataset/RagaDataset/Hindustani/features/ba3242d0-8d40-4d93-865e-d2e2497ea2a8/Kishori_Amonkar/The_Malhars__Gaud_Malhar/Raga_Gaud_Malhar_Vilambit_Teental_0efd0dde-018c-4c30-972b-9dc14c6f09b5.tonic,Raga_Gaud_Malhar_Vilambit_Teental_0efd0dde-018c-4c30-972b-9dc14c6f09b5.tonic,.tonic,11,tonic
ba3242d0-8d40-4d93-865e-d2e2497ea2a8,/home/izpiz/coding/automatic-raga-recognition/dataset/RagaDataset/Hindustani/features/ba3242d0-8d40-4d93-865e-d2e2497ea2a8/Kishori_Amonkar/The_Malhars__Gaud_Malhar/Raga_Gaud_Malhar_Drut_Teental_28dd1d68-ee23-47f4-8776-33cc18adc44a.tonicFine,Raga_Gaud_Malhar_Drut_Teental_28dd1d68-ee23-47f4-8776-33cc18adc44a.tonicFine,.tonicfine,25,tonic
ba3242d0-8d40-4d93-865e-d2e2497ea2a8,/home/izpiz/coding/automatic-raga-recognition/dataset/RagaDataset/Hindustani/features/ba3242d0-8d40-4d93-865e-d2e2497ea2a8/Rajan_Mishra/Classical_Wonders_of_India/Raga_Gaud_Malhar_acf065cc-7a66-4f9d-9eb9-3a86b35fa447.tonic,Raga_Gaud_Malhar_acf065cc-7a66-4f9d-9eb9-3a86b35fa447.tonic,.tonic,11,tonic
ba3242d0-8d40-4d93-865e-d2e2497ea2a8,/home/izpiz/coding/automatic-raga-recognition/dataset/RagaDataset/Hindustani/features/ba3242d0-8d40-4d93-865e-d2e2497ea2a8/Rajan_Mishra/Classical_Wonders_of_India/Raga_Gaud_Malhar_acf065cc-7a66-4f9d-9eb9-3a86b35fa447.tonicFine,Raga_Gaud_Malhar_acf065cc-7a66-4f9d-9eb9-3a86b35fa447.tonicFine,.tonicfine,25,tonic
ba3242d0-8d40-4d93-865e-d2e2497ea2a8,/home/izpiz/coding/automatic-raga-recognition/dataset/RagaDataset/Hindustani/features/ba3242d0-8d40-4d93-865e-d2e2497ea2a8/Gauri_Pathare/Malhar/Raga_Gaud_Malhar_56c945ef-f5ed-4b03-ace1-80ed9b7acf25.tonicFine,Raga_Gaud_Malhar_56c945ef-f5ed-4b03-ace1-80ed9b7acf25.tonicFine,.tonicfine,25,tonic
ba3242d0-8d40-4d93-865e-d2e2497ea2a8,/home/izpiz/coding/automatic-raga-recognition/dataset/RagaDataset/Hindustani/features/ba3242d0-8d40-4d93-865e-d2e2497ea2a8/Gauri_Pathare/Malhar/Raga_Gaud_Malhar_56c945ef-f5ed-4b03-ace1-80ed9b7acf25.tonic,Raga_Gaud_Malhar_56c945ef-f5ed-4b03-ace1-80ed9b7acf25.tonic,.tonic,11,tonic
ba3242d0-8d40-4d93-865e-d2e2497ea2a8,/home/izpiz/coding/automatic-raga-recognition/dataset/RagaDataset/Hindustani/features/ba3242d0-8d40-4d93-865e-d2e2497ea2a8/Mallikarjun_Mansur/First_Time_on_CD/Raga__Gaud_Malhar_2f76f164-f02c-4b22-8bc0-4fe5500039b1.tonicFine,Raga__Gaud_Malhar_2f76f164-f02c-4b22-8bc0-4fe5500039b1.tonicFine,.tonicfine,25,tonic
ba3242d0-8d40-4d93-865e-d2e2497ea2a8,/home/izpiz/coding/automatic-raga-recognition/dataset/RagaDataset/Hindustani/features/ba3242d0-8d40-4d93-865e-d2e2497ea2a8/Mallikarjun_Mansur/First_Time_on_CD/Raga__Gaud_Malhar_2f76f164-f02c-4b22-8bc0-4fe5500039b1.tonic,Raga__Gaud_Malhar_2f76f164-f02c-4b22-8bc0-4fe5500039b1.tonic,.tonic,11,tonic
ba3242d0-8d40-4d93-865e-d2e2497ea2a8,/home/izpiz/coding/automatic-raga-recognition/dataset/RagaDataset/Hindustani/features/ba3242d0-8d40-4d93-865e-d2e2497ea2a8/Satyasheel_Deshpande/Kahen/Kisko_Aisi_Baat_Kahein_73f6dda2-50bf-416f-8b77-2de40d24b455.tonic,Kisko_Aisi_Baat_Kahein_73f6dda2-50bf-416f-8b77-2de40d24b455.tonic,.tonic,11,tonic
ba3242d0-8d40-4d93-865e-d2e2497ea2a8,/home/izpiz/coding/automatic-raga-recognition/dataset/RagaDataset/Hindustani/features/ba3242d0-8d40-4d93-865e-d2e2497ea2a8/Satyasheel_Deshpande/Kahen/Kisko_Aisi_Baat_Kahein_73f6dda2-50bf-416f-8b77-2de40d24b455.tonicFine,Kisko_Aisi_Baat_Kahein_73f6dda2-50bf-416f-8b77-2de40d24b455.tonicFine,.tonicfine,25,tonic
ba3242d0-8d40-4d93-865e-d2e2497ea2a8,/home/izpiz/coding/automatic-raga-recognition/dataset/RagaDataset/Hindustani/features/ba3242d0-8d40-4d93-865e-d2e2497ea2a8/Malini_Rajurkar/First_Time_On_CD/Kaahe_Ho_Hamso_Pritam_and_Garajat_Barasat_Bheejat_Aailo_27994cb8-23ae-4c32-959e-625b51727412.tonic,Kaahe_Ho_Hamso_Pritam_and_Garajat_Barasat_Bheejat_Aailo_27994cb8-23ae-4c32-959e-625b51727412.tonic,.tonic,11,tonic
ba3242d0-8d40-4d93-865e-d2e2497ea2a8,/home/izpiz/coding/automatic-raga-recognition/dataset/RagaDataset/Hindustani/features/ba3242d0-8d40-4d93-865e-d2e2497ea2a8/Malini_Rajurkar/First_Time_On_CD/Kaahe_Ho_Hamso_Pritam_and_Garajat_Barasat_Bheejat_Aailo_27994cb8-23ae-4c32-959e-625b51727412.tonicFine,Kaahe_Ho_Hamso_Pritam_and_Garajat_Barasat_Bheejat_Aailo_27994cb8-23ae-4c32-959e-625b51727412.tonicFine,.tonicfine,25,tonic
d9c603fa-875f-4b84-b851-c6a345427898,/home/izpiz/coding/automatic-raga-recognition/dataset/RagaDataset/Hindustani/features/d9c603fa-875f-4b84-b851-c6a345427898/Rashid_Khan/Live_at_St__John_s_Smith_Square_London/Bonus_Track_b63f8746-775e-447b-8bd5-1f32c4ef0b44.tonicFine,Bonus_Track_b63f8746-775e-447b-8bd5-1f32c4ef0b44.tonicFine,.tonicfine,25,tonic
d9c603fa-875f-4b84-b851-c6a345427898,/home/izpiz/coding/automatic-raga-recognition/dataset/RagaDataset/Hindustani/features/d9c603fa-875f-4b84-b851-c6a345427898/Rashid_Khan/Live_at_St__John_s_Smith_Square_London/Bonus_Track_b63f8746-775e-447b-8bd5-1f32c4ef0b44.tonic,Bonus_Track_b63f8746-775e-447b-8bd5-1f32c4ef0b44.tonic,.tonic,11,tonic
d9c603fa-875f-4b84-b851-c6a345427898,/home/izpiz/coding/automatic-raga-recognition/dataset/RagaDataset/Hindustani/features/d9c603fa-875f-4b84-b851-c6a345427898/Bhimsen_Joshi/The_Multifaceted/Raga_Abhogi_d29c44a0-d688-47f1-8d83-8c07f0b76b22.tonic,Raga_Abhogi_d29c44a0-d688-47f1-8d83-8c07f0b76b22.tonic,.tonic,11,tonic
d9c603fa-875f-4b84-b851-c6a345427898,/home/izpiz/coding/automatic-raga-recognition/dataset/RagaDataset/Hindustani/features/d9c603fa-875f-4b84-b851-c6a345427898/Bhimsen_Joshi/The_Multifaceted/Raga_Abhogi_d29c44a0-d688-47f1-8d83-8c07f0b76b22.tonicFine,Raga_Abhogi_d29c44a0-d688-47f1-8d83-8c07f0b76b22.tonicFine,.tonicfine,25,tonic
d9c603fa-875f-4b84-b851-c6a345427898,/home/izpiz/coding/automatic-raga-recognition/dataset/RagaDataset/Hindustani/features/d9c603fa-875f-4b84-b851-c6a345427898/Bhimsen_Joshi/The_Essential_Collection/Rag_Abhogi_Drut_Ektal_15fae9e1-01a0-4b4b-bcc9-4c84321a66a0.tonicFine,Rag_Abhogi_Drut_Ektal_15fae9e1-01a0-4b4b-bcc9-4c84321a66a0.tonicFine,.tonicfine,25,tonic
d9c603fa-875f-4b84-b851-c6a345427898,/home/izpiz/coding/automatic-raga-recognition/dataset/RagaDataset/Hindustani/features/d9c603fa-875f-4b84-b851-c6a345427898/Bhimsen_Joshi/The_Essential_Collection/Rag_Abhogi_Drut_Ektal_15fae9e1-01a0-4b4b-bcc9-4c84321a66a0.tonic,Rag_Abhogi_Drut_Ektal_15fae9e1-01a0-4b4b-bcc9-4c84321a66a0.tonic,.tonic,11,tonic
d9c603fa-875f-4b84-b851-c6a345427898,/home/izpiz/coding/automatic-raga-recognition/dataset/RagaDataset/Hindustani/features/d9c603fa-875f-4b84-b851-c6a345427898/Bhimsen_Joshi/The_Essential_Collection/Rag_Abhogi_Jhaptal_7060e016-7772-45c9-bfc6-8d3911ae0a06.tonicFine,Rag_Abhogi_Jhaptal_7060e016-7772-45c9-bfc6-8d3911ae0a06.tonicFine,.tonicfine,25,tonic
d9c603fa-875f-4b84-b851-c6a345427898,/home/izpiz/coding/automatic-raga-recognition/dataset/RagaDataset/Hindustani/features/d9c603fa-875f-4b84-b851-c6a345427898/Bhimsen_Joshi/The_Essential_Collection/Rag_Abhogi_Jhaptal_7060e016-7772-45c9-bfc6-8d3911ae0a06.tonic,Rag_Abhogi_Jhaptal_7060e016-7772-45c9-bfc6-8d3911ae0a06.tonic,.tonic,11,tonic
d9c603fa-875f-4b84-b851-c6a345427898,/home/izpiz/coding/automatic-raga-recognition/dataset/RagaDataset/Hindustani/features/d9c603fa-875f-4b84-b851-c6a345427898/Tripti_Mukherjee/Jasrangi/Raga_Abhogi_cc7999c1-feb7-4fa7-8b45-7e6fc39c0ec6.tonic,Raga_Abhogi_cc7999c1-feb7-4fa7-8b45-7e6fc39c0ec6.tonic,.tonic,4,tonic
d9c603fa-875f-4b84-b851-c6a345427898,/home/izpiz/coding/automatic-raga-recognition/dataset/RagaDataset/Hindustani/features/d9c603fa-875f-4b84-b851-c6a345427898/Tripti_Mukherjee/Jasrangi/Raga_Abhogi_cc7999c1-feb7-4fa7-8b45-7e6fc39c0ec6.tonicFine,Raga_Abhogi_cc7999c1-feb7-4fa7-8b45-7e6fc39c0ec6.tonicFine,.tonicfine,25,tonic
d9c603fa-875f-4b84-b851-c6a345427898,/home/izpiz/coding/automatic-raga-recognition/dataset/RagaDataset/Hindustani/features/d9c603fa-875f-4b84-b851-c6a345427898/Girija_Devi/The_Genius_of_Girija_Devi/Raga_Abhogi_Kanada_409903ce-cfe7-41fd-b42b-3b7790c0e917.tonic,Raga_Abhogi_Kanada_409903ce-cfe7-41fd-b42b-3b7790c0e917.tonic,.tonic,11,tonic
d9c603fa-875f-4b84-b851-c6a345427898,/home/izpiz/coding/automatic-raga-recognition/dataset/RagaDataset/Hindustani/features/d9c603fa-875f-4b84-b851-c6a345427898/Girija_Devi/The_Genius_of_Girija_Devi/Raga_Abhogi_Kanada_409903ce-cfe7-41fd-b42b-3b7790c0e917.tonicFine,Raga_Abhogi_Kanada_409903ce-cfe7-41fd-b42b-3b7790c0e917.tonicFine,.tonicfine,25,tonic
d9c603fa-875f-4b84-b851-c6a345427898,"/home/izpiz/coding/automatic-raga-recognition/dataset/RagaDataset/Hindustani/features/d9c603fa-875f-4b84-b851-c6a345427898/Ajoy_Chakrabarty/Raag_Abhogi,_Rageshree___Khamaj/Raag_Abhogi_a01ac873-dff4-420f-9fd8-490dd87c58e9.tonicFine",Raag_Abhogi_a01ac873-dff4-420f-9fd8-490dd87c58e9.tonicFine,.tonicfine,25,tonic
d9c603fa-875f-4b84-b851-c6a345427898,"/home/izpiz/coding/automatic-raga-recognition/dataset/RagaDataset/Hindustani/features/d9c603fa-875f-4b84-b851-c6a345427898/Ajoy_Chakrabarty/Raag_Abhogi,_Rageshree___Khamaj/Raag_Abhogi_a01ac873-dff4-420f-9fd8-490dd87c58e9.tonic",Raag_Abhogi_a01ac873-dff4-420f-9fd8-490dd87c58e9.tonic,.tonic,13,tonic
d9c603fa-875f-4b84-b851-c6a345427898,/home/izpiz/coding/automatic-raga-recognition/dataset/RagaDataset/Hindustani/features/d9c603fa-875f-4b84-b851-c6a345427898/Salamat_Ali_Khan/Timeless_Music_From_Pakistan_Vol__2/Raga_Abhogi_Kanrha_8d2eb825-77d6-4f61-ae4c-1a8639dd912b.tonic,Raga_Abhogi_Kanrha_8d2eb825-77d6-4f61-ae4c-1a8639dd912b.tonic,.tonic,11,tonic
d9c603fa-875f-4b84-b851-c6a345427898,/home/izpiz/coding/automatic-raga-recognition/dataset/RagaDataset/Hindustani/features/d9c603fa-875f-4b84-b851-c6a345427898/Salamat_Ali_Khan/Timeless_Music_From_Pakistan_Vol__2/Raga_Abhogi_Kanrha_8d2eb825-77d6-4f61-ae4c-1a8639dd912b.tonicFine,Raga_Abhogi_Kanrha_8d2eb825-77d6-4f61-ae4c-1a8639dd912b.tonicFine,.tonicfine,25,tonic
d9c603fa-875f-4b84-b851-c6a345427898,/home/izpiz/coding/automatic-raga-recognition/dataset/RagaDataset/Hindustani/features/d9c603fa-875f-4b84-b851-c6a345427898/Anol_Chatterjee/Raag_Abhogi___Megh/Raag_Abhogi_e40375a2-01d2-4137-823a-3e62503baf98.tonicFine,Raag_Abhogi_e40375a2-01d2-4137-823a-3e62503baf98.tonicFine,.tonicfine,25,tonic
d9c603fa-875f-4b84-b851-c6a345427898,/home/izpiz/coding/automatic-raga-recognition/dataset/RagaDataset/Hindustani/features/d9c603fa-875f-4b84-b851-c6a345427898/Anol_Chatterjee/Raag_Abhogi___Megh/Raag_Abhogi_e40375a2-01d2-4137-823a-3e62503baf98.tonic,Raag_Abhogi_e40375a2-01d2-4137-823a-3e62503baf98.tonic,.tonic,7,tonic
d9c603fa-875f-4b84-b851-c6a345427898,/home/izpiz/coding/automatic-raga-recognition/dataset/RagaDataset/Hindustani/features/d9c603fa-875f-4b84-b851-c6a345427898/Jagdish_Prasad/Laaj_Rakho_Mori/Raga_Abhogee_Dulahan_Raj_Dulare_-_Vilambit_Ek_Taal_41e85340-5071-4cdf-a988-6e0aabed3dd6.tonic,Raga_Abhogee_Dulahan_Raj_Dulare_-_Vilambit_Ek_Taal_41e85340-5071-4cdf-a988-6e0aabed3dd6.tonic,.tonic,11,tonic
d9c603fa-875f-4b84-b851-c6a345427898,/home/izpiz/coding/automatic-raga-recognition/dataset/RagaDataset/Hindustani/features/d9c603fa-875f-4b84-b851-c6a345427898/Jagdish_Prasad/Laaj_Rakho_Mori/Raga_Abhogee_Dulahan_Raj_Dulare_-_Vilambit_Ek_Taal_41e85340-5071-4cdf-a988-6e0aabed3dd6.tonicFine,Raga_Abhogee_Dulahan_Raj_Dulare_-_Vilambit_Ek_Taal_41e85340-5071-4cdf-a988-6e0aabed3dd6.tonicFine,.tonicfine,25,tonic
dd59147d-8775-44ff-a36b-0d9f15b31319,/home/izpiz/coding/automatic-raga-recognition/dataset/RagaDataset/Hindustani/features/dd59147d-8775-44ff-a36b-0d9f15b31319/Rashid_Khan/Evergreen/Raga_Bilaskhani_Todi_a655cf94-bb5f-4971-897a-9c20cdab828b.tonicFine,Raga_Bilaskhani_Todi_a655cf94-bb5f-4971-897a-9c20cdab828b.tonicFine,.tonicfine,25,tonic
dd59147d-8775-44ff-a36b-0d9f15b31319,/home/izpiz/coding/automatic-raga-recognition/dataset/RagaDataset/Hindustani/features/dd59147d-8775-44ff-a36b-0d9f15b31319/Rashid_Khan/Evergreen/Raga_Bilaskhani_Todi_a655cf94-bb5f-4971-897a-9c20cdab828b.tonic,Raga_Bilaskhani_Todi_a655cf94-bb5f-4971-897a-9c20cdab828b.tonic,.tonic,11,tonic
dd59147d-8775-44ff-a36b-0d9f15b31319,/home/izpiz/coding/automatic-raga-recognition/dataset/RagaDataset/Hindustani/features/dd59147d-8775-44ff-a36b-0d9f15b31319/Shruti_Sadolikar/Khayal/Raga_-_Bilaskhani_Todi_cdd148c7-07e4-46c9-88d9-fbbfcea2edf5.tonic,Raga_-_Bilaskhani_Todi_cdd148c7-07e4-46c9-88d9-fbbfcea2edf5.tonic,.tonic,11,tonic
dd59147d-8775-44ff-a36b-0d9f15b31319,/home/izpiz/coding/automatic-raga-recognition/dataset/RagaDataset/Hindustani/features/dd59147d-8775-44ff-a36b-0d9f15b31319/Shruti_Sadolikar/Khayal/Raga_-_Bilaskhani_Todi_cdd148c7-07e4-46c9-88d9-fbbfcea2edf5.tonicFine,Raga_-_Bilaskhani_Todi_cdd148c7-07e4-46c9-88d9-fbbfcea2edf5.tonicFine,.tonicfine,25,tonic
dd59147d-8775-44ff-a36b-0d9f15b31319,/home/izpiz/coding/automatic-raga-recognition/dataset/RagaDataset/Hindustani/features/dd59147d-8775-44ff-a36b-0d9f15b31319/Girija_Devi/Masterworks_from_the_NCPA_Archives/Khyal_in_Raga_Bilaskhani_(Teental)_c6e488e4-daa6-401d-a3db-cfe3f0ae63d6.tonic,Khyal_in_Raga_Bilaskhani_(Teental)_c6e488e4-daa6-401d-a3db-cfe3f0ae63d6.tonic,.tonic,11,tonic
dd59147d-8775-44ff-a36b-0d9f15b31319,/home/izpiz/coding/automatic-raga-recognition/dataset/RagaDataset/Hindustani/features/dd59147d-8775-44ff-a36b-0d9f15b31319/Girija_Devi/Masterworks_from_the_NCPA_Archives/Khyal_in_Raga_Bilaskhani_(Teental)_c6e488e4-daa6-401d-a3db-cfe3f0ae63d6.tonicFine,Khyal_in_Raga_Bilaskhani_(Teental)_c6e488e4-daa6-401d-a3db-cfe3f0ae63d6.tonicFine,.tonicfine,25,tonic
dd59147d-8775-44ff-a36b-0d9f15b31319,/home/izpiz/coding/automatic-raga-recognition/dataset/RagaDataset/Hindustani/features/dd59147d-8775-44ff-a36b-0d9f15b31319/Ajoy_Chakrabarty/The_Genius_Of_Pt__Ajoy_Chakraborty/Raga_Bilaskhani_Todi_d7510269-b26c-4735-a491-245f3c732a58.tonic,Raga_Bilaskhani_Todi_d7510269-b26c-4735-a491-245f3c732a58.tonic,.tonic,11,tonic
dd59147d-8775-44ff-a36b-0d9f15b31319,/home/izpiz/coding/automatic-raga-recognition/dataset/RagaDataset/Hindustani/features/dd59147d-8775-44ff-a36b-0d9f15b31319/Ajoy_Chakrabarty/The_Genius_Of_Pt__Ajoy_Chakraborty/Raga_Bilaskhani_Todi_d7510269-b26c-4735-a491-245f3c732a58.tonicFine,Raga_Bilaskhani_Todi_d7510269-b26c-4735-a491-245f3c732a58.tonicFine,.tonicfine,25,tonic
dd59147d-8775-44ff-a36b-0d9f15b31319,/home/izpiz/coding/automatic-raga-recognition/dataset/RagaDataset/Hindustani/features/dd59147d-8775-44ff-a36b-0d9f15b31319/Ajoy_Chakrabarty/Geetinandan___Part-3/Bilaskhani_Todi_3124479b-5118-4cf3-823f-8fefad45e586.tonic,Bilaskhani_Todi_3124479b-5118-4cf3-823f-8fefad45e586.tonic,.tonic,11,tonic
dd59147d-8775-44ff-a36b-0d9f15b31319,/home/izpiz/coding/automatic-raga-recognition/dataset/RagaDataset/Hindustani/features/dd59147d-8775-44ff-a36b-0d9f15b31319/Ajoy_Chakrabarty/Geetinandan___Part-3/Bilaskhani_Todi_3124479b-5118-4cf3-823f-8fefad45e586.tonicFine,Bilaskhani_Todi_3124479b-5118-4cf3-823f-8fefad45e586.tonicFine,.tonicfine,25,tonic
dd59147d-8775-44ff-a36b-0d9f15b31319,/home/izpiz/coding/automatic-raga-recognition/dataset/RagaDataset/Hindustani/features/dd59147d-8775-44ff-a36b-0d9f15b31319/Jasraj/Legends__Sangeet_Martand_Pandit_Jasraj_(Vol__1)/Raga_-_Bilaskhani_Todi_e23eb921-de6e-452b-bc2f-7fbd0772c4fd.tonicFine,Raga_-_Bilaskhani_Todi_e23eb921-de6e-452b-bc2f-7fbd0772c4fd.tonicFine,.tonicfine,25,tonic
dd59147d-8775-44ff-a36b-0d9f15b31319,/home/izpiz/coding/automatic-raga-recognition/dataset/RagaDataset/Hindustani/features/dd59147d-8775-44ff-a36b-0d9f15b31319/Jasraj/Legends__Sangeet_Martand_Pandit_Jasraj_(Vol__1)/Raga_-_Bilaskhani_Todi_e23eb921-de6e-452b-bc2f-7fbd0772c4fd.tonic,Raga_-_Bilaskhani_Todi_e23eb921-de6e-452b-bc2f-7fbd0772c4fd.tonic,.tonic,11,tonic
dd59147d-8775-44ff-a36b-0d9f15b31319,/home/izpiz/coding/automatic-raga-recognition/dataset/RagaDataset/Hindustani/features/dd59147d-8775-44ff-a36b-0d9f15b31319/Kaushiki_Chakrabarty/Manomay/Raga_Bilaskhani_Todi_-_Vilambit__Drut_Khayal_b20456b8-7abc-4158-bb53-5ea8d80e5999.tonic,Raga_Bilaskhani_Todi_-_Vilambit__Drut_Khayal_b20456b8-7abc-4158-bb53-5ea8d80e5999.tonic,.tonic,11,tonic
dd59147d-8775-44ff-a36b-0d9f15b31319,/home/izpiz/coding/automatic-raga-recognition/dataset/RagaDataset/Hindustani/features/dd59147d-8775-44ff-a36b-0d9f15b31319/Kaushiki_Chakrabarty/Manomay/Raga_Bilaskhani_Todi_-_Vilambit__Drut_Khayal_b20456b8-7abc-4158-bb53-5ea8d80e5999.tonicFine,Raga_Bilaskhani_Todi_-_Vilambit__Drut_Khayal_b20456b8-7abc-4158-bb53-5ea8d80e5999.tonicFine,.tonicfine,25,tonic
dd59147d-8775-44ff-a36b-0d9f15b31319,/home/izpiz/coding/automatic-raga-recognition/dataset/RagaDataset/Hindustani/features/dd59147d-8775-44ff-a36b-0d9f15b31319/Amir_Khan/The_Great_Heritage__Ustad_Amir_Khan/Raga_Bilaskhani_Todi_Bairagi_Roop_7d3f5b32-34f2-402c-b3b3-a87f1dedd3a8.tonic,Raga_Bilaskhani_Todi_Bairagi_Roop_7d3f5b32-34f2-402c-b3b3-a87f1dedd3a8.tonic,.tonic,11,tonic
dd59147d-8775-44ff-a36b-0d9f15b31319,/home/izpiz/coding/automatic-raga-recognition/dataset/RagaDataset/Hindustani/features/dd59147d-8775-44ff-a36b-0d9f15b31319/Amir_Khan/The_Great_Heritage__Ustad_Amir_Khan/Raga_Bilaskhani_Todi_Bairagi_Roop_7d3f5b32-34f2-402c-b3b3-a87f1dedd3a8.tonicFine,Raga_Bilaskhani_Todi_Bairagi_Roop_7d3f5b32-34f2-402c-b3b3-a87f1dedd3a8.tonicFine,.tonicfine,25,tonic
dd59147d-8775-44ff-a36b-0d9f15b31319,/home/izpiz/coding/automatic-raga-recognition/dataset/RagaDataset/Hindustani/features/dd59147d-8775-44ff-a36b-0d9f15b31319/Basavraj_Rajaguru/The_Genius_Of_Basavraj_Rajguru/Raga_Bilashkani_Todi_182dd9f9-d3b7-4ebc-9d18-9e0544c6e8cc.tonicFine,Raga_Bilashkani_Todi_182dd9f9-d3b7-4ebc-9d18-9e0544c6e8cc.tonicFine,.tonicfine,25,tonic
dd59147d-8775-44ff-a36b-0d9f15b31319,/home/izpiz/coding/automatic-raga-recognition/dataset/RagaDataset/Hindustani/features/dd59147d-8775-44ff-a36b-0d9f15b31319/Basavraj_Rajaguru/The_Genius_Of_Basavraj_Rajguru/Raga_Bilashkani_Todi_182dd9f9-d3b7-4ebc-9d18-9e0544c6e8cc.tonic,Raga_Bilashkani_Todi_182dd9f9-d3b7-4ebc-9d18-9e0544c6e8cc.tonic,.tonic,11,tonic
dd59147d-8775-44ff-a36b-0d9f15b31319,/home/izpiz/coding/automatic-raga-recognition/dataset/RagaDataset/Hindustani/features/dd59147d-8775-44ff-a36b-0d9f15b31319/Satyasheel_Deshpande/Kahen/Balam_Mori_Chando_Kalaiya_62ccf764-ddbd-49d4-a05a-cda03f4192a6.tonicFine,Balam_Mori_Chando_Kalaiya_62ccf764-ddbd-49d4-a05a-cda03f4192a6.tonicFine,.tonicfine,25,tonic
dd59147d-8775-44ff-a36b-0d9f15b31319,/home/izpiz/coding/automatic-raga-recognition/dataset/RagaDataset/Hindustani/features/dd59147d-8775-44ff-a36b-0d9f15b31319/Satyasheel_Deshpande/Kahen/Balam_Mori_Chando_Kalaiya_62ccf764-ddbd-49d4-a05a-cda03f4192a6.tonic,Balam_Mori_Chando_Kalaiya_62ccf764-ddbd-49d4-a05a-cda03f4192a6.tonic,.tonic,10,tonic
e771a74d-545d-41d5-816b-43403a818b0c,/home/izpiz/coding/automatic-raga-recognition/dataset/RagaDataset/Hindustani/features/e771a74d-545d-41d5-816b-43403a818b0c/Abdul_Rashid_Khan/Rasan_Piya_-_Volume_1/Tirwat_-_Bhopali_64a44651-dab9-4ee1-a49e-dcca4cf67c53.tonicFine,Tirwat_-_Bhopali_64a44651-dab9-4ee1-a49e-dcca4cf67c53.tonicFine,.tonicfine,25,tonic
e771a74d-545d-41d5-816b-43403a818b0c,/home/izpiz/coding/automatic-raga-recognition/dataset/RagaDataset/Hindustani/features/e771a74d-545d-41d5-816b-43403a818b0c/Abdul_Rashid_Khan/Rasan_Piya_-_Volume_1/Tirwat_-_Bhopali_64a44651-dab9-4ee1-a49e-dcca4cf67c53.tonic,Tirwat_-_Bhopali_64a44651-dab9-4ee1-a49e-dcca4cf67c53.tonic,.tonic,11,tonic
e771a74d-545d-41d5-816b-43403a818b0c,/home/izpiz/coding/automatic-raga-recognition/dataset/RagaDataset/Hindustani/features/e771a74d-545d-41d5-816b-43403a818b0c/Bade_Ghulam_Ali_Khan/The_Great_Heritage__Ustad_Bade_Ghulam_Ali_Khan/Raga_Bhoopali_dd42bbc9-4ec1-4881-81df-8b6813d460cf.tonic,Raga_Bhoopali_dd42bbc9-4ec1-4881-81df-8b6813d460cf.tonic,.tonic,11,tonic
e771a74d-545d-41d5-816b-43403a818b0c,/home/izpiz/coding/automatic-raga-recognition/dataset/RagaDataset/Hindustani/features/e771a74d-545d-41d5-816b-43403a818b0c/Bade_Ghulam_Ali_Khan/The_Great_Heritage__Ustad_Bade_Ghulam_Ali_Khan/Raga_Bhoopali_dd42bbc9-4ec1-4881-81df-8b6813d460cf.tonicFine,Raga_Bhoopali_dd42bbc9-4ec1-4881-81df-8b6813d460cf.tonicFine,.tonicfine,25,tonic
e771a74d-545d-41d5-816b-43403a818b0c,/home/izpiz/coding/automatic-raga-recognition/dataset/RagaDataset/Hindustani/features/e771a74d-545d-41d5-816b-43403a818b0c/Rashid_Khan/Masterworks/Raga_Bhoopali_77c887ad-de19-45b8-b83f-37446eae378d.tonic,Raga_Bhoopali_77c887ad-de19-45b8-b83f-37446eae378d.tonic,.tonic,11,tonic
e771a74d-545d-41d5-816b-43403a818b0c,/home/izpiz/coding/automatic-raga-recognition/dataset/RagaDataset/Hindustani/features/e771a74d-545d-41d5-816b-43403a818b0c/Rashid_Khan/Masterworks/Raga_Bhoopali_77c887ad-de19-45b8-b83f-37446eae378d.tonicFine,Raga_Bhoopali_77c887ad-de19-45b8-b83f-37446eae378d.tonicFine,.tonicfine,25,tonic
e771a74d-545d-41d5-816b-43403a818b0c,/home/izpiz/coding/automatic-raga-recognition/dataset/RagaDataset/Hindustani/features/e771a74d-545d-41d5-816b-43403a818b0c/Omkar_Dadarkar/Raag_Bhoopali___Gavti/Raag_Bhoopali_bfefde58-4eb2-49b0-9c63-7e4ce1070e61.tonicFine,Raag_Bhoopali_bfefde58-4eb2-49b0-9c63-7e4ce1070e61.tonicFine,.tonicfine,25,tonic
e771a74d-545d-41d5-816b-43403a818b0c,/home/izpiz/coding/automatic-raga-recognition/dataset/RagaDataset/Hindustani/features/e771a74d-545d-41d5-816b-43403a818b0c/Omkar_Dadarkar/Raag_Bhoopali___Gavti/Raag_Bhoopali_bfefde58-4eb2-49b0-9c63-7e4ce1070e61.tonic,Raag_Bhoopali_bfefde58-4eb2-49b0-9c63-7e4ce1070e61.tonic,.tonic,11,tonic
e771a74d-545d-41d5-816b-43403a818b0c,/home/izpiz/coding/automatic-raga-recognition/dataset/RagaDataset/Hindustani/features/e771a74d-545d-41d5-816b-43403a818b0c/Kishori_Amonkar/Live_in_Concert__New_Delhi_1992/Bhopali_-_vilambit_teentaal_-_Pratham_Sur_Saadhe_809196fd-2e16-435e-9d18-6c6132da0797.tonic,Bhopali_-_vilambit_teentaal_-_Pratham_Sur_Saadhe_809196fd-2e16-435e-9d18-6c6132da0797.tonic,.tonic,11,tonic
e771a74d-545d-41d5-816b-43403a818b0c,/home/izpiz/coding/automatic-raga-recognition/dataset/RagaDataset/Hindustani/features/e771a74d-545d-41d5-816b-43403a818b0c/Kishori_Amonkar/Live_in_Concert__New_Delhi_1992/Bhopali_-_vilambit_teentaal_-_Pratham_Sur_Saadhe_809196fd-2e16-435e-9d18-6c6132da0797.tonicFine,Bhopali_-_vilambit_teentaal_-_Pratham_Sur_Saadhe_809196fd-2e16-435e-9d18-6c6132da0797.tonicFine,.tonicfine,25,tonic
e771a74d-545d-41d5-816b-43403a818b0c,/home/izpiz/coding/automatic-raga-recognition/dataset/RagaDataset/Hindustani/features/e771a74d-545d-41d5-816b-43403a818b0c/Kishori_Amonkar/Live_in_Concert__New_Delhi_1992/Bhopali_-_drut_teentaal_-_Tarana_157f546c-90c8-4b3b-a72c-42fa5b0dd820.tonicFine,Bhopali_-_drut_teentaal_-_Tarana_157f546c-90c8-4b3b-a72c-42fa5b0dd820.tonicFine,.tonicfine,25,tonic
e771a74d-545d-41d5-816b-43403a818b0c,/home/izpiz/coding/automatic-raga-recognition/dataset/RagaDataset/Hindustani/features/e771a74d-545d-41d5-816b-43403a818b0c/Kishori_Amonkar/Live_in_Concert__New_Delhi_1992/Bhopali_-_drut_teentaal_-_Tarana_157f546c-90c8-4b3b-a72c-42fa5b0dd820.tonic,Bhopali_-_drut_teentaal_-_Tarana_157f546c-90c8-4b3b-a72c-42fa5b0dd820.tonic,.tonic,3,tonic
e771a74d-545d-41d5-816b-43403a818b0c,/home/izpiz/coding/automatic-raga-recognition/dataset/RagaDataset/Hindustani/features/e771a74d-545d-41d5-816b-43403a818b0c/Kishori_Amonkar/Live_in_Concert__Nehru_Center_Bombay/Raga_Bhoop_-_Drut_Teentaal_8cee9d53-b105-45bc-bd1d-4a608d59b2fd.tonicFine,Raga_Bhoop_-_Drut_Teentaal_8cee9d53-b105-45bc-bd1d-4a608d59b2fd.tonicFine,.tonicfine,25,tonic
e771a74d-545d-41d5-816b-43403a818b0c,/home/izpiz/coding/automatic-raga-recognition/dataset/RagaDataset/Hindustani/features/e771a74d-545d-41d5-816b-43403a818b0c/Kishori_Amonkar/Live_in_Concert__Nehru_Center_Bombay/Raga_Bhoop_Vilambit_Teentaal_a3479fbe-fea4-4db7-9c1f-8b4ca613e5f0.tonic,Raga_Bhoop_Vilambit_Teentaal_a3479fbe-fea4-4db7-9c1f-8b4ca613e5f0.tonic,.tonic,3,tonic
e771a74d-545d-41d5-816b-43403a818b0c,/home/izpiz/coding/automatic-raga-recognition/dataset/RagaDataset/Hindustani/features/e771a74d-545d-41d5-816b-43403a818b0c/Kishori_Amonkar/Live_in_Concert__Nehru_Center_Bombay/Raga_Bhoop_-_Drut_Teentaal_8cee9d53-b105-45bc-bd1d-4a608d59b2fd.tonic,Raga_Bhoop_-_Drut_Teentaal_8cee9d53-b105-45bc-bd1d-4a608d59b2fd.tonic,.tonic,11,tonic
e771a74d-545d-41d5-816b-43403a818b0c,/home/izpiz/coding/automatic-raga-recognition/dataset/RagaDataset/Hindustani/features/e771a74d-545d-41d5-816b-43403a818b0c/Kishori_Amonkar/Live_in_Concert__Nehru_Center_Bombay/Raga_Bhoop_Vilambit_Teentaal_a3479fbe-fea4-4db7-9c1f-8b4ca613e5f0.tonicFine,Raga_Bhoop_Vilambit_Teentaal_a3479fbe-fea4-4db7-9c1f-8b4ca613e5f0.tonicFine,.tonicfine,25,tonic
e771a74d-545d-41d5-816b-43403a818b0c,/home/izpiz/coding/automatic-raga-recognition/dataset/RagaDataset/Hindustani/features/e771a74d-545d-41d5-816b-43403a818b0c/D_V_Paluskar/Echoes_of_a_Golden_Voice/Raga_Bhoop_82b207d0-a974-4c45-bf48-79bda319c985.tonic,Raga_Bhoop_82b207d0-a974-4c45-bf48-79bda319c985.tonic,.tonic,11,tonic
e771a74d-545d-41d5-816b-43403a818b0c,/home/izpiz/coding/automatic-raga-recognition/dataset/RagaDataset/Hindustani/features/e771a74d-545d-41d5-816b-43403a818b0c/D_V_Paluskar/Echoes_of_a_Golden_Voice/Raga_Bhoop_82b207d0-a974-4c45-bf48-79bda319c985.tonicFine,Raga_Bhoop_82b207d0-a974-4c45-bf48-79bda319c985.tonicFine,.tonicfine,25,tonic
e771a74d-545d-41d5-816b-43403a818b0c,/home/izpiz/coding/automatic-raga-recognition/dataset/RagaDataset/Hindustani/features/e771a74d-545d-41d5-816b-43403a818b0c/Kumar_Gandharva/Pt__Kumar_Gandharva-Vocal/Ni_Mori_Ka_833a49b0-cb9e-41e5-b341-ab718e03b97c.tonicFine,Ni_Mori_Ka_833a49b0-cb9e-41e5-b341-ab718e03b97c.tonicFine,.tonicfine,25,tonic
e771a74d-545d-41d5-816b-43403a818b0c,/home/izpiz/coding/automatic-raga-recognition/dataset/RagaDataset/Hindustani/features/e771a74d-545d-41d5-816b-43403a818b0c/Kumar_Gandharva/Pt__Kumar_Gandharva-Vocal/Ni_Mori_Ka_833a49b0-cb9e-41e5-b341-ab718e03b97c.tonic,Ni_Mori_Ka_833a49b0-cb9e-41e5-b341-ab718e03b97c.tonic,.tonic,11,tonic
ecd04ceb-b46c-47fc-9045-84ac9160e527,/home/izpiz/coding/automatic-raga-recognition/dataset/RagaDataset/Hindustani/features/ecd04ceb-b46c-47fc-9045-84ac9160e527/Rashid_Khan/Masterworks/Raga_Basant_Piya_Sang_Kheloon_3d6dc834-550d-4eb5-87f9-6e57747f3cb1.tonicFine,Raga_Basant_Piya_Sang_Kheloon_3d6dc834-550d-4eb5-87f9-6e57747f3cb1.tonicFine,.tonicfine,25,tonic
ecd04ceb-b46c-47fc-9045-84ac9160e527,/home/izpiz/coding/automatic-raga-recognition/dataset/RagaDataset/Hindustani/features/ecd04ceb-b46c-47fc-9045-84ac9160e527/Rashid_Khan/Masterworks/Raga_Basant_Piya_Sang_Kheloon_3d6dc834-550d-4eb5-87f9-6e57747f3cb1.tonic,Raga_Basant_Piya_Sang_Kheloon_3d6dc834-550d-4eb5-87f9-6e57747f3cb1.tonic,.tonic,11,tonic
ecd04ceb-b46c-47fc-9045-84ac9160e527,/home/izpiz/coding/automatic-raga-recognition/dataset/RagaDataset/Hindustani/features/ecd04ceb-b46c-47fc-9045-84ac9160e527/Bhimsen_Joshi/Classical_Wonders_Of_India/Raga_Basant_5b640af5-26f6-4a02-81e5-d28cd01e9149.tonicFine,Raga_Basant_5b640af5-26f6-4a02-81e5-d28cd01e9149.tonicFine,.tonicfine,25,tonic
ecd04ceb-b46c-47fc-9045-84ac9160e527,/home/izpiz/coding/automatic-raga-recognition/dataset/RagaDataset/Hindustani/features/ecd04ceb-b46c-47fc-9045-84ac9160e527/Bhimsen_Joshi/Classical_Wonders_Of_India/Raga_Basant_5b640af5-26f6-4a02-81e5-d28cd01e9149.tonic,Raga_Basant_5b640af5-26f6-4a02-81e5-d28cd01e9149.tonic,.tonic,11,tonic
ecd04ceb-b46c-47fc-9045-84ac9160e527,/home/izpiz/coding/automatic-raga-recognition/dataset/RagaDataset/Hindustani/features/ecd04ceb-b46c-47fc-9045-84ac9160e527/C_R_Vyas/Legends_Forever/Raga_Vasant_-_Khyal_d9a79389-f4b4-4d66-920c-494525b3417e.tonicFine,Raga_Vasant_-_Khyal_d9a79389-f4b4-4d66-920c-494525b3417e.tonicFine,.tonicfine,25,tonic
ecd04ceb-b46c-47fc-9045-84ac9160e527,/home/izpiz/coding/automatic-raga-recognition/dataset/RagaDataset/Hindustani/features/ecd04ceb-b46c-47fc-9045-84ac9160e527/C_R_Vyas/Legends_Forever/Raga_Vasant_-_Khyal_d9a79389-f4b4-4d66-920c-494525b3417e.tonic,Raga_Vasant_-_Khyal_d9a79389-f4b4-4d66-920c-494525b3417e.tonic,.tonic,11,tonic
ecd04ceb-b46c-47fc-9045-84ac9160e527,/home/izpiz/coding/automatic-raga-recognition/dataset/RagaDataset/Hindustani/features/ecd04ceb-b46c-47fc-9045-84ac9160e527/Gauri_Pathare/Malhar/Raga_Basant_c853d66a-7f61-42ef-8373-94798bde90a6.tonicFine,Raga_Basant_c853d66a-7f61-42ef-8373-94798bde90a6.tonicFine,.tonicfine,25,tonic
ecd04ceb-b46c-47fc-9045-84ac9160e527,/home/izpiz/coding/automatic-raga-recognition/dataset/RagaDataset/Hindustani/features/ecd04ceb-b46c-47fc-9045-84ac9160e527/Gauri_Pathare/Malhar/Raga_Basant_c853d66a-7f61-42ef-8373-94798bde90a6.tonic,Raga_Basant_c853d66a-7f61-42ef-8373-94798bde90a6.tonic,.tonic,11,tonic
ecd04ceb-b46c-47fc-9045-84ac9160e527,/home/izpiz/coding/automatic-raga-recognition/dataset/RagaDataset/Hindustani/features/ecd04ceb-b46c-47fc-9045-84ac9160e527/Jasraj/Mewati_Gharana/Raga_Basant_Khyal_bb6a5ac4-9e42-49b2-bec4-58e1aff53230.tonicFine,Raga_Basant_Khyal_bb6a5ac4-9e42-49b2-bec4-58e1aff53230.tonicFine,.tonicfine,25,tonic
ecd04ceb-b46c-47fc-9045-84ac9160e527,/home/izpiz/coding/automatic-raga-recognition/dataset/RagaDataset/Hindustani/features/ecd04ceb-b46c-47fc-9045-84ac9160e527/Jasraj/Mewati_Gharana/Raga_Basant_Khyal_bb6a5ac4-9e42-49b2-bec4-58e1aff53230.tonic,Raga_Basant_Khyal_bb6a5ac4-9e42-49b2-bec4-58e1aff53230.tonic,.tonic,11,tonic
ecd04ceb-b46c-47fc-9045-84ac9160e527,/home/izpiz/coding/automatic-raga-recognition/dataset/RagaDataset/Hindustani/features/ecd04ceb-b46c-47fc-9045-84ac9160e527/Aslam_Hussain_Khan/Vocal/Mora_Saajan_Chhabila_Ree_dbfa7e22-4432-4db5-8ec6-8482b97bcea9.tonic,Mora_Saajan_Chhabila_Ree_dbfa7e22-4432-4db5-8ec6-8482b97bcea9.tonic,.tonic,11,tonic
ecd04ceb-b46c-47fc-9045-84ac9160e527,/home/izpiz/coding/automatic-raga-recognition/dataset/RagaDataset/Hindustani/features/ecd04ceb-b46c-47fc-9045-84ac9160e527/Aslam_Hussain_Khan/Vocal/Mora_Saajan_Chhabila_Ree_dbfa7e22-4432-4db5-8ec6-8482b97bcea9.tonicFine,Mora_Saajan_Chhabila_Ree_dbfa7e22-4432-4db5-8ec6-8482b97bcea9.tonicFine,.tonicfine,25,tonic
ecd04ceb-b46c-47fc-9045-84ac9160e527,/home/izpiz/coding/automatic-raga-recognition/dataset/RagaDataset/Hindustani/features/ecd04ceb-b46c-47fc-9045-84ac9160e527/Prabha_Atre/Niranjani/Raga_Basant_-_Drut_Ektaal_9ff5e2dd-7c77-492d-9aa1-09508fe595b9.tonic,Raga_Basant_-_Drut_Ektaal_9ff5e2dd-7c77-492d-9aa1-09508fe595b9.tonic,.tonic,11,tonic
ecd04ceb-b46c-47fc-9045-84ac9160e527,/home/izpiz/coding/automatic-raga-recognition/dataset/RagaDataset/Hindustani/features/ecd04ceb-b46c-47fc-9045-84ac9160e527/Prabha_Atre/Niranjani/Raga_Basant_-_Drut_Ektaal_9ff5e2dd-7c77-492d-9aa1-09508fe595b9.tonicFine,Raga_Basant_-_Drut_Ektaal_9ff5e2dd-7c77-492d-9aa1-09508fe595b9.tonicFine,.tonicfine,25,tonic
ecd04ceb-b46c-47fc-9045-84ac9160e527,/home/izpiz/coding/automatic-raga-recognition/dataset/RagaDataset/Hindustani/features/ecd04ceb-b46c-47fc-9045-84ac9160e527/Veena_Sahasrabuddhe/Bandish_Vol-1/Madhukar_Aaj_Basant_88b004be-6280-402b-a178-07efd6285326.tonic,Madhukar_Aaj_Basant_88b004be-6280-402b-a178-07efd6285326.tonic,.tonic,11,tonic
ecd04ceb-b46c-47fc-9045-84ac9160e527,/home/izpiz/coding/automatic-raga-recognition/dataset/RagaDataset/Hindustani/features/ecd04ceb-b46c-47fc-9045-84ac9160e527/Veena_Sahasrabuddhe/Bandish_Vol-1/Madhukar_Aaj_Basant_88b004be-6280-402b-a178-07efd6285326.tonicFine,Madhukar_Aaj_Basant_88b004be-6280-402b-a178-07efd6285326.tonicFine,.tonicfine,25,tonic
ecd04ceb-b46c-47fc-9045-84ac9160e527,/home/izpiz/coding/automatic-raga-recognition/dataset/RagaDataset/Hindustani/features/ecd04ceb-b46c-47fc-9045-84ac9160e527/Veena_Sahasrabuddhe/Ritu_Chakra_Vol__3/Raga_Basant_10224082-7d00-4839-b430-c8110686ec64.tonic,Raga_Basant_10224082-7d00-4839-b430-c8110686ec64.tonic,.tonic,11,tonic
ecd04ceb-b46c-47fc-9045-84ac9160e527,/home/izpiz/coding/automatic-raga-recognition/dataset/RagaDataset/Hindustani/features/ecd04ceb-b46c-47fc-9045-84ac9160e527/Veena_Sahasrabuddhe/Ritu_Chakra_Vol__3/Raga_Basant_10224082-7d00-4839-b430-c8110686ec64.tonicFine,Raga_Basant_10224082-7d00-4839-b430-c8110686ec64.tonicFine,.tonicfine,25,tonic
ecd04ceb-b46c-47fc-9045-84ac9160e527,/home/izpiz/coding/automatic-raga-recognition/dataset/RagaDataset/Hindustani/features/ecd04ceb-b46c-47fc-9045-84ac9160e527/Basavraj_Rajaguru/The_Genius_Of_Basavraj_Rajguru/Raga_Basant_4519091e-9eaa-4f03-911e-348727ee3c90.tonicFine,Raga_Basant_4519091e-9eaa-4f03-911e-348727ee3c90.tonicFine,.tonicfine,25,tonic
ecd04ceb-b46c-47fc-9045-84ac9160e527,/home/izpiz/coding/automatic-raga-recognition/dataset/RagaDataset/Hindustani/features/ecd04ceb-b46c-47fc-9045-84ac9160e527/Basavraj_Rajaguru/The_Genius_Of_Basavraj_Rajguru/Raga_Basant_4519091e-9eaa-4f03-911e-348727ee3c90.tonic,Raga_Basant_4519091e-9eaa-4f03-911e-348727ee3c90.tonic,.tonic,11,tonic
f6432fec-e9c2-4b09-9e73-c46086cbd8ea,/home/izpiz/coding/automatic-raga-recognition/dataset/RagaDataset/Hindustani/features/f6432fec-e9c2-4b09-9e73-c46086cbd8ea/Rashid_Khan/The_Genius_Of_Ustad_Rashid_Khan/Raga_-_Ahir_Bhairav_def59da7-8d7b-4047-b16c-eeee65482e87.tonic,Raga_-_Ahir_Bhairav_def59da7-8d7b-4047-b16c-eeee65482e87.tonic,.tonic,11,tonic
f6432fec-e9c2-4b09-9e73-c46086cbd8ea,/home/izpiz/coding/automatic-raga-recognition/dataset/RagaDataset/Hindustani/features/f6432fec-e9c2-4b09-9e73-c46086cbd8ea/Rashid_Khan/The_Genius_Of_Ustad_Rashid_Khan/Raga_-_Ahir_Bhairav_def59da7-8d7b-4047-b16c-eeee65482e87.tonicFine,Raga_-_Ahir_Bhairav_def59da7-8d7b-4047-b16c-eeee65482e87.tonicFine,.tonicfine,25,tonic
f6432fec-e9c2-4b09-9e73-c46086cbd8ea,/home/izpiz/coding/automatic-raga-recognition/dataset/RagaDataset/Hindustani/features/f6432fec-e9c2-4b09-9e73-c46086cbd8ea/Omkar_Dadarkar/Raag_Ahir_Bhairon___Todi/Raag_Ahir_Bhairon_2073b056-8120-4b04-b808-3d6a8c6a2bd7.tonic,Raag_Ahir_Bhairon_2073b056-8120-4b04-b808-3d6a8c6a2bd7.tonic,.tonic,11,tonic
f6432fec-e9c2-4b09-9e73-c46086cbd8ea,/home/izpiz/coding/automatic-raga-recognition/dataset/RagaDataset/Hindustani/features/f6432fec-e9c2-4b09-9e73-c46086cbd8ea/Omkar_Dadarkar/Raag_Ahir_Bhairon___Todi/Raag_Ahir_Bhairon_2073b056-8120-4b04-b808-3d6a8c6a2bd7.tonicFine,Raag_Ahir_Bhairon_2073b056-8120-4b04-b808-3d6a8c6a2bd7.tonicFine,.tonicfine,25,tonic
f6432fec-e9c2-4b09-9e73-c46086cbd8ea,/home/izpiz/coding/automatic-raga-recognition/dataset/RagaDataset/Hindustani/features/f6432fec-e9c2-4b09-9e73-c46086cbd8ea/Ajoy_Chakrabarty/Geetinandan___Part-3/Aahir_Bhairon_51656b20-295c-40f9-8dab-005b9b90fa98.tonicFine,Aahir_Bhairon_51656b20-295c-40f9-8dab-005b9b90fa98.tonicFine,.tonicfine,25,tonic
f6432fec-e9c2-4b09-9e73-c46086cbd8ea,/home/izpiz/coding/automatic-raga-recognition/dataset/RagaDataset/Hindustani/features/f6432fec-e9c2-4b09-9e73-c46086cbd8ea/Ajoy_Chakrabarty/Geetinandan___Part-3/Aahir_Bhairon_51656b20-295c-40f9-8dab-005b9b90fa98.tonic,Aahir_Bhairon_51656b20-295c-40f9-8dab-005b9b90fa98.tonic,.tonic,11,tonic
f6432fec-e9c2-4b09-9e73-c46086cbd8ea,/home/izpiz/coding/automatic-raga-recognition/dataset/RagaDataset/Hindustani/features/f6432fec-e9c2-4b09-9e73-c46086cbd8ea/Jasraj/A_Day_With_Pandit_Jasraj/Raga_Ahir_Bhairav_cbcba04b-023b-40e0-a5e8-04260ad3efdd.tonic,Raga_Ahir_Bhairav_cbcba04b-023b-40e0-a5e8-04260ad3efdd.tonic,.tonic,11,tonic
f6432fec-e9c2-4b09-9e73-c46086cbd8ea,/home/izpiz/coding/automatic-raga-recognition/dataset/RagaDataset/Hindustani/features/f6432fec-e9c2-4b09-9e73-c46086cbd8ea/Jasraj/A_Day_With_Pandit_Jasraj/Raga_Ahir_Bhairav_cbcba04b-023b-40e0-a5e8-04260ad3efdd.tonicFine,Raga_Ahir_Bhairav_cbcba04b-023b-40e0-a5e8-04260ad3efdd.tonicFine,.tonicfine,25,tonic
f6432fec-e9c2-4b09-9e73-c46086cbd8ea,/home/izpiz/coding/automatic-raga-recognition/dataset/RagaDataset/Hindustani/features/f6432fec-e9c2-4b09-9e73-c46086cbd8ea/Jasraj/Legends__Sangeet_Martand_Pandit_Jasraj_(Vol__1)/Raga_-_Ahir_Bhairav_53402748-f637-46a0-817d-ac711a9005ff.tonic,Raga_-_Ahir_Bhairav_53402748-f637-46a0-817d-ac711a9005ff.tonic,.tonic,11,tonic
f6432fec-e9c2-4b09-9e73-c46086cbd8ea,/home/izpiz/coding/automatic-raga-recognition/dataset/RagaDataset/Hindustani/features/f6432fec-e9c2-4b09-9e73-c46086cbd8ea/Jasraj/Legends__Sangeet_Martand_Pandit_Jasraj_(Vol__1)/Raga_-_Ahir_Bhairav_53402748-f637-46a0-817d-ac711a9005ff.tonicFine,Raga_-_Ahir_Bhairav_53402748-f637-46a0-817d-ac711a9005ff.tonicFine,.tonicfine,25,tonic
f6432fec-e9c2-4b09-9e73-c46086cbd8ea,/home/izpiz/coding/automatic-raga-recognition/dataset/RagaDataset/Hindustani/features/f6432fec-e9c2-4b09-9e73-c46086cbd8ea/Kaivalyakumar_Gurav/Kaivalyakumar_Vocal_Classical/Ahir_Bhairav_e2123c63-6a24-4190-be52-e299c05c4bb8.tonic,Ahir_Bhairav_e2123c63-6a24-4190-be52-e299c05c4bb8.tonic,.tonic,11,tonic
f6432fec-e9c2-4b09-9e73-c46086cbd8ea,/home/izpiz/coding/automatic-raga-recognition/dataset/RagaDataset/Hindustani/features/f6432fec-e9c2-4b09-9e73-c46086cbd8ea/Kaivalyakumar_Gurav/Kaivalyakumar_Vocal_Classical/Ahir_Bhairav_e2123c63-6a24-4190-be52-e299c05c4bb8.tonicFine,Ahir_Bhairav_e2123c63-6a24-4190-be52-e299c05c4bb8.tonicFine,.tonicfine,25,tonic
f6432fec-e9c2-4b09-9e73-c46086cbd8ea,/home/izpiz/coding/automatic-raga-recognition/dataset/RagaDataset/Hindustani/features/f6432fec-e9c2-4b09-9e73-c46086cbd8ea/Amir_Khan/A_Life_in_Music/Raga_Ahir_Bhairav_567e57a7-26c8-49c3-8a2c-fc2485cf2ab9.tonic,Raga_Ahir_Bhairav_567e57a7-26c8-49c3-8a2c-fc2485cf2ab9.tonic,.tonic,11,tonic
f6432fec-e9c2-4b09-9e73-c46086cbd8ea,/home/izpiz/coding/automatic-raga-recognition/dataset/RagaDataset/Hindustani/features/f6432fec-e9c2-4b09-9e73-c46086cbd8ea/Amir_Khan/A_Life_in_Music/Raga_Ahir_Bhairav_567e57a7-26c8-49c3-8a2c-fc2485cf2ab9.tonicFine,Raga_Ahir_Bhairav_567e57a7-26c8-49c3-8a2c-fc2485cf2ab9.tonicFine,.tonicfine,25,tonic
f6432fec-e9c2-4b09-9e73-c46086cbd8ea,/home/izpiz/coding/automatic-raga-recognition/dataset/RagaDataset/Hindustani/features/f6432fec-e9c2-4b09-9e73-c46086cbd8ea/Hirabai_Barodekar/The_Great_Heritage__Hirabai_Barodekar/Raga_Ahir_Bhairav_-_Rasiya_Mhara_Mharoji_b31c1429-f99f-481c-9a0e-cb2d2f99ac84.tonicFine,Raga_Ahir_Bhairav_-_Rasiya_Mhara_Mharoji_b31c1429-f99f-481c-9a0e-cb2d2f99ac84.tonicFine,.tonicfine,25,tonic
f6432fec-e9c2-4b09-9e73-c46086cbd8ea,/home/izpiz/coding/automatic-raga-recognition/dataset/RagaDataset/Hindustani/features/f6432fec-e9c2-4b09-9e73-c46086cbd8ea/Hirabai_Barodekar/The_Great_Heritage__Hirabai_Barodekar/Raga_Ahir_Bhairav_-_Rasiya_Mhara_Mharoji_b31c1429-f99f-481c-9a0e-cb2d2f99ac84.tonic,Raga_Ahir_Bhairav_-_Rasiya_Mhara_Mharoji_b31c1429-f99f-481c-9a0e-cb2d2f99ac84.tonic,.tonic,10,tonic
f6432fec-e9c2-4b09-9e73-c46086cbd8ea,/home/izpiz/coding/automatic-raga-recognition/dataset/RagaDataset/Hindustani/features/f6432fec-e9c2-4b09-9e73-c46086cbd8ea/Kumar_Gandharv/The_Genius_Of_Pt__Kumar_Gandharv/Raga_Ahir_Bhairav_f93a15cf-8ec1-43c7-b7e3-b48f5369dee4.tonic,Raga_Ahir_Bhairav_f93a15cf-8ec1-43c7-b7e3-b48f5369dee4.tonic,.tonic,11,tonic
f6432fec-e9c2-4b09-9e73-c46086cbd8ea,/home/izpiz/coding/automatic-raga-recognition/dataset/RagaDataset/Hindustani/features/f6432fec-e9c2-4b09-9e73-c46086cbd8ea/Kumar_Gandharv/The_Genius_Of_Pt__Kumar_Gandharv/Raga_Ahir_Bhairav_f93a15cf-8ec1-43c7-b7e3-b48f5369dee4.tonicFine,Raga_Ahir_Bhairav_f93a15cf-8ec1-43c7-b7e3-b48f5369dee4.tonicFine,.tonicfine,25,tonic
f6432fec-e9c2-4b09-9e73-c46086cbd8ea,/home/izpiz/coding/automatic-raga-recognition/dataset/RagaDataset/Hindustani/features/f6432fec-e9c2-4b09-9e73-c46086cbd8ea/Kumar_Gandharva/Pt__Kumar_Gandharva-Vocal/Kaise_Manalun_Re_73b6e933-61f6-4537-98df-834e3c0e0fa6.tonicFine,Kaise_Manalun_Re_73b6e933-61f6-4537-98df-834e3c0e0fa6.tonicFine,.tonicfine,25,tonic
f6432fec-e9c2-4b09-9e73-c46086cbd8ea,/home/izpiz/coding/automatic-raga-recognition/dataset/RagaDataset/Hindustani/features/f6432fec-e9c2-4b09-9e73-c46086cbd8ea/Kumar_Gandharva/Pt__Kumar_Gandharva-Vocal/Kaise_Manalun_Re_73b6e933-61f6-4537-98df-834e3c0e0fa6.tonic,Kaise_Manalun_Re_73b6e933-61f6-4537-98df-834e3c0e0fa6.tonic,.tonic,11,tonic
f7fddfc0-8c1d-4dd2-90d5-5d51a99d61f8,/home/izpiz/coding/automatic-raga-recognition/dataset/RagaDataset/Hindustani/features/f7fddfc0-8c1d-4dd2-90d5-5d51a99d61f8/Rashid_Khan/Live_At_Sunny_Towers_Vol-2/Raga_Ragesri_72df913b-ac52-4798-990d-72e04a64bd8c.tonicFine,Raga_Ragesri_72df913b-ac52-4798-990d-72e04a64bd8c.tonicFine,.tonicfine,25,tonic
f7fddfc0-8c1d-4dd2-90d5-5d51a99d61f8,/home/izpiz/coding/automatic-raga-recognition/dataset/RagaDataset/Hindustani/features/f7fddfc0-8c1d-4dd2-90d5-5d51a99d61f8/Rashid_Khan/Live_At_Sunny_Towers_Vol-2/Raga_Ragesri_72df913b-ac52-4798-990d-72e04a64bd8c.tonic,Raga_Ragesri_72df913b-ac52-4798-990d-72e04a64bd8c.tonic,.tonic,11,tonic
f7fddfc0-8c1d-4dd2-90d5-5d51a99d61f8,/home/izpiz/coding/automatic-raga-recognition/dataset/RagaDataset/Hindustani/features/f7fddfc0-8c1d-4dd2-90d5-5d51a99d61f8/Kishori_Amonkar/Classical_Encounter/Raga_Rageshri_-_Ali_Palak_Na_Laggi_-_Teentaal__Dekho_Shyam_Geha_-_Ektaal_e79f2c5f-ceee-4402-a0d6-2c75d3055d4b.tonicFine,Raga_Rageshri_-_Ali_Palak_Na_Laggi_-_Teentaal__Dekho_Shyam_Geha_-_Ektaal_e79f2c5f-ceee-4402-a0d6-2c75d3055d4b.tonicFine,.tonicfine,25,tonic
f7fddfc0-8c1d-4dd2-90d5-5d51a99d61f8,/home/izpiz/coding/automatic-raga-recognition/dataset/RagaDataset/Hindustani/features/f7fddfc0-8c1d-4dd2-90d5-5d51a99d61f8/Kishori_Amonkar/Classical_Encounter/Raga_Rageshri_-_Ali_Palak_Na_Laggi_-_Teentaal__Dekho_Shyam_Geha_-_Ektaal_e79f2c5f-ceee-4402-a0d6-2c75d3055d4b.tonic,Raga_Rageshri_-_Ali_Palak_Na_Laggi_-_Teentaal__Dekho_Shyam_Geha_-_Ektaal_e79f2c5f-ceee-4402-a0d6-2c75d3055d4b.tonic,.tonic,4,tonic
f7fddfc0-8c1d-4dd2-90d5-5d51a99d61f8,"/home/izpiz/coding/automatic-raga-recognition/dataset/RagaDataset/Hindustani/features/f7fddfc0-8c1d-4dd2-90d5-5d51a99d61f8/Ajoy_Chakrabarty/Raag_Abhogi,_Rageshree___Khamaj/Raag_Rageshri_9a2ce15a-4b28-4d10-abc7-9e05310c2e3b.tonic",Raag_Rageshri_9a2ce15a-4b28-4d10-abc7-9e05310c2e3b.tonic,.tonic,10,tonic
f7fddfc0-8c1d-4dd2-90d5-5d51a99d61f8,"/home/izpiz/coding/automatic-raga-recognition/dataset/RagaDataset/Hindustani/features/f7fddfc0-8c1d-4dd2-90d5-5d51a99d61f8/Ajoy_Chakrabarty/Raag_Abhogi,_Rageshree___Khamaj/Raag_Rageshri_9a2ce15a-4b28-4d10-abc7-9e05310c2e3b.tonicFine",Raag_Rageshri_9a2ce15a-4b28-4d10-abc7-9e05310c2e3b.tonicFine,.tonicfine,25,tonic
f7fddfc0-8c1d-4dd2-90d5-5d51a99d61f8,/home/izpiz/coding/automatic-raga-recognition/dataset/RagaDataset/Hindustani/features/f7fddfc0-8c1d-4dd2-90d5-5d51a99d61f8/Ajoy_Chakrabarty/Geetinandan___Part-3/Raageshree_7704b0d2-eeac-47e4-ba05-c541a91eb621.tonic,Raageshree_7704b0d2-eeac-47e4-ba05-c541a91eb621.tonic,.tonic,11,tonic
f7fddfc0-8c1d-4dd2-90d5-5d51a99d61f8,/home/izpiz/coding/automatic-raga-recognition/dataset/RagaDataset/Hindustani/features/f7fddfc0-8c1d-4dd2-90d5-5d51a99d61f8/Ajoy_Chakrabarty/Geetinandan___Part-3/Raageshree_7704b0d2-eeac-47e4-ba05-c541a91eb621.tonicFine,Raageshree_7704b0d2-eeac-47e4-ba05-c541a91eb621.tonicFine,.tonicfine,25,tonic
f7fddfc0-8c1d-4dd2-90d5-5d51a99d61f8,/home/izpiz/coding/automatic-raga-recognition/dataset/RagaDataset/Hindustani/features/f7fddfc0-8c1d-4dd2-90d5-5d51a99d61f8/Sanjeev_Abhyankar/Jiyaraa/Aali_Ri_Jiyaraa_Moraa_Naahi_Chain_Paave_2fd571a1-ca82-4ca6-9c41-39c2fe31d43f.tonicFine,Aali_Ri_Jiyaraa_Moraa_Naahi_Chain_Paave_2fd571a1-ca82-4ca6-9c41-39c2fe31d43f.tonicFine,.tonicfine,25,tonic
f7fddfc0-8c1d-4dd2-90d5-5d51a99d61f8,/home/izpiz/coding/automatic-raga-recognition/dataset/RagaDataset/Hindustani/features/f7fddfc0-8c1d-4dd2-90d5-5d51a99d61f8/Sanjeev_Abhyankar/Jiyaraa/Aali_Ri_Jiyaraa_Moraa_Naahi_Chain_Paave_2fd571a1-ca82-4ca6-9c41-39c2fe31d43f.tonic,Aali_Ri_Jiyaraa_Moraa_Naahi_Chain_Paave_2fd571a1-ca82-4ca6-9c41-39c2fe31d43f.tonic,.tonic,11,tonic
f7fddfc0-8c1d-4dd2-90d5-5d51a99d61f8,/home/izpiz/coding/automatic-raga-recognition/dataset/RagaDataset/Hindustani/features/f7fddfc0-8c1d-4dd2-90d5-5d51a99d61f8/Sanjeev_Abhyankar/Jiyaraa/Saajana_Re_Jiyaa_Laagat_Naa_d2ca91e0-74d1-4c68-b7c9-4dec57ef526b.tonic,Saajana_Re_Jiyaa_Laagat_Naa_d2ca91e0-74d1-4c68-b7c9-4dec57ef526b.tonic,.tonic,11,tonic
f7fddfc0-8c1d-4dd2-90d5-5d51a99d61f8,/home/izpiz/coding/automatic-raga-recognition/dataset/RagaDataset/Hindustani/features/f7fddfc0-8c1d-4dd2-90d5-5d51a99d61f8/Sanjeev_Abhyankar/Jiyaraa/Saajana_Re_Jiyaa_Laagat_Naa_d2ca91e0-74d1-4c68-b7c9-4dec57ef526b.tonicFine,Saajana_Re_Jiyaa_Laagat_Naa_d2ca91e0-74d1-4c68-b7c9-4dec57ef526b.tonicFine,.tonicfine,25,tonic
f7fddfc0-8c1d-4dd2-90d5-5d51a99d61f8,/home/izpiz/coding/automatic-raga-recognition/dataset/RagaDataset/Hindustani/features/f7fddfc0-8c1d-4dd2-90d5-5d51a99d61f8/Kaushiki_Chakrabarty/Rageshri/Raga_Rageshri_-_Bandish_Mora_Man_Harwa_Leeno_Daiya_c9c6dedd-4e86-4e0e-a5ea-0911cd8f5814.tonicFine,Raga_Rageshri_-_Bandish_Mora_Man_Harwa_Leeno_Daiya_c9c6dedd-4e86-4e0e-a5ea-0911cd8f5814.tonicFine,.tonicfine,25,tonic
f7fddfc0-8c1d-4dd2-90d5-5d51a99d61f8,/home/izpiz/coding/automatic-raga-recognition/dataset/RagaDataset/Hindustani/features/f7fddfc0-8c1d-4dd2-90d5-5d51a99d61f8/Kaushiki_Chakrabarty/Rageshri/Raga_Rageshri_-_Bandish_Mora_Man_Harwa_Leeno_Daiya_c9c6dedd-4e86-4e0e-a5ea-0911cd8f5814.tonic,Raga_Rageshri_-_Bandish_Mora_Man_Harwa_Leeno_Daiya_c9c6dedd-4e86-4e0e-a5ea-0911cd8f5814.tonic,.tonic,11,tonic
f7fddfc0-8c1d-4dd2-90d5-5d51a99d61f8,/home/izpiz/coding/automatic-raga-recognition/dataset/RagaDataset/Hindustani/features/f7fddfc0-8c1d-4dd2-90d5-5d51a99d61f8/Kaushiki_Chakrabarty/Rageshri/Raga_Rageshri_-_Khayal_Saban_Sukh_Deho_eb3a6211-0062-4043-bd43-c7e84da353e9.tonicFine,Raga_Rageshri_-_Khayal_Saban_Sukh_Deho_eb3a6211-0062-4043-bd43-c7e84da353e9.tonicFine,.tonicfine,25,tonic
f7fddfc0-8c1d-4dd2-90d5-5d51a99d61f8,/home/izpiz/coding/automatic-raga-recognition/dataset/RagaDataset/Hindustani/features/f7fddfc0-8c1d-4dd2-90d5-5d51a99d61f8/Kaushiki_Chakrabarty/Rageshri/Raga_Rageshri_-_Alap_adb5c888-68cb-4456-811c-f282aeee3713.tonicFine,Raga_Rageshri_-_Alap_adb5c888-68cb-4456-811c-f282aeee3713.tonicFine,.tonicfine,25,tonic
f7fddfc0-8c1d-4dd2-90d5-5d51a99d61f8,/home/izpiz/coding/automatic-raga-recognition/dataset/RagaDataset/Hindustani/features/f7fddfc0-8c1d-4dd2-90d5-5d51a99d61f8/Kaushiki_Chakrabarty/Rageshri/Raga_Rageshri_-_Alap_adb5c888-68cb-4456-811c-f282aeee3713.tonic,Raga_Rageshri_-_Alap_adb5c888-68cb-4456-811c-f282aeee3713.tonic,.tonic,3,tonic
f7fddfc0-8c1d-4dd2-90d5-5d51a99d61f8,/home/izpiz/coding/automatic-raga-recognition/dataset/RagaDataset/Hindustani/features/f7fddfc0-8c1d-4dd2-90d5-5d51a99d61f8/Kaushiki_Chakrabarty/Rageshri/Raga_Rageshri_-_Bandish_Rag_Sang_Ragini_1472bfc9-acc9-4e25-9300-7cdff8df1575.tonic,Raga_Rageshri_-_Bandish_Rag_Sang_Ragini_1472bfc9-acc9-4e25-9300-7cdff8df1575.tonic,.tonic,11,tonic
f7fddfc0-8c1d-4dd2-90d5-5d51a99d61f8,/home/izpiz/coding/automatic-raga-recognition/dataset/RagaDataset/Hindustani/features/f7fddfc0-8c1d-4dd2-90d5-5d51a99d61f8/Kaushiki_Chakrabarty/Rageshri/Raga_Rageshri_-_Bandish_Rag_Sang_Ragini_1472bfc9-acc9-4e25-9300-7cdff8df1575.tonicFine,Raga_Rageshri_-_Bandish_Rag_Sang_Ragini_1472bfc9-acc9-4e25-9300-7cdff8df1575.tonicFine,.tonicfine,25,tonic
f7fddfc0-8c1d-4dd2-90d5-5d51a99d61f8,/home/izpiz/coding/automatic-raga-recognition/dataset/RagaDataset/Hindustani/features/f7fddfc0-8c1d-4dd2-90d5-5d51a99d61f8/Kaushiki_Chakrabarty/Rageshri/Raga_Rageshri_-_Khayal_Saban_Sukh_Deho_eb3a6211-0062-4043-bd43-c7e84da353e9.tonic,Raga_Rageshri_-_Khayal_Saban_Sukh_Deho_eb3a6211-0062-4043-bd43-c7e84da353e9.tonic,.tonic,3,tonic
fa28470c-d413-44c7-94da-181f530cbfdd,/home/izpiz/coding/automatic-raga-recognition/dataset/RagaDataset/Hindustani/features/fa28470c-d413-44c7-94da-181f530cbfdd/Jayateerth_Mevundi/Jayateerth_Mevundi_Classical_Vocal/Raga_Pooriya_Dhanashree_61f14196-ba50-41c9-91f8-0f42e0d6870f.tonicFine,Raga_Pooriya_Dhanashree_61f14196-ba50-41c9-91f8-0f42e0d6870f.tonicFine,.tonicfine,25,tonic
fa28470c-d413-44c7-94da-181f530cbfdd,/home/izpiz/coding/automatic-raga-recognition/dataset/RagaDataset/Hindustani/features/fa28470c-d413-44c7-94da-181f530cbfdd/Jayateerth_Mevundi/Jayateerth_Mevundi_Classical_Vocal/Raga_Pooriya_Dhanashree_61f14196-ba50-41c9-91f8-0f42e0d6870f.tonic,Raga_Pooriya_Dhanashree_61f14196-ba50-41c9-91f8-0f42e0d6870f.tonic,.tonic,11,tonic
fa28470c-d413-44c7-94da-181f530cbfdd,/home/izpiz/coding/automatic-raga-recognition/dataset/RagaDataset/Hindustani/features/fa28470c-d413-44c7-94da-181f530cbfdd/Bhimsen_Joshi/Evergreen/Paar_Karo_Araj_Suno_6939b1dc-2646-41df-a741-095bfad3360f.tonicFine,Paar_Karo_Araj_Suno_6939b1dc-2646-41df-a741-095bfad3360f.tonicFine,.tonicfine,25,tonic
fa28470c-d413-44c7-94da-181f530cbfdd,/home/izpiz/coding/automatic-raga-recognition/dataset/RagaDataset/Hindustani/features/fa28470c-d413-44c7-94da-181f530cbfdd/Bhimsen_Joshi/Evergreen/Paar_Karo_Araj_Suno_6939b1dc-2646-41df-a741-095bfad3360f.tonic,Paar_Karo_Araj_Suno_6939b1dc-2646-41df-a741-095bfad3360f.tonic,.tonic,11,tonic
fa28470c-d413-44c7-94da-181f530cbfdd,/home/izpiz/coding/automatic-raga-recognition/dataset/RagaDataset/Hindustani/features/fa28470c-d413-44c7-94da-181f530cbfdd/Bhimsen_Joshi/Shraddhanjali/Raga_Puriya_Dhanashri_62d572bc-f693-4378-b22c-03879b78ff0a.tonic,Raga_Puriya_Dhanashri_62d572bc-f693-4378-b22c-03879b78ff0a.tonic,.tonic,11,tonic
fa28470c-d413-44c7-94da-181f530cbfdd,/home/izpiz/coding/automatic-raga-recognition/dataset/RagaDataset/Hindustani/features/fa28470c-d413-44c7-94da-181f530cbfdd/Bhimsen_Joshi/Shraddhanjali/Raga_Puriya_Dhanashri_62d572bc-f693-4378-b22c-03879b78ff0a.tonicFine,Raga_Puriya_Dhanashri_62d572bc-f693-4378-b22c-03879b78ff0a.tonicFine,.tonicfine,25,tonic
fa28470c-d413-44c7-94da-181f530cbfdd,/home/izpiz/coding/automatic-raga-recognition/dataset/RagaDataset/Hindustani/features/fa28470c-d413-44c7-94da-181f530cbfdd/Girija_Devi/Classical_Encounter/Ali_Meri_Kaun_Sune_-_Khayal_Vilambhit_In_Ektal_00f54612-09f6-4528-91f1-95e5ef191c1b.tonic,Ali_Meri_Kaun_Sune_-_Khayal_Vilambhit_In_Ektal_00f54612-09f6-4528-91f1-95e5ef191c1b.tonic,.tonic,11,tonic
fa28470c-d413-44c7-94da-181f530cbfdd,/home/izpiz/coding/automatic-raga-recognition/dataset/RagaDataset/Hindustani/features/fa28470c-d413-44c7-94da-181f530cbfdd/Girija_Devi/Classical_Encounter/Mana_Ram_Naam_Ko_Sumiran_Kar_-_Khayal_Drut_In_Teental_930ae825-111c-4dd5-b8be-de609fd5202d.tonic,Mana_Ram_Naam_Ko_Sumiran_Kar_-_Khayal_Drut_In_Teental_930ae825-111c-4dd5-b8be-de609fd5202d.tonic,.tonic,11,tonic
fa28470c-d413-44c7-94da-181f530cbfdd,/home/izpiz/coding/automatic-raga-recognition/dataset/RagaDataset/Hindustani/features/fa28470c-d413-44c7-94da-181f530cbfdd/Girija_Devi/Classical_Encounter/Ali_Meri_Kaun_Sune_-_Khayal_Vilambhit_In_Ektal_00f54612-09f6-4528-91f1-95e5ef191c1b.tonicFine,Ali_Meri_Kaun_Sune_-_Khayal_Vilambhit_In_Ektal_00f54612-09f6-4528-91f1-95e5ef191c1b.tonicFine,.tonicfine,25,tonic
fa28470c-d413-44c7-94da-181f530cbfdd,/home/izpiz/coding/automatic-raga-recognition/dataset/RagaDataset/Hindustani/features/fa28470c-d413-44c7-94da-181f530cbfdd/Girija_Devi/Classical_Encounter/Mana_Ram_Naam_Ko_Sumiran_Kar_-_Khayal_Drut_In_Teental_930ae825-111c-4dd5-b8be-de609fd5202d.tonicFine,Mana_Ram_Naam_Ko_Sumiran_Kar_-_Khayal_Drut_In_Teental_930ae825-111c-4dd5-b8be-de609fd5202d.tonicFine,.tonicfine,25,tonic
fa28470c-d413-44c7-94da-181f530cbfdd,/home/izpiz/coding/automatic-raga-recognition/dataset/RagaDataset/Hindustani/features/fa28470c-d413-44c7-94da-181f530cbfdd/Gopal_Mishra/Kula_Sampada/Raga_Puriya_Dhanashree_f4ca8526-f987-4ff8-a6a4-63459ea698ae.tonicFine,Raga_Puriya_Dhanashree_f4ca8526-f987-4ff8-a6a4-63459ea698ae.tonicFine,.tonicfine,25,tonic
fa28470c-d413-44c7-94da-181f530cbfdd,/home/izpiz/coding/automatic-raga-recognition/dataset/RagaDataset/Hindustani/features/fa28470c-d413-44c7-94da-181f530cbfdd/Gopal_Mishra/Kula_Sampada/Raga_Puriya_Dhanashree_f4ca8526-f987-4ff8-a6a4-63459ea698ae.tonic,Raga_Puriya_Dhanashree_f4ca8526-f987-4ff8-a6a4-63459ea698ae.tonic,.tonic,11,tonic
fa28470c-d413-44c7-94da-181f530cbfdd,/home/izpiz/coding/automatic-raga-recognition/dataset/RagaDataset/Hindustani/features/fa28470c-d413-44c7-94da-181f530cbfdd/Jasraj/Rajan_ke_Sirtaj/Dhundhan_Jaun_and_Shyam_Murari_Banwari_8e4f28ea-6a4c-4bae-a4df-4b9af14e1bb4.tonic,Dhundhan_Jaun_and_Shyam_Murari_Banwari_8e4f28ea-6a4c-4bae-a4df-4b9af14e1bb4.tonic,.tonic,11,tonic
fa28470c-d413-44c7-94da-181f530cbfdd,/home/izpiz/coding/automatic-raga-recognition/dataset/RagaDataset/Hindustani/features/fa28470c-d413-44c7-94da-181f530cbfdd/Jasraj/Rajan_ke_Sirtaj/Dhundhan_Jaun_and_Shyam_Murari_Banwari_8e4f28ea-6a4c-4bae-a4df-4b9af14e1bb4.tonicFine,Dhundhan_Jaun_and_Shyam_Murari_Banwari_8e4f28ea-6a4c-4bae-a4df-4b9af14e1bb4.tonicFine,.tonicfine,25,tonic
fa28470c-d413-44c7-94da-181f530cbfdd,/home/izpiz/coding/automatic-raga-recognition/dataset/RagaDataset/Hindustani/features/fa28470c-d413-44c7-94da-181f530cbfdd/Sanjeev_Abhyankar/Vocal_Classical/Raga_Puriya_Dhanashri_18e8ec47-13b8-48a8-9ad5-4f9fbc901c0f.tonic,Raga_Puriya_Dhanashri_18e8ec47-13b8-48a8-9ad5-4f9fbc901c0f.tonic,.tonic,11,tonic
fa28470c-d413-44c7-94da-181f530cbfdd,/home/izpiz/coding/automatic-raga-recognition/dataset/RagaDataset/Hindustani/features/fa28470c-d413-44c7-94da-181f530cbfdd/Sanjeev_Abhyankar/Vocal_Classical/Raga_Puriya_Dhanashri_18e8ec47-13b8-48a8-9ad5-4f9fbc901c0f.tonicFine,Raga_Puriya_Dhanashri_18e8ec47-13b8-48a8-9ad5-4f9fbc901c0f.tonicFine,.tonicfine,25,tonic
fa28470c-d413-44c7-94da-181f530cbfdd,/home/izpiz/coding/automatic-raga-recognition/dataset/RagaDataset/Hindustani/features/fa28470c-d413-44c7-94da-181f530cbfdd/Kumar_Gandharv/The_Genius_Of_Pt__Kumar_Gandharv/Raga_Puriya_Dhanashri_1caf7cef-ae50-4a96-ac5b-31519ec5f839.tonicFine,Raga_Puriya_Dhanashri_1caf7cef-ae50-4a96-ac5b-31519ec5f839.tonicFine,.tonicfine,25,tonic
fa28470c-d413-44c7-94da-181f530cbfdd,/home/izpiz/coding/automatic-raga-recognition/dataset/RagaDataset/Hindustani/features/fa28470c-d413-44c7-94da-181f530cbfdd/Kumar_Gandharv/The_Genius_Of_Pt__Kumar_Gandharv/Raga_Puriya_Dhanashri_1caf7cef-ae50-4a96-ac5b-31519ec5f839.tonic,Raga_Puriya_Dhanashri_1caf7cef-ae50-4a96-ac5b-31519ec5f839.tonic,.tonic,11,tonic
fa28470c-d413-44c7-94da-181f530cbfdd,/home/izpiz/coding/automatic-raga-recognition/dataset/RagaDataset/Hindustani/features/fa28470c-d413-44c7-94da-181f530cbfdd/Kumar_Gandharva/Pt__Kumar_Gandharva-Vocal/Aajara_Din_Dooba_b8ee37d2-e864-4b2e-a79e-b38f9b22c062.tonicFine,Aajara_Din_Dooba_b8ee37d2-e864-4b2e-a79e-b38f9b22c062.tonicFine,.tonicfine,25,tonic
fa28470c-d413-44c7-94da-181f530cbfdd,/home/izpiz/coding/automatic-raga-recognition/dataset/RagaDataset/Hindustani/features/fa28470c-d413-44c7-94da-181f530cbfdd/Kumar_Gandharva/Pt__Kumar_Gandharva-Vocal/Aajara_Din_Dooba_b8ee37d2-e864-4b2e-a79e-b38f9b22c062.tonic,Aajara_Din_Dooba_b8ee37d2-e864-4b2e-a79e-b38f9b22c062.tonic,.tonic,11,tonic
063ea5a0-23b1-4bb5-8537-3d924fe8ebb3,/home/izpiz/coding/automatic-raga-recognition/dataset/RagaDataset/Hindustani/features/063ea5a0-23b1-4bb5-8537-3d924fe8ebb3/Brajeshwar_Mukherjee/Raag_Jog___Hameer/Raag_Jog_d0781259-2c63-4b35-8ca3-75c19a98e275.taniSegKNN,Raag_Jog_d0781259-2c63-4b35-8ca3-75c19a98e275.taniSegKNN,.tanisegknn,0,other
063ea5a0-23b1-4bb5-8537-3d924fe8ebb3,/home/izpiz/coding/automatic-raga-recognition/dataset/RagaDataset/Hindustani/features/063ea5a0-23b1-4bb5-8537-3d924fe8ebb3/Brajeshwar_Mukherjee/Raag_Jog___Hameer/Raag_Jog_d0781259-2c63-4b35-8ca3-75c19a98e275.flatSegNyas,Raag_Jog_d0781259-2c63-4b35-8ca3-75c19a98e275.flatSegNyas,.flatsegnyas,24938,other
063ea5a0-23b1-4bb5-8537-3d924fe8ebb3,/home/izpiz/coding/automatic-raga-recognition/dataset/RagaDataset/Hindustani/features/063ea5a0-23b1-4bb5-8537-3d924fe8ebb3/Girija_Devi/Diva/Raag_Jog_-_Khayal_59ebf93e-fb88-4ac1-b400-000ffbc7ae3d.flatSegNyas,Raag_Jog_-_Khayal_59ebf93e-fb88-4ac1-b400-000ffbc7ae3d.flatSegNyas,.flatsegnyas,38693,other
063ea5a0-23b1-4bb5-8537-3d924fe8ebb3,/home/izpiz/coding/automatic-raga-recognition/dataset/RagaDataset/Hindustani/features/063ea5a0-23b1-4bb5-8537-3d924fe8ebb3/Girija_Devi/Diva/Raag_Jog_-_Khayal_59ebf93e-fb88-4ac1-b400-000ffbc7ae3d.taniSegKNN,Raag_Jog_-_Khayal_59ebf93e-fb88-4ac1-b400-000ffbc7ae3d.taniSegKNN,.tanisegknn,0,other
063ea5a0-23b1-4bb5-8537-3d924fe8ebb3,/home/izpiz/coding/automatic-raga-recognition/dataset/RagaDataset/Hindustani/features/063ea5a0-23b1-4bb5-8537-3d924fe8ebb3/Ajoy_Chakrabarty/Raag_Kedar___Jog/Raag_Jog_566d6c64-ae66-45e7-9f91-e33cd6c0f18f.taniSegKNN,Raag_Jog_566d6c64-ae66-45e7-9f91-e33cd6c0f18f.taniSegKNN,.tanisegknn,0,other
063ea5a0-23b1-4bb5-8537-3d924fe8ebb3,/home/izpiz/coding/automatic-raga-recognition/dataset/RagaDataset/Hindustani/features/063ea5a0-23b1-4bb5-8537-3d924fe8ebb3/Ajoy_Chakrabarty/Raag_Kedar___Jog/Raag_Jog_566d6c64-ae66-45e7-9f91-e33cd6c0f18f.flatSegNyas,Raag_Jog_566d6c64-ae66-45e7-9f91-e33cd6c0f18f.flatSegNyas,.flatsegnyas,47819,other
063ea5a0-23b1-4bb5-8537-3d924fe8ebb3,/home/izpiz/coding/automatic-raga-recognition/dataset/RagaDataset/Hindustani/features/063ea5a0-23b1-4bb5-8537-3d924fe8ebb3/Kaustuv_Kanti_Ganguli/Raag_Jog___Kirwani_Bhajan/Raag_Jog_99dcaebe-ab49-4fa3-ab6c-a9458143af8e.taniSegKNN,Raag_Jog_99dcaebe-ab49-4fa3-ab6c-a9458143af8e.taniSegKNN,.tanisegknn,0,other
063ea5a0-23b1-4bb5-8537-3d924fe8ebb3,/home/izpiz/coding/automatic-raga-recognition/dataset/RagaDataset/Hindustani/features/063ea5a0-23b1-4bb5-8537-3d924fe8ebb3/Kaustuv_Kanti_Ganguli/Raag_Jog___Kirwani_Bhajan/Raag_Jog_99dcaebe-ab49-4fa3-ab6c-a9458143af8e.flatSegNyas,Raag_Jog_99dcaebe-ab49-4fa3-ab6c-a9458143af8e.flatSegNyas,.flatsegnyas,44007,other
063ea5a0-23b1-4bb5-8537-3d924fe8ebb3,/home/izpiz/coding/automatic-raga-recognition/dataset/RagaDataset/Hindustani/features/063ea5a0-23b1-4bb5-8537-3d924fe8ebb3/Jasraj/Devataa/Bandish_In_Vlambit_Ektaal_-_Raag_Jog_3f66f0dc-73b7-48c4-8ad7-1f1a7dacd8bb.flatSegNyas,Bandish_In_Vlambit_Ektaal_-_Raag_Jog_3f66f0dc-73b7-48c4-8ad7-1f1a7dacd8bb.flatSegNyas,.flatsegnyas,32368,other
063ea5a0-23b1-4bb5-8537-3d924fe8ebb3,/home/izpiz/coding/automatic-raga-recognition/dataset/RagaDataset/Hindustani/features/063ea5a0-23b1-4bb5-8537-3d924fe8ebb3/Jasraj/Devataa/Bandish_In_Drut_Teentaal_-_Raag_Jog_c02f714f-e4e6-4da6-af07-cea8a03c0e5c.flatSegNyas,Bandish_In_Drut_Teentaal_-_Raag_Jog_c02f714f-e4e6-4da6-af07-cea8a03c0e5c.flatSegNyas,.flatsegnyas,16963,other
063ea5a0-23b1-4bb5-8537-3d924fe8ebb3,/home/izpiz/coding/automatic-raga-recognition/dataset/RagaDataset/Hindustani/features/063ea5a0-23b1-4bb5-8537-3d924fe8ebb3/Jasraj/Devataa/Bandish_In_Vlambit_Ektaal_-_Raag_Jog_3f66f0dc-73b7-48c4-8ad7-1f1a7dacd8bb.taniSegKNN,Bandish_In_Vlambit_Ektaal_-_Raag_Jog_3f66f0dc-73b7-48c4-8ad7-1f1a7dacd8bb.taniSegKNN,.tanisegknn,0,other
063ea5a0-23b1-4bb5-8537-3d924fe8ebb3,/home/izpiz/coding/automatic-raga-recognition/dataset/RagaDataset/Hindustani/features/063ea5a0-23b1-4bb5-8537-3d924fe8ebb3/Jasraj/Devataa/Alaap_And_Stuti_-_Raag_Jog_86d7779a-1610-4514-83a6-883997250abe.flatSegNyas,Alaap_And_Stuti_-_Raag_Jog_86d7779a-1610-4514-83a6-883997250abe.flatSegNyas,.flatsegnyas,3107,other
063ea5a0-23b1-4bb5-8537-3d924fe8ebb3,/home/izpiz/coding/automatic-raga-recognition/dataset/RagaDataset/Hindustani/features/063ea5a0-23b1-4bb5-8537-3d924fe8ebb3/Jasraj/Devataa/Bandish_In_Drut_Teentaal_-_Raag_Jog_c02f714f-e4e6-4da6-af07-cea8a03c0e5c.taniSegKNN,Bandish_In_Drut_Teentaal_-_Raag_Jog_c02f714f-e4e6-4da6-af07-cea8a03c0e5c.taniSegKNN,.tanisegknn,0,other
063ea5a0-23b1-4bb5-8537-3d924fe8ebb3,/home/izpiz/coding/automatic-raga-recognition/dataset/RagaDataset/Hindustani/features/063ea5a0-23b1-4bb5-8537-3d924fe8ebb3/Jasraj/Devataa/Alaap_And_Stuti_-_Raag_Jog_86d7779a-1610-4514-83a6-883997250abe.taniSegKNN,Alaap_And_Stuti_-_Raag_Jog_86d7779a-1610-4514-83a6-883997250abe.taniSegKNN,.tanisegknn,0,other
063ea5a0-23b1-4bb5-8537-3d924fe8ebb3,/home/izpiz/coding/automatic-raga-recognition/dataset/RagaDataset/Hindustani/features/063ea5a0-23b1-4bb5-8537-3d924fe8ebb3/Amir_Khan/From_The_Archives_Of_Sangeet_Natak_Akademi/Raga_Jog_7a383e3f-b0a6-4aca-92df-e53c3d928a2d.taniSegKNN,Raga_Jog_7a383e3f-b0a6-4aca-92df-e53c3d928a2d.taniSegKNN,.tanisegknn,0,other
063ea5a0-23b1-4bb5-8537-3d924fe8ebb3,/home/izpiz/coding/automatic-raga-recognition/dataset/RagaDataset/Hindustani/features/063ea5a0-23b1-4bb5-8537-3d924fe8ebb3/Amir_Khan/From_The_Archives_Of_Sangeet_Natak_Akademi/Raga_Jog_7a383e3f-b0a6-4aca-92df-e53c3d928a2d.flatSegNyas,Raga_Jog_7a383e3f-b0a6-4aca-92df-e53c3d928a2d.flatSegNyas,.flatsegnyas,17148,other
063ea5a0-23b1-4bb5-8537-3d924fe8ebb3,/home/izpiz/coding/automatic-raga-recognition/dataset/RagaDataset/Hindustani/features/063ea5a0-23b1-4bb5-8537-3d924fe8ebb3/Madhup_Mudgal/Eternal_Music/Raga_Jog_baea9093-d2c8-4529-8bc8-02ce7554c555.taniSegKNN,Raga_Jog_baea9093-d2c8-4529-8bc8-02ce7554c555.taniSegKNN,.tanisegknn,0,other
063ea5a0-23b1-4bb5-8537-3d924fe8ebb3,/home/izpiz/coding/automatic-raga-recognition/dataset/RagaDataset/Hindustani/features/063ea5a0-23b1-4bb5-8537-3d924fe8ebb3/Madhup_Mudgal/Eternal_Music/Raga_Jog_baea9093-d2c8-4529-8bc8-02ce7554c555.flatSegNyas,Raga_Jog_baea9093-d2c8-4529-8bc8-02ce7554c555.flatSegNyas,.flatsegnyas,10687,other
063ea5a0-23b1-4bb5-8537-3d924fe8ebb3,/home/izpiz/coding/automatic-raga-recognition/dataset/RagaDataset/Hindustani/features/063ea5a0-23b1-4bb5-8537-3d924fe8ebb3/Shrinivas_Joshi/Swarakruti/Raga_Jog_a7f6551d-9696-4713-becb-b22acf71a7db.taniSegKNN,Raga_Jog_a7f6551d-9696-4713-becb-b22acf71a7db.taniSegKNN,.tanisegknn,0,other
063ea5a0-23b1-4bb5-8537-3d924fe8ebb3,/home/izpiz/coding/automatic-raga-recognition/dataset/RagaDataset/Hindustani/features/063ea5a0-23b1-4bb5-8537-3d924fe8ebb3/Shrinivas_Joshi/Swarakruti/Raga_Jog_a7f6551d-9696-4713-becb-b22acf71a7db.flatSegNyas,Raga_Jog_a7f6551d-9696-4713-becb-b22acf71a7db.flatSegNyas,.flatsegnyas,4249,other
0b3bbf97-0ec3-41da-add4-722d87329ec3,/home/izpiz/coding/automatic-raga-recognition/dataset/RagaDataset/Hindustani/features/0b3bbf97-0ec3-41da-add4-722d87329ec3/Kaustuv_Kanti_Ganguli/Hindustani_Alaps/Raag_Madhukauns_89224046-f086-4530-b2a3-70f9ae697faf.taniSegKNN,Raag_Madhukauns_89224046-f086-4530-b2a3-70f9ae697faf.taniSegKNN,.tanisegknn,0,other
0b3bbf97-0ec3-41da-add4-722d87329ec3,/home/izpiz/coding/automatic-raga-recognition/dataset/RagaDataset/Hindustani/features/0b3bbf97-0ec3-41da-add4-722d87329ec3/Kaustuv_Kanti_Ganguli/Hindustani_Alaps/Raag_Madhukauns_89224046-f086-4530-b2a3-70f9ae697faf.flatSegNyas,Raag_Madhukauns_89224046-f086-4530-b2a3-70f9ae697faf.flatSegNyas,.flatsegnyas,5680,other
0b3bbf97-0ec3-41da-add4-722d87329ec3,/home/izpiz/coding/automatic-raga-recognition/dataset/RagaDataset/Hindustani/features/0b3bbf97-0ec3-41da-add4-722d87329ec3/Amir_Khan/The_Great_Heritage__Ustad_Amir_Khan/02_RAGA_-_MADHUKAUNS-_BAIRANBHAI_RAIN_57db6960-6038-4b48-b22f-a10d22752767.flatSegNyas,02_RAGA_-_MADHUKAUNS-_BAIRANBHAI_RAIN_57db6960-6038-4b48-b22f-a10d22752767.flatSegNyas,.flatsegnyas,13066,other
0b3bbf97-0ec3-41da-add4-722d87329ec3,/home/izpiz/coding/automatic-raga-recognition/dataset/RagaDataset/Hindustani/features/0b3bbf97-0ec3-41da-add4-722d87329ec3/Amir_Khan/The_Great_Heritage__Ustad_Amir_Khan/02_RAGA_-_MADHUKAUNS-_BAIRANBHAI_RAIN_57db6960-6038-4b48-b22f-a10d22752767.taniSegKNN,02_RAGA_-_MADHUKAUNS-_BAIRANBHAI_RAIN_57db6960-6038-4b48-b22f-a10d22752767.taniSegKNN,.tanisegknn,0,other
0b3bbf97-0ec3-41da-add4-722d87329ec3,/home/izpiz/coding/automatic-raga-recognition/dataset/RagaDataset/Hindustani/features/0b3bbf97-0ec3-41da-add4-722d87329ec3/Prabha_Atre/Madhukauns/Binati_Suno_Mori_6c0c6e87-c78c-44df-8955-3595575a06a7.flatSegNyas,Binati_Suno_Mori_6c0c6e87-c78c-44df-8955-3595575a06a7.flatSegNyas,.flatsegnyas,15422,other
0b3bbf97-0ec3-41da-add4-722d87329ec3,/home/izpiz/coding/automatic-raga-recognition/dataset/RagaDataset/Hindustani/features/0b3bbf97-0ec3-41da-add4-722d87329ec3/Prabha_Atre/Madhukauns/Tarana_Drut_Ektal_1174dd02-87d2-4be3-bae1-d222b8a5f5a4.taniSegKNN,Tarana_Drut_Ektal_1174dd02-87d2-4be3-bae1-d222b8a5f5a4.taniSegKNN,.tanisegknn,0,other
0b3bbf97-0ec3-41da-add4-722d87329ec3,/home/izpiz/coding/automatic-raga-recognition/dataset/RagaDataset/Hindustani/features/0b3bbf97-0ec3-41da-add4-722d87329ec3/Prabha_Atre/Madhukauns/Binati_Suno_Mori_6c0c6e87-c78c-44df-8955-3595575a06a7.taniSegKNN,Binati_Suno_Mori_6c0c6e87-c78c-44df-8955-3595575a06a7.taniSegKNN,.tanisegknn,0,other
0b3bbf97-0ec3-41da-add4-722d87329ec3,/home/izpiz/coding/automatic-raga-recognition/dataset/RagaDataset/Hindustani/features/0b3bbf97-0ec3-41da-add4-722d87329ec3/Prabha_Atre/Madhukauns/Tarana_Drut_Ektal_1174dd02-87d2-4be3-bae1-d222b8a5f5a4.flatSegNyas,Tarana_Drut_Ektal_1174dd02-87d2-4be3-bae1-d222b8a5f5a4.flatSegNyas,.flatsegnyas,15620,other
0b3bbf97-0ec3-41da-add4-722d87329ec3,/home/izpiz/coding/automatic-raga-recognition/dataset/RagaDataset/Hindustani/features/0b3bbf97-0ec3-41da-add4-722d87329ec3/Vasantrao_Deshpande/Dr__Vasant_Rao_Deshpande_(Compilation)/Dekho_Daras_Mohe_Ram__Aaja_Re_Aaja_Patikva_-_Khayal_1972_a0052c33-34b7-4e68-9dcd-121410c6ce36.flatSegNyas,Dekho_Daras_Mohe_Ram__Aaja_Re_Aaja_Patikva_-_Khayal_1972_a0052c33-34b7-4e68-9dcd-121410c6ce36.flatSegNyas,.flatsegnyas,9643,other
0b3bbf97-0ec3-41da-add4-722d87329ec3,/home/izpiz/coding/automatic-raga-recognition/dataset/RagaDataset/Hindustani/features/0b3bbf97-0ec3-41da-add4-722d87329ec3/Vasantrao_Deshpande/Dr__Vasant_Rao_Deshpande_(Compilation)/Dekho_Daras_Mohe_Ram__Aaja_Re_Aaja_Patikva_-_Khayal_1972_a0052c33-34b7-4e68-9dcd-121410c6ce36.taniSegKNN,Dekho_Daras_Mohe_Ram__Aaja_Re_Aaja_Patikva_-_Khayal_1972_a0052c33-34b7-4e68-9dcd-121410c6ce36.taniSegKNN,.tanisegknn,0,other
0b3bbf97-0ec3-41da-add4-722d87329ec3,/home/izpiz/coding/automatic-raga-recognition/dataset/RagaDataset/Hindustani/features/0b3bbf97-0ec3-41da-add4-722d87329ec3/Aarti_Anklikar_Tikekar/Ragamala/Madhukaunse_Raga_7084ac88-542c-4e84-8eda-dc9735201d18.taniSegKNN,Madhukaunse_Raga_7084ac88-542c-4e84-8eda-dc9735201d18.taniSegKNN,.tanisegknn,0,other
0b3bbf97-0ec3-41da-add4-722d87329ec3,/home/izpiz/coding/automatic-raga-recognition/dataset/RagaDataset/Hindustani/features/0b3bbf97-0ec3-41da-add4-722d87329ec3/Aarti_Anklikar_Tikekar/Ragamala/Madhukaunse_Raga_7084ac88-542c-4e84-8eda-dc9735201d18.flatSegNyas,Madhukaunse_Raga_7084ac88-542c-4e84-8eda-dc9735201d18.flatSegNyas,.flatsegnyas,15146,other
0b3bbf97-0ec3-41da-add4-722d87329ec3,/home/izpiz/coding/automatic-raga-recognition/dataset/RagaDataset/Hindustani/features/0b3bbf97-0ec3-41da-add4-722d87329ec3/Veena_Sahasrabuddhe/Bandish_Vol-1/Aajao_Shyam_31bc8850-a7cb-4a9f-bb4f-863e0e88728f.flatSegNyas,Aajao_Shyam_31bc8850-a7cb-4a9f-bb4f-863e0e88728f.flatSegNyas,.flatsegnyas,8768,other
0b3bbf97-0ec3-41da-add4-722d87329ec3,/home/izpiz/coding/automatic-raga-recognition/dataset/RagaDataset/Hindustani/features/0b3bbf97-0ec3-41da-add4-722d87329ec3/Veena_Sahasrabuddhe/Bandish_Vol-1/Alap_-_Raga_Madhukauns_a5b15aae-c911-4df5-944d-1d0d95b8b5b0.taniSegKNN,Alap_-_Raga_Madhukauns_a5b15aae-c911-4df5-944d-1d0d95b8b5b0.taniSegKNN,.tanisegknn,0,other
0b3bbf97-0ec3-41da-add4-722d87329ec3,/home/izpiz/coding/automatic-raga-recognition/dataset/RagaDataset/Hindustani/features/0b3bbf97-0ec3-41da-add4-722d87329ec3/Veena_Sahasrabuddhe/Bandish_Vol-1/Alap_-_Raga_Madhukauns_a5b15aae-c911-4df5-944d-1d0d95b8b5b0.flatSegNyas,Alap_-_Raga_Madhukauns_a5b15aae-c911-4df5-944d-1d0d95b8b5b0.flatSegNyas,.flatsegnyas,999,other
0b3bbf97-0ec3-41da-add4-722d87329ec3,/home/izpiz/coding/automatic-raga-recognition/dataset/RagaDataset/Hindustani/features/0b3bbf97-0ec3-41da-add4-722d87329ec3/Veena_Sahasrabuddhe/Bandish_Vol-1/Aajao_Shyam_31bc8850-a7cb-4a9f-bb4f-863e0e88728f.taniSegKNN,Aajao_Shyam_31bc8850-a7cb-4a9f-bb4f-863e0e88728f.taniSegKNN,.tanisegknn,0,other
0b3bbf97-0ec3-41da-add4-722d87329ec3,/home/izpiz/coding/automatic-raga-recognition/dataset/RagaDataset/Hindustani/features/0b3bbf97-0ec3-41da-add4-722d87329ec3/Veena_Sahasrabuddhe/Ritu_Chakra_Vol_1/Raga_Madhukauns_c35ea067-d200-40b6-ad61-241b206c97ed.flatSegNyas,Raga_Madhukauns_c35ea067-d200-40b6-ad61-241b206c97ed.flatSegNyas,.flatsegnyas,26536,other
0b3bbf97-0ec3-41da-add4-722d87329ec3,/home/izpiz/coding/automatic-raga-recognition/dataset/RagaDataset/Hindustani/features/0b3bbf97-0ec3-41da-add4-722d87329ec3/Veena_Sahasrabuddhe/Ritu_Chakra_Vol_1/Raga_Madhukauns_c35ea067-d200-40b6-ad61-241b206c97ed.taniSegKNN,Raga_Madhukauns_c35ea067-d200-40b6-ad61-241b206c97ed.taniSegKNN,.tanisegknn,0,other
0b3bbf97-0ec3-41da-add4-722d87329ec3,/home/izpiz/coding/automatic-raga-recognition/dataset/RagaDataset/Hindustani/features/0b3bbf97-0ec3-41da-add4-722d87329ec3/Jagdish_Prasad/Jewel_of_Jewels/Raga_Madhukosh_e516312d-00c4-4ccc-8875-9c84f0f30207.flatSegNyas,Raga_Madhukosh_e516312d-00c4-4ccc-8875-9c84f0f30207.flatSegNyas,.flatsegnyas,35417,other
0b3bbf97-0ec3-41da-add4-722d87329ec3,/home/izpiz/coding/automatic-raga-recognition/dataset/RagaDataset/Hindustani/features/0b3bbf97-0ec3-41da-add4-722d87329ec3/Jagdish_Prasad/Jewel_of_Jewels/Raga_Madhukosh_e516312d-00c4-4ccc-8875-9c84f0f30207.taniSegKNN,Raga_Madhukosh_e516312d-00c4-4ccc-8875-9c84f0f30207.taniSegKNN,.tanisegknn,0,other
118401e7-8de8-4d81-9d8e-8070889e3fa8,/home/izpiz/coding/automatic-raga-recognition/dataset/RagaDataset/Hindustani/features/118401e7-8de8-4d81-9d8e-8070889e3fa8/Ajay_Pohankar/Mehfil/Raag_Darbari_f5a6ba75-7be0-4a67-b1c3-3e49b060d384.taniSegKNN,Raag_Darbari_f5a6ba75-7be0-4a67-b1c3-3e49b060d384.taniSegKNN,.tanisegknn,0,other
118401e7-8de8-4d81-9d8e-8070889e3fa8,/home/izpiz/coding/automatic-raga-recognition/dataset/RagaDataset/Hindustani/features/118401e7-8de8-4d81-9d8e-8070889e3fa8/Ajay_Pohankar/Mehfil/Raag_Darbari_f5a6ba75-7be0-4a67-b1c3-3e49b060d384.flatSegNyas,Raag_Darbari_f5a6ba75-7be0-4a67-b1c3-3e49b060d384.flatSegNyas,.flatsegnyas,44572,other
118401e7-8de8-4d81-9d8e-8070889e3fa8,/home/izpiz/coding/automatic-raga-recognition/dataset/RagaDataset/Hindustani/features/118401e7-8de8-4d81-9d8e-8070889e3fa8/Bade_Ghulam_Ali_Khan/Ustad_Bade_Ghulam_Ali_Khan/Raga_Darbari_Kanada_98e14bae-50ae-4c9b-bb39-693ef89fc5b2.taniSegKNN,Raga_Darbari_Kanada_98e14bae-50ae-4c9b-bb39-693ef89fc5b2.taniSegKNN,.tanisegknn,0,other
118401e7-8de8-4d81-9d8e-8070889e3fa8,/home/izpiz/coding/automatic-raga-recognition/dataset/RagaDataset/Hindustani/features/118401e7-8de8-4d81-9d8e-8070889e3fa8/Bade_Ghulam_Ali_Khan/Ustad_Bade_Ghulam_Ali_Khan/Raga_Darbari_Kanada_98e14bae-50ae-4c9b-bb39-693ef89fc5b2.flatSegNyas,Raga_Darbari_Kanada_98e14bae-50ae-4c9b-bb39-693ef89fc5b2.flatSegNyas,.flatsegnyas,33625,other
118401e7-8de8-4d81-9d8e-8070889e3fa8,/home/izpiz/coding/automatic-raga-recognition/dataset/RagaDataset/Hindustani/features/118401e7-8de8-4d81-9d8e-8070889e3fa8/Jayateerth_Mevundi/Jayateerth_Mevundi_Classical_Vocal/Raga_Darbari_Kanada_b0434093-2d8b-4c8d-aaa8-7fb44bd1ce0e.flatSegNyas,Raga_Darbari_Kanada_b0434093-2d8b-4c8d-aaa8-7fb44bd1ce0e.flatSegNyas,.flatsegnyas,24141,other
118401e7-8de8-4d81-9d8e-8070889e3fa8,/home/izpiz/coding/automatic-raga-recognition/dataset/RagaDataset/Hindustani/features/118401e7-8de8-4d81-9d8e-8070889e3fa8/Jayateerth_Mevundi/Jayateerth_Mevundi_Classical_Vocal/Raga_Darbari_Kanada_b0434093-2d8b-4c8d-aaa8-7fb44bd1ce0e.taniSegKNN,Raga_Darbari_Kanada_b0434093-2d8b-4c8d-aaa8-7fb44bd1ce0e.taniSegKNN,.tanisegknn,0,other
118401e7-8de8-4d81-9d8e-8070889e3fa8,/home/izpiz/coding/automatic-raga-recognition/dataset/RagaDataset/Hindustani/features/118401e7-8de8-4d81-9d8e-8070889e3fa8/Jayateerth_Mevundi/Raag_Darbari__Rendition_of_Late_Evening_Raga/Raag_Darbari_7ee9570e-7f04-4f1c-819a-ec044318e15c.flatSegNyas,Raag_Darbari_7ee9570e-7f04-4f1c-819a-ec044318e15c.flatSegNyas,.flatsegnyas,42754,other
118401e7-8de8-4d81-9d8e-8070889e3fa8,/home/izpiz/coding/automatic-raga-recognition/dataset/RagaDataset/Hindustani/features/118401e7-8de8-4d81-9d8e-8070889e3fa8/Jayateerth_Mevundi/Raag_Darbari__Rendition_of_Late_Evening_Raga/Raag_Darbari_7ee9570e-7f04-4f1c-819a-ec044318e15c.taniSegKNN,Raag_Darbari_7ee9570e-7f04-4f1c-819a-ec044318e15c.taniSegKNN,.tanisegknn,0,other
118401e7-8de8-4d81-9d8e-8070889e3fa8,/home/izpiz/coding/automatic-raga-recognition/dataset/RagaDataset/Hindustani/features/118401e7-8de8-4d81-9d8e-8070889e3fa8/Rashid_Khan/The_Genius_Of_Ustad_Rashid_Khan/Raga_Darbari_Kanada_-_Vilambit_Khayal_In_Ek_Iaal_-_Drut_Khayal_In_Teen_Taal_01df0bee-b090-4b1d-bbdc-84e1c436635b.flatSegNyas,Raga_Darbari_Kanada_-_Vilambit_Khayal_In_Ek_Iaal_-_Drut_Khayal_In_Teen_Taal_01df0bee-b090-4b1d-bbdc-84e1c436635b.flatSegNyas,.flatsegnyas,25608,other
118401e7-8de8-4d81-9d8e-8070889e3fa8,/home/izpiz/coding/automatic-raga-recognition/dataset/RagaDataset/Hindustani/features/118401e7-8de8-4d81-9d8e-8070889e3fa8/Rashid_Khan/The_Genius_Of_Ustad_Rashid_Khan/Raga_Darbari_Kanada_-_Vilambit_Khayal_In_Ek_Iaal_-_Drut_Khayal_In_Teen_Taal_01df0bee-b090-4b1d-bbdc-84e1c436635b.taniSegKNN,Raga_Darbari_Kanada_-_Vilambit_Khayal_In_Ek_Iaal_-_Drut_Khayal_In_Teen_Taal_01df0bee-b090-4b1d-bbdc-84e1c436635b.taniSegKNN,.tanisegknn,0,other
118401e7-8de8-4d81-9d8e-8070889e3fa8,/home/izpiz/coding/automatic-raga-recognition/dataset/RagaDataset/Hindustani/features/118401e7-8de8-4d81-9d8e-8070889e3fa8/Rashid_Khan/One___Only_Rashid/Bandish_in_Raag_Darbari_8d01b397-5d3f-4fdd-8c9a-a8a3a4e18709.flatSegNyas,Bandish_in_Raag_Darbari_8d01b397-5d3f-4fdd-8c9a-a8a3a4e18709.flatSegNyas,.flatsegnyas,11184,other
118401e7-8de8-4d81-9d8e-8070889e3fa8,/home/izpiz/coding/automatic-raga-recognition/dataset/RagaDataset/Hindustani/features/118401e7-8de8-4d81-9d8e-8070889e3fa8/Rashid_Khan/One___Only_Rashid/Bandish_in_Raag_Darbari_8d01b397-5d3f-4fdd-8c9a-a8a3a4e18709.taniSegKNN,Bandish_in_Raag_Darbari_8d01b397-5d3f-4fdd-8c9a-a8a3a4e18709.taniSegKNN,.tanisegknn,0,other
118401e7-8de8-4d81-9d8e-8070889e3fa8,/home/izpiz/coding/automatic-raga-recognition/dataset/RagaDataset/Hindustani/features/118401e7-8de8-4d81-9d8e-8070889e3fa8/Ulhas_Kashalkar/Mellow_Moods/Raga_-_Darbari_Kanada_91bbdaa0-551d-454b-97f3-67c89c72f8d5.flatSegNyas,Raga_-_Darbari_Kanada_91bbdaa0-551d-454b-97f3-67c89c72f8d5.flatSegNyas,.flatsegnyas,30380,other
118401e7-8de8-4d81-9d8e-8070889e3fa8,/home/izpiz/coding/automatic-raga-recognition/dataset/RagaDataset/Hindustani/features/118401e7-8de8-4d81-9d8e-8070889e3fa8/Ulhas_Kashalkar/Mellow_Moods/Raga_-_Darbari_Kanada_91bbdaa0-551d-454b-97f3-67c89c72f8d5.taniSegKNN,Raga_-_Darbari_Kanada_91bbdaa0-551d-454b-97f3-67c89c72f8d5.taniSegKNN,.tanisegknn,0,other
118401e7-8de8-4d81-9d8e-8070889e3fa8,/home/izpiz/coding/automatic-raga-recognition/dataset/RagaDataset/Hindustani/features/118401e7-8de8-4d81-9d8e-8070889e3fa8/Jasraj/Legends__Sangeet_Martand_Pandit_Jasraj_(Vol__5)/Raga_-_Darbari_6e4dea78-ec22-479a-9e3c-c253a6deba7c.taniSegKNN,Raga_-_Darbari_6e4dea78-ec22-479a-9e3c-c253a6deba7c.taniSegKNN,.tanisegknn,0,other
118401e7-8de8-4d81-9d8e-8070889e3fa8,/home/izpiz/coding/automatic-raga-recognition/dataset/RagaDataset/Hindustani/features/118401e7-8de8-4d81-9d8e-8070889e3fa8/Jasraj/Legends__Sangeet_Martand_Pandit_Jasraj_(Vol__5)/Raga_-_Darbari_6e4dea78-ec22-479a-9e3c-c253a6deba7c.flatSegNyas,Raga_-_Darbari_6e4dea78-ec22-479a-9e3c-c253a6deba7c.flatSegNyas,.flatsegnyas,15403,other
118401e7-8de8-4d81-9d8e-8070889e3fa8,/home/izpiz/coding/automatic-raga-recognition/dataset/RagaDataset/Hindustani/features/118401e7-8de8-4d81-9d8e-8070889e3fa8/Madhup_Mudgal/Eternal_Music/Raga_Darbari_Kanhada_1f5947f8-e4b8-47e4-86a6-8a817dbf8554.taniSegKNN,Raga_Darbari_Kanhada_1f5947f8-e4b8-47e4-86a6-8a817dbf8554.taniSegKNN,.tanisegknn,0,other
118401e7-8de8-4d81-9d8e-8070889e3fa8,/home/izpiz/coding/automatic-raga-recognition/dataset/RagaDataset/Hindustani/features/118401e7-8de8-4d81-9d8e-8070889e3fa8/Madhup_Mudgal/Eternal_Music/Raga_Darbari_Kanhada_1f5947f8-e4b8-47e4-86a6-8a817dbf8554.flatSegNyas,Raga_Darbari_Kanhada_1f5947f8-e4b8-47e4-86a6-8a817dbf8554.flatSegNyas,.flatsegnyas,20765,other
118401e7-8de8-4d81-9d8e-8070889e3fa8,/home/izpiz/coding/automatic-raga-recognition/dataset/RagaDataset/Hindustani/features/118401e7-8de8-4d81-9d8e-8070889e3fa8/Ghulam_Mustafa_Khan/Timeless/Darbari_Kanada_f5cb8fde-2483-407c-896e-1d5a777aac2e.taniSegKNN,Darbari_Kanada_f5cb8fde-2483-407c-896e-1d5a777aac2e.taniSegKNN,.tanisegknn,0,other
118401e7-8de8-4d81-9d8e-8070889e3fa8,/home/izpiz/coding/automatic-raga-recognition/dataset/RagaDataset/Hindustani/features/118401e7-8de8-4d81-9d8e-8070889e3fa8/Ghulam_Mustafa_Khan/Timeless/Darbari_Kanada_f5cb8fde-2483-407c-896e-1d5a777aac2e.flatSegNyas,Darbari_Kanada_f5cb8fde-2483-407c-896e-1d5a777aac2e.flatSegNyas,.flatsegnyas,14392,other
1b05a564-059f-445b-b325-cf26318367e3,/home/izpiz/coding/automatic-raga-recognition/dataset/RagaDataset/Hindustani/features/1b05a564-059f-445b-b325-cf26318367e3/Rashid_Khan/One___Only_Rashid/Bijuri_Chamake_Barase_916fd45f-ddda-49e2-be63-207fc56a411e.flatSegNyas,Bijuri_Chamake_Barase_916fd45f-ddda-49e2-be63-207fc56a411e.flatSegNyas,.flatsegnyas,11769,other
1b05a564-059f-445b-b325-cf26318367e3,/home/izpiz/coding/automatic-raga-recognition/dataset/RagaDataset/Hindustani/features/1b05a564-059f-445b-b325-cf26318367e3/Rashid_Khan/One___Only_Rashid/Bijuri_Chamake_Barase_916fd45f-ddda-49e2-be63-207fc56a411e.taniSegKNN,Bijuri_Chamake_Barase_916fd45f-ddda-49e2-be63-207fc56a411e.taniSegKNN,.tanisegknn,0,other
1b05a564-059f-445b-b325-cf26318367e3,/home/izpiz/coding/automatic-raga-recognition/dataset/RagaDataset/Hindustani/features/1b05a564-059f-445b-b325-cf26318367e3/Bhimsen_Joshi/Raagadhiraj/Kareem_Naam_and_At_Ghumar_Aayi_Badariya_37686ac1-797f-44f5-a3c9-5e8690beb8ec.flatSegNyas,Kareem_Naam_and_At_Ghumar_Aayi_Badariya_37686ac1-797f-44f5-a3c9-5e8690beb8ec.flatSegNyas,.flatsegnyas,12237,other
1b05a564-059f-445b-b325-cf26318367e3,/home/izpiz/coding/automatic-raga-recognition/dataset/RagaDataset/Hindustani/features/1b05a564-059f-445b-b325-cf26318367e3/Bhimsen_Joshi/Raagadhiraj/Kareem_Naam_and_At_Ghumar_Aayi_Badariya_37686ac1-797f-44f5-a3c9-5e8690beb8ec.taniSegKNN,Kareem_Naam_and_At_Ghumar_Aayi_Badariya_37686ac1-797f-44f5-a3c9-5e8690beb8ec.taniSegKNN,.tanisegknn,0,other
1b05a564-059f-445b-b325-cf26318367e3,/home/izpiz/coding/automatic-raga-recognition/dataset/RagaDataset/Hindustani/features/1b05a564-059f-445b-b325-cf26318367e3/Bhimsen_Joshi/Naad_Brahma_-_The_Eternal_Voice_Volume_1/Raga_Mian_Ki_Malhar_-_Vilambit_Khayal_In_Ektaal_9cb37475-852e-4f7c-81c6-78824d08b839.taniSegKNN,Raga_Mian_Ki_Malhar_-_Vilambit_Khayal_In_Ektaal_9cb37475-852e-4f7c-81c6-78824d08b839.taniSegKNN,.tanisegknn,0,other
1b05a564-059f-445b-b325-cf26318367e3,/home/izpiz/coding/automatic-raga-recognition/dataset/RagaDataset/Hindustani/features/1b05a564-059f-445b-b325-cf26318367e3/Bhimsen_Joshi/Naad_Brahma_-_The_Eternal_Voice_Volume_1/Raga_Mian_Ki_Malhar_-_Vilambit_Khayal_In_Ektaal_9cb37475-852e-4f7c-81c6-78824d08b839.flatSegNyas,Raga_Mian_Ki_Malhar_-_Vilambit_Khayal_In_Ektaal_9cb37475-852e-4f7c-81c6-78824d08b839.flatSegNyas,.flatsegnyas,28017,other
1b05a564-059f-445b-b325-cf26318367e3,/home/izpiz/coding/automatic-raga-recognition/dataset/RagaDataset/Hindustani/features/1b05a564-059f-445b-b325-cf26318367e3/C_R_Vyas/Legends_Forever/Raga_Mian_Malhar_-_Vilambit_9010c587-1419-425c-966c-cfbb6b80891f.flatSegNyas,Raga_Mian_Malhar_-_Vilambit_9010c587-1419-425c-966c-cfbb6b80891f.flatSegNyas,.flatsegnyas,33124,other
1b05a564-059f-445b-b325-cf26318367e3,/home/izpiz/coding/automatic-raga-recognition/dataset/RagaDataset/Hindustani/features/1b05a564-059f-445b-b325-cf26318367e3/C_R_Vyas/Legends_Forever/Raga_Mian_Malhar_-_Vilambit_9010c587-1419-425c-966c-cfbb6b80891f.taniSegKNN,Raga_Mian_Malhar_-_Vilambit_9010c587-1419-425c-966c-cfbb6b80891f.taniSegKNN,.tanisegknn,0,other
1b05a564-059f-445b-b325-cf26318367e3,/home/izpiz/coding/automatic-raga-recognition/dataset/RagaDataset/Hindustani/features/1b05a564-059f-445b-b325-cf26318367e3/Deborshee_Bhattacharya/Raag_Mian_Malhar___Ramdasi_Malhar/Raag_Mian_Malhar_1f9922a5-0366-4461-96ac-81a31703416b.flatSegNyas,Raag_Mian_Malhar_1f9922a5-0366-4461-96ac-81a31703416b.flatSegNyas,.flatsegnyas,66164,other
1b05a564-059f-445b-b325-cf26318367e3,/home/izpiz/coding/automatic-raga-recognition/dataset/RagaDataset/Hindustani/features/1b05a564-059f-445b-b325-cf26318367e3/Deborshee_Bhattacharya/Raag_Mian_Malhar___Ramdasi_Malhar/Raag_Mian_Malhar_1f9922a5-0366-4461-96ac-81a31703416b.taniSegKNN,Raag_Mian_Malhar_1f9922a5-0366-4461-96ac-81a31703416b.taniSegKNN,.tanisegknn,0,other
1b05a564-059f-445b-b325-cf26318367e3,/home/izpiz/coding/automatic-raga-recognition/dataset/RagaDataset/Hindustani/features/1b05a564-059f-445b-b325-cf26318367e3/Jasraj/Classical_Wonders_of_India/Raga_Miyan_Ki_Malhar_dcd3f7ef-a962-4664-8cbb-3902ad43d935.flatSegNyas,Raga_Miyan_Ki_Malhar_dcd3f7ef-a962-4664-8cbb-3902ad43d935.flatSegNyas,.flatsegnyas,31541,other
1b05a564-059f-445b-b325-cf26318367e3,/home/izpiz/coding/automatic-raga-recognition/dataset/RagaDataset/Hindustani/features/1b05a564-059f-445b-b325-cf26318367e3/Jasraj/Classical_Wonders_of_India/Raga_Miyan_Ki_Malhar_dcd3f7ef-a962-4664-8cbb-3902ad43d935.taniSegKNN,Raga_Miyan_Ki_Malhar_dcd3f7ef-a962-4664-8cbb-3902ad43d935.taniSegKNN,.tanisegknn,0,other
1b05a564-059f-445b-b325-cf26318367e3,/home/izpiz/coding/automatic-raga-recognition/dataset/RagaDataset/Hindustani/features/1b05a564-059f-445b-b325-cf26318367e3/Kumar_Gandharv/The_Genius_Of_Pt__Kumar_Gandharv/Raga_Miyan_Malhar_6c573272-1f4a-4504-b7e1-996f877e1e15.flatSegNyas,Raga_Miyan_Malhar_6c573272-1f4a-4504-b7e1-996f877e1e15.flatSegNyas,.flatsegnyas,21903,other
1b05a564-059f-445b-b325-cf26318367e3,/home/izpiz/coding/automatic-raga-recognition/dataset/RagaDataset/Hindustani/features/1b05a564-059f-445b-b325-cf26318367e3/Kumar_Gandharv/The_Genius_Of_Pt__Kumar_Gandharv/Raga_Miyan_Malhar_6c573272-1f4a-4504-b7e1-996f877e1e15.taniSegKNN,Raga_Miyan_Malhar_6c573272-1f4a-4504-b7e1-996f877e1e15.taniSegKNN,.tanisegknn,0,other
1b05a564-059f-445b-b325-cf26318367e3,/home/izpiz/coding/automatic-raga-recognition/dataset/RagaDataset/Hindustani/features/1b05a564-059f-445b-b325-cf26318367e3/Prabha_Atre/Chaitanya/Raga_Miyan_Malhar_Khayal_3ce024ce-395c-45a7-9236-ac282eb21aa3.flatSegNyas,Raga_Miyan_Malhar_Khayal_3ce024ce-395c-45a7-9236-ac282eb21aa3.flatSegNyas,.flatsegnyas,54646,other
1b05a564-059f-445b-b325-cf26318367e3,/home/izpiz/coding/automatic-raga-recognition/dataset/RagaDataset/Hindustani/features/1b05a564-059f-445b-b325-cf26318367e3/Prabha_Atre/Chaitanya/Raga_Miyan_Malhar_Khayal_3ce024ce-395c-45a7-9236-ac282eb21aa3.taniSegKNN,Raga_Miyan_Malhar_Khayal_3ce024ce-395c-45a7-9236-ac282eb21aa3.taniSegKNN,.tanisegknn,0,other
1b05a564-059f-445b-b325-cf26318367e3,/home/izpiz/coding/automatic-raga-recognition/dataset/RagaDataset/Hindustani/features/1b05a564-059f-445b-b325-cf26318367e3/Veena_Sahasrabuddhe/Tribute_To_Miyan_Tansen_Vol-1/Karim_Naam_Tero_and_Gahar_Aayo_Re_Badarva_6848a21a-20da-4023-a608-332870105a92.taniSegKNN,Karim_Naam_Tero_and_Gahar_Aayo_Re_Badarva_6848a21a-20da-4023-a608-332870105a92.taniSegKNN,.tanisegknn,0,other
1b05a564-059f-445b-b325-cf26318367e3,/home/izpiz/coding/automatic-raga-recognition/dataset/RagaDataset/Hindustani/features/1b05a564-059f-445b-b325-cf26318367e3/Veena_Sahasrabuddhe/Tribute_To_Miyan_Tansen_Vol-1/Karim_Naam_Tero_and_Gahar_Aayo_Re_Badarva_6848a21a-20da-4023-a608-332870105a92.flatSegNyas,Karim_Naam_Tero_and_Gahar_Aayo_Re_Badarva_6848a21a-20da-4023-a608-332870105a92.flatSegNyas,.flatsegnyas,32282,other
1b05a564-059f-445b-b325-cf26318367e3,/home/izpiz/coding/automatic-raga-recognition/dataset/RagaDataset/Hindustani/features/1b05a564-059f-445b-b325-cf26318367e3/Satyasheel_Deshpande/Raag_Mian_Malhar___Ramdasi_Malhar/Raag_Mian_Malhar_adf0b8ea-cc74-410f-bd52-d59c08c78783.taniSegKNN,Raag_Mian_Malhar_adf0b8ea-cc74-410f-bd52-d59c08c78783.taniSegKNN,.tanisegknn,0,other
1b05a564-059f-445b-b325-cf26318367e3,/home/izpiz/coding/automatic-raga-recognition/dataset/RagaDataset/Hindustani/features/1b05a564-059f-445b-b325-cf26318367e3/Satyasheel_Deshpande/Raag_Mian_Malhar___Ramdasi_Malhar/Raag_Mian_Malhar_adf0b8ea-cc74-410f-bd52-d59c08c78783.flatSegNyas,Raag_Mian_Malhar_adf0b8ea-cc74-410f-bd52-d59c08c78783.flatSegNyas,.flatsegnyas,55562,other
1e7de02f-e77f-405a-a033-f31117aaf955,/home/izpiz/coding/automatic-raga-recognition/dataset/RagaDataset/Hindustani/features/1e7de02f-e77f-405a-a033-f31117aaf955/Abdul_Rashid_Khan/Rasan_Piya_-_Volume_4/Magwa_Pe_Rokey_Thharo_Ree_8718d4df-5fcb-419f-b209-5d34b2474a28.flatSegNyas,Magwa_Pe_Rokey_Thharo_Ree_8718d4df-5fcb-419f-b209-5d34b2474a28.flatSegNyas,.flatsegnyas,8488,other
1e7de02f-e77f-405a-a033-f31117aaf955,/home/izpiz/coding/automatic-raga-recognition/dataset/RagaDataset/Hindustani/features/1e7de02f-e77f-405a-a033-f31117aaf955/Abdul_Rashid_Khan/Rasan_Piya_-_Volume_4/Malana_Gungh_Lao_Is_Banre_Kay_Se_Sehara_3956d76d-876b-4e34-a6dd-c8ecfc057ff8.flatSegNyas,Malana_Gungh_Lao_Is_Banre_Kay_Se_Sehara_3956d76d-876b-4e34-a6dd-c8ecfc057ff8.flatSegNyas,.flatsegnyas,23935,other
1e7de02f-e77f-405a-a033-f31117aaf955,/home/izpiz/coding/automatic-raga-recognition/dataset/RagaDataset/Hindustani/features/1e7de02f-e77f-405a-a033-f31117aaf955/Abdul_Rashid_Khan/Rasan_Piya_-_Volume_4/Malana_Gungh_Lao_Is_Banre_Kay_Se_Sehara_3956d76d-876b-4e34-a6dd-c8ecfc057ff8.taniSegKNN,Malana_Gungh_Lao_Is_Banre_Kay_Se_Sehara_3956d76d-876b-4e34-a6dd-c8ecfc057ff8.taniSegKNN,.tanisegknn,0,other
1e7de02f-e77f-405a-a033-f31117aaf955,/home/izpiz/coding/automatic-raga-recognition/dataset/RagaDataset/Hindustani/features/1e7de02f-e77f-405a-a033-f31117aaf955/Abdul_Rashid_Khan/Rasan_Piya_-_Volume_4/Pratham_Man_Nirankar_Devan_Man_Mahadev_30408242-719e-4efb-a72d-fc1dc2833db7.taniSegKNN,Pratham_Man_Nirankar_Devan_Man_Mahadev_30408242-719e-4efb-a72d-fc1dc2833db7.taniSegKNN,.tanisegknn,0,other
1e7de02f-e77f-405a-a033-f31117aaf955,/home/izpiz/coding/automatic-raga-recognition/dataset/RagaDataset/Hindustani/features/1e7de02f-e77f-405a-a033-f31117aaf955/Abdul_Rashid_Khan/Rasan_Piya_-_Volume_4/Pratham_Man_Nirankar_Devan_Man_Mahadev_30408242-719e-4efb-a72d-fc1dc2833db7.flatSegNyas,Pratham_Man_Nirankar_Devan_Man_Mahadev_30408242-719e-4efb-a72d-fc1dc2833db7.flatSegNyas,.flatsegnyas,7436,other
1e7de02f-e77f-405a-a033-f31117aaf955,/home/izpiz/coding/automatic-raga-recognition/dataset/RagaDataset/Hindustani/features/1e7de02f-e77f-405a-a033-f31117aaf955/Abdul_Rashid_Khan/Rasan_Piya_-_Volume_4/Dir_Tana_Dir-Dir_Ta-Dir_(Tarana)_52c68301-d913-4208-adc6-c2cf8d2003d3.flatSegNyas,Dir_Tana_Dir-Dir_Ta-Dir_(Tarana)_52c68301-d913-4208-adc6-c2cf8d2003d3.flatSegNyas,.flatsegnyas,6977,other
1e7de02f-e77f-405a-a033-f31117aaf955,/home/izpiz/coding/automatic-raga-recognition/dataset/RagaDataset/Hindustani/features/1e7de02f-e77f-405a-a033-f31117aaf955/Abdul_Rashid_Khan/Rasan_Piya_-_Volume_4/Dir_Tana_Dir-Dir_Ta-Dir_(Tarana)_52c68301-d913-4208-adc6-c2cf8d2003d3.taniSegKNN,Dir_Tana_Dir-Dir_Ta-Dir_(Tarana)_52c68301-d913-4208-adc6-c2cf8d2003d3.taniSegKNN,.tanisegknn,0,other
1e7de02f-e77f-405a-a033-f31117aaf955,/home/izpiz/coding/automatic-raga-recognition/dataset/RagaDataset/Hindustani/features/1e7de02f-e77f-405a-a033-f31117aaf955/Abdul_Rashid_Khan/Rasan_Piya_-_Volume_4/Magwa_Pe_Rokey_Thharo_Ree_8718d4df-5fcb-419f-b209-5d34b2474a28.taniSegKNN,Magwa_Pe_Rokey_Thharo_Ree_8718d4df-5fcb-419f-b209-5d34b2474a28.taniSegKNN,.tanisegknn,0,other
1e7de02f-e77f-405a-a033-f31117aaf955,/home/izpiz/coding/automatic-raga-recognition/dataset/RagaDataset/Hindustani/features/1e7de02f-e77f-405a-a033-f31117aaf955/Rashid_Khan/The_Song_Of_Shiva/Raga_Bhairav_2b1da797-d9f6-47bc-93c0-d19f5de0fa5d.flatSegNyas,Raga_Bhairav_2b1da797-d9f6-47bc-93c0-d19f5de0fa5d.flatSegNyas,.flatsegnyas,44447,other
1e7de02f-e77f-405a-a033-f31117aaf955,/home/izpiz/coding/automatic-raga-recognition/dataset/RagaDataset/Hindustani/features/1e7de02f-e77f-405a-a033-f31117aaf955/Rashid_Khan/The_Song_Of_Shiva/Raga_Bhairav_c207da5f-60fa-4622-b735-a9bd3425e8fd.flatSegNyas,Raga_Bhairav_c207da5f-60fa-4622-b735-a9bd3425e8fd.flatSegNyas,.flatsegnyas,12083,other
1e7de02f-e77f-405a-a033-f31117aaf955,/home/izpiz/coding/automatic-raga-recognition/dataset/RagaDataset/Hindustani/features/1e7de02f-e77f-405a-a033-f31117aaf955/Rashid_Khan/The_Song_Of_Shiva/Raga_Bhairav_c207da5f-60fa-4622-b735-a9bd3425e8fd.taniSegKNN,Raga_Bhairav_c207da5f-60fa-4622-b735-a9bd3425e8fd.taniSegKNN,.tanisegknn,0,other
1e7de02f-e77f-405a-a033-f31117aaf955,/home/izpiz/coding/automatic-raga-recognition/dataset/RagaDataset/Hindustani/features/1e7de02f-e77f-405a-a033-f31117aaf955/Rashid_Khan/The_Song_Of_Shiva/Raga_Bhairav_2b1da797-d9f6-47bc-93c0-d19f5de0fa5d.taniSegKNN,Raga_Bhairav_2b1da797-d9f6-47bc-93c0-d19f5de0fa5d.taniSegKNN,.tanisegknn,0,other
1e7de02f-e77f-405a-a033-f31117aaf955,/home/izpiz/coding/automatic-raga-recognition/dataset/RagaDataset/Hindustani/features/1e7de02f-e77f-405a-a033-f31117aaf955/Prabha_Atre/Gaan_Prabha/Man_Re_Tu_Kar_Dhyan_5a73fd2e-2308-49c3-81de-e3baa95d2c1b.taniSegKNN,Man_Re_Tu_Kar_Dhyan_5a73fd2e-2308-49c3-81de-e3baa95d2c1b.taniSegKNN,.tanisegknn,0,other
1e7de02f-e77f-405a-a033-f31117aaf955,/home/izpiz/coding/automatic-raga-recognition/dataset/RagaDataset/Hindustani/features/1e7de02f-e77f-405a-a033-f31117aaf955/Prabha_Atre/Gaan_Prabha/Man_Re_Tu_Kar_Dhyan_5a73fd2e-2308-49c3-81de-e3baa95d2c1b.flatSegNyas,Man_Re_Tu_Kar_Dhyan_5a73fd2e-2308-49c3-81de-e3baa95d2c1b.flatSegNyas,.flatsegnyas,26922,other
1e7de02f-e77f-405a-a033-f31117aaf955,/home/izpiz/coding/automatic-raga-recognition/dataset/RagaDataset/Hindustani/features/1e7de02f-e77f-405a-a033-f31117aaf955/Kumar_Gandharva/Raga_Bhairav_Ke_Prakaar/Rag_Bhairav_(Jhaptal)_3abaaa52-4c95-4e8b-beda-37bc3d01f763.flatSegNyas,Rag_Bhairav_(Jhaptal)_3abaaa52-4c95-4e8b-beda-37bc3d01f763.flatSegNyas,.flatsegnyas,14693,other
1e7de02f-e77f-405a-a033-f31117aaf955,/home/izpiz/coding/automatic-raga-recognition/dataset/RagaDataset/Hindustani/features/1e7de02f-e77f-405a-a033-f31117aaf955/Kumar_Gandharva/Raga_Bhairav_Ke_Prakaar/Rag_Bhairav_(Jhaptal)_3abaaa52-4c95-4e8b-beda-37bc3d01f763.taniSegKNN,Rag_Bhairav_(Jhaptal)_3abaaa52-4c95-4e8b-beda-37bc3d01f763.taniSegKNN,.tanisegknn,0,other
1e7de02f-e77f-405a-a033-f31117aaf955,/home/izpiz/coding/automatic-raga-recognition/dataset/RagaDataset/Hindustani/features/1e7de02f-e77f-405a-a033-f31117aaf955/Kumar_Gandharva/Raag_Bhairav___Dhani/Raag_Bhairav_0a11bf6f-b55d-459c-9447-7a5a555a286f.flatSegNyas,Raag_Bhairav_0a11bf6f-b55d-459c-9447-7a5a555a286f.flatSegNyas,.flatsegnyas,19690,other
1e7de02f-e77f-405a-a033-f31117aaf955,/home/izpiz/coding/automatic-raga-recognition/dataset/RagaDataset/Hindustani/features/1e7de02f-e77f-405a-a033-f31117aaf955/Kumar_Gandharva/Raag_Bhairav___Dhani/Raag_Bhairav_0a11bf6f-b55d-459c-9447-7a5a555a286f.taniSegKNN,Raag_Bhairav_0a11bf6f-b55d-459c-9447-7a5a555a286f.taniSegKNN,.tanisegknn,0,other
1e7de02f-e77f-405a-a033-f31117aaf955,/home/izpiz/coding/automatic-raga-recognition/dataset/RagaDataset/Hindustani/features/1e7de02f-e77f-405a-a033-f31117aaf955/Salamat_Ali_Khan/Timeless_Music_From_Pakistan_Vol__2/Raga_Bhairav_ef6c848a-8f36-49fa-98f1-2b3d40391ddd.flatSegNyas,Raga_Bhairav_ef6c848a-8f36-49fa-98f1-2b3d40391ddd.flatSegNyas,.flatsegnyas,10175,other
1e7de02f-e77f-405a-a033-f31117aaf955,/home/izpiz/coding/automatic-raga-recognition/dataset/RagaDataset/Hindustani/features/1e7de02f-e77f-405a-a033-f31117aaf955/Salamat_Ali_Khan/Timeless_Music_From_Pakistan_Vol__2/Raga_Bhairav_ef6c848a-8f36-49fa-98f1-2b3d40391ddd.taniSegKNN,Raga_Bhairav_ef6c848a-8f36-49fa-98f1-2b3d40391ddd.taniSegKNN,.tanisegknn,0,other
290674e0-d94c-41c1-ad99-f65fa22a1447,/home/izpiz/coding/automatic-raga-recognition/dataset/RagaDataset/Hindustani/features/290674e0-d94c-41c1-ad99-f65fa22a1447/Bhimsen_Joshi/Swaradhiraj_Vol__2/Raga_Madhuvanti_67b90abb-08cb-4473-9224-343b21e4681a.taniSegKNN,Raga_Madhuvanti_67b90abb-08cb-4473-9224-343b21e4681a.taniSegKNN,.tanisegknn,0,other
290674e0-d94c-41c1-ad99-f65fa22a1447,/home/izpiz/coding/automatic-raga-recognition/dataset/RagaDataset/Hindustani/features/290674e0-d94c-41c1-ad99-f65fa22a1447/Bhimsen_Joshi/Swaradhiraj_Vol__2/Raga_Madhuvanti_67b90abb-08cb-4473-9224-343b21e4681a.flatSegNyas,Raga_Madhuvanti_67b90abb-08cb-4473-9224-343b21e4681a.flatSegNyas,.flatsegnyas,30992,other
290674e0-d94c-41c1-ad99-f65fa22a1447,/home/izpiz/coding/automatic-raga-recognition/dataset/RagaDataset/Hindustani/features/290674e0-d94c-41c1-ad99-f65fa22a1447/Gopal_Mishra/Kula_Sampada/Raga_Madhuwanti_7711d588-1c7a-4756-8793-2aa5d32bfffb.flatSegNyas,Raga_Madhuwanti_7711d588-1c7a-4756-8793-2aa5d32bfffb.flatSegNyas,.flatsegnyas,14896,other
290674e0-d94c-41c1-ad99-f65fa22a1447,/home/izpiz/coding/automatic-raga-recognition/dataset/RagaDataset/Hindustani/features/290674e0-d94c-41c1-ad99-f65fa22a1447/Gopal_Mishra/Kula_Sampada/Raga_Madhuwanti_7711d588-1c7a-4756-8793-2aa5d32bfffb.taniSegKNN,Raga_Madhuwanti_7711d588-1c7a-4756-8793-2aa5d32bfffb.taniSegKNN,.tanisegknn,0,other
290674e0-d94c-41c1-ad99-f65fa22a1447,/home/izpiz/coding/automatic-raga-recognition/dataset/RagaDataset/Hindustani/features/290674e0-d94c-41c1-ad99-f65fa22a1447/Jasraj/A_Day_With_Pandit_Jasraj/Raga_Madhuvanti_211c010f-7ae5-4ca6-a909-f10afed265c5.taniSegKNN,Raga_Madhuvanti_211c010f-7ae5-4ca6-a909-f10afed265c5.taniSegKNN,.tanisegknn,0,other
290674e0-d94c-41c1-ad99-f65fa22a1447,/home/izpiz/coding/automatic-raga-recognition/dataset/RagaDataset/Hindustani/features/290674e0-d94c-41c1-ad99-f65fa22a1447/Jasraj/A_Day_With_Pandit_Jasraj/Raga_Madhuvanti_211c010f-7ae5-4ca6-a909-f10afed265c5.flatSegNyas,Raga_Madhuvanti_211c010f-7ae5-4ca6-a909-f10afed265c5.flatSegNyas,.flatsegnyas,25166,other
290674e0-d94c-41c1-ad99-f65fa22a1447,/home/izpiz/coding/automatic-raga-recognition/dataset/RagaDataset/Hindustani/features/290674e0-d94c-41c1-ad99-f65fa22a1447/Jasraj/Legends__Sangeet_Martand_Pandit_Jasraj_(Vol__2)/Raga_-_Madhuvanti_e05c9807-4b3a-4532-b6cf-aa560ee07dad.flatSegNyas,Raga_-_Madhuvanti_e05c9807-4b3a-4532-b6cf-aa560ee07dad.flatSegNyas,.flatsegnyas,21799,other
290674e0-d94c-41c1-ad99-f65fa22a1447,/home/izpiz/coding/automatic-raga-recognition/dataset/RagaDataset/Hindustani/features/290674e0-d94c-41c1-ad99-f65fa22a1447/Jasraj/Legends__Sangeet_Martand_Pandit_Jasraj_(Vol__2)/Raga_-_Madhuvanti_e05c9807-4b3a-4532-b6cf-aa560ee07dad.taniSegKNN,Raga_-_Madhuvanti_e05c9807-4b3a-4532-b6cf-aa560ee07dad.taniSegKNN,.tanisegknn,0,other
290674e0-d94c-41c1-ad99-f65fa22a1447,/home/izpiz/coding/automatic-raga-recognition/dataset/RagaDataset/Hindustani/features/290674e0-d94c-41c1-ad99-f65fa22a1447/Sanjeev_Abhyankar/Vocal_Classical/Mehamanan_se_ka_lariye_49e7d75c-484c-4002-9532-5717a4e30fe0.flatSegNyas,Mehamanan_se_ka_lariye_49e7d75c-484c-4002-9532-5717a4e30fe0.flatSegNyas,.flatsegnyas,26413,other
290674e0-d94c-41c1-ad99-f65fa22a1447,/home/izpiz/coding/automatic-raga-recognition/dataset/RagaDataset/Hindustani/features/290674e0-d94c-41c1-ad99-f65fa22a1447/Sanjeev_Abhyankar/Vocal_Classical/Mehamanan_se_ka_lariye_49e7d75c-484c-4002-9532-5717a4e30fe0.taniSegKNN,Mehamanan_se_ka_lariye_49e7d75c-484c-4002-9532-5717a4e30fe0.taniSegKNN,.tanisegknn,0,other
290674e0-d94c-41c1-ad99-f65fa22a1447,/home/izpiz/coding/automatic-raga-recognition/dataset/RagaDataset/Hindustani/features/290674e0-d94c-41c1-ad99-f65fa22a1447/Kaushiki_Chakrabarty/Pure/Raga_Madhuvanti_Khayal_Kahe_maan_karo_sakihiri_ab_in_Teental_ff70a092-0893-4836-a2a2-7ea654d171c9.flatSegNyas,Raga_Madhuvanti_Khayal_Kahe_maan_karo_sakihiri_ab_in_Teental_ff70a092-0893-4836-a2a2-7ea654d171c9.flatSegNyas,.flatsegnyas,13350,other
290674e0-d94c-41c1-ad99-f65fa22a1447,/home/izpiz/coding/automatic-raga-recognition/dataset/RagaDataset/Hindustani/features/290674e0-d94c-41c1-ad99-f65fa22a1447/Kaushiki_Chakrabarty/Pure/Raga_Madhuvanti_Alap_c1aba7b7-cd7a-4e6c-90e7-798b617bfdc9.taniSegKNN,Raga_Madhuvanti_Alap_c1aba7b7-cd7a-4e6c-90e7-798b617bfdc9.taniSegKNN,.tanisegknn,0,other
290674e0-d94c-41c1-ad99-f65fa22a1447,/home/izpiz/coding/automatic-raga-recognition/dataset/RagaDataset/Hindustani/features/290674e0-d94c-41c1-ad99-f65fa22a1447/Kaushiki_Chakrabarty/Pure/Raga_Madhuvanti_Alap_c1aba7b7-cd7a-4e6c-90e7-798b617bfdc9.flatSegNyas,Raga_Madhuvanti_Alap_c1aba7b7-cd7a-4e6c-90e7-798b617bfdc9.flatSegNyas,.flatsegnyas,1558,other
290674e0-d94c-41c1-ad99-f65fa22a1447,/home/izpiz/coding/automatic-raga-recognition/dataset/RagaDataset/Hindustani/features/290674e0-d94c-41c1-ad99-f65fa22a1447/Kaushiki_Chakrabarty/Pure/Raga_Madhuvanti_Khayal_Kahe_maan_karo_sakihiri_ab_in_Teental_ff70a092-0893-4836-a2a2-7ea654d171c9.taniSegKNN,Raga_Madhuvanti_Khayal_Kahe_maan_karo_sakihiri_ab_in_Teental_ff70a092-0893-4836-a2a2-7ea654d171c9.taniSegKNN,.tanisegknn,0,other
290674e0-d94c-41c1-ad99-f65fa22a1447,/home/izpiz/coding/automatic-raga-recognition/dataset/RagaDataset/Hindustani/features/290674e0-d94c-41c1-ad99-f65fa22a1447/Kaushiki_Chakrabarty/Pure/Raga_Madhuvanti_Khayal_Shyam_bhaee_Ghanashyam_nahi_aye_more_dware_in_Ektaal_68ecc764-b0da-4919-affe-8a50d558cbbf.taniSegKNN,Raga_Madhuvanti_Khayal_Shyam_bhaee_Ghanashyam_nahi_aye_more_dware_in_Ektaal_68ecc764-b0da-4919-affe-8a50d558cbbf.taniSegKNN,.tanisegknn,0,other
290674e0-d94c-41c1-ad99-f65fa22a1447,/home/izpiz/coding/automatic-raga-recognition/dataset/RagaDataset/Hindustani/features/290674e0-d94c-41c1-ad99-f65fa22a1447/Kaushiki_Chakrabarty/Pure/Raga_Madhuvanti_Khayal_Shyam_bhaee_Ghanashyam_nahi_aye_more_dware_in_Ektaal_68ecc764-b0da-4919-affe-8a50d558cbbf.flatSegNyas,Raga_Madhuvanti_Khayal_Shyam_bhaee_Ghanashyam_nahi_aye_more_dware_in_Ektaal_68ecc764-b0da-4919-affe-8a50d558cbbf.flatSegNyas,.flatsegnyas,26560,other
290674e0-d94c-41c1-ad99-f65fa22a1447,/home/izpiz/coding/automatic-raga-recognition/dataset/RagaDataset/Hindustani/features/290674e0-d94c-41c1-ad99-f65fa22a1447/Prabha_Atre/Vocal_Recital/Raga_Madhuvanti_354c38e3-c71b-4dd6-bc77-deb629ad14b9.flatSegNyas,Raga_Madhuvanti_354c38e3-c71b-4dd6-bc77-deb629ad14b9.flatSegNyas,.flatsegnyas,30881,other
290674e0-d94c-41c1-ad99-f65fa22a1447,/home/izpiz/coding/automatic-raga-recognition/dataset/RagaDataset/Hindustani/features/290674e0-d94c-41c1-ad99-f65fa22a1447/Prabha_Atre/Vocal_Recital/Raga_Madhuvanti_354c38e3-c71b-4dd6-bc77-deb629ad14b9.taniSegKNN,Raga_Madhuvanti_354c38e3-c71b-4dd6-bc77-deb629ad14b9.taniSegKNN,.tanisegknn,0,other
290674e0-d94c-41c1-ad99-f65fa22a1447,/home/izpiz/coding/automatic-raga-recognition/dataset/RagaDataset/Hindustani/features/290674e0-d94c-41c1-ad99-f65fa22a1447/Shubha_Mudgal/Divas__Once_Upon_a_Time/Madhuvanti_b2456c14-8db5-4d11-bf23-ec360b33d242.flatSegNyas,Madhuvanti_b2456c14-8db5-4d11-bf23-ec360b33d242.flatSegNyas,.flatsegnyas,25932,other
290674e0-d94c-41c1-ad99-f65fa22a1447,/home/izpiz/coding/automatic-raga-recognition/dataset/RagaDataset/Hindustani/features/290674e0-d94c-41c1-ad99-f65fa22a1447/Shubha_Mudgal/Divas__Once_Upon_a_Time/Madhuvanti_b2456c14-8db5-4d11-bf23-ec360b33d242.taniSegKNN,Madhuvanti_b2456c14-8db5-4d11-bf23-ec360b33d242.taniSegKNN,.tanisegknn,0,other
2ed9379f-14c9-49af-8e4d-f9b63e96801f,/home/izpiz/coding/automatic-raga-recognition/dataset/RagaDataset/Hindustani/features/2ed9379f-14c9-49af-8e4d-f9b63e96801f/Abdul_Rashid_Khan/Rasan_Piya_-_Volume_2/Kahe_Ko_Garabh_Keeno_f5689624-b636-4a6c-831f-53d1678d9bb6.taniSegKNN,Kahe_Ko_Garabh_Keeno_f5689624-b636-4a6c-831f-53d1678d9bb6.taniSegKNN,.tanisegknn,0,other
2ed9379f-14c9-49af-8e4d-f9b63e96801f,/home/izpiz/coding/automatic-raga-recognition/dataset/RagaDataset/Hindustani/features/2ed9379f-14c9-49af-8e4d-f9b63e96801f/Abdul_Rashid_Khan/Rasan_Piya_-_Volume_2/Kahe_Ko_Garabh_Keeno_f5689624-b636-4a6c-831f-53d1678d9bb6.flatSegNyas,Kahe_Ko_Garabh_Keeno_f5689624-b636-4a6c-831f-53d1678d9bb6.flatSegNyas,.flatsegnyas,22810,other
2ed9379f-14c9-49af-8e4d-f9b63e96801f,/home/izpiz/coding/automatic-raga-recognition/dataset/RagaDataset/Hindustani/features/2ed9379f-14c9-49af-8e4d-f9b63e96801f/Dattatreya_L_Velankar/Sura_Sindhu/Raga_Alahiya_Bilawal-Vilambit_Teental_b22390c8-88bb-4e1f-9e23-bd3e237043ba.taniSegKNN,Raga_Alahiya_Bilawal-Vilambit_Teental_b22390c8-88bb-4e1f-9e23-bd3e237043ba.taniSegKNN,.tanisegknn,0,other
2ed9379f-14c9-49af-8e4d-f9b63e96801f,/home/izpiz/coding/automatic-raga-recognition/dataset/RagaDataset/Hindustani/features/2ed9379f-14c9-49af-8e4d-f9b63e96801f/Dattatreya_L_Velankar/Sura_Sindhu/Raga_Alahiya_Bilawal-Drut_Teental_0017d78e-a39d-4151-8d93-826ab2eb00d8.flatSegNyas,Raga_Alahiya_Bilawal-Drut_Teental_0017d78e-a39d-4151-8d93-826ab2eb00d8.flatSegNyas,.flatsegnyas,6478,other
2ed9379f-14c9-49af-8e4d-f9b63e96801f,/home/izpiz/coding/automatic-raga-recognition/dataset/RagaDataset/Hindustani/features/2ed9379f-14c9-49af-8e4d-f9b63e96801f/Dattatreya_L_Velankar/Sura_Sindhu/Raga_Alahiya_Bilawal-Vilambit_Teental_b22390c8-88bb-4e1f-9e23-bd3e237043ba.flatSegNyas,Raga_Alahiya_Bilawal-Vilambit_Teental_b22390c8-88bb-4e1f-9e23-bd3e237043ba.flatSegNyas,.flatsegnyas,16508,other
2ed9379f-14c9-49af-8e4d-f9b63e96801f,/home/izpiz/coding/automatic-raga-recognition/dataset/RagaDataset/Hindustani/features/2ed9379f-14c9-49af-8e4d-f9b63e96801f/Dattatreya_L_Velankar/Sura_Sindhu/Raga_Alahiya_Bilawal-Drut_Teental_0017d78e-a39d-4151-8d93-826ab2eb00d8.taniSegKNN,Raga_Alahiya_Bilawal-Drut_Teental_0017d78e-a39d-4151-8d93-826ab2eb00d8.taniSegKNN,.tanisegknn,0,other
2ed9379f-14c9-49af-8e4d-f9b63e96801f,/home/izpiz/coding/automatic-raga-recognition/dataset/RagaDataset/Hindustani/features/2ed9379f-14c9-49af-8e4d-f9b63e96801f/Kishori_Amonkar/Sampradaya__Carrying_Forward_a_Tradition/Raga_Alhaiya_Bilawal_Drut_Khayal_-_Teental_Sitarkhani_04d506c4-df9e-410c-a3e2-037abffe7b9c.taniSegKNN,Raga_Alhaiya_Bilawal_Drut_Khayal_-_Teental_Sitarkhani_04d506c4-df9e-410c-a3e2-037abffe7b9c.taniSegKNN,.tanisegknn,0,other
2ed9379f-14c9-49af-8e4d-f9b63e96801f,/home/izpiz/coding/automatic-raga-recognition/dataset/RagaDataset/Hindustani/features/2ed9379f-14c9-49af-8e4d-f9b63e96801f/Kishori_Amonkar/Sampradaya__Carrying_Forward_a_Tradition/Raga_Alhaiya_Bilawal_Vilambit_Khayal_-_Teental_30261aa8-aa4d-4f66-a2d4-b087668b00a8.taniSegKNN,Raga_Alhaiya_Bilawal_Vilambit_Khayal_-_Teental_30261aa8-aa4d-4f66-a2d4-b087668b00a8.taniSegKNN,.tanisegknn,0,other
2ed9379f-14c9-49af-8e4d-f9b63e96801f,/home/izpiz/coding/automatic-raga-recognition/dataset/RagaDataset/Hindustani/features/2ed9379f-14c9-49af-8e4d-f9b63e96801f/Kishori_Amonkar/Sampradaya__Carrying_Forward_a_Tradition/Raga_Alhaiya_Bilawal_Vilambit_Khayal_-_Teental_30261aa8-aa4d-4f66-a2d4-b087668b00a8.flatSegNyas,Raga_Alhaiya_Bilawal_Vilambit_Khayal_-_Teental_30261aa8-aa4d-4f66-a2d4-b087668b00a8.flatSegNyas,.flatsegnyas,43219,other
2ed9379f-14c9-49af-8e4d-f9b63e96801f,/home/izpiz/coding/automatic-raga-recognition/dataset/RagaDataset/Hindustani/features/2ed9379f-14c9-49af-8e4d-f9b63e96801f/Kishori_Amonkar/Sampradaya__Carrying_Forward_a_Tradition/Raga_Alhaiya_Bilawal_Drut_Khayal_-_Teental_Sitarkhani_04d506c4-df9e-410c-a3e2-037abffe7b9c.flatSegNyas,Raga_Alhaiya_Bilawal_Drut_Khayal_-_Teental_Sitarkhani_04d506c4-df9e-410c-a3e2-037abffe7b9c.flatSegNyas,.flatsegnyas,19203,other
2ed9379f-14c9-49af-8e4d-f9b63e96801f,/home/izpiz/coding/automatic-raga-recognition/dataset/RagaDataset/Hindustani/features/2ed9379f-14c9-49af-8e4d-f9b63e96801f/Jasraj/The_Genius_of_Pt__Jasraj/Raga_Alahiya_Bilawal_9117fa28-df28-4bb8-a0e3-b70e60fed262.taniSegKNN,Raga_Alahiya_Bilawal_9117fa28-df28-4bb8-a0e3-b70e60fed262.taniSegKNN,.tanisegknn,0,other
2ed9379f-14c9-49af-8e4d-f9b63e96801f,/home/izpiz/coding/automatic-raga-recognition/dataset/RagaDataset/Hindustani/features/2ed9379f-14c9-49af-8e4d-f9b63e96801f/Jasraj/The_Genius_of_Pt__Jasraj/Raga_Alahiya_Bilawal_9117fa28-df28-4bb8-a0e3-b70e60fed262.flatSegNyas,Raga_Alahiya_Bilawal_9117fa28-df28-4bb8-a0e3-b70e60fed262.flatSegNyas,.flatsegnyas,30043,other
2ed9379f-14c9-49af-8e4d-f9b63e96801f,/home/izpiz/coding/automatic-raga-recognition/dataset/RagaDataset/Hindustani/features/2ed9379f-14c9-49af-8e4d-f9b63e96801f/Jasraj/Legends__Sangeet_Martand_Pandit_Jasraj_(Vol__1)/Karat_Shringar_Maiya_Man_Bhavat_7ed38940-f5e5-46cb-897d-ed408ddf8c85.taniSegKNN,Karat_Shringar_Maiya_Man_Bhavat_7ed38940-f5e5-46cb-897d-ed408ddf8c85.taniSegKNN,.tanisegknn,0,other
2ed9379f-14c9-49af-8e4d-f9b63e96801f,/home/izpiz/coding/automatic-raga-recognition/dataset/RagaDataset/Hindustani/features/2ed9379f-14c9-49af-8e4d-f9b63e96801f/Jasraj/Legends__Sangeet_Martand_Pandit_Jasraj_(Vol__1)/Karat_Shringar_Maiya_Man_Bhavat_7ed38940-f5e5-46cb-897d-ed408ddf8c85.flatSegNyas,Karat_Shringar_Maiya_Man_Bhavat_7ed38940-f5e5-46cb-897d-ed408ddf8c85.flatSegNyas,.flatsegnyas,4652,other
2ed9379f-14c9-49af-8e4d-f9b63e96801f,/home/izpiz/coding/automatic-raga-recognition/dataset/RagaDataset/Hindustani/features/2ed9379f-14c9-49af-8e4d-f9b63e96801f/Aslam_Hussain_Khan/Vocal/Mangta_Hoon_Tere_Dar_Ka__E_Ha_Jiyo_Pa_c53396aa-f369-4875-8c61-3f29787da6f5.flatSegNyas,Mangta_Hoon_Tere_Dar_Ka__E_Ha_Jiyo_Pa_c53396aa-f369-4875-8c61-3f29787da6f5.flatSegNyas,.flatsegnyas,10276,other
2ed9379f-14c9-49af-8e4d-f9b63e96801f,/home/izpiz/coding/automatic-raga-recognition/dataset/RagaDataset/Hindustani/features/2ed9379f-14c9-49af-8e4d-f9b63e96801f/Aslam_Hussain_Khan/Vocal/Mangta_Hoon_Tere_Dar_Ka__E_Ha_Jiyo_Pa_c53396aa-f369-4875-8c61-3f29787da6f5.taniSegKNN,Mangta_Hoon_Tere_Dar_Ka__E_Ha_Jiyo_Pa_c53396aa-f369-4875-8c61-3f29787da6f5.taniSegKNN,.tanisegknn,0,other
2ed9379f-14c9-49af-8e4d-f9b63e96801f,/home/izpiz/coding/automatic-raga-recognition/dataset/RagaDataset/Hindustani/features/2ed9379f-14c9-49af-8e4d-f9b63e96801f/Kumar_Gandharva/Pt__Kumar_Gandharva-Vocal/Laita_Jaiyo_3766bcb1-57b6-4c16-9196-c2ed94d80331.taniSegKNN,Laita_Jaiyo_3766bcb1-57b6-4c16-9196-c2ed94d80331.taniSegKNN,.tanisegknn,0,other
2ed9379f-14c9-49af-8e4d-f9b63e96801f,/home/izpiz/coding/automatic-raga-recognition/dataset/RagaDataset/Hindustani/features/2ed9379f-14c9-49af-8e4d-f9b63e96801f/Kumar_Gandharva/Pt__Kumar_Gandharva-Vocal/Laita_Jaiyo_3766bcb1-57b6-4c16-9196-c2ed94d80331.flatSegNyas,Laita_Jaiyo_3766bcb1-57b6-4c16-9196-c2ed94d80331.flatSegNyas,.flatsegnyas,5984,other
2ed9379f-14c9-49af-8e4d-f9b63e96801f,/home/izpiz/coding/automatic-raga-recognition/dataset/RagaDataset/Hindustani/features/2ed9379f-14c9-49af-8e4d-f9b63e96801f/Basavraj_Rajaguru/The_Genius_Of_Basavraj_Rajguru/Raga_Alhaiya_Bilawal_3d0539f5-2d30-422f-9647-b3e14fd9787d.taniSegKNN,Raga_Alhaiya_Bilawal_3d0539f5-2d30-422f-9647-b3e14fd9787d.taniSegKNN,.tanisegknn,0,other
2ed9379f-14c9-49af-8e4d-f9b63e96801f,/home/izpiz/coding/automatic-raga-recognition/dataset/RagaDataset/Hindustani/features/2ed9379f-14c9-49af-8e4d-f9b63e96801f/Basavraj_Rajaguru/The_Genius_Of_Basavraj_Rajguru/Raga_Alhaiya_Bilawal_3d0539f5-2d30-422f-9647-b3e14fd9787d.flatSegNyas,Raga_Alhaiya_Bilawal_3d0539f5-2d30-422f-9647-b3e14fd9787d.flatSegNyas,.flatsegnyas,19686,other
3eb7ba30-4b94-432e-9618-875ee57e01ab,/home/izpiz/coding/automatic-raga-recognition/dataset/RagaDataset/Hindustani/features/3eb7ba30-4b94-432e-9618-875ee57e01ab/Rashid_Khan/Masterworks/Raga_Marwa_c6232a25-3f5a-4394-a85c-43dc1efcc1de.flatSegNyas,Raga_Marwa_c6232a25-3f5a-4394-a85c-43dc1efcc1de.flatSegNyas,.flatsegnyas,37198,other
3eb7ba30-4b94-432e-9618-875ee57e01ab,/home/izpiz/coding/automatic-raga-recognition/dataset/RagaDataset/Hindustani/features/3eb7ba30-4b94-432e-9618-875ee57e01ab/Rashid_Khan/Masterworks/Raga_Marwa_c6232a25-3f5a-4394-a85c-43dc1efcc1de.taniSegKNN,Raga_Marwa_c6232a25-3f5a-4394-a85c-43dc1efcc1de.taniSegKNN,.tanisegknn,0,other
3eb7ba30-4b94-432e-9618-875ee57e01ab,/home/izpiz/coding/automatic-raga-recognition/dataset/RagaDataset/Hindustani/features/3eb7ba30-4b94-432e-9618-875ee57e01ab/Rashid_Khan/Vocal/Piya_More_Anat_Des_and_Kaunki_Reet_Kou_Kare_Sakhiri_3c6fa59c-a492-4e76-a3f0-be3e81053ca5.flatSegNyas,Piya_More_Anat_Des_and_Kaunki_Reet_Kou_Kare_Sakhiri_3c6fa59c-a492-4e76-a3f0-be3e81053ca5.flatSegNyas,.flatsegnyas,21113,other
3eb7ba30-4b94-432e-9618-875ee57e01ab,/home/izpiz/coding/automatic-raga-recognition/dataset/RagaDataset/Hindustani/features/3eb7ba30-4b94-432e-9618-875ee57e01ab/Rashid_Khan/Vocal/Piya_More_Anat_Des_and_Kaunki_Reet_Kou_Kare_Sakhiri_3c6fa59c-a492-4e76-a3f0-be3e81053ca5.taniSegKNN,Piya_More_Anat_Des_and_Kaunki_Reet_Kou_Kare_Sakhiri_3c6fa59c-a492-4e76-a3f0-be3e81053ca5.taniSegKNN,.tanisegknn,0,other
3eb7ba30-4b94-432e-9618-875ee57e01ab,/home/izpiz/coding/automatic-raga-recognition/dataset/RagaDataset/Hindustani/features/3eb7ba30-4b94-432e-9618-875ee57e01ab/Omkar_Dadarkar/Raag_Marwa___Shree/Raag_Marwa_98afad39-5abc-4c96-b7af-5f2c70831066.flatSegNyas,Raag_Marwa_98afad39-5abc-4c96-b7af-5f2c70831066.flatSegNyas,.flatsegnyas,28800,other
3eb7ba30-4b94-432e-9618-875ee57e01ab,/home/izpiz/coding/automatic-raga-recognition/dataset/RagaDataset/Hindustani/features/3eb7ba30-4b94-432e-9618-875ee57e01ab/Omkar_Dadarkar/Raag_Marwa___Shree/Raag_Marwa_98afad39-5abc-4c96-b7af-5f2c70831066.taniSegKNN,Raag_Marwa_98afad39-5abc-4c96-b7af-5f2c70831066.taniSegKNN,.tanisegknn,0,other
3eb7ba30-4b94-432e-9618-875ee57e01ab,/home/izpiz/coding/automatic-raga-recognition/dataset/RagaDataset/Hindustani/features/3eb7ba30-4b94-432e-9618-875ee57e01ab/C_R_Vyas/The_Eternal_Rhapsody/Raga_Marwa_-_Rakho_Mori_Laaj_Khayal_In_Madhyalaya_Jhaptaal_c568bab8-7653-4252-a4d9-aebcc26fc752.flatSegNyas,Raga_Marwa_-_Rakho_Mori_Laaj_Khayal_In_Madhyalaya_Jhaptaal_c568bab8-7653-4252-a4d9-aebcc26fc752.flatSegNyas,.flatsegnyas,16127,other
3eb7ba30-4b94-432e-9618-875ee57e01ab,/home/izpiz/coding/automatic-raga-recognition/dataset/RagaDataset/Hindustani/features/3eb7ba30-4b94-432e-9618-875ee57e01ab/C_R_Vyas/The_Eternal_Rhapsody/Raga_Marwa_-_Rakho_Mori_Laaj_Khayal_In_Madhyalaya_Jhaptaal_c568bab8-7653-4252-a4d9-aebcc26fc752.taniSegKNN,Raga_Marwa_-_Rakho_Mori_Laaj_Khayal_In_Madhyalaya_Jhaptaal_c568bab8-7653-4252-a4d9-aebcc26fc752.taniSegKNN,.tanisegknn,0,other
3eb7ba30-4b94-432e-9618-875ee57e01ab,/home/izpiz/coding/automatic-raga-recognition/dataset/RagaDataset/Hindustani/features/3eb7ba30-4b94-432e-9618-875ee57e01ab/Jasraj/Khazana/Raga_Marwa_344dca74-fb8a-4c7e-a7e6-0a52088edd71.flatSegNyas,Raga_Marwa_344dca74-fb8a-4c7e-a7e6-0a52088edd71.flatSegNyas,.flatsegnyas,50764,other
3eb7ba30-4b94-432e-9618-875ee57e01ab,/home/izpiz/coding/automatic-raga-recognition/dataset/RagaDataset/Hindustani/features/3eb7ba30-4b94-432e-9618-875ee57e01ab/Jasraj/Khazana/Raga_Marwa_344dca74-fb8a-4c7e-a7e6-0a52088edd71.taniSegKNN,Raga_Marwa_344dca74-fb8a-4c7e-a7e6-0a52088edd71.taniSegKNN,.tanisegknn,0,other
3eb7ba30-4b94-432e-9618-875ee57e01ab,/home/izpiz/coding/automatic-raga-recognition/dataset/RagaDataset/Hindustani/features/3eb7ba30-4b94-432e-9618-875ee57e01ab/Amir_Khan/The_Great_Heritage__Ustad_Amir_Khan/Raga_Marwa_Piya_More_fb73793a-3791-4986-b3f8-00621a16a522.taniSegKNN,Raga_Marwa_Piya_More_fb73793a-3791-4986-b3f8-00621a16a522.taniSegKNN,.tanisegknn,0,other
3eb7ba30-4b94-432e-9618-875ee57e01ab,/home/izpiz/coding/automatic-raga-recognition/dataset/RagaDataset/Hindustani/features/3eb7ba30-4b94-432e-9618-875ee57e01ab/Amir_Khan/The_Great_Heritage__Ustad_Amir_Khan/Raga_Marwa_Piya_More_fb73793a-3791-4986-b3f8-00621a16a522.flatSegNyas,Raga_Marwa_Piya_More_fb73793a-3791-4986-b3f8-00621a16a522.flatSegNyas,.flatsegnyas,13612,other
3eb7ba30-4b94-432e-9618-875ee57e01ab,/home/izpiz/coding/automatic-raga-recognition/dataset/RagaDataset/Hindustani/features/3eb7ba30-4b94-432e-9618-875ee57e01ab/Hirabai_Barodekar/The_Great_Heritage__Hirabai_Barodekar/Ata_Tana_Dere_Na_7081d924-c8e4-4216-9e69-ca397c10550b.flatSegNyas,Ata_Tana_Dere_Na_7081d924-c8e4-4216-9e69-ca397c10550b.flatSegNyas,.flatsegnyas,4341,other
3eb7ba30-4b94-432e-9618-875ee57e01ab,/home/izpiz/coding/automatic-raga-recognition/dataset/RagaDataset/Hindustani/features/3eb7ba30-4b94-432e-9618-875ee57e01ab/Hirabai_Barodekar/The_Great_Heritage__Hirabai_Barodekar/Ata_Tana_Dere_Na_7081d924-c8e4-4216-9e69-ca397c10550b.taniSegKNN,Ata_Tana_Dere_Na_7081d924-c8e4-4216-9e69-ca397c10550b.taniSegKNN,.tanisegknn,0,other
3eb7ba30-4b94-432e-9618-875ee57e01ab,/home/izpiz/coding/automatic-raga-recognition/dataset/RagaDataset/Hindustani/features/3eb7ba30-4b94-432e-9618-875ee57e01ab/Vasantrao_Deshpande/Dr__Vasant_Rao_Deshpande_(Compilation)/Ye_Madmati_Chal__Bol_Na_Bin_-_Khayal_-_1972_66de36d2-f8b5-44aa-b586-ce75bd665a46.taniSegKNN,Ye_Madmati_Chal__Bol_Na_Bin_-_Khayal_-_1972_66de36d2-f8b5-44aa-b586-ce75bd665a46.taniSegKNN,.tanisegknn,0,other
3eb7ba30-4b94-432e-9618-875ee57e01ab,/home/izpiz/coding/automatic-raga-recognition/dataset/RagaDataset/Hindustani/features/3eb7ba30-4b94-432e-9618-875ee57e01ab/Vasantrao_Deshpande/Dr__Vasant_Rao_Deshpande_(Compilation)/Ye_Madmati_Chal__Bol_Na_Bin_-_Khayal_-_1972_66de36d2-f8b5-44aa-b586-ce75bd665a46.flatSegNyas,Ye_Madmati_Chal__Bol_Na_Bin_-_Khayal_-_1972_66de36d2-f8b5-44aa-b586-ce75bd665a46.flatSegNyas,.flatsegnyas,16418,other
3eb7ba30-4b94-432e-9618-875ee57e01ab,/home/izpiz/coding/automatic-raga-recognition/dataset/RagaDataset/Hindustani/features/3eb7ba30-4b94-432e-9618-875ee57e01ab/Sameehan_Kashalkar/Raag_Marwa___Hameer/Raag_Marwa_1a311323-791b-46fa-ab59-b749adcd18e1.taniSegKNN,Raag_Marwa_1a311323-791b-46fa-ab59-b749adcd18e1.taniSegKNN,.tanisegknn,0,other
3eb7ba30-4b94-432e-9618-875ee57e01ab,/home/izpiz/coding/automatic-raga-recognition/dataset/RagaDataset/Hindustani/features/3eb7ba30-4b94-432e-9618-875ee57e01ab/Sameehan_Kashalkar/Raag_Marwa___Hameer/Raag_Marwa_1a311323-791b-46fa-ab59-b749adcd18e1.flatSegNyas,Raag_Marwa_1a311323-791b-46fa-ab59-b749adcd18e1.flatSegNyas,.flatsegnyas,31568,other
3eb7ba30-4b94-432e-9618-875ee57e01ab,/home/izpiz/coding/automatic-raga-recognition/dataset/RagaDataset/Hindustani/features/3eb7ba30-4b94-432e-9618-875ee57e01ab/Shrinivas_Joshi/Swarakruti/Raga_Marwa_6504d224-d5e7-4353-841f-47adfcda0bd3.flatSegNyas,Raga_Marwa_6504d224-d5e7-4353-841f-47adfcda0bd3.flatSegNyas,.flatsegnyas,5728,other
3eb7ba30-4b94-432e-9618-875ee57e01ab,/home/izpiz/coding/automatic-raga-recognition/dataset/RagaDataset/Hindustani/features/3eb7ba30-4b94-432e-9618-875ee57e01ab/Shrinivas_Joshi/Swarakruti/Raga_Marwa_6504d224-d5e7-4353-841f-47adfcda0bd3.taniSegKNN,Raga_Marwa_6504d224-d5e7-4353-841f-47adfcda0bd3.taniSegKNN,.tanisegknn,0,other
40dbe1db-858f-4366-bef8-9076eb67340d,/home/izpiz/coding/automatic-raga-recognition/dataset/RagaDataset/Hindustani/features/40dbe1db-858f-4366-bef8-9076eb67340d/Bade_Ghulam_Ali_Khan/The_Great_Heritage__Ustad_Bade_Ghulam_Ali_Khan/Raga_Shuddha_Sarang_ab50e3e6-e6cb-4faa-a5ad-f0a94de30f86.taniSegKNN,Raga_Shuddha_Sarang_ab50e3e6-e6cb-4faa-a5ad-f0a94de30f86.taniSegKNN,.tanisegknn,0,other
40dbe1db-858f-4366-bef8-9076eb67340d,/home/izpiz/coding/automatic-raga-recognition/dataset/RagaDataset/Hindustani/features/40dbe1db-858f-4366-bef8-9076eb67340d/Bade_Ghulam_Ali_Khan/The_Great_Heritage__Ustad_Bade_Ghulam_Ali_Khan/Raga_Shuddha_Sarang_ab50e3e6-e6cb-4faa-a5ad-f0a94de30f86.flatSegNyas,Raga_Shuddha_Sarang_ab50e3e6-e6cb-4faa-a5ad-f0a94de30f86.flatSegNyas,.flatsegnyas,20857,other
40dbe1db-858f-4366-bef8-9076eb67340d,/home/izpiz/coding/automatic-raga-recognition/dataset/RagaDataset/Hindustani/features/40dbe1db-858f-4366-bef8-9076eb67340d/Ajoy_Chakrabarty/Geetinandan___Part-3/Sudh_Sarang_3a75a312-b119-41f8-8a5a-e799ebeed0cc.taniSegKNN,Sudh_Sarang_3a75a312-b119-41f8-8a5a-e799ebeed0cc.taniSegKNN,.tanisegknn,0,other
40dbe1db-858f-4366-bef8-9076eb67340d,/home/izpiz/coding/automatic-raga-recognition/dataset/RagaDataset/Hindustani/features/40dbe1db-858f-4366-bef8-9076eb67340d/Ajoy_Chakrabarty/Geetinandan___Part-3/Sudh_Sarang_3a75a312-b119-41f8-8a5a-e799ebeed0cc.flatSegNyas,Sudh_Sarang_3a75a312-b119-41f8-8a5a-e799ebeed0cc.flatSegNyas,.flatsegnyas,11134,other
40dbe1db-858f-4366-bef8-9076eb67340d,/home/izpiz/coding/automatic-raga-recognition/dataset/RagaDataset/Hindustani/features/40dbe1db-858f-4366-bef8-9076eb67340d/Jasraj/Legends__Sangeet_Martand_Pandit_Jasraj_(Vol__2)/Raga_-_Shudh_Sarang_3ce253e3-20a1-4148-b6c7-420a9784c242.flatSegNyas,Raga_-_Shudh_Sarang_3ce253e3-20a1-4148-b6c7-420a9784c242.flatSegNyas,.flatsegnyas,18784,other
40dbe1db-858f-4366-bef8-9076eb67340d,/home/izpiz/coding/automatic-raga-recognition/dataset/RagaDataset/Hindustani/features/40dbe1db-858f-4366-bef8-9076eb67340d/Jasraj/Legends__Sangeet_Martand_Pandit_Jasraj_(Vol__2)/Raga_-_Shudh_Sarang_3ce253e3-20a1-4148-b6c7-420a9784c242.taniSegKNN,Raga_-_Shudh_Sarang_3ce253e3-20a1-4148-b6c7-420a9784c242.taniSegKNN,.tanisegknn,0,other
40dbe1db-858f-4366-bef8-9076eb67340d,/home/izpiz/coding/automatic-raga-recognition/dataset/RagaDataset/Hindustani/features/40dbe1db-858f-4366-bef8-9076eb67340d/Kumar_Mardur/Classical_Essence/Raga_Shudh_Saarang_f0dfbbd2-7c91-4d7f-aa8d-30d95ee22c29.flatSegNyas,Raga_Shudh_Saarang_f0dfbbd2-7c91-4d7f-aa8d-30d95ee22c29.flatSegNyas,.flatsegnyas,24823,other
40dbe1db-858f-4366-bef8-9076eb67340d,/home/izpiz/coding/automatic-raga-recognition/dataset/RagaDataset/Hindustani/features/40dbe1db-858f-4366-bef8-9076eb67340d/Kumar_Mardur/Classical_Essence/Raga_Shudh_Saarang_f0dfbbd2-7c91-4d7f-aa8d-30d95ee22c29.taniSegKNN,Raga_Shudh_Saarang_f0dfbbd2-7c91-4d7f-aa8d-30d95ee22c29.taniSegKNN,.tanisegknn,0,other
40dbe1db-858f-4366-bef8-9076eb67340d,/home/izpiz/coding/automatic-raga-recognition/dataset/RagaDataset/Hindustani/features/40dbe1db-858f-4366-bef8-9076eb67340d/Kumar_Gandharva/Pt__Kumar_Gandharva-Vocal/Naina_Na_Mane_Mora_ed4b8208-d0bf-4269-b513-5799a9ae3884.taniSegKNN,Naina_Na_Mane_Mora_ed4b8208-d0bf-4269-b513-5799a9ae3884.taniSegKNN,.tanisegknn,0,other
40dbe1db-858f-4366-bef8-9076eb67340d,/home/izpiz/coding/automatic-raga-recognition/dataset/RagaDataset/Hindustani/features/40dbe1db-858f-4366-bef8-9076eb67340d/Kumar_Gandharva/Pt__Kumar_Gandharva-Vocal/Naina_Na_Mane_Mora_ed4b8208-d0bf-4269-b513-5799a9ae3884.flatSegNyas,Naina_Na_Mane_Mora_ed4b8208-d0bf-4269-b513-5799a9ae3884.flatSegNyas,.flatsegnyas,8780,other
40dbe1db-858f-4366-bef8-9076eb67340d,/home/izpiz/coding/automatic-raga-recognition/dataset/RagaDataset/Hindustani/features/40dbe1db-858f-4366-bef8-9076eb67340d/Veena_Sahasrabuddhe/Ritu_Chakra_Vol__3/Raga_Shudh_Sarang_6df73a9c-3978-4db0-af6a-7d833467234b.flatSegNyas,Raga_Shudh_Sarang_6df73a9c-3978-4db0-af6a-7d833467234b.flatSegNyas,.flatsegnyas,22580,other
40dbe1db-858f-4366-bef8-9076eb67340d,/home/izpiz/coding/automatic-raga-recognition/dataset/RagaDataset/Hindustani/features/40dbe1db-858f-4366-bef8-9076eb67340d/Veena_Sahasrabuddhe/Ritu_Chakra_Vol__3/Raga_Shudh_Sarang_6df73a9c-3978-4db0-af6a-7d833467234b.taniSegKNN,Raga_Shudh_Sarang_6df73a9c-3978-4db0-af6a-7d833467234b.taniSegKNN,.tanisegknn,0,other
40dbe1db-858f-4366-bef8-9076eb67340d,/home/izpiz/coding/automatic-raga-recognition/dataset/RagaDataset/Hindustani/features/40dbe1db-858f-4366-bef8-9076eb67340d/Basavraj_Rajaguru/The_Genius_Of_Basavraj_Rajguru/Raga_Shuddh_Sarang_43688da7-80e9-4814-b486-b01534a6ed44.flatSegNyas,Raga_Shuddh_Sarang_43688da7-80e9-4814-b486-b01534a6ed44.flatSegNyas,.flatsegnyas,21004,other
40dbe1db-858f-4366-bef8-9076eb67340d,/home/izpiz/coding/automatic-raga-recognition/dataset/RagaDataset/Hindustani/features/40dbe1db-858f-4366-bef8-9076eb67340d/Basavraj_Rajaguru/The_Genius_Of_Basavraj_Rajguru/Raga_Shuddh_Sarang_43688da7-80e9-4814-b486-b01534a6ed44.taniSegKNN,Raga_Shuddh_Sarang_43688da7-80e9-4814-b486-b01534a6ed44.taniSegKNN,.tanisegknn,0,other
40dbe1db-858f-4366-bef8-9076eb67340d,/home/izpiz/coding/automatic-raga-recognition/dataset/RagaDataset/Hindustani/features/40dbe1db-858f-4366-bef8-9076eb67340d/Satyasheel_Deshpande/Kahen/Kite_Din_Piya_Dekhe_Bin_Beete_f11c7c0c-d148-4084-8cfc-b5e81893f5cf.flatSegNyas,Kite_Din_Piya_Dekhe_Bin_Beete_f11c7c0c-d148-4084-8cfc-b5e81893f5cf.flatSegNyas,.flatsegnyas,3132,other
40dbe1db-858f-4366-bef8-9076eb67340d,/home/izpiz/coding/automatic-raga-recognition/dataset/RagaDataset/Hindustani/features/40dbe1db-858f-4366-bef8-9076eb67340d/Satyasheel_Deshpande/Kahen/Bataide_Mohe_Gan_Surjnava_97c2c622-af6f-4a70-98be-9e44d5c933db.flatSegNyas,Bataide_Mohe_Gan_Surjnava_97c2c622-af6f-4a70-98be-9e44d5c933db.flatSegNyas,.flatsegnyas,5704,other
40dbe1db-858f-4366-bef8-9076eb67340d,/home/izpiz/coding/automatic-raga-recognition/dataset/RagaDataset/Hindustani/features/40dbe1db-858f-4366-bef8-9076eb67340d/Satyasheel_Deshpande/Kahen/Tapan_Lagi_Gahare_e63679b8-d529-4815-9e58-aac403e079e1.taniSegKNN,Tapan_Lagi_Gahare_e63679b8-d529-4815-9e58-aac403e079e1.taniSegKNN,.tanisegknn,0,other
40dbe1db-858f-4366-bef8-9076eb67340d,/home/izpiz/coding/automatic-raga-recognition/dataset/RagaDataset/Hindustani/features/40dbe1db-858f-4366-bef8-9076eb67340d/Satyasheel_Deshpande/Kahen/Tapan_Lagi_Gahare_e63679b8-d529-4815-9e58-aac403e079e1.flatSegNyas,Tapan_Lagi_Gahare_e63679b8-d529-4815-9e58-aac403e079e1.flatSegNyas,.flatsegnyas,8938,other
40dbe1db-858f-4366-bef8-9076eb67340d,/home/izpiz/coding/automatic-raga-recognition/dataset/RagaDataset/Hindustani/features/40dbe1db-858f-4366-bef8-9076eb67340d/Satyasheel_Deshpande/Kahen/Bataide_Mohe_Gan_Surjnava_97c2c622-af6f-4a70-98be-9e44d5c933db.taniSegKNN,Bataide_Mohe_Gan_Surjnava_97c2c622-af6f-4a70-98be-9e44d5c933db.taniSegKNN,.tanisegknn,0,other
40dbe1db-858f-4366-bef8-9076eb67340d,/home/izpiz/coding/automatic-raga-recognition/dataset/RagaDataset/Hindustani/features/40dbe1db-858f-4366-bef8-9076eb67340d/Satyasheel_Deshpande/Kahen/Kite_Din_Piya_Dekhe_Bin_Beete_f11c7c0c-d148-4084-8cfc-b5e81893f5cf.taniSegKNN,Kite_Din_Piya_Dekhe_Bin_Beete_f11c7c0c-d148-4084-8cfc-b5e81893f5cf.taniSegKNN,.tanisegknn,0,other
46997b02-f09c-4969-8138-4e1861f61967,/home/izpiz/coding/automatic-raga-recognition/dataset/RagaDataset/Hindustani/features/46997b02-f09c-4969-8138-4e1861f61967/Omkar_Dadarkar/Raag_Marwa___Shree/Raag_Shree_f3313201-ab83-4633-b463-60b862ab1a21.flatSegNyas,Raag_Shree_f3313201-ab83-4633-b463-60b862ab1a21.flatSegNyas,.flatsegnyas,38905,other
46997b02-f09c-4969-8138-4e1861f61967,/home/izpiz/coding/automatic-raga-recognition/dataset/RagaDataset/Hindustani/features/46997b02-f09c-4969-8138-4e1861f61967/Omkar_Dadarkar/Raag_Marwa___Shree/Raag_Shree_f3313201-ab83-4633-b463-60b862ab1a21.taniSegKNN,Raag_Shree_f3313201-ab83-4633-b463-60b862ab1a21.taniSegKNN,.tanisegknn,0,other
46997b02-f09c-4969-8138-4e1861f61967,/home/izpiz/coding/automatic-raga-recognition/dataset/RagaDataset/Hindustani/features/46997b02-f09c-4969-8138-4e1861f61967/C_R_Vyas/The_Eternal_Rhapsody/Raga_Shree_-_Kahe_Dar_Paun_Main_1b3714f7-9cab-4674-8d19-c9aad8801d29.flatSegNyas,Raga_Shree_-_Kahe_Dar_Paun_Main_1b3714f7-9cab-4674-8d19-c9aad8801d29.flatSegNyas,.flatsegnyas,5899,other
46997b02-f09c-4969-8138-4e1861f61967,/home/izpiz/coding/automatic-raga-recognition/dataset/RagaDataset/Hindustani/features/46997b02-f09c-4969-8138-4e1861f61967/C_R_Vyas/The_Eternal_Rhapsody/Raga_Shree_-_Soon_Le_Ho_Araj_Mora_6502220f-ec92-4308-99d4-3922f41579aa.taniSegKNN,Raga_Shree_-_Soon_Le_Ho_Araj_Mora_6502220f-ec92-4308-99d4-3922f41579aa.taniSegKNN,.tanisegknn,0,other
46997b02-f09c-4969-8138-4e1861f61967,/home/izpiz/coding/automatic-raga-recognition/dataset/RagaDataset/Hindustani/features/46997b02-f09c-4969-8138-4e1861f61967/C_R_Vyas/The_Eternal_Rhapsody/Raga_Shree_-_Alap_077d538e-545a-4098-8997-76742fb26d39.taniSegKNN,Raga_Shree_-_Alap_077d538e-545a-4098-8997-76742fb26d39.taniSegKNN,.tanisegknn,0,other
46997b02-f09c-4969-8138-4e1861f61967,/home/izpiz/coding/automatic-raga-recognition/dataset/RagaDataset/Hindustani/features/46997b02-f09c-4969-8138-4e1861f61967/C_R_Vyas/The_Eternal_Rhapsody/Raga_Shree_-_Soon_Le_Ho_Araj_Mora_6502220f-ec92-4308-99d4-3922f41579aa.flatSegNyas,Raga_Shree_-_Soon_Le_Ho_Araj_Mora_6502220f-ec92-4308-99d4-3922f41579aa.flatSegNyas,.flatsegnyas,27719,other
46997b02-f09c-4969-8138-4e1861f61967,/home/izpiz/coding/automatic-raga-recognition/dataset/RagaDataset/Hindustani/features/46997b02-f09c-4969-8138-4e1861f61967/C_R_Vyas/The_Eternal_Rhapsody/Raga_Shree_-_Alap_077d538e-545a-4098-8997-76742fb26d39.flatSegNyas,Raga_Shree_-_Alap_077d538e-545a-4098-8997-76742fb26d39.flatSegNyas,.flatsegnyas,1124,other
46997b02-f09c-4969-8138-4e1861f61967,/home/izpiz/coding/automatic-raga-recognition/dataset/RagaDataset/Hindustani/features/46997b02-f09c-4969-8138-4e1861f61967/C_R_Vyas/The_Eternal_Rhapsody/Raga_Shree_-_Kahe_Dar_Paun_Main_1b3714f7-9cab-4674-8d19-c9aad8801d29.taniSegKNN,Raga_Shree_-_Kahe_Dar_Paun_Main_1b3714f7-9cab-4674-8d19-c9aad8801d29.taniSegKNN,.tanisegknn,0,other
46997b02-f09c-4969-8138-4e1861f61967,/home/izpiz/coding/automatic-raga-recognition/dataset/RagaDataset/Hindustani/features/46997b02-f09c-4969-8138-4e1861f61967/Deborshee_Bhattacharya/Raag_Shree/Raag_Shree_b3a43a82-b3c3-49bf-bd3d-db561c1ec355.taniSegKNN,Raag_Shree_b3a43a82-b3c3-49bf-bd3d-db561c1ec355.taniSegKNN,.tanisegknn,0,other
46997b02-f09c-4969-8138-4e1861f61967,/home/izpiz/coding/automatic-raga-recognition/dataset/RagaDataset/Hindustani/features/46997b02-f09c-4969-8138-4e1861f61967/Deborshee_Bhattacharya/Raag_Shree/Raag_Shree_b3a43a82-b3c3-49bf-bd3d-db561c1ec355.flatSegNyas,Raag_Shree_b3a43a82-b3c3-49bf-bd3d-db561c1ec355.flatSegNyas,.flatsegnyas,51876,other
46997b02-f09c-4969-8138-4e1861f61967,/home/izpiz/coding/automatic-raga-recognition/dataset/RagaDataset/Hindustani/features/46997b02-f09c-4969-8138-4e1861f61967/Ajoy_Chakrabarty/Subha_Chale_Sham_Dhale/Raga_Shree_-_Khayal_6ac112dd-b04f-4ad8-9913-1a1bfc35c5ec.taniSegKNN,Raga_Shree_-_Khayal_6ac112dd-b04f-4ad8-9913-1a1bfc35c5ec.taniSegKNN,.tanisegknn,0,other
46997b02-f09c-4969-8138-4e1861f61967,/home/izpiz/coding/automatic-raga-recognition/dataset/RagaDataset/Hindustani/features/46997b02-f09c-4969-8138-4e1861f61967/Ajoy_Chakrabarty/Subha_Chale_Sham_Dhale/Raga_Shree_-_Khayal_6ac112dd-b04f-4ad8-9913-1a1bfc35c5ec.flatSegNyas,Raga_Shree_-_Khayal_6ac112dd-b04f-4ad8-9913-1a1bfc35c5ec.flatSegNyas,.flatsegnyas,50705,other
46997b02-f09c-4969-8138-4e1861f61967,"/home/izpiz/coding/automatic-raga-recognition/dataset/RagaDataset/Hindustani/features/46997b02-f09c-4969-8138-4e1861f61967/Kaustuv_Kanti_Ganguli/Raag_Shree,_Lalit_Pancham___Bhairavi_Thumri/Raag_Shree_454f0c85-a41b-48c1-afa5-b4f5dbcb7947.taniSegKNN",Raag_Shree_454f0c85-a41b-48c1-afa5-b4f5dbcb7947.taniSegKNN,.tanisegknn,0,other
46997b02-f09c-4969-8138-4e1861f61967,"/home/izpiz/coding/automatic-raga-recognition/dataset/RagaDataset/Hindustani/features/46997b02-f09c-4969-8138-4e1861f61967/Kaustuv_Kanti_Ganguli/Raag_Shree,_Lalit_Pancham___Bhairavi_Thumri/Raag_Shree_454f0c85-a41b-48c1-afa5-b4f5dbcb7947.flatSegNyas",Raag_Shree_454f0c85-a41b-48c1-afa5-b4f5dbcb7947.flatSegNyas,.flatsegnyas,68989,other
46997b02-f09c-4969-8138-4e1861f61967,/home/izpiz/coding/automatic-raga-recognition/dataset/RagaDataset/Hindustani/features/46997b02-f09c-4969-8138-4e1861f61967/Kaustuv_Kanti_Ganguli/Raag_Shree/Raag_Shree_928a430e-813e-48b0-8a23-566e74aa8dc9.taniSegKNN,Raag_Shree_928a430e-813e-48b0-8a23-566e74aa8dc9.taniSegKNN,.tanisegknn,0,other
46997b02-f09c-4969-8138-4e1861f61967,/home/izpiz/coding/automatic-raga-recognition/dataset/RagaDataset/Hindustani/features/46997b02-f09c-4969-8138-4e1861f61967/Kaustuv_Kanti_Ganguli/Raag_Shree/Raag_Shree_928a430e-813e-48b0-8a23-566e74aa8dc9.flatSegNyas,Raag_Shree_928a430e-813e-48b0-8a23-566e74aa8dc9.flatSegNyas,.flatsegnyas,57643,other
46997b02-f09c-4969-8138-4e1861f61967,/home/izpiz/coding/automatic-raga-recognition/dataset/RagaDataset/Hindustani/features/46997b02-f09c-4969-8138-4e1861f61967/Kumar_Mardur/Classical_Essence/Raga_Shree_f5999e30-d00d-4837-b9c6-5328768ae22d.taniSegKNN,Raga_Shree_f5999e30-d00d-4837-b9c6-5328768ae22d.taniSegKNN,.tanisegknn,0,other
46997b02-f09c-4969-8138-4e1861f61967,/home/izpiz/coding/automatic-raga-recognition/dataset/RagaDataset/Hindustani/features/46997b02-f09c-4969-8138-4e1861f61967/Kumar_Mardur/Classical_Essence/Raga_Shree_f5999e30-d00d-4837-b9c6-5328768ae22d.flatSegNyas,Raga_Shree_f5999e30-d00d-4837-b9c6-5328768ae22d.flatSegNyas,.flatsegnyas,16829,other
46997b02-f09c-4969-8138-4e1861f61967,/home/izpiz/coding/automatic-raga-recognition/dataset/RagaDataset/Hindustani/features/46997b02-f09c-4969-8138-4e1861f61967/Mallikarjun_Mansur/Rare_Ragas_-_Raag_Sree/Raag_Shree_113d82be-a83c-4c43-9393-6377fcd982bf.flatSegNyas,Raag_Shree_113d82be-a83c-4c43-9393-6377fcd982bf.flatSegNyas,.flatsegnyas,42056,other
46997b02-f09c-4969-8138-4e1861f61967,/home/izpiz/coding/automatic-raga-recognition/dataset/RagaDataset/Hindustani/features/46997b02-f09c-4969-8138-4e1861f61967/Mallikarjun_Mansur/Rare_Ragas_-_Raag_Sree/Raag_Shree_113d82be-a83c-4c43-9393-6377fcd982bf.taniSegKNN,Raag_Shree_113d82be-a83c-4c43-9393-6377fcd982bf.taniSegKNN,.tanisegknn,0,other
48b37bed-e847-4882-8a01-5c721e07f07d,/home/izpiz/coding/automatic-raga-recognition/dataset/RagaDataset/Hindustani/features/48b37bed-e847-4882-8a01-5c721e07f07d/Abdul_Rashid_Khan/Rasan_Piya_-_Volume_4/Are_Lalju_Ab_Tum_Kahey_Baat_Banawat_6acdbda5-8c44-4dd4-8aea-dc024c7f65b6.taniSegKNN,Are_Lalju_Ab_Tum_Kahey_Baat_Banawat_6acdbda5-8c44-4dd4-8aea-dc024c7f65b6.taniSegKNN,.tanisegknn,0,other
48b37bed-e847-4882-8a01-5c721e07f07d,/home/izpiz/coding/automatic-raga-recognition/dataset/RagaDataset/Hindustani/features/48b37bed-e847-4882-8a01-5c721e07f07d/Abdul_Rashid_Khan/Rasan_Piya_-_Volume_4/Are_Lalju_Ab_Tum_Kahey_Baat_Banawat_6acdbda5-8c44-4dd4-8aea-dc024c7f65b6.flatSegNyas,Are_Lalju_Ab_Tum_Kahey_Baat_Banawat_6acdbda5-8c44-4dd4-8aea-dc024c7f65b6.flatSegNyas,.flatsegnyas,25028,other
48b37bed-e847-4882-8a01-5c721e07f07d,/home/izpiz/coding/automatic-raga-recognition/dataset/RagaDataset/Hindustani/features/48b37bed-e847-4882-8a01-5c721e07f07d/Bhimsen_Joshi/Raagadhiraj/Ay_Piya_Bin_Kaise_Taroge_and_Eri_Aali_Piya_Bin_e2bfec5e-df30-42b5-9157-e4fd102a78a6.flatSegNyas,Ay_Piya_Bin_Kaise_Taroge_and_Eri_Aali_Piya_Bin_e2bfec5e-df30-42b5-9157-e4fd102a78a6.flatSegNyas,.flatsegnyas,17813,other
48b37bed-e847-4882-8a01-5c721e07f07d,/home/izpiz/coding/automatic-raga-recognition/dataset/RagaDataset/Hindustani/features/48b37bed-e847-4882-8a01-5c721e07f07d/Bhimsen_Joshi/Raagadhiraj/Ay_Piya_Bin_Kaise_Taroge_and_Eri_Aali_Piya_Bin_e2bfec5e-df30-42b5-9157-e4fd102a78a6.taniSegKNN,Ay_Piya_Bin_Kaise_Taroge_and_Eri_Aali_Piya_Bin_e2bfec5e-df30-42b5-9157-e4fd102a78a6.taniSegKNN,.tanisegknn,0,other
48b37bed-e847-4882-8a01-5c721e07f07d,/home/izpiz/coding/automatic-raga-recognition/dataset/RagaDataset/Hindustani/features/48b37bed-e847-4882-8a01-5c721e07f07d/Bhimsen_Joshi/A_Rare_Treat/Yaman_Kalyan_aa93fca9-362d-4ea4-952f-65006746b888.flatSegNyas,Yaman_Kalyan_aa93fca9-362d-4ea4-952f-65006746b888.flatSegNyas,.flatsegnyas,21192,other
48b37bed-e847-4882-8a01-5c721e07f07d,/home/izpiz/coding/automatic-raga-recognition/dataset/RagaDataset/Hindustani/features/48b37bed-e847-4882-8a01-5c721e07f07d/Bhimsen_Joshi/A_Rare_Treat/Yaman_Kalyan_aa93fca9-362d-4ea4-952f-65006746b888.taniSegKNN,Yaman_Kalyan_aa93fca9-362d-4ea4-952f-65006746b888.taniSegKNN,.tanisegknn,0,other
48b37bed-e847-4882-8a01-5c721e07f07d,"/home/izpiz/coding/automatic-raga-recognition/dataset/RagaDataset/Hindustani/features/48b37bed-e847-4882-8a01-5c721e07f07d/Omkar_Dadarkar/Raag_Bahar,_Gaud_Malhar___Yaman/Raag_Yaman_c76cadd9-9e7b-4e9e-96dc-f79a9a8eed78.flatSegNyas",Raag_Yaman_c76cadd9-9e7b-4e9e-96dc-f79a9a8eed78.flatSegNyas,.flatsegnyas,20012,other
48b37bed-e847-4882-8a01-5c721e07f07d,"/home/izpiz/coding/automatic-raga-recognition/dataset/RagaDataset/Hindustani/features/48b37bed-e847-4882-8a01-5c721e07f07d/Omkar_Dadarkar/Raag_Bahar,_Gaud_Malhar___Yaman/Raag_Yaman_c76cadd9-9e7b-4e9e-96dc-f79a9a8eed78.taniSegKNN",Raag_Yaman_c76cadd9-9e7b-4e9e-96dc-f79a9a8eed78.taniSegKNN,.tanisegknn,0,other
48b37bed-e847-4882-8a01-5c721e07f07d,/home/izpiz/coding/automatic-raga-recognition/dataset/RagaDataset/Hindustani/features/48b37bed-e847-4882-8a01-5c721e07f07d/Ajoy_Chakrabarty/The_Genius_Of_Pt__Ajoy_Chakraborty/Raga_Yaman_e59642ca-72bc-466b-bf4b-d82bfbc7b4af.taniSegKNN,Raga_Yaman_e59642ca-72bc-466b-bf4b-d82bfbc7b4af.taniSegKNN,.tanisegknn,0,other
48b37bed-e847-4882-8a01-5c721e07f07d,/home/izpiz/coding/automatic-raga-recognition/dataset/RagaDataset/Hindustani/features/48b37bed-e847-4882-8a01-5c721e07f07d/Ajoy_Chakrabarty/The_Genius_Of_Pt__Ajoy_Chakraborty/Raga_Yaman_e59642ca-72bc-466b-bf4b-d82bfbc7b4af.flatSegNyas,Raga_Yaman_e59642ca-72bc-466b-bf4b-d82bfbc7b4af.flatSegNyas,.flatsegnyas,23725,other
48b37bed-e847-4882-8a01-5c721e07f07d,/home/izpiz/coding/automatic-raga-recognition/dataset/RagaDataset/Hindustani/features/48b37bed-e847-4882-8a01-5c721e07f07d/Shashank_Maktedar/Hidden_Gems/Raga_Yaman_a7a805ef-66c7-47aa-ad38-371c13fa3761.flatSegNyas,Raga_Yaman_a7a805ef-66c7-47aa-ad38-371c13fa3761.flatSegNyas,.flatsegnyas,33359,other
48b37bed-e847-4882-8a01-5c721e07f07d,/home/izpiz/coding/automatic-raga-recognition/dataset/RagaDataset/Hindustani/features/48b37bed-e847-4882-8a01-5c721e07f07d/Shashank_Maktedar/Hidden_Gems/Raga_Yaman_a7a805ef-66c7-47aa-ad38-371c13fa3761.taniSegKNN,Raga_Yaman_a7a805ef-66c7-47aa-ad38-371c13fa3761.taniSegKNN,.tanisegknn,0,other
48b37bed-e847-4882-8a01-5c721e07f07d,/home/izpiz/coding/automatic-raga-recognition/dataset/RagaDataset/Hindustani/features/48b37bed-e847-4882-8a01-5c721e07f07d/Hirabai_Barodekar/The_Great_Heritage__Hirabai_Barodekar/Raga_-_Yaman_72b3199c-c49d-4f50-b959-e1bf6abab98e.taniSegKNN,Raga_-_Yaman_72b3199c-c49d-4f50-b959-e1bf6abab98e.taniSegKNN,.tanisegknn,0,other
48b37bed-e847-4882-8a01-5c721e07f07d,/home/izpiz/coding/automatic-raga-recognition/dataset/RagaDataset/Hindustani/features/48b37bed-e847-4882-8a01-5c721e07f07d/Hirabai_Barodekar/The_Great_Heritage__Hirabai_Barodekar/Raga_-_Yaman_72b3199c-c49d-4f50-b959-e1bf6abab98e.flatSegNyas,Raga_-_Yaman_72b3199c-c49d-4f50-b959-e1bf6abab98e.flatSegNyas,.flatsegnyas,17372,other
48b37bed-e847-4882-8a01-5c721e07f07d,/home/izpiz/coding/automatic-raga-recognition/dataset/RagaDataset/Hindustani/features/48b37bed-e847-4882-8a01-5c721e07f07d/Prabha_Atre/Gaan_Prabha/Man_Tu_Gaa_Re_Hari_Naam_fe984e34-eae6-4dcf-bf70-159923c26fe6.flatSegNyas,Man_Tu_Gaa_Re_Hari_Naam_fe984e34-eae6-4dcf-bf70-159923c26fe6.flatSegNyas,.flatsegnyas,29082,other
48b37bed-e847-4882-8a01-5c721e07f07d,/home/izpiz/coding/automatic-raga-recognition/dataset/RagaDataset/Hindustani/features/48b37bed-e847-4882-8a01-5c721e07f07d/Prabha_Atre/Gaan_Prabha/Man_Tu_Gaa_Re_Hari_Naam_fe984e34-eae6-4dcf-bf70-159923c26fe6.taniSegKNN,Man_Tu_Gaa_Re_Hari_Naam_fe984e34-eae6-4dcf-bf70-159923c26fe6.taniSegKNN,.tanisegknn,0,other
48b37bed-e847-4882-8a01-5c721e07f07d,/home/izpiz/coding/automatic-raga-recognition/dataset/RagaDataset/Hindustani/features/48b37bed-e847-4882-8a01-5c721e07f07d/Veena_Sahasrabuddhe/Celestial/Deo_daan_mohe_a2c54654-2699-489a-95ab-623fc903281a.taniSegKNN,Deo_daan_mohe_a2c54654-2699-489a-95ab-623fc903281a.taniSegKNN,.tanisegknn,0,other
48b37bed-e847-4882-8a01-5c721e07f07d,/home/izpiz/coding/automatic-raga-recognition/dataset/RagaDataset/Hindustani/features/48b37bed-e847-4882-8a01-5c721e07f07d/Veena_Sahasrabuddhe/Celestial/Deo_daan_mohe_a2c54654-2699-489a-95ab-623fc903281a.flatSegNyas,Deo_daan_mohe_a2c54654-2699-489a-95ab-623fc903281a.flatSegNyas,.flatsegnyas,33969,other
48b37bed-e847-4882-8a01-5c721e07f07d,/home/izpiz/coding/automatic-raga-recognition/dataset/RagaDataset/Hindustani/features/48b37bed-e847-4882-8a01-5c721e07f07d/Jagdish_Prasad/Jewel_of_Jewels/Raga_Yaman_37c79233-b5d7-4517-a393-37784702c4ce.taniSegKNN,Raga_Yaman_37c79233-b5d7-4517-a393-37784702c4ce.taniSegKNN,.tanisegknn,0,other
48b37bed-e847-4882-8a01-5c721e07f07d,/home/izpiz/coding/automatic-raga-recognition/dataset/RagaDataset/Hindustani/features/48b37bed-e847-4882-8a01-5c721e07f07d/Jagdish_Prasad/Jewel_of_Jewels/Raga_Yaman_37c79233-b5d7-4517-a393-37784702c4ce.flatSegNyas,Raga_Yaman_37c79233-b5d7-4517-a393-37784702c4ce.flatSegNyas,.flatsegnyas,18586,other
54c4214c-05b9-4acc-8f77-6d5786e43a2e,/home/izpiz/coding/automatic-raga-recognition/dataset/RagaDataset/Hindustani/features/54c4214c-05b9-4acc-8f77-6d5786e43a2e/Bhimsen_Joshi/Swar_Shikhar/Raag_Marubihag_fe91ccb2-499a-4d99-be22-3fdde04ee9aa.taniSegKNN,Raag_Marubihag_fe91ccb2-499a-4d99-be22-3fdde04ee9aa.taniSegKNN,.tanisegknn,0,other
54c4214c-05b9-4acc-8f77-6d5786e43a2e,/home/izpiz/coding/automatic-raga-recognition/dataset/RagaDataset/Hindustani/features/54c4214c-05b9-4acc-8f77-6d5786e43a2e/Bhimsen_Joshi/Swar_Shikhar/Raag_Marubihag_fe91ccb2-499a-4d99-be22-3fdde04ee9aa.flatSegNyas,Raag_Marubihag_fe91ccb2-499a-4d99-be22-3fdde04ee9aa.flatSegNyas,.flatsegnyas,44005,other
54c4214c-05b9-4acc-8f77-6d5786e43a2e,/home/izpiz/coding/automatic-raga-recognition/dataset/RagaDataset/Hindustani/features/54c4214c-05b9-4acc-8f77-6d5786e43a2e/Bhimsen_Joshi/The_Essential_Collection/Rag_Maru_Bihag_Drut_Teental_a0cfb64b-6744-477e-9a17-e335a08e604f.taniSegKNN,Rag_Maru_Bihag_Drut_Teental_a0cfb64b-6744-477e-9a17-e335a08e604f.taniSegKNN,.tanisegknn,0,other
54c4214c-05b9-4acc-8f77-6d5786e43a2e,/home/izpiz/coding/automatic-raga-recognition/dataset/RagaDataset/Hindustani/features/54c4214c-05b9-4acc-8f77-6d5786e43a2e/Bhimsen_Joshi/The_Essential_Collection/Rag_Maru_Bihag_Drut_Teental_a0cfb64b-6744-477e-9a17-e335a08e604f.flatSegNyas,Rag_Maru_Bihag_Drut_Teental_a0cfb64b-6744-477e-9a17-e335a08e604f.flatSegNyas,.flatsegnyas,6491,other
54c4214c-05b9-4acc-8f77-6d5786e43a2e,/home/izpiz/coding/automatic-raga-recognition/dataset/RagaDataset/Hindustani/features/54c4214c-05b9-4acc-8f77-6d5786e43a2e/Bhimsen_Joshi/The_Essential_Collection/Rag_Maru_Bihag_Vilambit_Teental_230998b8-34e1-4d6c-bc96-e0ff95146ddb.taniSegKNN,Rag_Maru_Bihag_Vilambit_Teental_230998b8-34e1-4d6c-bc96-e0ff95146ddb.taniSegKNN,.tanisegknn,0,other
54c4214c-05b9-4acc-8f77-6d5786e43a2e,/home/izpiz/coding/automatic-raga-recognition/dataset/RagaDataset/Hindustani/features/54c4214c-05b9-4acc-8f77-6d5786e43a2e/Bhimsen_Joshi/The_Essential_Collection/Rag_Maru_Bihag_Vilambit_Teental_230998b8-34e1-4d6c-bc96-e0ff95146ddb.flatSegNyas,Rag_Maru_Bihag_Vilambit_Teental_230998b8-34e1-4d6c-bc96-e0ff95146ddb.flatSegNyas,.flatsegnyas,21785,other
54c4214c-05b9-4acc-8f77-6d5786e43a2e,/home/izpiz/coding/automatic-raga-recognition/dataset/RagaDataset/Hindustani/features/54c4214c-05b9-4acc-8f77-6d5786e43a2e/Ajoy_Chakrabarty/Geetinandan___Part-3/Maru_Bihag_631bde83-42e4-4c04-b260-3dbbd5b03799.taniSegKNN,Maru_Bihag_631bde83-42e4-4c04-b260-3dbbd5b03799.taniSegKNN,.tanisegknn,0,other
54c4214c-05b9-4acc-8f77-6d5786e43a2e,/home/izpiz/coding/automatic-raga-recognition/dataset/RagaDataset/Hindustani/features/54c4214c-05b9-4acc-8f77-6d5786e43a2e/Ajoy_Chakrabarty/Geetinandan___Part-3/Maru_Bihag_631bde83-42e4-4c04-b260-3dbbd5b03799.flatSegNyas,Maru_Bihag_631bde83-42e4-4c04-b260-3dbbd5b03799.flatSegNyas,.flatsegnyas,14590,other
54c4214c-05b9-4acc-8f77-6d5786e43a2e,/home/izpiz/coding/automatic-raga-recognition/dataset/RagaDataset/Hindustani/features/54c4214c-05b9-4acc-8f77-6d5786e43a2e/Jasraj/Classical_Wonders_of_India/Raga_Maru_Bihag_56ad0c6b-6e9d-40e5-a917-96ec46c95e1c.taniSegKNN,Raga_Maru_Bihag_56ad0c6b-6e9d-40e5-a917-96ec46c95e1c.taniSegKNN,.tanisegknn,0,other
54c4214c-05b9-4acc-8f77-6d5786e43a2e,/home/izpiz/coding/automatic-raga-recognition/dataset/RagaDataset/Hindustani/features/54c4214c-05b9-4acc-8f77-6d5786e43a2e/Jasraj/Classical_Wonders_of_India/Raga_Maru_Bihag_56ad0c6b-6e9d-40e5-a917-96ec46c95e1c.flatSegNyas,Raga_Maru_Bihag_56ad0c6b-6e9d-40e5-a917-96ec46c95e1c.flatSegNyas,.flatsegnyas,23513,other
54c4214c-05b9-4acc-8f77-6d5786e43a2e,/home/izpiz/coding/automatic-raga-recognition/dataset/RagaDataset/Hindustani/features/54c4214c-05b9-4acc-8f77-6d5786e43a2e/Sanjeev_Abhyankar/Khayal/Raga_Maru_Bihag_7199a72c-c660-40dc-8cb9-bc941ae4e8a2.taniSegKNN,Raga_Maru_Bihag_7199a72c-c660-40dc-8cb9-bc941ae4e8a2.taniSegKNN,.tanisegknn,0,other
54c4214c-05b9-4acc-8f77-6d5786e43a2e,/home/izpiz/coding/automatic-raga-recognition/dataset/RagaDataset/Hindustani/features/54c4214c-05b9-4acc-8f77-6d5786e43a2e/Sanjeev_Abhyankar/Khayal/Raga_Maru_Bihag_7199a72c-c660-40dc-8cb9-bc941ae4e8a2.flatSegNyas,Raga_Maru_Bihag_7199a72c-c660-40dc-8cb9-bc941ae4e8a2.flatSegNyas,.flatsegnyas,26949,other
54c4214c-05b9-4acc-8f77-6d5786e43a2e,/home/izpiz/coding/automatic-raga-recognition/dataset/RagaDataset/Hindustani/features/54c4214c-05b9-4acc-8f77-6d5786e43a2e/Kaushiki_Chakrabarty/Kaushiki/Tarapa_Tarapa_-_Drut_Ektaal_932be692-9ff8-4fe1-8546-b92b2d3db696.taniSegKNN,Tarapa_Tarapa_-_Drut_Ektaal_932be692-9ff8-4fe1-8546-b92b2d3db696.taniSegKNN,.tanisegknn,0,other
54c4214c-05b9-4acc-8f77-6d5786e43a2e,/home/izpiz/coding/automatic-raga-recognition/dataset/RagaDataset/Hindustani/features/54c4214c-05b9-4acc-8f77-6d5786e43a2e/Kaushiki_Chakrabarty/Kaushiki/Tarapa_Tarapa_-_Drut_Ektaal_932be692-9ff8-4fe1-8546-b92b2d3db696.flatSegNyas,Tarapa_Tarapa_-_Drut_Ektaal_932be692-9ff8-4fe1-8546-b92b2d3db696.flatSegNyas,.flatsegnyas,7947,other
54c4214c-05b9-4acc-8f77-6d5786e43a2e,/home/izpiz/coding/automatic-raga-recognition/dataset/RagaDataset/Hindustani/features/54c4214c-05b9-4acc-8f77-6d5786e43a2e/Kaushiki_Chakrabarty/Kaushiki/Maru_Bihag_-_Ratiya_Hamari_-_Vilambit_Ektaal_80c94c75-4175-40ca-9f23-4e5a04f5e9cb.taniSegKNN,Maru_Bihag_-_Ratiya_Hamari_-_Vilambit_Ektaal_80c94c75-4175-40ca-9f23-4e5a04f5e9cb.taniSegKNN,.tanisegknn,0,other
54c4214c-05b9-4acc-8f77-6d5786e43a2e,/home/izpiz/coding/automatic-raga-recognition/dataset/RagaDataset/Hindustani/features/54c4214c-05b9-4acc-8f77-6d5786e43a2e/Kaushiki_Chakrabarty/Kaushiki/Maru_Bihag_-_Ratiya_Hamari_-_Vilambit_Ektaal_80c94c75-4175-40ca-9f23-4e5a04f5e9cb.flatSegNyas,Maru_Bihag_-_Ratiya_Hamari_-_Vilambit_Ektaal_80c94c75-4175-40ca-9f23-4e5a04f5e9cb.flatSegNyas,.flatsegnyas,37497,other
54c4214c-05b9-4acc-8f77-6d5786e43a2e,/home/izpiz/coding/automatic-raga-recognition/dataset/RagaDataset/Hindustani/features/54c4214c-05b9-4acc-8f77-6d5786e43a2e/Prabha_Atre/Night_Melodies/Kal_Nai_Aaye_and_Jagu_Main_Saari_Raina_a4fa5d55-8ea5-47dc-b411-f3abe4ce5405.flatSegNyas,Kal_Nai_Aaye_and_Jagu_Main_Saari_Raina_a4fa5d55-8ea5-47dc-b411-f3abe4ce5405.flatSegNyas,.flatsegnyas,19251,other
54c4214c-05b9-4acc-8f77-6d5786e43a2e,/home/izpiz/coding/automatic-raga-recognition/dataset/RagaDataset/Hindustani/features/54c4214c-05b9-4acc-8f77-6d5786e43a2e/Prabha_Atre/Night_Melodies/Kal_Nai_Aaye_and_Jagu_Main_Saari_Raina_a4fa5d55-8ea5-47dc-b411-f3abe4ce5405.taniSegKNN,Kal_Nai_Aaye_and_Jagu_Main_Saari_Raina_a4fa5d55-8ea5-47dc-b411-f3abe4ce5405.taniSegKNN,.tanisegknn,0,other
54c4214c-05b9-4acc-8f77-6d5786e43a2e,/home/izpiz/coding/automatic-raga-recognition/dataset/RagaDataset/Hindustani/features/54c4214c-05b9-4acc-8f77-6d5786e43a2e/Veena_Sahasrabuddhe/Khayal/Raga_Marubihag_22e45ddb-9b88-406e-996a-2136730d72d4.taniSegKNN,Raga_Marubihag_22e45ddb-9b88-406e-996a-2136730d72d4.taniSegKNN,.tanisegknn,0,other
54c4214c-05b9-4acc-8f77-6d5786e43a2e,/home/izpiz/coding/automatic-raga-recognition/dataset/RagaDataset/Hindustani/features/54c4214c-05b9-4acc-8f77-6d5786e43a2e/Veena_Sahasrabuddhe/Khayal/Raga_Marubihag_22e45ddb-9b88-406e-996a-2136730d72d4.flatSegNyas,Raga_Marubihag_22e45ddb-9b88-406e-996a-2136730d72d4.flatSegNyas,.flatsegnyas,23602,other
595de771-fcc2-414c-9df6-ae4ffd898549,/home/izpiz/coding/automatic-raga-recognition/dataset/RagaDataset/Hindustani/features/595de771-fcc2-414c-9df6-ae4ffd898549/Rajan_Mishra/Sadhana/Raga_Hamsadhwani-Bandish_In_Drut_Teental_f227efaa-652f-48e1-b57e-6fe6fea16fe4.taniSegKNN,Raga_Hamsadhwani-Bandish_In_Drut_Teental_f227efaa-652f-48e1-b57e-6fe6fea16fe4.taniSegKNN,.tanisegknn,0,other
595de771-fcc2-414c-9df6-ae4ffd898549,/home/izpiz/coding/automatic-raga-recognition/dataset/RagaDataset/Hindustani/features/595de771-fcc2-414c-9df6-ae4ffd898549/Rajan_Mishra/Sadhana/Raga_Hamsadhwani-Alap__Bada_Khayal_In_Viambit_Teental_bb7a967a-4bb8-4cb8-9075-f2da540628e0.flatSegNyas,Raga_Hamsadhwani-Alap__Bada_Khayal_In_Viambit_Teental_bb7a967a-4bb8-4cb8-9075-f2da540628e0.flatSegNyas,.flatsegnyas,18734,other
595de771-fcc2-414c-9df6-ae4ffd898549,/home/izpiz/coding/automatic-raga-recognition/dataset/RagaDataset/Hindustani/features/595de771-fcc2-414c-9df6-ae4ffd898549/Rajan_Mishra/Sadhana/Raga_Hamsadhwani-Tarana_In_Drut_Teental_66dcff23-bcf4-4a32-82fb-e6bb679c0d5d.flatSegNyas,Raga_Hamsadhwani-Tarana_In_Drut_Teental_66dcff23-bcf4-4a32-82fb-e6bb679c0d5d.flatSegNyas,.flatsegnyas,3025,other
595de771-fcc2-414c-9df6-ae4ffd898549,/home/izpiz/coding/automatic-raga-recognition/dataset/RagaDataset/Hindustani/features/595de771-fcc2-414c-9df6-ae4ffd898549/Rajan_Mishra/Sadhana/Raga_Hamsadhwani-Bandish_In_Drut_Teental_f227efaa-652f-48e1-b57e-6fe6fea16fe4.flatSegNyas,Raga_Hamsadhwani-Bandish_In_Drut_Teental_f227efaa-652f-48e1-b57e-6fe6fea16fe4.flatSegNyas,.flatsegnyas,5246,other
595de771-fcc2-414c-9df6-ae4ffd898549,/home/izpiz/coding/automatic-raga-recognition/dataset/RagaDataset/Hindustani/features/595de771-fcc2-414c-9df6-ae4ffd898549/Rajan_Mishra/Sadhana/Raga_Hamsadhwani-Bandish_In_Madhya_Ektal_8aeccac0-75b0-4397-92b6-7bcfa0c427cc.taniSegKNN,Raga_Hamsadhwani-Bandish_In_Madhya_Ektal_8aeccac0-75b0-4397-92b6-7bcfa0c427cc.taniSegKNN,.tanisegknn,0,other
595de771-fcc2-414c-9df6-ae4ffd898549,/home/izpiz/coding/automatic-raga-recognition/dataset/RagaDataset/Hindustani/features/595de771-fcc2-414c-9df6-ae4ffd898549/Rajan_Mishra/Sadhana/Raga_Hamsadhwani-Tarana_In_Drut_Teental_66dcff23-bcf4-4a32-82fb-e6bb679c0d5d.taniSegKNN,Raga_Hamsadhwani-Tarana_In_Drut_Teental_66dcff23-bcf4-4a32-82fb-e6bb679c0d5d.taniSegKNN,.tanisegknn,0,other
595de771-fcc2-414c-9df6-ae4ffd898549,/home/izpiz/coding/automatic-raga-recognition/dataset/RagaDataset/Hindustani/features/595de771-fcc2-414c-9df6-ae4ffd898549/Rajan_Mishra/Sadhana/Raga_Hamsadhwani-Bandish_In_Madhya_Ektal_8aeccac0-75b0-4397-92b6-7bcfa0c427cc.flatSegNyas,Raga_Hamsadhwani-Bandish_In_Madhya_Ektal_8aeccac0-75b0-4397-92b6-7bcfa0c427cc.flatSegNyas,.flatsegnyas,6353,other
595de771-fcc2-414c-9df6-ae4ffd898549,/home/izpiz/coding/automatic-raga-recognition/dataset/RagaDataset/Hindustani/features/595de771-fcc2-414c-9df6-ae4ffd898549/Rajan_Mishra/Sadhana/Raga_Hamsadhwani-Alap__Bada_Khayal_In_Viambit_Teental_bb7a967a-4bb8-4cb8-9075-f2da540628e0.taniSegKNN,Raga_Hamsadhwani-Alap__Bada_Khayal_In_Viambit_Teental_bb7a967a-4bb8-4cb8-9075-f2da540628e0.taniSegKNN,.tanisegknn,0,other
595de771-fcc2-414c-9df6-ae4ffd898549,/home/izpiz/coding/automatic-raga-recognition/dataset/RagaDataset/Hindustani/features/595de771-fcc2-414c-9df6-ae4ffd898549/Jasraj/Legends__Sangeet_Martand_Pandit_Jasraj_(Vol__5)/Raga_-_Hansdhwani_06cc10fd-d57e-4581-9627-ee7422c273dd.flatSegNyas,Raga_-_Hansdhwani_06cc10fd-d57e-4581-9627-ee7422c273dd.flatSegNyas,.flatsegnyas,7722,other
595de771-fcc2-414c-9df6-ae4ffd898549,/home/izpiz/coding/automatic-raga-recognition/dataset/RagaDataset/Hindustani/features/595de771-fcc2-414c-9df6-ae4ffd898549/Jasraj/Legends__Sangeet_Martand_Pandit_Jasraj_(Vol__5)/Raga_-_Hansdhwani_06cc10fd-d57e-4581-9627-ee7422c273dd.taniSegKNN,Raga_-_Hansdhwani_06cc10fd-d57e-4581-9627-ee7422c273dd.taniSegKNN,.tanisegknn,0,other
595de771-fcc2-414c-9df6-ae4ffd898549,/home/izpiz/coding/automatic-raga-recognition/dataset/RagaDataset/Hindustani/features/595de771-fcc2-414c-9df6-ae4ffd898549/Amir_Khan/The_Great_Heritage__Ustad_Amir_Khan/Raga_Hansdhwani_Jai_Maate_56a5f6b7-67c0-4672-8eb5-4800ea004251.taniSegKNN,Raga_Hansdhwani_Jai_Maate_56a5f6b7-67c0-4672-8eb5-4800ea004251.taniSegKNN,.tanisegknn,0,other
595de771-fcc2-414c-9df6-ae4ffd898549,/home/izpiz/coding/automatic-raga-recognition/dataset/RagaDataset/Hindustani/features/595de771-fcc2-414c-9df6-ae4ffd898549/Amir_Khan/The_Great_Heritage__Ustad_Amir_Khan/Raga_Hansdhwani_Jai_Maate_56a5f6b7-67c0-4672-8eb5-4800ea004251.flatSegNyas,Raga_Hansdhwani_Jai_Maate_56a5f6b7-67c0-4672-8eb5-4800ea004251.flatSegNyas,.flatsegnyas,13565,other
595de771-fcc2-414c-9df6-ae4ffd898549,/home/izpiz/coding/automatic-raga-recognition/dataset/RagaDataset/Hindustani/features/595de771-fcc2-414c-9df6-ae4ffd898549/Raghunandan_Panshikar/Classical_Vocal/Raag_Hamsadhwani_7feb93f7-eaa4-42d5-b366-709fd1dbbc2c.flatSegNyas,Raag_Hamsadhwani_7feb93f7-eaa4-42d5-b366-709fd1dbbc2c.flatSegNyas,.flatsegnyas,22040,other
595de771-fcc2-414c-9df6-ae4ffd898549,/home/izpiz/coding/automatic-raga-recognition/dataset/RagaDataset/Hindustani/features/595de771-fcc2-414c-9df6-ae4ffd898549/Raghunandan_Panshikar/Classical_Vocal/Raag_Hamsadhwani_7feb93f7-eaa4-42d5-b366-709fd1dbbc2c.taniSegKNN,Raag_Hamsadhwani_7feb93f7-eaa4-42d5-b366-709fd1dbbc2c.taniSegKNN,.tanisegknn,0,other
595de771-fcc2-414c-9df6-ae4ffd898549,/home/izpiz/coding/automatic-raga-recognition/dataset/RagaDataset/Hindustani/features/595de771-fcc2-414c-9df6-ae4ffd898549/Veena_Sahasrabuddhe/Bandish_Vol-1/Brahma_Shiva_Hari_19b66d55-98b3-4157-b680-6a0f17fce925.flatSegNyas,Brahma_Shiva_Hari_19b66d55-98b3-4157-b680-6a0f17fce925.flatSegNyas,.flatsegnyas,3928,other
595de771-fcc2-414c-9df6-ae4ffd898549,/home/izpiz/coding/automatic-raga-recognition/dataset/RagaDataset/Hindustani/features/595de771-fcc2-414c-9df6-ae4ffd898549/Veena_Sahasrabuddhe/Bandish_Vol-1/Jabse_Laagi_Lagan_b142b865-8995-4ce5-aa98-4e0fc7d99d94.taniSegKNN,Jabse_Laagi_Lagan_b142b865-8995-4ce5-aa98-4e0fc7d99d94.taniSegKNN,.tanisegknn,0,other
595de771-fcc2-414c-9df6-ae4ffd898549,/home/izpiz/coding/automatic-raga-recognition/dataset/RagaDataset/Hindustani/features/595de771-fcc2-414c-9df6-ae4ffd898549/Veena_Sahasrabuddhe/Bandish_Vol-1/Brahma_Shiva_Hari_19b66d55-98b3-4157-b680-6a0f17fce925.taniSegKNN,Brahma_Shiva_Hari_19b66d55-98b3-4157-b680-6a0f17fce925.taniSegKNN,.tanisegknn,0,other
595de771-fcc2-414c-9df6-ae4ffd898549,/home/izpiz/coding/automatic-raga-recognition/dataset/RagaDataset/Hindustani/features/595de771-fcc2-414c-9df6-ae4ffd898549/Veena_Sahasrabuddhe/Bandish_Vol-1/Jabse_Laagi_Lagan_b142b865-8995-4ce5-aa98-4e0fc7d99d94.flatSegNyas,Jabse_Laagi_Lagan_b142b865-8995-4ce5-aa98-4e0fc7d99d94.flatSegNyas,.flatsegnyas,4003,other
595de771-fcc2-414c-9df6-ae4ffd898549,/home/izpiz/coding/automatic-raga-recognition/dataset/RagaDataset/Hindustani/features/595de771-fcc2-414c-9df6-ae4ffd898549/Veena_Sahasrabuddhe/Veena_Sahasrabuddhe_-_First_Milestone/Sakal_Dukh_Haran_and_Viharati_Brahmanandani_2331050f-b7cf-46d5-a700-c7503539d7c5.flatSegNyas,Sakal_Dukh_Haran_and_Viharati_Brahmanandani_2331050f-b7cf-46d5-a700-c7503539d7c5.flatSegNyas,.flatsegnyas,19219,other
595de771-fcc2-414c-9df6-ae4ffd898549,/home/izpiz/coding/automatic-raga-recognition/dataset/RagaDataset/Hindustani/features/595de771-fcc2-414c-9df6-ae4ffd898549/Veena_Sahasrabuddhe/Veena_Sahasrabuddhe_-_First_Milestone/Sakal_Dukh_Haran_and_Viharati_Brahmanandani_2331050f-b7cf-46d5-a700-c7503539d7c5.taniSegKNN,Sakal_Dukh_Haran_and_Viharati_Brahmanandani_2331050f-b7cf-46d5-a700-c7503539d7c5.taniSegKNN,.tanisegknn,0,other
62b79291-73b0-4c77-a353-0f8bc6ed8362,/home/izpiz/coding/automatic-raga-recognition/dataset/RagaDataset/Hindustani/features/62b79291-73b0-4c77-a353-0f8bc6ed8362/Abdul_Rashid_Khan/Rasan_Piya_-_Volume_1/Haare_-Haare_Haare_Piya_-_Desh_39f429c9-ee16-414d-b8d0-fbf1d0bc6e79.flatSegNyas,Haare_-Haare_Haare_Piya_-_Desh_39f429c9-ee16-414d-b8d0-fbf1d0bc6e79.flatSegNyas,.flatsegnyas,11282,other
62b79291-73b0-4c77-a353-0f8bc6ed8362,/home/izpiz/coding/automatic-raga-recognition/dataset/RagaDataset/Hindustani/features/62b79291-73b0-4c77-a353-0f8bc6ed8362/Abdul_Rashid_Khan/Rasan_Piya_-_Volume_1/Haare_-Haare_Haare_Piya_-_Desh_39f429c9-ee16-414d-b8d0-fbf1d0bc6e79.taniSegKNN,Haare_-Haare_Haare_Piya_-_Desh_39f429c9-ee16-414d-b8d0-fbf1d0bc6e79.taniSegKNN,.tanisegknn,0,other
62b79291-73b0-4c77-a353-0f8bc6ed8362,/home/izpiz/coding/automatic-raga-recognition/dataset/RagaDataset/Hindustani/features/62b79291-73b0-4c77-a353-0f8bc6ed8362/Abdul_Rashid_Khan/Rasan_Piya_-_Volume_3/Saiya_More_Savari_Surat_Man_Baso_Re_2a853a15-4376-4a0a-8b3f-7a55d652f464.taniSegKNN,Saiya_More_Savari_Surat_Man_Baso_Re_2a853a15-4376-4a0a-8b3f-7a55d652f464.taniSegKNN,.tanisegknn,0,other
62b79291-73b0-4c77-a353-0f8bc6ed8362,/home/izpiz/coding/automatic-raga-recognition/dataset/RagaDataset/Hindustani/features/62b79291-73b0-4c77-a353-0f8bc6ed8362/Abdul_Rashid_Khan/Rasan_Piya_-_Volume_3/Nanadiya_Tora_Bhavan_Na_Bhave_a5381523-347b-47bc-8645-a95d24a9a666.flatSegNyas,Nanadiya_Tora_Bhavan_Na_Bhave_a5381523-347b-47bc-8645-a95d24a9a666.flatSegNyas,.flatsegnyas,28587,other
62b79291-73b0-4c77-a353-0f8bc6ed8362,/home/izpiz/coding/automatic-raga-recognition/dataset/RagaDataset/Hindustani/features/62b79291-73b0-4c77-a353-0f8bc6ed8362/Abdul_Rashid_Khan/Rasan_Piya_-_Volume_3/Nanadiya_Tora_Bhavan_Na_Bhave_a5381523-347b-47bc-8645-a95d24a9a666.taniSegKNN,Nanadiya_Tora_Bhavan_Na_Bhave_a5381523-347b-47bc-8645-a95d24a9a666.taniSegKNN,.tanisegknn,0,other
62b79291-73b0-4c77-a353-0f8bc6ed8362,/home/izpiz/coding/automatic-raga-recognition/dataset/RagaDataset/Hindustani/features/62b79291-73b0-4c77-a353-0f8bc6ed8362/Abdul_Rashid_Khan/Rasan_Piya_-_Volume_3/Garajat_Baadar_Chaunk_Pari_Mai_f0de74aa-416f-4da7-b2d8-c02cd6da978e.taniSegKNN,Garajat_Baadar_Chaunk_Pari_Mai_f0de74aa-416f-4da7-b2d8-c02cd6da978e.taniSegKNN,.tanisegknn,0,other
62b79291-73b0-4c77-a353-0f8bc6ed8362,/home/izpiz/coding/automatic-raga-recognition/dataset/RagaDataset/Hindustani/features/62b79291-73b0-4c77-a353-0f8bc6ed8362/Abdul_Rashid_Khan/Rasan_Piya_-_Volume_3/Garajat_Baadar_Chaunk_Pari_Mai_f0de74aa-416f-4da7-b2d8-c02cd6da978e.flatSegNyas,Garajat_Baadar_Chaunk_Pari_Mai_f0de74aa-416f-4da7-b2d8-c02cd6da978e.flatSegNyas,.flatsegnyas,10939,other
62b79291-73b0-4c77-a353-0f8bc6ed8362,/home/izpiz/coding/automatic-raga-recognition/dataset/RagaDataset/Hindustani/features/62b79291-73b0-4c77-a353-0f8bc6ed8362/Abdul_Rashid_Khan/Rasan_Piya_-_Volume_3/Saiya_More_Savari_Surat_Man_Baso_Re_2a853a15-4376-4a0a-8b3f-7a55d652f464.flatSegNyas,Saiya_More_Savari_Surat_Man_Baso_Re_2a853a15-4376-4a0a-8b3f-7a55d652f464.flatSegNyas,.flatsegnyas,10928,other
62b79291-73b0-4c77-a353-0f8bc6ed8362,/home/izpiz/coding/automatic-raga-recognition/dataset/RagaDataset/Hindustani/features/62b79291-73b0-4c77-a353-0f8bc6ed8362/Rashid_Khan/Live_At_Sunny_Towers_Vol-2/Karam_Kara_Dije_695a5b9b-fdbe-4a02-914f-b40f46df4367.taniSegKNN,Karam_Kara_Dije_695a5b9b-fdbe-4a02-914f-b40f46df4367.taniSegKNN,.tanisegknn,0,other
62b79291-73b0-4c77-a353-0f8bc6ed8362,/home/izpiz/coding/automatic-raga-recognition/dataset/RagaDataset/Hindustani/features/62b79291-73b0-4c77-a353-0f8bc6ed8362/Rashid_Khan/Live_At_Sunny_Towers_Vol-2/Karam_Kara_Dije_695a5b9b-fdbe-4a02-914f-b40f46df4367.flatSegNyas,Karam_Kara_Dije_695a5b9b-fdbe-4a02-914f-b40f46df4367.flatSegNyas,.flatsegnyas,20365,other
62b79291-73b0-4c77-a353-0f8bc6ed8362,/home/izpiz/coding/automatic-raga-recognition/dataset/RagaDataset/Hindustani/features/62b79291-73b0-4c77-a353-0f8bc6ed8362/Rashid_Khan/Vocal/Raga_Desh_b97c32e5-f9ab-465d-b651-681016323409.flatSegNyas,Raga_Desh_b97c32e5-f9ab-465d-b651-681016323409.flatSegNyas,.flatsegnyas,10424,other
62b79291-73b0-4c77-a353-0f8bc6ed8362,/home/izpiz/coding/automatic-raga-recognition/dataset/RagaDataset/Hindustani/features/62b79291-73b0-4c77-a353-0f8bc6ed8362/Rashid_Khan/Vocal/Raga_Desh_b97c32e5-f9ab-465d-b651-681016323409.taniSegKNN,Raga_Desh_b97c32e5-f9ab-465d-b651-681016323409.taniSegKNN,.tanisegknn,0,other
62b79291-73b0-4c77-a353-0f8bc6ed8362,/home/izpiz/coding/automatic-raga-recognition/dataset/RagaDataset/Hindustani/features/62b79291-73b0-4c77-a353-0f8bc6ed8362/Rashid_Khan/Vocal/Raga_Desh_c7073b30-cb25-4ed4-a2f3-9d75fe9cd1e8.flatSegNyas,Raga_Desh_c7073b30-cb25-4ed4-a2f3-9d75fe9cd1e8.flatSegNyas,.flatsegnyas,16848,other
62b79291-73b0-4c77-a353-0f8bc6ed8362,/home/izpiz/coding/automatic-raga-recognition/dataset/RagaDataset/Hindustani/features/62b79291-73b0-4c77-a353-0f8bc6ed8362/Rashid_Khan/Vocal/Raga_Desh_c7073b30-cb25-4ed4-a2f3-9d75fe9cd1e8.taniSegKNN,Raga_Desh_c7073b30-cb25-4ed4-a2f3-9d75fe9cd1e8.taniSegKNN,.tanisegknn,0,other
62b79291-73b0-4c77-a353-0f8bc6ed8362,/home/izpiz/coding/automatic-raga-recognition/dataset/RagaDataset/Hindustani/features/62b79291-73b0-4c77-a353-0f8bc6ed8362/Ulhas_Kashalkar/Khayalnuma/Des_c8724201-ecfd-44be-af53-5f436564d062.taniSegKNN,Des_c8724201-ecfd-44be-af53-5f436564d062.taniSegKNN,.tanisegknn,0,other
62b79291-73b0-4c77-a353-0f8bc6ed8362,/home/izpiz/coding/automatic-raga-recognition/dataset/RagaDataset/Hindustani/features/62b79291-73b0-4c77-a353-0f8bc6ed8362/Ulhas_Kashalkar/Khayalnuma/Des_c8724201-ecfd-44be-af53-5f436564d062.flatSegNyas,Des_c8724201-ecfd-44be-af53-5f436564d062.flatSegNyas,.flatsegnyas,7214,other
62b79291-73b0-4c77-a353-0f8bc6ed8362,/home/izpiz/coding/automatic-raga-recognition/dataset/RagaDataset/Hindustani/features/62b79291-73b0-4c77-a353-0f8bc6ed8362/Sanjeev_Abhyankar/Jiyaraa/Manwaa_Naahi_Laage_97a04401-5a5a-4951-9b94-cce8fbc302cf.taniSegKNN,Manwaa_Naahi_Laage_97a04401-5a5a-4951-9b94-cce8fbc302cf.taniSegKNN,.tanisegknn,0,other
62b79291-73b0-4c77-a353-0f8bc6ed8362,/home/izpiz/coding/automatic-raga-recognition/dataset/RagaDataset/Hindustani/features/62b79291-73b0-4c77-a353-0f8bc6ed8362/Sanjeev_Abhyankar/Jiyaraa/Manwaa_Naahi_Laage_97a04401-5a5a-4951-9b94-cce8fbc302cf.flatSegNyas,Manwaa_Naahi_Laage_97a04401-5a5a-4951-9b94-cce8fbc302cf.flatSegNyas,.flatsegnyas,10348,other
62b79291-73b0-4c77-a353-0f8bc6ed8362,/home/izpiz/coding/automatic-raga-recognition/dataset/RagaDataset/Hindustani/features/62b79291-73b0-4c77-a353-0f8bc6ed8362/Veena_Sahasrabuddhe/Ritu_Chakra_Vol__3/Raga_Desh_e3a55c80-653e-4587-aca9-bf6c7245c459.flatSegNyas,Raga_Desh_e3a55c80-653e-4587-aca9-bf6c7245c459.flatSegNyas,.flatsegnyas,12745,other
62b79291-73b0-4c77-a353-0f8bc6ed8362,/home/izpiz/coding/automatic-raga-recognition/dataset/RagaDataset/Hindustani/features/62b79291-73b0-4c77-a353-0f8bc6ed8362/Veena_Sahasrabuddhe/Ritu_Chakra_Vol__3/Raga_Desh_e3a55c80-653e-4587-aca9-bf6c7245c459.taniSegKNN,Raga_Desh_e3a55c80-653e-4587-aca9-bf6c7245c459.taniSegKNN,.tanisegknn,0,other
64e5fb9e-5569-4e80-8e6c-f543af9469c7,/home/izpiz/coding/automatic-raga-recognition/dataset/RagaDataset/Hindustani/features/64e5fb9e-5569-4e80-8e6c-f543af9469c7/Bade_Ghulam_Ali_Khan/Hindustani_Vocal/Raga_Malkauns_3fc7b071-68c7-4a5a-bed5-7da6301931f4.flatSegNyas,Raga_Malkauns_3fc7b071-68c7-4a5a-bed5-7da6301931f4.flatSegNyas,.flatsegnyas,29011,other
64e5fb9e-5569-4e80-8e6c-f543af9469c7,/home/izpiz/coding/automatic-raga-recognition/dataset/RagaDataset/Hindustani/features/64e5fb9e-5569-4e80-8e6c-f543af9469c7/Bade_Ghulam_Ali_Khan/Hindustani_Vocal/Raga_Malkauns_3fc7b071-68c7-4a5a-bed5-7da6301931f4.taniSegKNN,Raga_Malkauns_3fc7b071-68c7-4a5a-bed5-7da6301931f4.taniSegKNN,.tanisegknn,0,other
64e5fb9e-5569-4e80-8e6c-f543af9469c7,/home/izpiz/coding/automatic-raga-recognition/dataset/RagaDataset/Hindustani/features/64e5fb9e-5569-4e80-8e6c-f543af9469c7/Rashid_Khan/The_Genius_Of_Ustad_Rashid_Khan/Raga_-_Malkauns_f5d3cea0-50ad-461f-9aa2-20f2434ae1e8.taniSegKNN,Raga_-_Malkauns_f5d3cea0-50ad-461f-9aa2-20f2434ae1e8.taniSegKNN,.tanisegknn,0,other
64e5fb9e-5569-4e80-8e6c-f543af9469c7,/home/izpiz/coding/automatic-raga-recognition/dataset/RagaDataset/Hindustani/features/64e5fb9e-5569-4e80-8e6c-f543af9469c7/Rashid_Khan/The_Genius_Of_Ustad_Rashid_Khan/Raga_-_Malkauns_f5d3cea0-50ad-461f-9aa2-20f2434ae1e8.flatSegNyas,Raga_-_Malkauns_f5d3cea0-50ad-461f-9aa2-20f2434ae1e8.flatSegNyas,.flatsegnyas,25428,other
64e5fb9e-5569-4e80-8e6c-f543af9469c7,/home/izpiz/coding/automatic-raga-recognition/dataset/RagaDataset/Hindustani/features/64e5fb9e-5569-4e80-8e6c-f543af9469c7/Gopal_Mishra/Kula_Sampada/Raga_Malkauns_64587462-6f9f-4439-8b48-6375a4fb1f6a.flatSegNyas,Raga_Malkauns_64587462-6f9f-4439-8b48-6375a4fb1f6a.flatSegNyas,.flatsegnyas,54532,other
64e5fb9e-5569-4e80-8e6c-f543af9469c7,/home/izpiz/coding/automatic-raga-recognition/dataset/RagaDataset/Hindustani/features/64e5fb9e-5569-4e80-8e6c-f543af9469c7/Gopal_Mishra/Kula_Sampada/Raga_Malkauns_64587462-6f9f-4439-8b48-6375a4fb1f6a.taniSegKNN,Raga_Malkauns_64587462-6f9f-4439-8b48-6375a4fb1f6a.taniSegKNN,.tanisegknn,0,other
64e5fb9e-5569-4e80-8e6c-f543af9469c7,/home/izpiz/coding/automatic-raga-recognition/dataset/RagaDataset/Hindustani/features/64e5fb9e-5569-4e80-8e6c-f543af9469c7/Ulhas_Kashalkar/Masterpieces/Malkauns_Bada_Khyal_2d207bf5-90cf-4d74-8703-b3b0d52a531f.taniSegKNN,Malkauns_Bada_Khyal_2d207bf5-90cf-4d74-8703-b3b0d52a531f.taniSegKNN,.tanisegknn,0,other
64e5fb9e-5569-4e80-8e6c-f543af9469c7,/home/izpiz/coding/automatic-raga-recognition/dataset/RagaDataset/Hindustani/features/64e5fb9e-5569-4e80-8e6c-f543af9469c7/Ulhas_Kashalkar/Masterpieces/Malkauns_Bada_Khyal_2d207bf5-90cf-4d74-8703-b3b0d52a531f.flatSegNyas,Malkauns_Bada_Khyal_2d207bf5-90cf-4d74-8703-b3b0d52a531f.flatSegNyas,.flatsegnyas,30392,other
64e5fb9e-5569-4e80-8e6c-f543af9469c7,/home/izpiz/coding/automatic-raga-recognition/dataset/RagaDataset/Hindustani/features/64e5fb9e-5569-4e80-8e6c-f543af9469c7/Ajoy_Chakrabarty/Ajoy_Chakrabarty-Vocal/Malkauns-Bandish_in_Vilambit_Ektal_4a507000-6c5a-4c8b-8922-1bfc29cba805.taniSegKNN,Malkauns-Bandish_in_Vilambit_Ektal_4a507000-6c5a-4c8b-8922-1bfc29cba805.taniSegKNN,.tanisegknn,0,other
64e5fb9e-5569-4e80-8e6c-f543af9469c7,/home/izpiz/coding/automatic-raga-recognition/dataset/RagaDataset/Hindustani/features/64e5fb9e-5569-4e80-8e6c-f543af9469c7/Ajoy_Chakrabarty/Ajoy_Chakrabarty-Vocal/Malkauns-Bandish_in_Vilambit_Ektal_4a507000-6c5a-4c8b-8922-1bfc29cba805.flatSegNyas,Malkauns-Bandish_in_Vilambit_Ektal_4a507000-6c5a-4c8b-8922-1bfc29cba805.flatSegNyas,.flatsegnyas,21543,other
64e5fb9e-5569-4e80-8e6c-f543af9469c7,/home/izpiz/coding/automatic-raga-recognition/dataset/RagaDataset/Hindustani/features/64e5fb9e-5569-4e80-8e6c-f543af9469c7/Rattan_Mohan_Sharma/Raga_Reflections/Eri_Sakhi_Mai_Kase_Kahu_Manki_Batiya_and_Maai_Garaj_Badarva_Doleri_99f1a318-f246-40cb-86b9-3639344be94d.taniSegKNN,Eri_Sakhi_Mai_Kase_Kahu_Manki_Batiya_and_Maai_Garaj_Badarva_Doleri_99f1a318-f246-40cb-86b9-3639344be94d.taniSegKNN,.tanisegknn,0,other
64e5fb9e-5569-4e80-8e6c-f543af9469c7,/home/izpiz/coding/automatic-raga-recognition/dataset/RagaDataset/Hindustani/features/64e5fb9e-5569-4e80-8e6c-f543af9469c7/Rattan_Mohan_Sharma/Raga_Reflections/Eri_Sakhi_Mai_Kase_Kahu_Manki_Batiya_and_Maai_Garaj_Badarva_Doleri_99f1a318-f246-40cb-86b9-3639344be94d.flatSegNyas,Eri_Sakhi_Mai_Kase_Kahu_Manki_Batiya_and_Maai_Garaj_Badarva_Doleri_99f1a318-f246-40cb-86b9-3639344be94d.flatSegNyas,.flatsegnyas,25903,other
64e5fb9e-5569-4e80-8e6c-f543af9469c7,/home/izpiz/coding/automatic-raga-recognition/dataset/RagaDataset/Hindustani/features/64e5fb9e-5569-4e80-8e6c-f543af9469c7/Prabha_Atre/Maalkauns/Jaako_Mana_Raam_980b4a00-6e7c-41c1-81ee-6b021d237343.flatSegNyas,Jaako_Mana_Raam_980b4a00-6e7c-41c1-81ee-6b021d237343.flatSegNyas,.flatsegnyas,25566,other
64e5fb9e-5569-4e80-8e6c-f543af9469c7,/home/izpiz/coding/automatic-raga-recognition/dataset/RagaDataset/Hindustani/features/64e5fb9e-5569-4e80-8e6c-f543af9469c7/Prabha_Atre/Maalkauns/Jaako_Mana_Raam_980b4a00-6e7c-41c1-81ee-6b021d237343.taniSegKNN,Jaako_Mana_Raam_980b4a00-6e7c-41c1-81ee-6b021d237343.taniSegKNN,.tanisegknn,0,other
64e5fb9e-5569-4e80-8e6c-f543af9469c7,/home/izpiz/coding/automatic-raga-recognition/dataset/RagaDataset/Hindustani/features/64e5fb9e-5569-4e80-8e6c-f543af9469c7/Kesarbai_Kerkar/20th_Century_Baithak_Series/Raga_Malkauns_-_Teental_5233f93f-4f1c-4ba1-9d3f-3d47a5f81d2e.flatSegNyas,Raga_Malkauns_-_Teental_5233f93f-4f1c-4ba1-9d3f-3d47a5f81d2e.flatSegNyas,.flatsegnyas,36379,other
64e5fb9e-5569-4e80-8e6c-f543af9469c7,/home/izpiz/coding/automatic-raga-recognition/dataset/RagaDataset/Hindustani/features/64e5fb9e-5569-4e80-8e6c-f543af9469c7/Kesarbai_Kerkar/20th_Century_Baithak_Series/Raga_Malkauns_-_Teental_5233f93f-4f1c-4ba1-9d3f-3d47a5f81d2e.taniSegKNN,Raga_Malkauns_-_Teental_5233f93f-4f1c-4ba1-9d3f-3d47a5f81d2e.taniSegKNN,.tanisegknn,0,other
64e5fb9e-5569-4e80-8e6c-f543af9469c7,"/home/izpiz/coding/automatic-raga-recognition/dataset/RagaDataset/Hindustani/features/64e5fb9e-5569-4e80-8e6c-f543af9469c7/Satyasheel_Deshpande/Raag_Malkauns,_Chandrakauns___Majh_Khamaj_Thumri/Raag_Malkauns_52944bc0-4639-4760-be76-f2720a20be81.taniSegKNN",Raag_Malkauns_52944bc0-4639-4760-be76-f2720a20be81.taniSegKNN,.tanisegknn,0,other
64e5fb9e-5569-4e80-8e6c-f543af9469c7,"/home/izpiz/coding/automatic-raga-recognition/dataset/RagaDataset/Hindustani/features/64e5fb9e-5569-4e80-8e6c-f543af9469c7/Satyasheel_Deshpande/Raag_Malkauns,_Chandrakauns___Majh_Khamaj_Thumri/Raag_Malkauns_52944bc0-4639-4760-be76-f2720a20be81.flatSegNyas",Raag_Malkauns_52944bc0-4639-4760-be76-f2720a20be81.flatSegNyas,.flatsegnyas,27830,other
64e5fb9e-5569-4e80-8e6c-f543af9469c7,/home/izpiz/coding/automatic-raga-recognition/dataset/RagaDataset/Hindustani/features/64e5fb9e-5569-4e80-8e6c-f543af9469c7/Malini_Rajurkar/Classical_Vocal/Raga_Malkauns_f149cad0-c5af-48d6-a726-ef3badb0169a.taniSegKNN,Raga_Malkauns_f149cad0-c5af-48d6-a726-ef3badb0169a.taniSegKNN,.tanisegknn,0,other
64e5fb9e-5569-4e80-8e6c-f543af9469c7,/home/izpiz/coding/automatic-raga-recognition/dataset/RagaDataset/Hindustani/features/64e5fb9e-5569-4e80-8e6c-f543af9469c7/Malini_Rajurkar/Classical_Vocal/Raga_Malkauns_f149cad0-c5af-48d6-a726-ef3badb0169a.flatSegNyas,Raga_Malkauns_f149cad0-c5af-48d6-a726-ef3badb0169a.flatSegNyas,.flatsegnyas,26626,other
6f13484e-6fdd-402d-baf3-3835835454d0,/home/izpiz/coding/automatic-raga-recognition/dataset/RagaDataset/Hindustani/features/6f13484e-6fdd-402d-baf3-3835835454d0/Bhimsen_Joshi/Evergreen/Daiyya_Baat_Dubar_and_Langar_Kankariye_Jin_Maar_02915dfb-8e3d-40be-8f88-421afe81a697.flatSegNyas,Daiyya_Baat_Dubar_and_Langar_Kankariye_Jin_Maar_02915dfb-8e3d-40be-8f88-421afe81a697.flatSegNyas,.flatsegnyas,16348,other
6f13484e-6fdd-402d-baf3-3835835454d0,/home/izpiz/coding/automatic-raga-recognition/dataset/RagaDataset/Hindustani/features/6f13484e-6fdd-402d-baf3-3835835454d0/Bhimsen_Joshi/Evergreen/Daiyya_Baat_Dubar_and_Langar_Kankariye_Jin_Maar_02915dfb-8e3d-40be-8f88-421afe81a697.taniSegKNN,Daiyya_Baat_Dubar_and_Langar_Kankariye_Jin_Maar_02915dfb-8e3d-40be-8f88-421afe81a697.taniSegKNN,.tanisegknn,0,other
6f13484e-6fdd-402d-baf3-3835835454d0,/home/izpiz/coding/automatic-raga-recognition/dataset/RagaDataset/Hindustani/features/6f13484e-6fdd-402d-baf3-3835835454d0/Omkar_Dadarkar/Raag_Ahir_Bhairon___Todi/Raag_Todi_25d5c348-023b-487b-b149-a46d553cedee.flatSegNyas,Raag_Todi_25d5c348-023b-487b-b149-a46d553cedee.flatSegNyas,.flatsegnyas,13918,other
6f13484e-6fdd-402d-baf3-3835835454d0,/home/izpiz/coding/automatic-raga-recognition/dataset/RagaDataset/Hindustani/features/6f13484e-6fdd-402d-baf3-3835835454d0/Omkar_Dadarkar/Raag_Ahir_Bhairon___Todi/Raag_Todi_25d5c348-023b-487b-b149-a46d553cedee.taniSegKNN,Raag_Todi_25d5c348-023b-487b-b149-a46d553cedee.taniSegKNN,.tanisegknn,0,other
6f13484e-6fdd-402d-baf3-3835835454d0,/home/izpiz/coding/automatic-raga-recognition/dataset/RagaDataset/Hindustani/features/6f13484e-6fdd-402d-baf3-3835835454d0/Kishori_Amonkar/Prabhat/Raga_Todi_-_Khyal_in_Vilambit_Teental_0de04a5c-74b1-42e0-8df2-d166be9a3b33.flatSegNyas,Raga_Todi_-_Khyal_in_Vilambit_Teental_0de04a5c-74b1-42e0-8df2-d166be9a3b33.flatSegNyas,.flatsegnyas,32953,other
6f13484e-6fdd-402d-baf3-3835835454d0,/home/izpiz/coding/automatic-raga-recognition/dataset/RagaDataset/Hindustani/features/6f13484e-6fdd-402d-baf3-3835835454d0/Kishori_Amonkar/Prabhat/Raga_Todi_-_Khyal_in_Vilambit_Teental_0de04a5c-74b1-42e0-8df2-d166be9a3b33.taniSegKNN,Raga_Todi_-_Khyal_in_Vilambit_Teental_0de04a5c-74b1-42e0-8df2-d166be9a3b33.taniSegKNN,.tanisegknn,0,other
6f13484e-6fdd-402d-baf3-3835835454d0,/home/izpiz/coding/automatic-raga-recognition/dataset/RagaDataset/Hindustani/features/6f13484e-6fdd-402d-baf3-3835835454d0/Gopal_Mishra/Kula_Sampada/Raga_Todi_d38c59a4-947b-4918-8b0d-f22b7c8c1ea5.taniSegKNN,Raga_Todi_d38c59a4-947b-4918-8b0d-f22b7c8c1ea5.taniSegKNN,.tanisegknn,0,other
6f13484e-6fdd-402d-baf3-3835835454d0,/home/izpiz/coding/automatic-raga-recognition/dataset/RagaDataset/Hindustani/features/6f13484e-6fdd-402d-baf3-3835835454d0/Gopal_Mishra/Kula_Sampada/Raga_Todi_d38c59a4-947b-4918-8b0d-f22b7c8c1ea5.flatSegNyas,Raga_Todi_d38c59a4-947b-4918-8b0d-f22b7c8c1ea5.flatSegNyas,.flatsegnyas,26336,other
6f13484e-6fdd-402d-baf3-3835835454d0,/home/izpiz/coding/automatic-raga-recognition/dataset/RagaDataset/Hindustani/features/6f13484e-6fdd-402d-baf3-3835835454d0/Jasraj/Echoes_of_a_Golden_Voice/Is_Nagri_Main_and_Allah_Jane_Allah_Jane_c4f7a204-5c54-47a1-ae39-b70a366b6865.taniSegKNN,Is_Nagri_Main_and_Allah_Jane_Allah_Jane_c4f7a204-5c54-47a1-ae39-b70a366b6865.taniSegKNN,.tanisegknn,0,other
6f13484e-6fdd-402d-baf3-3835835454d0,/home/izpiz/coding/automatic-raga-recognition/dataset/RagaDataset/Hindustani/features/6f13484e-6fdd-402d-baf3-3835835454d0/Jasraj/Echoes_of_a_Golden_Voice/Is_Nagri_Main_and_Allah_Jane_Allah_Jane_c4f7a204-5c54-47a1-ae39-b70a366b6865.flatSegNyas,Is_Nagri_Main_and_Allah_Jane_Allah_Jane_c4f7a204-5c54-47a1-ae39-b70a366b6865.flatSegNyas,.flatsegnyas,18918,other
6f13484e-6fdd-402d-baf3-3835835454d0,/home/izpiz/coding/automatic-raga-recognition/dataset/RagaDataset/Hindustani/features/6f13484e-6fdd-402d-baf3-3835835454d0/Kaivalyakumar_Gurav/Kaivalyakumar_Vocal_Classical/Miyan_Ki_Todi_8bbf423e-c4ea-43b8-b496-dd84f2c28d2a.flatSegNyas,Miyan_Ki_Todi_8bbf423e-c4ea-43b8-b496-dd84f2c28d2a.flatSegNyas,.flatsegnyas,24771,other
6f13484e-6fdd-402d-baf3-3835835454d0,/home/izpiz/coding/automatic-raga-recognition/dataset/RagaDataset/Hindustani/features/6f13484e-6fdd-402d-baf3-3835835454d0/Kaivalyakumar_Gurav/Kaivalyakumar_Vocal_Classical/Miyan_Ki_Todi_8bbf423e-c4ea-43b8-b496-dd84f2c28d2a.taniSegKNN,Miyan_Ki_Todi_8bbf423e-c4ea-43b8-b496-dd84f2c28d2a.taniSegKNN,.tanisegknn,0,other
6f13484e-6fdd-402d-baf3-3835835454d0,/home/izpiz/coding/automatic-raga-recognition/dataset/RagaDataset/Hindustani/features/6f13484e-6fdd-402d-baf3-3835835454d0/Amir_Khan/Taskeen_(Vol__2)/Raga_Todi_da623ecf-5590-4fc6-8d6d-d1f396d5021d.taniSegKNN,Raga_Todi_da623ecf-5590-4fc6-8d6d-d1f396d5021d.taniSegKNN,.tanisegknn,0,other
6f13484e-6fdd-402d-baf3-3835835454d0,/home/izpiz/coding/automatic-raga-recognition/dataset/RagaDataset/Hindustani/features/6f13484e-6fdd-402d-baf3-3835835454d0/Amir_Khan/Taskeen_(Vol__2)/Raga_Todi_da623ecf-5590-4fc6-8d6d-d1f396d5021d.flatSegNyas,Raga_Todi_da623ecf-5590-4fc6-8d6d-d1f396d5021d.flatSegNyas,.flatsegnyas,24482,other
6f13484e-6fdd-402d-baf3-3835835454d0,/home/izpiz/coding/automatic-raga-recognition/dataset/RagaDataset/Hindustani/features/6f13484e-6fdd-402d-baf3-3835835454d0/Prabha_Atre/Amrut_Prabha/Raag_Miyan_Ki_Todi_b3dba394-97c1-4fa3-a291-0805fc642e0a.flatSegNyas,Raag_Miyan_Ki_Todi_b3dba394-97c1-4fa3-a291-0805fc642e0a.flatSegNyas,.flatsegnyas,27446,other
6f13484e-6fdd-402d-baf3-3835835454d0,/home/izpiz/coding/automatic-raga-recognition/dataset/RagaDataset/Hindustani/features/6f13484e-6fdd-402d-baf3-3835835454d0/Prabha_Atre/Amrut_Prabha/Raag_Miyan_Ki_Todi_b3dba394-97c1-4fa3-a291-0805fc642e0a.taniSegKNN,Raag_Miyan_Ki_Todi_b3dba394-97c1-4fa3-a291-0805fc642e0a.taniSegKNN,.tanisegknn,0,other
6f13484e-6fdd-402d-baf3-3835835454d0,/home/izpiz/coding/automatic-raga-recognition/dataset/RagaDataset/Hindustani/features/6f13484e-6fdd-402d-baf3-3835835454d0/Kumar_Gandharva/Raag_Todi/Raag_Todi_3f162361-c4fa-46f9-bc56-58242d978449.taniSegKNN,Raag_Todi_3f162361-c4fa-46f9-bc56-58242d978449.taniSegKNN,.tanisegknn,0,other
6f13484e-6fdd-402d-baf3-3835835454d0,/home/izpiz/coding/automatic-raga-recognition/dataset/RagaDataset/Hindustani/features/6f13484e-6fdd-402d-baf3-3835835454d0/Kumar_Gandharva/Raag_Todi/Raag_Todi_3f162361-c4fa-46f9-bc56-58242d978449.flatSegNyas,Raag_Todi_3f162361-c4fa-46f9-bc56-58242d978449.flatSegNyas,.flatsegnyas,66386,other
6f13484e-6fdd-402d-baf3-3835835454d0,/home/izpiz/coding/automatic-raga-recognition/dataset/RagaDataset/Hindustani/features/6f13484e-6fdd-402d-baf3-3835835454d0/Veena_Sahasrabuddhe/Tribute_To_Miyan_Tansen_Vol-1/Barkha_ki_Ritu_Aai_and_Sanch_Sanch_Ki_Je_7a91131b-210d-45b1-a056-e12dd578cc68.taniSegKNN,Barkha_ki_Ritu_Aai_and_Sanch_Sanch_Ki_Je_7a91131b-210d-45b1-a056-e12dd578cc68.taniSegKNN,.tanisegknn,0,other
6f13484e-6fdd-402d-baf3-3835835454d0,/home/izpiz/coding/automatic-raga-recognition/dataset/RagaDataset/Hindustani/features/6f13484e-6fdd-402d-baf3-3835835454d0/Veena_Sahasrabuddhe/Tribute_To_Miyan_Tansen_Vol-1/Barkha_ki_Ritu_Aai_and_Sanch_Sanch_Ki_Je_7a91131b-210d-45b1-a056-e12dd578cc68.flatSegNyas,Barkha_ki_Ritu_Aai_and_Sanch_Sanch_Ki_Je_7a91131b-210d-45b1-a056-e12dd578cc68.flatSegNyas,.flatsegnyas,27684,other
7591faad-e68a-4550-b675-8082842c6056,/home/izpiz/coding/automatic-raga-recognition/dataset/RagaDataset/Hindustani/features/7591faad-e68a-4550-b675-8082842c6056/Rashid_Khan/Vocal/Raga_Bageshri_1d378f5b-33ac-47ae-9219-a03a394de1b9.taniSegKNN,Raga_Bageshri_1d378f5b-33ac-47ae-9219-a03a394de1b9.taniSegKNN,.tanisegknn,0,other
7591faad-e68a-4550-b675-8082842c6056,/home/izpiz/coding/automatic-raga-recognition/dataset/RagaDataset/Hindustani/features/7591faad-e68a-4550-b675-8082842c6056/Rashid_Khan/Vocal/Raga_Bageshri_1d378f5b-33ac-47ae-9219-a03a394de1b9.flatSegNyas,Raga_Bageshri_1d378f5b-33ac-47ae-9219-a03a394de1b9.flatSegNyas,.flatsegnyas,37168,other
7591faad-e68a-4550-b675-8082842c6056,/home/izpiz/coding/automatic-raga-recognition/dataset/RagaDataset/Hindustani/features/7591faad-e68a-4550-b675-8082842c6056/Ajoy_Chakrabarty/The_Genius_Of_Pt__Ajoy_Chakraborty/Raga_Bageshree_186b62f6-3073-4817-a075-439cad73305c.taniSegKNN,Raga_Bageshree_186b62f6-3073-4817-a075-439cad73305c.taniSegKNN,.tanisegknn,0,other
7591faad-e68a-4550-b675-8082842c6056,/home/izpiz/coding/automatic-raga-recognition/dataset/RagaDataset/Hindustani/features/7591faad-e68a-4550-b675-8082842c6056/Ajoy_Chakrabarty/The_Genius_Of_Pt__Ajoy_Chakraborty/Raga_Bageshree_186b62f6-3073-4817-a075-439cad73305c.flatSegNyas,Raga_Bageshree_186b62f6-3073-4817-a075-439cad73305c.flatSegNyas,.flatsegnyas,20263,other
7591faad-e68a-4550-b675-8082842c6056,/home/izpiz/coding/automatic-raga-recognition/dataset/RagaDataset/Hindustani/features/7591faad-e68a-4550-b675-8082842c6056/Sanjeev_Abhyankar/Soaring_Heights-_Vol_2/Kaum_Fande_Mope_Daal_Gayo_and_Ja_Re_Balama_To_Se_Nahin_Bolun_afe4855b-9b3e-477a-944a-251b6bb7dd97.taniSegKNN,Kaum_Fande_Mope_Daal_Gayo_and_Ja_Re_Balama_To_Se_Nahin_Bolun_afe4855b-9b3e-477a-944a-251b6bb7dd97.taniSegKNN,.tanisegknn,0,other
7591faad-e68a-4550-b675-8082842c6056,/home/izpiz/coding/automatic-raga-recognition/dataset/RagaDataset/Hindustani/features/7591faad-e68a-4550-b675-8082842c6056/Sanjeev_Abhyankar/Soaring_Heights-_Vol_2/Kaum_Fande_Mope_Daal_Gayo_and_Ja_Re_Balama_To_Se_Nahin_Bolun_afe4855b-9b3e-477a-944a-251b6bb7dd97.flatSegNyas,Kaum_Fande_Mope_Daal_Gayo_and_Ja_Re_Balama_To_Se_Nahin_Bolun_afe4855b-9b3e-477a-944a-251b6bb7dd97.flatSegNyas,.flatsegnyas,22484,other
7591faad-e68a-4550-b675-8082842c6056,/home/izpiz/coding/automatic-raga-recognition/dataset/RagaDataset/Hindustani/features/7591faad-e68a-4550-b675-8082842c6056/Amir_Khan/A_Life_in_Music/Raga_Bageshri_47b78e45-4a67-49e7-94db-aac7fc8a3db7.taniSegKNN,Raga_Bageshri_47b78e45-4a67-49e7-94db-aac7fc8a3db7.taniSegKNN,.tanisegknn,0,other
7591faad-e68a-4550-b675-8082842c6056,/home/izpiz/coding/automatic-raga-recognition/dataset/RagaDataset/Hindustani/features/7591faad-e68a-4550-b675-8082842c6056/Amir_Khan/A_Life_in_Music/Raga_Bageshri_47b78e45-4a67-49e7-94db-aac7fc8a3db7.flatSegNyas,Raga_Bageshri_47b78e45-4a67-49e7-94db-aac7fc8a3db7.flatSegNyas,.flatsegnyas,19737,other
7591faad-e68a-4550-b675-8082842c6056,/home/izpiz/coding/automatic-raga-recognition/dataset/RagaDataset/Hindustani/features/7591faad-e68a-4550-b675-8082842c6056/Prabhakar_Karekar/Swarprabha/Mohe_Manavan_Aaya_and_Na_Daro_Rang_c6dfc5f0-34cb-4d1e-90a0-712a845beb38.flatSegNyas,Mohe_Manavan_Aaya_and_Na_Daro_Rang_c6dfc5f0-34cb-4d1e-90a0-712a845beb38.flatSegNyas,.flatsegnyas,22284,other
7591faad-e68a-4550-b675-8082842c6056,/home/izpiz/coding/automatic-raga-recognition/dataset/RagaDataset/Hindustani/features/7591faad-e68a-4550-b675-8082842c6056/Prabhakar_Karekar/Swarprabha/Mohe_Manavan_Aaya_and_Na_Daro_Rang_c6dfc5f0-34cb-4d1e-90a0-712a845beb38.taniSegKNN,Mohe_Manavan_Aaya_and_Na_Daro_Rang_c6dfc5f0-34cb-4d1e-90a0-712a845beb38.taniSegKNN,.tanisegknn,0,other
7591faad-e68a-4550-b675-8082842c6056,/home/izpiz/coding/automatic-raga-recognition/dataset/RagaDataset/Hindustani/features/7591faad-e68a-4550-b675-8082842c6056/Veena_Sahasrabuddhe/Veena_Sahasrabuddhe_-_First_Milestone/Sakhi_Mana_Lage_Na_and_Shyaam_Ghan_Chhaye_58ffbe74-0145-48b9-bc41-fa9e4b3a59cc.taniSegKNN,Sakhi_Mana_Lage_Na_and_Shyaam_Ghan_Chhaye_58ffbe74-0145-48b9-bc41-fa9e4b3a59cc.taniSegKNN,.tanisegknn,0,other
7591faad-e68a-4550-b675-8082842c6056,/home/izpiz/coding/automatic-raga-recognition/dataset/RagaDataset/Hindustani/features/7591faad-e68a-4550-b675-8082842c6056/Veena_Sahasrabuddhe/Veena_Sahasrabuddhe_-_First_Milestone/Sakhi_Mana_Lage_Na_and_Shyaam_Ghan_Chhaye_58ffbe74-0145-48b9-bc41-fa9e4b3a59cc.flatSegNyas,Sakhi_Mana_Lage_Na_and_Shyaam_Ghan_Chhaye_58ffbe74-0145-48b9-bc41-fa9e4b3a59cc.flatSegNyas,.flatsegnyas,28629,other
7591faad-e68a-4550-b675-8082842c6056,/home/izpiz/coding/automatic-raga-recognition/dataset/RagaDataset/Hindustani/features/7591faad-e68a-4550-b675-8082842c6056/Satyasheel_Deshpande/Raag_Bageshree___Bhairavi_Bhajan/Raag_Bageshree_897f4174-24be-493a-be1c-57fd3c018601.flatSegNyas,Raag_Bageshree_897f4174-24be-493a-be1c-57fd3c018601.flatSegNyas,.flatsegnyas,47021,other
7591faad-e68a-4550-b675-8082842c6056,/home/izpiz/coding/automatic-raga-recognition/dataset/RagaDataset/Hindustani/features/7591faad-e68a-4550-b675-8082842c6056/Satyasheel_Deshpande/Raag_Bageshree___Bhairavi_Bhajan/Raag_Bageshree_897f4174-24be-493a-be1c-57fd3c018601.taniSegKNN,Raag_Bageshree_897f4174-24be-493a-be1c-57fd3c018601.taniSegKNN,.tanisegknn,0,other
7591faad-e68a-4550-b675-8082842c6056,/home/izpiz/coding/automatic-raga-recognition/dataset/RagaDataset/Hindustani/features/7591faad-e68a-4550-b675-8082842c6056/Malini_Rajurkar/Classical_Vocal/Raga_Bageshree_bf3e009b-5d36-46a2-8fde-3c019c9fef1a.taniSegKNN,Raga_Bageshree_bf3e009b-5d36-46a2-8fde-3c019c9fef1a.taniSegKNN,.tanisegknn,0,other
7591faad-e68a-4550-b675-8082842c6056,/home/izpiz/coding/automatic-raga-recognition/dataset/RagaDataset/Hindustani/features/7591faad-e68a-4550-b675-8082842c6056/Malini_Rajurkar/Classical_Vocal/Raga_Bageshree_bf3e009b-5d36-46a2-8fde-3c019c9fef1a.flatSegNyas,Raga_Bageshree_bf3e009b-5d36-46a2-8fde-3c019c9fef1a.flatSegNyas,.flatsegnyas,31107,other
7591faad-e68a-4550-b675-8082842c6056,/home/izpiz/coding/automatic-raga-recognition/dataset/RagaDataset/Hindustani/features/7591faad-e68a-4550-b675-8082842c6056/Jagdish_Prasad/Shraddhanjali__Jagdish_Prasad/Raga_Bhageshri_6cb0fc24-76bf-48a8-8a45-8552b70127ea.flatSegNyas,Raga_Bhageshri_6cb0fc24-76bf-48a8-8a45-8552b70127ea.flatSegNyas,.flatsegnyas,15026,other
7591faad-e68a-4550-b675-8082842c6056,/home/izpiz/coding/automatic-raga-recognition/dataset/RagaDataset/Hindustani/features/7591faad-e68a-4550-b675-8082842c6056/Jagdish_Prasad/Shraddhanjali__Jagdish_Prasad/Raga_Bhageshri_6cb0fc24-76bf-48a8-8a45-8552b70127ea.taniSegKNN,Raga_Bhageshri_6cb0fc24-76bf-48a8-8a45-8552b70127ea.taniSegKNN,.tanisegknn,0,other
7591faad-e68a-4550-b675-8082842c6056,/home/izpiz/coding/automatic-raga-recognition/dataset/RagaDataset/Hindustani/features/7591faad-e68a-4550-b675-8082842c6056/Mukul_Shivaputra_Bhanumatey/Hindustani_Vocal/Raga_Bageshri_c12784d9-c5d7-4883-adae-8140551480c4.taniSegKNN,Raga_Bageshri_c12784d9-c5d7-4883-adae-8140551480c4.taniSegKNN,.tanisegknn,0,other
7591faad-e68a-4550-b675-8082842c6056,/home/izpiz/coding/automatic-raga-recognition/dataset/RagaDataset/Hindustani/features/7591faad-e68a-4550-b675-8082842c6056/Mukul_Shivaputra_Bhanumatey/Hindustani_Vocal/Raga_Bageshri_c12784d9-c5d7-4883-adae-8140551480c4.flatSegNyas,Raga_Bageshri_c12784d9-c5d7-4883-adae-8140551480c4.flatSegNyas,.flatsegnyas,25587,other
93c73081-bdf8-4eca-b325-d736b71e9b4b,/home/izpiz/coding/automatic-raga-recognition/dataset/RagaDataset/Hindustani/features/93c73081-bdf8-4eca-b325-d736b71e9b4b/Abdul_Rashid_Khan/Rasan_Piya_-_Volume_1/Chanchal_Chatur_Nodar_Kanhale_-_Khamaj_5c3bd389-696a-4ffd-93af-94b68343e9b7.taniSegKNN,Chanchal_Chatur_Nodar_Kanhale_-_Khamaj_5c3bd389-696a-4ffd-93af-94b68343e9b7.taniSegKNN,.tanisegknn,0,other
93c73081-bdf8-4eca-b325-d736b71e9b4b,/home/izpiz/coding/automatic-raga-recognition/dataset/RagaDataset/Hindustani/features/93c73081-bdf8-4eca-b325-d736b71e9b4b/Abdul_Rashid_Khan/Rasan_Piya_-_Volume_1/Chanchal_Chatur_Nodar_Kanhale_-_Khamaj_5c3bd389-696a-4ffd-93af-94b68343e9b7.flatSegNyas,Chanchal_Chatur_Nodar_Kanhale_-_Khamaj_5c3bd389-696a-4ffd-93af-94b68343e9b7.flatSegNyas,.flatsegnyas,11206,other
93c73081-bdf8-4eca-b325-d736b71e9b4b,/home/izpiz/coding/automatic-raga-recognition/dataset/RagaDataset/Hindustani/features/93c73081-bdf8-4eca-b325-d736b71e9b4b/Abdul_Rashid_Khan/Rasan_Piya_-_Volume_2/Laagun_Re_Junaiyan_Tere_Paiyan_eb7fce60-8232-44ee-ad0a-571bb15003fb.taniSegKNN,Laagun_Re_Junaiyan_Tere_Paiyan_eb7fce60-8232-44ee-ad0a-571bb15003fb.taniSegKNN,.tanisegknn,0,other
93c73081-bdf8-4eca-b325-d736b71e9b4b,/home/izpiz/coding/automatic-raga-recognition/dataset/RagaDataset/Hindustani/features/93c73081-bdf8-4eca-b325-d736b71e9b4b/Abdul_Rashid_Khan/Rasan_Piya_-_Volume_2/Tair_Sunaye_Re_Papihara_b3f5d314-c817-41e1-b6a2-df3c260c8c63.flatSegNyas,Tair_Sunaye_Re_Papihara_b3f5d314-c817-41e1-b6a2-df3c260c8c63.flatSegNyas,.flatsegnyas,9332,other
93c73081-bdf8-4eca-b325-d736b71e9b4b,/home/izpiz/coding/automatic-raga-recognition/dataset/RagaDataset/Hindustani/features/93c73081-bdf8-4eca-b325-d736b71e9b4b/Abdul_Rashid_Khan/Rasan_Piya_-_Volume_2/Kab_Ghar_Aao_Piya_More_Paas_76f343ce-a0ce-40c0-89aa-969c75a8cec2.flatSegNyas,Kab_Ghar_Aao_Piya_More_Paas_76f343ce-a0ce-40c0-89aa-969c75a8cec2.flatSegNyas,.flatsegnyas,28486,other
93c73081-bdf8-4eca-b325-d736b71e9b4b,/home/izpiz/coding/automatic-raga-recognition/dataset/RagaDataset/Hindustani/features/93c73081-bdf8-4eca-b325-d736b71e9b4b/Abdul_Rashid_Khan/Rasan_Piya_-_Volume_2/Kab_Ghar_Aao_Piya_More_Paas_76f343ce-a0ce-40c0-89aa-969c75a8cec2.taniSegKNN,Kab_Ghar_Aao_Piya_More_Paas_76f343ce-a0ce-40c0-89aa-969c75a8cec2.taniSegKNN,.tanisegknn,0,other
93c73081-bdf8-4eca-b325-d736b71e9b4b,/home/izpiz/coding/automatic-raga-recognition/dataset/RagaDataset/Hindustani/features/93c73081-bdf8-4eca-b325-d736b71e9b4b/Abdul_Rashid_Khan/Rasan_Piya_-_Volume_2/Tair_Sunaye_Re_Papihara_b3f5d314-c817-41e1-b6a2-df3c260c8c63.taniSegKNN,Tair_Sunaye_Re_Papihara_b3f5d314-c817-41e1-b6a2-df3c260c8c63.taniSegKNN,.tanisegknn,0,other
93c73081-bdf8-4eca-b325-d736b71e9b4b,/home/izpiz/coding/automatic-raga-recognition/dataset/RagaDataset/Hindustani/features/93c73081-bdf8-4eca-b325-d736b71e9b4b/Abdul_Rashid_Khan/Rasan_Piya_-_Volume_2/Laagun_Re_Junaiyan_Tere_Paiyan_eb7fce60-8232-44ee-ad0a-571bb15003fb.flatSegNyas,Laagun_Re_Junaiyan_Tere_Paiyan_eb7fce60-8232-44ee-ad0a-571bb15003fb.flatSegNyas,.flatsegnyas,9587,other
93c73081-bdf8-4eca-b325-d736b71e9b4b,/home/izpiz/coding/automatic-raga-recognition/dataset/RagaDataset/Hindustani/features/93c73081-bdf8-4eca-b325-d736b71e9b4b/Abdul_Rashid_Khan/Rasan_Piya_-_Volume_2/Dekho_Dekho_Aaj_Shyam_dcc4b6e9-15ef-4662-acbe-8666af8cbca5.taniSegKNN,Dekho_Dekho_Aaj_Shyam_dcc4b6e9-15ef-4662-acbe-8666af8cbca5.taniSegKNN,.tanisegknn,0,other
93c73081-bdf8-4eca-b325-d736b71e9b4b,/home/izpiz/coding/automatic-raga-recognition/dataset/RagaDataset/Hindustani/features/93c73081-bdf8-4eca-b325-d736b71e9b4b/Abdul_Rashid_Khan/Rasan_Piya_-_Volume_2/Dekho_Dekho_Aaj_Shyam_dcc4b6e9-15ef-4662-acbe-8666af8cbca5.flatSegNyas,Dekho_Dekho_Aaj_Shyam_dcc4b6e9-15ef-4662-acbe-8666af8cbca5.flatSegNyas,.flatsegnyas,7754,other
93c73081-bdf8-4eca-b325-d736b71e9b4b,"/home/izpiz/coding/automatic-raga-recognition/dataset/RagaDataset/Hindustani/features/93c73081-bdf8-4eca-b325-d736b71e9b4b/Ajoy_Chakrabarty/Raag_Abhogi,_Rageshree___Khamaj/Raag_Khamaj_c556b631-111f-42e8-aa98-e02f0777be9e.taniSegKNN",Raag_Khamaj_c556b631-111f-42e8-aa98-e02f0777be9e.taniSegKNN,.tanisegknn,0,other
93c73081-bdf8-4eca-b325-d736b71e9b4b,"/home/izpiz/coding/automatic-raga-recognition/dataset/RagaDataset/Hindustani/features/93c73081-bdf8-4eca-b325-d736b71e9b4b/Ajoy_Chakrabarty/Raag_Abhogi,_Rageshree___Khamaj/Raag_Khamaj_c556b631-111f-42e8-aa98-e02f0777be9e.flatSegNyas",Raag_Khamaj_c556b631-111f-42e8-aa98-e02f0777be9e.flatSegNyas,.flatsegnyas,21740,other
93c73081-bdf8-4eca-b325-d736b71e9b4b,/home/izpiz/coding/automatic-raga-recognition/dataset/RagaDataset/Hindustani/features/93c73081-bdf8-4eca-b325-d736b71e9b4b/Ajoy_Chakrabarty/Ajoy_Chakrabarty-Vocal/Drut_Bandish_In_Tintal_b267996c-c857-4774-9cf6-5f7cec7413d7.flatSegNyas,Drut_Bandish_In_Tintal_b267996c-c857-4774-9cf6-5f7cec7413d7.flatSegNyas,.flatsegnyas,11948,other
93c73081-bdf8-4eca-b325-d736b71e9b4b,/home/izpiz/coding/automatic-raga-recognition/dataset/RagaDataset/Hindustani/features/93c73081-bdf8-4eca-b325-d736b71e9b4b/Ajoy_Chakrabarty/Ajoy_Chakrabarty-Vocal/Madhya_Bandish_In_Jhaptal_e0c1cf84-1bb3-4e8b-84d4-0f659976d576.taniSegKNN,Madhya_Bandish_In_Jhaptal_e0c1cf84-1bb3-4e8b-84d4-0f659976d576.taniSegKNN,.tanisegknn,0,other
93c73081-bdf8-4eca-b325-d736b71e9b4b,/home/izpiz/coding/automatic-raga-recognition/dataset/RagaDataset/Hindustani/features/93c73081-bdf8-4eca-b325-d736b71e9b4b/Ajoy_Chakrabarty/Ajoy_Chakrabarty-Vocal/Drut_Bandish_In_Tintal_9ce13d3a-f853-490c-a706-39283372eb0e.taniSegKNN,Drut_Bandish_In_Tintal_9ce13d3a-f853-490c-a706-39283372eb0e.taniSegKNN,.tanisegknn,0,other
93c73081-bdf8-4eca-b325-d736b71e9b4b,/home/izpiz/coding/automatic-raga-recognition/dataset/RagaDataset/Hindustani/features/93c73081-bdf8-4eca-b325-d736b71e9b4b/Ajoy_Chakrabarty/Ajoy_Chakrabarty-Vocal/Vilambit_Bandish_In_Ektal_88210cd2-6440-4868-b6aa-3aeb403b4feb.taniSegKNN,Vilambit_Bandish_In_Ektal_88210cd2-6440-4868-b6aa-3aeb403b4feb.taniSegKNN,.tanisegknn,0,other
93c73081-bdf8-4eca-b325-d736b71e9b4b,/home/izpiz/coding/automatic-raga-recognition/dataset/RagaDataset/Hindustani/features/93c73081-bdf8-4eca-b325-d736b71e9b4b/Ajoy_Chakrabarty/Ajoy_Chakrabarty-Vocal/Drut_Bandish_In_Tintal_b267996c-c857-4774-9cf6-5f7cec7413d7.taniSegKNN,Drut_Bandish_In_Tintal_b267996c-c857-4774-9cf6-5f7cec7413d7.taniSegKNN,.tanisegknn,0,other
93c73081-bdf8-4eca-b325-d736b71e9b4b,/home/izpiz/coding/automatic-raga-recognition/dataset/RagaDataset/Hindustani/features/93c73081-bdf8-4eca-b325-d736b71e9b4b/Ajoy_Chakrabarty/Ajoy_Chakrabarty-Vocal/Drut_Bandish_In_Tintal_9ce13d3a-f853-490c-a706-39283372eb0e.flatSegNyas,Drut_Bandish_In_Tintal_9ce13d3a-f853-490c-a706-39283372eb0e.flatSegNyas,.flatsegnyas,12141,other
93c73081-bdf8-4eca-b325-d736b71e9b4b,/home/izpiz/coding/automatic-raga-recognition/dataset/RagaDataset/Hindustani/features/93c73081-bdf8-4eca-b325-d736b71e9b4b/Ajoy_Chakrabarty/Ajoy_Chakrabarty-Vocal/Madhya_Bandish_In_Jhaptal_e0c1cf84-1bb3-4e8b-84d4-0f659976d576.flatSegNyas,Madhya_Bandish_In_Jhaptal_e0c1cf84-1bb3-4e8b-84d4-0f659976d576.flatSegNyas,.flatsegnyas,16971,other
93c73081-bdf8-4eca-b325-d736b71e9b4b,/home/izpiz/coding/automatic-raga-recognition/dataset/RagaDataset/Hindustani/features/93c73081-bdf8-4eca-b325-d736b71e9b4b/Ajoy_Chakrabarty/Ajoy_Chakrabarty-Vocal/Vilambit_Bandish_In_Ektal_88210cd2-6440-4868-b6aa-3aeb403b4feb.flatSegNyas,Vilambit_Bandish_In_Ektal_88210cd2-6440-4868-b6aa-3aeb403b4feb.flatSegNyas,.flatsegnyas,32399,other
a7d98897-e2fe-4d75-b9dc-e5b4dc88e1c6,/home/izpiz/coding/automatic-raga-recognition/dataset/RagaDataset/Hindustani/features/a7d98897-e2fe-4d75-b9dc-e5b4dc88e1c6/Abdul_Rashid_Khan/Rasan_Piya_-_Volume_1/Bane-Bane_Thane-Thane_8f983ca1-2b51-4a9f-9265-b797b09c91c9.flatSegNyas,Bane-Bane_Thane-Thane_8f983ca1-2b51-4a9f-9265-b797b09c91c9.flatSegNyas,.flatsegnyas,9676,other
a7d98897-e2fe-4d75-b9dc-e5b4dc88e1c6,/home/izpiz/coding/automatic-raga-recognition/dataset/RagaDataset/Hindustani/features/a7d98897-e2fe-4d75-b9dc-e5b4dc88e1c6/Abdul_Rashid_Khan/Rasan_Piya_-_Volume_1/Dhan_Dhan_Re_Tere_Ladla_ee202972-59a1-4576-9883-6e82124b356a.taniSegKNN,Dhan_Dhan_Re_Tere_Ladla_ee202972-59a1-4576-9883-6e82124b356a.taniSegKNN,.tanisegknn,0,other
a7d98897-e2fe-4d75-b9dc-e5b4dc88e1c6,/home/izpiz/coding/automatic-raga-recognition/dataset/RagaDataset/Hindustani/features/a7d98897-e2fe-4d75-b9dc-e5b4dc88e1c6/Abdul_Rashid_Khan/Rasan_Piya_-_Volume_1/Bane-Bane_Thane-Thane_8f983ca1-2b51-4a9f-9265-b797b09c91c9.taniSegKNN,Bane-Bane_Thane-Thane_8f983ca1-2b51-4a9f-9265-b797b09c91c9.taniSegKNN,.tanisegknn,0,other
a7d98897-e2fe-4d75-b9dc-e5b4dc88e1c6,/home/izpiz/coding/automatic-raga-recognition/dataset/RagaDataset/Hindustani/features/a7d98897-e2fe-4d75-b9dc-e5b4dc88e1c6/Abdul_Rashid_Khan/Rasan_Piya_-_Volume_1/Nayan_Bich_Dore_Lal_c8c0b93e-0e7d-4e08-a1cc-95b0eecee5db.taniSegKNN,Nayan_Bich_Dore_Lal_c8c0b93e-0e7d-4e08-a1cc-95b0eecee5db.taniSegKNN,.tanisegknn,0,other
a7d98897-e2fe-4d75-b9dc-e5b4dc88e1c6,/home/izpiz/coding/automatic-raga-recognition/dataset/RagaDataset/Hindustani/features/a7d98897-e2fe-4d75-b9dc-e5b4dc88e1c6/Abdul_Rashid_Khan/Rasan_Piya_-_Volume_1/Daiya_Moko_Ka_Kahega_Logava_907e6bb0-130e-4ec5-aad0-6c768e8e9dcd.flatSegNyas,Daiya_Moko_Ka_Kahega_Logava_907e6bb0-130e-4ec5-aad0-6c768e8e9dcd.flatSegNyas,.flatsegnyas,8099,other
a7d98897-e2fe-4d75-b9dc-e5b4dc88e1c6,/home/izpiz/coding/automatic-raga-recognition/dataset/RagaDataset/Hindustani/features/a7d98897-e2fe-4d75-b9dc-e5b4dc88e1c6/Abdul_Rashid_Khan/Rasan_Piya_-_Volume_1/Qutab_Rabani_Mehboob_Subhani_858a82b8-562e-4a7c-a7a2-6cbc65967e99.flatSegNyas,Qutab_Rabani_Mehboob_Subhani_858a82b8-562e-4a7c-a7a2-6cbc65967e99.flatSegNyas,.flatsegnyas,13459,other
a7d98897-e2fe-4d75-b9dc-e5b4dc88e1c6,/home/izpiz/coding/automatic-raga-recognition/dataset/RagaDataset/Hindustani/features/a7d98897-e2fe-4d75-b9dc-e5b4dc88e1c6/Abdul_Rashid_Khan/Rasan_Piya_-_Volume_1/Qutab_Rabani_Mehboob_Subhani_858a82b8-562e-4a7c-a7a2-6cbc65967e99.taniSegKNN,Qutab_Rabani_Mehboob_Subhani_858a82b8-562e-4a7c-a7a2-6cbc65967e99.taniSegKNN,.tanisegknn,0,other
a7d98897-e2fe-4d75-b9dc-e5b4dc88e1c6,/home/izpiz/coding/automatic-raga-recognition/dataset/RagaDataset/Hindustani/features/a7d98897-e2fe-4d75-b9dc-e5b4dc88e1c6/Abdul_Rashid_Khan/Rasan_Piya_-_Volume_1/Dhan_Dhan_Re_Tere_Ladla_ee202972-59a1-4576-9883-6e82124b356a.flatSegNyas,Dhan_Dhan_Re_Tere_Ladla_ee202972-59a1-4576-9883-6e82124b356a.flatSegNyas,.flatsegnyas,21474,other
a7d98897-e2fe-4d75-b9dc-e5b4dc88e1c6,/home/izpiz/coding/automatic-raga-recognition/dataset/RagaDataset/Hindustani/features/a7d98897-e2fe-4d75-b9dc-e5b4dc88e1c6/Abdul_Rashid_Khan/Rasan_Piya_-_Volume_1/Daiya_Moko_Ka_Kahega_Logava_907e6bb0-130e-4ec5-aad0-6c768e8e9dcd.taniSegKNN,Daiya_Moko_Ka_Kahega_Logava_907e6bb0-130e-4ec5-aad0-6c768e8e9dcd.taniSegKNN,.tanisegknn,0,other
a7d98897-e2fe-4d75-b9dc-e5b4dc88e1c6,/home/izpiz/coding/automatic-raga-recognition/dataset/RagaDataset/Hindustani/features/a7d98897-e2fe-4d75-b9dc-e5b4dc88e1c6/Abdul_Rashid_Khan/Rasan_Piya_-_Volume_1/Nayan_Bich_Dore_Lal_c8c0b93e-0e7d-4e08-a1cc-95b0eecee5db.flatSegNyas,Nayan_Bich_Dore_Lal_c8c0b93e-0e7d-4e08-a1cc-95b0eecee5db.flatSegNyas,.flatsegnyas,9578,other
a7d98897-e2fe-4d75-b9dc-e5b4dc88e1c6,/home/izpiz/coding/automatic-raga-recognition/dataset/RagaDataset/Hindustani/features/a7d98897-e2fe-4d75-b9dc-e5b4dc88e1c6/Omkar_Dadarkar/Raag_Bihag___Bhairavi_Dadra/Raag_Bihag_5d56b3ab-99d1-48c3-a785-269d74ccc944.taniSegKNN,Raag_Bihag_5d56b3ab-99d1-48c3-a785-269d74ccc944.taniSegKNN,.tanisegknn,0,other
a7d98897-e2fe-4d75-b9dc-e5b4dc88e1c6,/home/izpiz/coding/automatic-raga-recognition/dataset/RagaDataset/Hindustani/features/a7d98897-e2fe-4d75-b9dc-e5b4dc88e1c6/Omkar_Dadarkar/Raag_Bihag___Bhairavi_Dadra/Raag_Bihag_5d56b3ab-99d1-48c3-a785-269d74ccc944.flatSegNyas,Raag_Bihag_5d56b3ab-99d1-48c3-a785-269d74ccc944.flatSegNyas,.flatsegnyas,36009,other
a7d98897-e2fe-4d75-b9dc-e5b4dc88e1c6,/home/izpiz/coding/automatic-raga-recognition/dataset/RagaDataset/Hindustani/features/a7d98897-e2fe-4d75-b9dc-e5b4dc88e1c6/Omkarnath_Thakur/An_Undying_Parampara_Vol__2/Ab_Ho_Lalan_Mai_3148a17b-6be7-4f5e-bc35-84196b3c64b6.flatSegNyas,Ab_Ho_Lalan_Mai_3148a17b-6be7-4f5e-bc35-84196b3c64b6.flatSegNyas,.flatsegnyas,4828,other
a7d98897-e2fe-4d75-b9dc-e5b4dc88e1c6,/home/izpiz/coding/automatic-raga-recognition/dataset/RagaDataset/Hindustani/features/a7d98897-e2fe-4d75-b9dc-e5b4dc88e1c6/Omkarnath_Thakur/An_Undying_Parampara_Vol__2/Ab_Ho_Lalan_Mai_3148a17b-6be7-4f5e-bc35-84196b3c64b6.taniSegKNN,Ab_Ho_Lalan_Mai_3148a17b-6be7-4f5e-bc35-84196b3c64b6.taniSegKNN,.tanisegknn,0,other
a7d98897-e2fe-4d75-b9dc-e5b4dc88e1c6,/home/izpiz/coding/automatic-raga-recognition/dataset/RagaDataset/Hindustani/features/a7d98897-e2fe-4d75-b9dc-e5b4dc88e1c6/Omkarnath_Thakur/An_Undying_Parampara_Vol__2/Kaise_Siukh_Soye_fecfe4a8-a68e-4ced-93d9-5d47fd4505cd.flatSegNyas,Kaise_Siukh_Soye_fecfe4a8-a68e-4ced-93d9-5d47fd4505cd.flatSegNyas,.flatsegnyas,29610,other
a7d98897-e2fe-4d75-b9dc-e5b4dc88e1c6,/home/izpiz/coding/automatic-raga-recognition/dataset/RagaDataset/Hindustani/features/a7d98897-e2fe-4d75-b9dc-e5b4dc88e1c6/Omkarnath_Thakur/An_Undying_Parampara_Vol__2/Kaise_Siukh_Soye_fecfe4a8-a68e-4ced-93d9-5d47fd4505cd.taniSegKNN,Kaise_Siukh_Soye_fecfe4a8-a68e-4ced-93d9-5d47fd4505cd.taniSegKNN,.tanisegknn,0,other
a7d98897-e2fe-4d75-b9dc-e5b4dc88e1c6,/home/izpiz/coding/automatic-raga-recognition/dataset/RagaDataset/Hindustani/features/a7d98897-e2fe-4d75-b9dc-e5b4dc88e1c6/Deborshee_Bhattacharya/Raag_Bihag/Raag_Bihag_f0ce173e-e69b-4baf-8c23-cdd63fd15ab1.taniSegKNN,Raag_Bihag_f0ce173e-e69b-4baf-8c23-cdd63fd15ab1.taniSegKNN,.tanisegknn,0,other
a7d98897-e2fe-4d75-b9dc-e5b4dc88e1c6,/home/izpiz/coding/automatic-raga-recognition/dataset/RagaDataset/Hindustani/features/a7d98897-e2fe-4d75-b9dc-e5b4dc88e1c6/Deborshee_Bhattacharya/Raag_Bihag/Raag_Bihag_f0ce173e-e69b-4baf-8c23-cdd63fd15ab1.flatSegNyas,Raag_Bihag_f0ce173e-e69b-4baf-8c23-cdd63fd15ab1.flatSegNyas,.flatsegnyas,71963,other
a7d98897-e2fe-4d75-b9dc-e5b4dc88e1c6,/home/izpiz/coding/automatic-raga-recognition/dataset/RagaDataset/Hindustani/features/a7d98897-e2fe-4d75-b9dc-e5b4dc88e1c6/Manik_Bhide/The_Sanctity_of_Parampara/Bajeri_Mori_Payal_Jhanana_and_Lat_Ulajhi_Sulajha_Ja_Balam_82d9adb4-ad60-4437-b3ed-a5dda2a77f61.taniSegKNN,Bajeri_Mori_Payal_Jhanana_and_Lat_Ulajhi_Sulajha_Ja_Balam_82d9adb4-ad60-4437-b3ed-a5dda2a77f61.taniSegKNN,.tanisegknn,0,other
a7d98897-e2fe-4d75-b9dc-e5b4dc88e1c6,/home/izpiz/coding/automatic-raga-recognition/dataset/RagaDataset/Hindustani/features/a7d98897-e2fe-4d75-b9dc-e5b4dc88e1c6/Manik_Bhide/The_Sanctity_of_Parampara/Bajeri_Mori_Payal_Jhanana_and_Lat_Ulajhi_Sulajha_Ja_Balam_82d9adb4-ad60-4437-b3ed-a5dda2a77f61.flatSegNyas,Bajeri_Mori_Payal_Jhanana_and_Lat_Ulajhi_Sulajha_Ja_Balam_82d9adb4-ad60-4437-b3ed-a5dda2a77f61.flatSegNyas,.flatsegnyas,29936,other
a99e07d5-20a0-467b-8dcd-aa5a095177fd,/home/izpiz/coding/automatic-raga-recognition/dataset/RagaDataset/Hindustani/features/a99e07d5-20a0-467b-8dcd-aa5a095177fd/Rashid_Khan/Evergreen/Raga_Lalit_783aa4b0-26f3-4e18-844c-b787be6d9849.flatSegNyas,Raga_Lalit_783aa4b0-26f3-4e18-844c-b787be6d9849.flatSegNyas,.flatsegnyas,22725,other
a99e07d5-20a0-467b-8dcd-aa5a095177fd,/home/izpiz/coding/automatic-raga-recognition/dataset/RagaDataset/Hindustani/features/a99e07d5-20a0-467b-8dcd-aa5a095177fd/Rashid_Khan/Evergreen/Raga_Lalit_783aa4b0-26f3-4e18-844c-b787be6d9849.taniSegKNN,Raga_Lalit_783aa4b0-26f3-4e18-844c-b787be6d9849.taniSegKNN,.tanisegknn,0,other
a99e07d5-20a0-467b-8dcd-aa5a095177fd,/home/izpiz/coding/automatic-raga-recognition/dataset/RagaDataset/Hindustani/features/a99e07d5-20a0-467b-8dcd-aa5a095177fd/Dattatreya_L_Velankar/Sura_Sindhu/Raga_Lalit-Vilambit_Ektal_c0713057-d5eb-4fe3-a0ae-03a341ad707e.flatSegNyas,Raga_Lalit-Vilambit_Ektal_c0713057-d5eb-4fe3-a0ae-03a341ad707e.flatSegNyas,.flatsegnyas,27127,other
a99e07d5-20a0-467b-8dcd-aa5a095177fd,/home/izpiz/coding/automatic-raga-recognition/dataset/RagaDataset/Hindustani/features/a99e07d5-20a0-467b-8dcd-aa5a095177fd/Dattatreya_L_Velankar/Sura_Sindhu/Raga_Lalit-Vilambit_Ektal_c0713057-d5eb-4fe3-a0ae-03a341ad707e.taniSegKNN,Raga_Lalit-Vilambit_Ektal_c0713057-d5eb-4fe3-a0ae-03a341ad707e.taniSegKNN,.tanisegknn,0,other
a99e07d5-20a0-467b-8dcd-aa5a095177fd,/home/izpiz/coding/automatic-raga-recognition/dataset/RagaDataset/Hindustani/features/a99e07d5-20a0-467b-8dcd-aa5a095177fd/Omkar_Dadarkar/Raag_Lalit___Bibhas/Raag_Lalit_8e815f51-194f-4e14-b1e3-5a214590d895.taniSegKNN,Raag_Lalit_8e815f51-194f-4e14-b1e3-5a214590d895.taniSegKNN,.tanisegknn,0,other
a99e07d5-20a0-467b-8dcd-aa5a095177fd,/home/izpiz/coding/automatic-raga-recognition/dataset/RagaDataset/Hindustani/features/a99e07d5-20a0-467b-8dcd-aa5a095177fd/Omkar_Dadarkar/Raag_Lalit___Bibhas/Raag_Lalit_8e815f51-194f-4e14-b1e3-5a214590d895.flatSegNyas,Raag_Lalit_8e815f51-194f-4e14-b1e3-5a214590d895.flatSegNyas,.flatsegnyas,38718,other
a99e07d5-20a0-467b-8dcd-aa5a095177fd,/home/izpiz/coding/automatic-raga-recognition/dataset/RagaDataset/Hindustani/features/a99e07d5-20a0-467b-8dcd-aa5a095177fd/Omkarnath_Thakur/Heritage_-_Raga_Lalit/Raga_Lalit_(Chhota_Khayal_In_Teen_Taal)_Piyu_Piyu_Ratat_Papihara_e155b6c3-eb87-4522-9bf8-93bf74697fb4.flatSegNyas,Raga_Lalit_(Chhota_Khayal_In_Teen_Taal)_Piyu_Piyu_Ratat_Papihara_e155b6c3-eb87-4522-9bf8-93bf74697fb4.flatSegNyas,.flatsegnyas,16888,other
a99e07d5-20a0-467b-8dcd-aa5a095177fd,/home/izpiz/coding/automatic-raga-recognition/dataset/RagaDataset/Hindustani/features/a99e07d5-20a0-467b-8dcd-aa5a095177fd/Omkarnath_Thakur/Heritage_-_Raga_Lalit/Raga_Lalit_(Chhota_Khayal_In_Teen_Taal)_Piyu_Piyu_Ratat_Papihara_e155b6c3-eb87-4522-9bf8-93bf74697fb4.taniSegKNN,Raga_Lalit_(Chhota_Khayal_In_Teen_Taal)_Piyu_Piyu_Ratat_Papihara_e155b6c3-eb87-4522-9bf8-93bf74697fb4.taniSegKNN,.tanisegknn,0,other
a99e07d5-20a0-467b-8dcd-aa5a095177fd,/home/izpiz/coding/automatic-raga-recognition/dataset/RagaDataset/Hindustani/features/a99e07d5-20a0-467b-8dcd-aa5a095177fd/Omkarnath_Thakur/Heritage_-_Raga_Lalit/Raga_Lalit_(Bada_Khayal_In_Vilambit_Ek_Taal)_Raien_Ka_Sapna_ead345d2-0314-4a4a-bfb6-d65510e06aba.taniSegKNN,Raga_Lalit_(Bada_Khayal_In_Vilambit_Ek_Taal)_Raien_Ka_Sapna_ead345d2-0314-4a4a-bfb6-d65510e06aba.taniSegKNN,.tanisegknn,0,other
a99e07d5-20a0-467b-8dcd-aa5a095177fd,/home/izpiz/coding/automatic-raga-recognition/dataset/RagaDataset/Hindustani/features/a99e07d5-20a0-467b-8dcd-aa5a095177fd/Omkarnath_Thakur/Heritage_-_Raga_Lalit/Raga_Lalit_(Bada_Khayal_In_Vilambit_Ek_Taal)_Raien_Ka_Sapna_ead345d2-0314-4a4a-bfb6-d65510e06aba.flatSegNyas,Raga_Lalit_(Bada_Khayal_In_Vilambit_Ek_Taal)_Raien_Ka_Sapna_ead345d2-0314-4a4a-bfb6-d65510e06aba.flatSegNyas,.flatsegnyas,20442,other
a99e07d5-20a0-467b-8dcd-aa5a095177fd,/home/izpiz/coding/automatic-raga-recognition/dataset/RagaDataset/Hindustani/features/a99e07d5-20a0-467b-8dcd-aa5a095177fd/Kishori_Amonkar/Jaipur_Gharana/Raga_Lalit_-_Khayal_Drut_In_Teentaal_-_Piyu_Piyu_Ratata_Papihara_c2d1a926-dbe0-4f94-b739-c30796ba8346.flatSegNyas,Raga_Lalit_-_Khayal_Drut_In_Teentaal_-_Piyu_Piyu_Ratata_Papihara_c2d1a926-dbe0-4f94-b739-c30796ba8346.flatSegNyas,.flatsegnyas,9461,other
a99e07d5-20a0-467b-8dcd-aa5a095177fd,/home/izpiz/coding/automatic-raga-recognition/dataset/RagaDataset/Hindustani/features/a99e07d5-20a0-467b-8dcd-aa5a095177fd/Kishori_Amonkar/Jaipur_Gharana/Raga_Lalit_-_Khayal_Vilambit_In_Teentaal_-_Sau_Sau_Baar_Balma_679827a7-41bf-4af7-bba6-50c036264941.flatSegNyas,Raga_Lalit_-_Khayal_Vilambit_In_Teentaal_-_Sau_Sau_Baar_Balma_679827a7-41bf-4af7-bba6-50c036264941.flatSegNyas,.flatsegnyas,28259,other
a99e07d5-20a0-467b-8dcd-aa5a095177fd,/home/izpiz/coding/automatic-raga-recognition/dataset/RagaDataset/Hindustani/features/a99e07d5-20a0-467b-8dcd-aa5a095177fd/Kishori_Amonkar/Jaipur_Gharana/Raga_Lalit_-_Khayal_Vilambit_In_Teentaal_-_Sau_Sau_Baar_Balma_679827a7-41bf-4af7-bba6-50c036264941.taniSegKNN,Raga_Lalit_-_Khayal_Vilambit_In_Teentaal_-_Sau_Sau_Baar_Balma_679827a7-41bf-4af7-bba6-50c036264941.taniSegKNN,.tanisegknn,0,other
a99e07d5-20a0-467b-8dcd-aa5a095177fd,/home/izpiz/coding/automatic-raga-recognition/dataset/RagaDataset/Hindustani/features/a99e07d5-20a0-467b-8dcd-aa5a095177fd/Kishori_Amonkar/Jaipur_Gharana/Raga_Lalit_-_Khayal_Drut_In_Teentaal_-_Piyu_Piyu_Ratata_Papihara_c2d1a926-dbe0-4f94-b739-c30796ba8346.taniSegKNN,Raga_Lalit_-_Khayal_Drut_In_Teentaal_-_Piyu_Piyu_Ratata_Papihara_c2d1a926-dbe0-4f94-b739-c30796ba8346.taniSegKNN,.tanisegknn,0,other
a99e07d5-20a0-467b-8dcd-aa5a095177fd,/home/izpiz/coding/automatic-raga-recognition/dataset/RagaDataset/Hindustani/features/a99e07d5-20a0-467b-8dcd-aa5a095177fd/Rajan_Mishra/Sangeet_Sartaj/Raga_Lalit_d44c1914-b3ee-4948-af86-d07fde13c1b4.taniSegKNN,Raga_Lalit_d44c1914-b3ee-4948-af86-d07fde13c1b4.taniSegKNN,.tanisegknn,0,other
a99e07d5-20a0-467b-8dcd-aa5a095177fd,/home/izpiz/coding/automatic-raga-recognition/dataset/RagaDataset/Hindustani/features/a99e07d5-20a0-467b-8dcd-aa5a095177fd/Rajan_Mishra/Sangeet_Sartaj/Raga_Lalit_d44c1914-b3ee-4948-af86-d07fde13c1b4.flatSegNyas,Raga_Lalit_d44c1914-b3ee-4948-af86-d07fde13c1b4.flatSegNyas,.flatsegnyas,20077,other
a99e07d5-20a0-467b-8dcd-aa5a095177fd,/home/izpiz/coding/automatic-raga-recognition/dataset/RagaDataset/Hindustani/features/a99e07d5-20a0-467b-8dcd-aa5a095177fd/Ajoy_Chakrabarty/Subha_Chale_Sham_Dhale/Raga_Lalit_-_Khayal_9af146bf-4fdf-41bb-a665-eacc15741d32.taniSegKNN,Raga_Lalit_-_Khayal_9af146bf-4fdf-41bb-a665-eacc15741d32.taniSegKNN,.tanisegknn,0,other
a99e07d5-20a0-467b-8dcd-aa5a095177fd,/home/izpiz/coding/automatic-raga-recognition/dataset/RagaDataset/Hindustani/features/a99e07d5-20a0-467b-8dcd-aa5a095177fd/Ajoy_Chakrabarty/Subha_Chale_Sham_Dhale/Raga_Lalit_-_Khayal_9af146bf-4fdf-41bb-a665-eacc15741d32.flatSegNyas,Raga_Lalit_-_Khayal_9af146bf-4fdf-41bb-a665-eacc15741d32.flatSegNyas,.flatsegnyas,53259,other
a99e07d5-20a0-467b-8dcd-aa5a095177fd,/home/izpiz/coding/automatic-raga-recognition/dataset/RagaDataset/Hindustani/features/a99e07d5-20a0-467b-8dcd-aa5a095177fd/Sanjeev_Abhyankar/Soaring_Heights/Raga_Lalat_c0333b05-4593-4618-b00c-9c363c0e4b09.taniSegKNN,Raga_Lalat_c0333b05-4593-4618-b00c-9c363c0e4b09.taniSegKNN,.tanisegknn,0,other
a99e07d5-20a0-467b-8dcd-aa5a095177fd,/home/izpiz/coding/automatic-raga-recognition/dataset/RagaDataset/Hindustani/features/a99e07d5-20a0-467b-8dcd-aa5a095177fd/Sanjeev_Abhyankar/Soaring_Heights/Raga_Lalat_c0333b05-4593-4618-b00c-9c363c0e4b09.flatSegNyas,Raga_Lalat_c0333b05-4593-4618-b00c-9c363c0e4b09.flatSegNyas,.flatsegnyas,25948,other
a9ee554f-f146-43e9-b2d0-9bb31fd4b57d,/home/izpiz/coding/automatic-raga-recognition/dataset/RagaDataset/Hindustani/features/a9ee554f-f146-43e9-b2d0-9bb31fd4b57d/Abdul_Rashid_Khan/Rasan_Piya_-_Volume_3/Balma_Tore_karana_4a9eb951-9a45-4292-a7c8-aeb103349e86.taniSegKNN,Balma_Tore_karana_4a9eb951-9a45-4292-a7c8-aeb103349e86.taniSegKNN,.tanisegknn,0,other
a9ee554f-f146-43e9-b2d0-9bb31fd4b57d,/home/izpiz/coding/automatic-raga-recognition/dataset/RagaDataset/Hindustani/features/a9ee554f-f146-43e9-b2d0-9bb31fd4b57d/Abdul_Rashid_Khan/Rasan_Piya_-_Volume_3/Upama_Raat_Ki_Badan_Dekh_89430adb-e414-4ea4-abde-1ec568641c93.taniSegKNN,Upama_Raat_Ki_Badan_Dekh_89430adb-e414-4ea4-abde-1ec568641c93.taniSegKNN,.tanisegknn,0,other
a9ee554f-f146-43e9-b2d0-9bb31fd4b57d,/home/izpiz/coding/automatic-raga-recognition/dataset/RagaDataset/Hindustani/features/a9ee554f-f146-43e9-b2d0-9bb31fd4b57d/Abdul_Rashid_Khan/Rasan_Piya_-_Volume_3/Balma_Tore_karana_4a9eb951-9a45-4292-a7c8-aeb103349e86.flatSegNyas,Balma_Tore_karana_4a9eb951-9a45-4292-a7c8-aeb103349e86.flatSegNyas,.flatsegnyas,9980,other
a9ee554f-f146-43e9-b2d0-9bb31fd4b57d,/home/izpiz/coding/automatic-raga-recognition/dataset/RagaDataset/Hindustani/features/a9ee554f-f146-43e9-b2d0-9bb31fd4b57d/Abdul_Rashid_Khan/Rasan_Piya_-_Volume_3/Upama_Raat_Ki_Badan_Dekh_89430adb-e414-4ea4-abde-1ec568641c93.flatSegNyas,Upama_Raat_Ki_Badan_Dekh_89430adb-e414-4ea4-abde-1ec568641c93.flatSegNyas,.flatsegnyas,16578,other
a9ee554f-f146-43e9-b2d0-9bb31fd4b57d,/home/izpiz/coding/automatic-raga-recognition/dataset/RagaDataset/Hindustani/features/a9ee554f-f146-43e9-b2d0-9bb31fd4b57d/Abdul_Rashid_Khan/Rasan_Piya_-_Volume_3/Bajat_Kartal_Dasrath_Dwar_effa2f04-c0ab-4910-b822-55d8548363df.taniSegKNN,Bajat_Kartal_Dasrath_Dwar_effa2f04-c0ab-4910-b822-55d8548363df.taniSegKNN,.tanisegknn,0,other
a9ee554f-f146-43e9-b2d0-9bb31fd4b57d,/home/izpiz/coding/automatic-raga-recognition/dataset/RagaDataset/Hindustani/features/a9ee554f-f146-43e9-b2d0-9bb31fd4b57d/Abdul_Rashid_Khan/Rasan_Piya_-_Volume_3/Allah_Tere_Shaan_Maula_Tere_Shaan_256d06c1-34e2-43fc-aa14-c2f191f680f1.flatSegNyas,Allah_Tere_Shaan_Maula_Tere_Shaan_256d06c1-34e2-43fc-aa14-c2f191f680f1.flatSegNyas,.flatsegnyas,6045,other
a9ee554f-f146-43e9-b2d0-9bb31fd4b57d,/home/izpiz/coding/automatic-raga-recognition/dataset/RagaDataset/Hindustani/features/a9ee554f-f146-43e9-b2d0-9bb31fd4b57d/Abdul_Rashid_Khan/Rasan_Piya_-_Volume_3/Mano_Piya_Jagee_Saari_Raat_e0f9998f-0341-4621-8cf2-80c3d3b59855.flatSegNyas,Mano_Piya_Jagee_Saari_Raat_e0f9998f-0341-4621-8cf2-80c3d3b59855.flatSegNyas,.flatsegnyas,9816,other
a9ee554f-f146-43e9-b2d0-9bb31fd4b57d,/home/izpiz/coding/automatic-raga-recognition/dataset/RagaDataset/Hindustani/features/a9ee554f-f146-43e9-b2d0-9bb31fd4b57d/Abdul_Rashid_Khan/Rasan_Piya_-_Volume_3/Bajat_Kartal_Dasrath_Dwar_effa2f04-c0ab-4910-b822-55d8548363df.flatSegNyas,Bajat_Kartal_Dasrath_Dwar_effa2f04-c0ab-4910-b822-55d8548363df.flatSegNyas,.flatsegnyas,11252,other
a9ee554f-f146-43e9-b2d0-9bb31fd4b57d,/home/izpiz/coding/automatic-raga-recognition/dataset/RagaDataset/Hindustani/features/a9ee554f-f146-43e9-b2d0-9bb31fd4b57d/Abdul_Rashid_Khan/Rasan_Piya_-_Volume_3/Mano_Piya_Jagee_Saari_Raat_e0f9998f-0341-4621-8cf2-80c3d3b59855.taniSegKNN,Mano_Piya_Jagee_Saari_Raat_e0f9998f-0341-4621-8cf2-80c3d3b59855.taniSegKNN,.tanisegknn,0,other
a9ee554f-f146-43e9-b2d0-9bb31fd4b57d,/home/izpiz/coding/automatic-raga-recognition/dataset/RagaDataset/Hindustani/features/a9ee554f-f146-43e9-b2d0-9bb31fd4b57d/Abdul_Rashid_Khan/Rasan_Piya_-_Volume_3/Allah_Tere_Shaan_Maula_Tere_Shaan_256d06c1-34e2-43fc-aa14-c2f191f680f1.taniSegKNN,Allah_Tere_Shaan_Maula_Tere_Shaan_256d06c1-34e2-43fc-aa14-c2f191f680f1.taniSegKNN,.tanisegknn,0,other
a9ee554f-f146-43e9-b2d0-9bb31fd4b57d,/home/izpiz/coding/automatic-raga-recognition/dataset/RagaDataset/Hindustani/features/a9ee554f-f146-43e9-b2d0-9bb31fd4b57d/Jayateerth_Mevundi/Sunset_In_Dharwad/Kedar-_Chaartal_Ki_Sawari_Ban_Than_Kaha_Sawan_Ki_Bundaniya_cfaafb25-78e1-4d27-93d8-a5b160ee77fc.taniSegKNN,Kedar-_Chaartal_Ki_Sawari_Ban_Than_Kaha_Sawan_Ki_Bundaniya_cfaafb25-78e1-4d27-93d8-a5b160ee77fc.taniSegKNN,.tanisegknn,0,other
a9ee554f-f146-43e9-b2d0-9bb31fd4b57d,/home/izpiz/coding/automatic-raga-recognition/dataset/RagaDataset/Hindustani/features/a9ee554f-f146-43e9-b2d0-9bb31fd4b57d/Jayateerth_Mevundi/Sunset_In_Dharwad/Kedar-_Chaartal_Ki_Sawari_Ban_Than_Kaha_Sawan_Ki_Bundaniya_cfaafb25-78e1-4d27-93d8-a5b160ee77fc.flatSegNyas,Kedar-_Chaartal_Ki_Sawari_Ban_Than_Kaha_Sawan_Ki_Bundaniya_cfaafb25-78e1-4d27-93d8-a5b160ee77fc.flatSegNyas,.flatsegnyas,23595,other
a9ee554f-f146-43e9-b2d0-9bb31fd4b57d,/home/izpiz/coding/automatic-raga-recognition/dataset/RagaDataset/Hindustani/features/a9ee554f-f146-43e9-b2d0-9bb31fd4b57d/Rashid_Khan/Live_at_St__John_s_Smith_Square_London/Raga_Kedar_2c29d660-b4ed-4302-a447-866a1e1d86b3.taniSegKNN,Raga_Kedar_2c29d660-b4ed-4302-a447-866a1e1d86b3.taniSegKNN,.tanisegknn,0,other
a9ee554f-f146-43e9-b2d0-9bb31fd4b57d,/home/izpiz/coding/automatic-raga-recognition/dataset/RagaDataset/Hindustani/features/a9ee554f-f146-43e9-b2d0-9bb31fd4b57d/Rashid_Khan/Live_at_St__John_s_Smith_Square_London/Raga_Kedar_2c29d660-b4ed-4302-a447-866a1e1d86b3.flatSegNyas,Raga_Kedar_2c29d660-b4ed-4302-a447-866a1e1d86b3.flatSegNyas,.flatsegnyas,13320,other
a9ee554f-f146-43e9-b2d0-9bb31fd4b57d,/home/izpiz/coding/automatic-raga-recognition/dataset/RagaDataset/Hindustani/features/a9ee554f-f146-43e9-b2d0-9bb31fd4b57d/Bhimsen_Joshi/The_Multifaceted/Raga_Shudha_Kedar_4ec29190-b7c9-46f6-81d8-db4b0c2a5b40.flatSegNyas,Raga_Shudha_Kedar_4ec29190-b7c9-46f6-81d8-db4b0c2a5b40.flatSegNyas,.flatsegnyas,11381,other
a9ee554f-f146-43e9-b2d0-9bb31fd4b57d,/home/izpiz/coding/automatic-raga-recognition/dataset/RagaDataset/Hindustani/features/a9ee554f-f146-43e9-b2d0-9bb31fd4b57d/Bhimsen_Joshi/The_Multifaceted/Raga_Shudha_Kedar_4ec29190-b7c9-46f6-81d8-db4b0c2a5b40.taniSegKNN,Raga_Shudha_Kedar_4ec29190-b7c9-46f6-81d8-db4b0c2a5b40.taniSegKNN,.tanisegknn,0,other
a9ee554f-f146-43e9-b2d0-9bb31fd4b57d,/home/izpiz/coding/automatic-raga-recognition/dataset/RagaDataset/Hindustani/features/a9ee554f-f146-43e9-b2d0-9bb31fd4b57d/Ajoy_Chakrabarty/Raag_Kedar___Jog/Raag_Kedar_dc09e696-88d1-427f-bb1b-92d899ed9af1.taniSegKNN,Raag_Kedar_dc09e696-88d1-427f-bb1b-92d899ed9af1.taniSegKNN,.tanisegknn,0,other
a9ee554f-f146-43e9-b2d0-9bb31fd4b57d,/home/izpiz/coding/automatic-raga-recognition/dataset/RagaDataset/Hindustani/features/a9ee554f-f146-43e9-b2d0-9bb31fd4b57d/Ajoy_Chakrabarty/Raag_Kedar___Jog/Raag_Kedar_dc09e696-88d1-427f-bb1b-92d899ed9af1.flatSegNyas,Raag_Kedar_dc09e696-88d1-427f-bb1b-92d899ed9af1.flatSegNyas,.flatsegnyas,42089,other
a9ee554f-f146-43e9-b2d0-9bb31fd4b57d,/home/izpiz/coding/automatic-raga-recognition/dataset/RagaDataset/Hindustani/features/a9ee554f-f146-43e9-b2d0-9bb31fd4b57d/Jasraj/Legends__Sangeet_Martand_Pandit_Jasraj_(Vol__4)/Raga_Kedar_9a133da0-33a1-42c9-a0f1-d2619e4a8782.flatSegNyas,Raga_Kedar_9a133da0-33a1-42c9-a0f1-d2619e4a8782.flatSegNyas,.flatsegnyas,13588,other
a9ee554f-f146-43e9-b2d0-9bb31fd4b57d,/home/izpiz/coding/automatic-raga-recognition/dataset/RagaDataset/Hindustani/features/a9ee554f-f146-43e9-b2d0-9bb31fd4b57d/Jasraj/Legends__Sangeet_Martand_Pandit_Jasraj_(Vol__4)/Raga_Kedar_9a133da0-33a1-42c9-a0f1-d2619e4a8782.taniSegKNN,Raga_Kedar_9a133da0-33a1-42c9-a0f1-d2619e4a8782.taniSegKNN,.tanisegknn,0,other
b143adaa-f1a6-4de4-8985-a5bd35e96279,/home/izpiz/coding/automatic-raga-recognition/dataset/RagaDataset/Hindustani/features/b143adaa-f1a6-4de4-8985-a5bd35e96279/Rashid_Khan/Evergreen/Raga_Bairagi_Bhairav_c83a26a9-452f-49f4-bb4e-fad2d9bb9af1.flatSegNyas,Raga_Bairagi_Bhairav_c83a26a9-452f-49f4-bb4e-fad2d9bb9af1.flatSegNyas,.flatsegnyas,9943,other
b143adaa-f1a6-4de4-8985-a5bd35e96279,/home/izpiz/coding/automatic-raga-recognition/dataset/RagaDataset/Hindustani/features/b143adaa-f1a6-4de4-8985-a5bd35e96279/Rashid_Khan/Evergreen/Raga_Bairagi_Bhairav_c83a26a9-452f-49f4-bb4e-fad2d9bb9af1.taniSegKNN,Raga_Bairagi_Bhairav_c83a26a9-452f-49f4-bb4e-fad2d9bb9af1.taniSegKNN,.tanisegknn,0,other
b143adaa-f1a6-4de4-8985-a5bd35e96279,/home/izpiz/coding/automatic-raga-recognition/dataset/RagaDataset/Hindustani/features/b143adaa-f1a6-4de4-8985-a5bd35e96279/Brajeshwar_Mukherjee/New_Signature/Raag_Bairagi_ea36cb14-7c11-41d0-acb8-70ec66e61063.flatSegNyas,Raag_Bairagi_ea36cb14-7c11-41d0-acb8-70ec66e61063.flatSegNyas,.flatsegnyas,29079,other
b143adaa-f1a6-4de4-8985-a5bd35e96279,/home/izpiz/coding/automatic-raga-recognition/dataset/RagaDataset/Hindustani/features/b143adaa-f1a6-4de4-8985-a5bd35e96279/Brajeshwar_Mukherjee/New_Signature/Raag_Bairagi_ea36cb14-7c11-41d0-acb8-70ec66e61063.taniSegKNN,Raag_Bairagi_ea36cb14-7c11-41d0-acb8-70ec66e61063.taniSegKNN,.tanisegknn,0,other
b143adaa-f1a6-4de4-8985-a5bd35e96279,/home/izpiz/coding/automatic-raga-recognition/dataset/RagaDataset/Hindustani/features/b143adaa-f1a6-4de4-8985-a5bd35e96279/Ajoy_Chakrabarty/Ragamala/Mere_Maname_Baso_Ram_Abhiram_Puran_Ho_Sab_Kaam_950c9b6a-53e6-43e2-9339-82ba49ade152.taniSegKNN,Mere_Maname_Baso_Ram_Abhiram_Puran_Ho_Sab_Kaam_950c9b6a-53e6-43e2-9339-82ba49ade152.taniSegKNN,.tanisegknn,0,other
b143adaa-f1a6-4de4-8985-a5bd35e96279,/home/izpiz/coding/automatic-raga-recognition/dataset/RagaDataset/Hindustani/features/b143adaa-f1a6-4de4-8985-a5bd35e96279/Ajoy_Chakrabarty/Ragamala/Sur_Sur_Se_Sadh_Le_Rasika_Sabada_Salone_Laya_Tala_Surana_2e399218-6978-47ef-ad3f-c7eca6dad81b.taniSegKNN,Sur_Sur_Se_Sadh_Le_Rasika_Sabada_Salone_Laya_Tala_Surana_2e399218-6978-47ef-ad3f-c7eca6dad81b.taniSegKNN,.tanisegknn,0,other
b143adaa-f1a6-4de4-8985-a5bd35e96279,/home/izpiz/coding/automatic-raga-recognition/dataset/RagaDataset/Hindustani/features/b143adaa-f1a6-4de4-8985-a5bd35e96279/Ajoy_Chakrabarty/Ragamala/Sur_Sur_Se_Sadh_Le_Rasika_Sabada_Salone_Laya_Tala_Surana_2e399218-6978-47ef-ad3f-c7eca6dad81b.flatSegNyas,Sur_Sur_Se_Sadh_Le_Rasika_Sabada_Salone_Laya_Tala_Surana_2e399218-6978-47ef-ad3f-c7eca6dad81b.flatSegNyas,.flatsegnyas,12903,other
b143adaa-f1a6-4de4-8985-a5bd35e96279,/home/izpiz/coding/automatic-raga-recognition/dataset/RagaDataset/Hindustani/features/b143adaa-f1a6-4de4-8985-a5bd35e96279/Ajoy_Chakrabarty/Ragamala/Mere_Maname_Baso_Ram_Abhiram_Puran_Ho_Sab_Kaam_950c9b6a-53e6-43e2-9339-82ba49ade152.flatSegNyas,Mere_Maname_Baso_Ram_Abhiram_Puran_Ho_Sab_Kaam_950c9b6a-53e6-43e2-9339-82ba49ade152.flatSegNyas,.flatsegnyas,21984,other
b143adaa-f1a6-4de4-8985-a5bd35e96279,/home/izpiz/coding/automatic-raga-recognition/dataset/RagaDataset/Hindustani/features/b143adaa-f1a6-4de4-8985-a5bd35e96279/Ajoy_Chakrabarty/Geetinandan___Part-3/Bairagi_b71c2774-2532-4692-8761-5452e2a83118.flatSegNyas,Bairagi_b71c2774-2532-4692-8761-5452e2a83118.flatSegNyas,.flatsegnyas,12524,other
b143adaa-f1a6-4de4-8985-a5bd35e96279,/home/izpiz/coding/automatic-raga-recognition/dataset/RagaDataset/Hindustani/features/b143adaa-f1a6-4de4-8985-a5bd35e96279/Ajoy_Chakrabarty/Geetinandan___Part-3/Bairagi_b71c2774-2532-4692-8761-5452e2a83118.taniSegKNN,Bairagi_b71c2774-2532-4692-8761-5452e2a83118.taniSegKNN,.tanisegknn,0,other
b143adaa-f1a6-4de4-8985-a5bd35e96279,/home/izpiz/coding/automatic-raga-recognition/dataset/RagaDataset/Hindustani/features/b143adaa-f1a6-4de4-8985-a5bd35e96279/Kumar_Mardur/Classical_Essence/Raga_Bairagi_ef986f34-db14-4d1e-8dea-a623286b35fc.taniSegKNN,Raga_Bairagi_ef986f34-db14-4d1e-8dea-a623286b35fc.taniSegKNN,.tanisegknn,0,other
b143adaa-f1a6-4de4-8985-a5bd35e96279,/home/izpiz/coding/automatic-raga-recognition/dataset/RagaDataset/Hindustani/features/b143adaa-f1a6-4de4-8985-a5bd35e96279/Kumar_Mardur/Classical_Essence/Raga_Bairagi_ef986f34-db14-4d1e-8dea-a623286b35fc.flatSegNyas,Raga_Bairagi_ef986f34-db14-4d1e-8dea-a623286b35fc.flatSegNyas,.flatsegnyas,1334,other
b143adaa-f1a6-4de4-8985-a5bd35e96279,/home/izpiz/coding/automatic-raga-recognition/dataset/RagaDataset/Hindustani/features/b143adaa-f1a6-4de4-8985-a5bd35e96279/Aslam_Hussain_Khan/The_Ultimate/Bina_Prabhu_Kaun_4b587d3f-4014-4d68-a958-17d51fe2c1c1.flatSegNyas,Bina_Prabhu_Kaun_4b587d3f-4014-4d68-a958-17d51fe2c1c1.flatSegNyas,.flatsegnyas,17953,other
b143adaa-f1a6-4de4-8985-a5bd35e96279,/home/izpiz/coding/automatic-raga-recognition/dataset/RagaDataset/Hindustani/features/b143adaa-f1a6-4de4-8985-a5bd35e96279/Aslam_Hussain_Khan/The_Ultimate/Bina_Prabhu_Kaun_4b587d3f-4014-4d68-a958-17d51fe2c1c1.taniSegKNN,Bina_Prabhu_Kaun_4b587d3f-4014-4d68-a958-17d51fe2c1c1.taniSegKNN,.tanisegknn,0,other
b143adaa-f1a6-4de4-8985-a5bd35e96279,/home/izpiz/coding/automatic-raga-recognition/dataset/RagaDataset/Hindustani/features/b143adaa-f1a6-4de4-8985-a5bd35e96279/Aslam_Hussain_Khan/The_Ultimate/Karat_Hun_Tero_Hi_Dhyan_9f4a4fc5-d5c0-4757-b875-9dbb2a83302f.taniSegKNN,Karat_Hun_Tero_Hi_Dhyan_9f4a4fc5-d5c0-4757-b875-9dbb2a83302f.taniSegKNN,.tanisegknn,0,other
b143adaa-f1a6-4de4-8985-a5bd35e96279,/home/izpiz/coding/automatic-raga-recognition/dataset/RagaDataset/Hindustani/features/b143adaa-f1a6-4de4-8985-a5bd35e96279/Aslam_Hussain_Khan/The_Ultimate/Karat_Hun_Tero_Hi_Dhyan_9f4a4fc5-d5c0-4757-b875-9dbb2a83302f.flatSegNyas,Karat_Hun_Tero_Hi_Dhyan_9f4a4fc5-d5c0-4757-b875-9dbb2a83302f.flatSegNyas,.flatsegnyas,4244,other
b143adaa-f1a6-4de4-8985-a5bd35e96279,/home/izpiz/coding/automatic-raga-recognition/dataset/RagaDataset/Hindustani/features/b143adaa-f1a6-4de4-8985-a5bd35e96279/Amir_Khan/The_Great_Heritage__Ustad_Amir_Khan/Raga_Bairagi_Man_Sumarat_Nis_Din_Tumharo_Naam_205d79c6-ad14-4193-be7c-3f32457eda60.flatSegNyas,Raga_Bairagi_Man_Sumarat_Nis_Din_Tumharo_Naam_205d79c6-ad14-4193-be7c-3f32457eda60.flatSegNyas,.flatsegnyas,8739,other
b143adaa-f1a6-4de4-8985-a5bd35e96279,/home/izpiz/coding/automatic-raga-recognition/dataset/RagaDataset/Hindustani/features/b143adaa-f1a6-4de4-8985-a5bd35e96279/Amir_Khan/The_Great_Heritage__Ustad_Amir_Khan/Raga_Bairagi_Man_Sumarat_Nis_Din_Tumharo_Naam_205d79c6-ad14-4193-be7c-3f32457eda60.taniSegKNN,Raga_Bairagi_Man_Sumarat_Nis_Din_Tumharo_Naam_205d79c6-ad14-4193-be7c-3f32457eda60.taniSegKNN,.tanisegknn,0,other
b143adaa-f1a6-4de4-8985-a5bd35e96279,/home/izpiz/coding/automatic-raga-recognition/dataset/RagaDataset/Hindustani/features/b143adaa-f1a6-4de4-8985-a5bd35e96279/Veena_Sahasrabuddhe/Immaculate_Ragas_Vol_2/Raga_Bairagi_d56b4f36-3101-4962-867b-40ee9906dd5a.flatSegNyas,Raga_Bairagi_d56b4f36-3101-4962-867b-40ee9906dd5a.flatSegNyas,.flatsegnyas,27422,other
b143adaa-f1a6-4de4-8985-a5bd35e96279,/home/izpiz/coding/automatic-raga-recognition/dataset/RagaDataset/Hindustani/features/b143adaa-f1a6-4de4-8985-a5bd35e96279/Veena_Sahasrabuddhe/Immaculate_Ragas_Vol_2/Raga_Bairagi_d56b4f36-3101-4962-867b-40ee9906dd5a.taniSegKNN,Raga_Bairagi_d56b4f36-3101-4962-867b-40ee9906dd5a.taniSegKNN,.tanisegknn,0,other
ba3242d0-8d40-4d93-865e-d2e2497ea2a8,"/home/izpiz/coding/automatic-raga-recognition/dataset/RagaDataset/Hindustani/features/ba3242d0-8d40-4d93-865e-d2e2497ea2a8/Omkar_Dadarkar/Raag_Bahar,_Gaud_Malhar___Yaman/Raag_Gaud_Malhar_73b74f57-4ba1-4f22-a969-1d9b2e26b5ea.flatSegNyas",Raag_Gaud_Malhar_73b74f57-4ba1-4f22-a969-1d9b2e26b5ea.flatSegNyas,.flatsegnyas,26251,other
ba3242d0-8d40-4d93-865e-d2e2497ea2a8,"/home/izpiz/coding/automatic-raga-recognition/dataset/RagaDataset/Hindustani/features/ba3242d0-8d40-4d93-865e-d2e2497ea2a8/Omkar_Dadarkar/Raag_Bahar,_Gaud_Malhar___Yaman/Raag_Gaud_Malhar_73b74f57-4ba1-4f22-a969-1d9b2e26b5ea.taniSegKNN",Raag_Gaud_Malhar_73b74f57-4ba1-4f22-a969-1d9b2e26b5ea.taniSegKNN,.tanisegknn,0,other
ba3242d0-8d40-4d93-865e-d2e2497ea2a8,/home/izpiz/coding/automatic-raga-recognition/dataset/RagaDataset/Hindustani/features/ba3242d0-8d40-4d93-865e-d2e2497ea2a8/Kishori_Amonkar/Malhar_Malika/Raga_Gaud_Malhar_5e9d1ce8-9dcf-4c3c-a58a-7bc8734791d0.flatSegNyas,Raga_Gaud_Malhar_5e9d1ce8-9dcf-4c3c-a58a-7bc8734791d0.flatSegNyas,.flatsegnyas,46430,other
ba3242d0-8d40-4d93-865e-d2e2497ea2a8,/home/izpiz/coding/automatic-raga-recognition/dataset/RagaDataset/Hindustani/features/ba3242d0-8d40-4d93-865e-d2e2497ea2a8/Kishori_Amonkar/Malhar_Malika/Raga_Gaud_Malhar_5e9d1ce8-9dcf-4c3c-a58a-7bc8734791d0.taniSegKNN,Raga_Gaud_Malhar_5e9d1ce8-9dcf-4c3c-a58a-7bc8734791d0.taniSegKNN,.tanisegknn,0,other
ba3242d0-8d40-4d93-865e-d2e2497ea2a8,/home/izpiz/coding/automatic-raga-recognition/dataset/RagaDataset/Hindustani/features/ba3242d0-8d40-4d93-865e-d2e2497ea2a8/Kishori_Amonkar/The_Malhars__Gaud_Malhar/Raga_Gaud_Malhar_Vilambit_Teental_0efd0dde-018c-4c30-972b-9dc14c6f09b5.flatSegNyas,Raga_Gaud_Malhar_Vilambit_Teental_0efd0dde-018c-4c30-972b-9dc14c6f09b5.flatSegNyas,.flatsegnyas,10837,other
ba3242d0-8d40-4d93-865e-d2e2497ea2a8,/home/izpiz/coding/automatic-raga-recognition/dataset/RagaDataset/Hindustani/features/ba3242d0-8d40-4d93-865e-d2e2497ea2a8/Kishori_Amonkar/The_Malhars__Gaud_Malhar/Raga_Gaud_Malhar_Vilambit_Teental_0efd0dde-018c-4c30-972b-9dc14c6f09b5.taniSegKNN,Raga_Gaud_Malhar_Vilambit_Teental_0efd0dde-018c-4c30-972b-9dc14c6f09b5.taniSegKNN,.tanisegknn,0,other
ba3242d0-8d40-4d93-865e-d2e2497ea2a8,/home/izpiz/coding/automatic-raga-recognition/dataset/RagaDataset/Hindustani/features/ba3242d0-8d40-4d93-865e-d2e2497ea2a8/Kishori_Amonkar/The_Malhars__Gaud_Malhar/Raga_Gaud_Malhar_Vilambit_Teental_50a45482-2a3e-44a8-beea-1320f529fa00.taniSegKNN,Raga_Gaud_Malhar_Vilambit_Teental_50a45482-2a3e-44a8-beea-1320f529fa00.taniSegKNN,.tanisegknn,0,other
ba3242d0-8d40-4d93-865e-d2e2497ea2a8,/home/izpiz/coding/automatic-raga-recognition/dataset/RagaDataset/Hindustani/features/ba3242d0-8d40-4d93-865e-d2e2497ea2a8/Kishori_Amonkar/The_Malhars__Gaud_Malhar/Raga_Gaud_Malhar_Drut_Teental_28dd1d68-ee23-47f4-8776-33cc18adc44a.taniSegKNN,Raga_Gaud_Malhar_Drut_Teental_28dd1d68-ee23-47f4-8776-33cc18adc44a.taniSegKNN,.tanisegknn,0,other
ba3242d0-8d40-4d93-865e-d2e2497ea2a8,/home/izpiz/coding/automatic-raga-recognition/dataset/RagaDataset/Hindustani/features/ba3242d0-8d40-4d93-865e-d2e2497ea2a8/Kishori_Amonkar/The_Malhars__Gaud_Malhar/Raga_Gaud_Malhar_Vilambit_Teental_50a45482-2a3e-44a8-beea-1320f529fa00.flatSegNyas,Raga_Gaud_Malhar_Vilambit_Teental_50a45482-2a3e-44a8-beea-1320f529fa00.flatSegNyas,.flatsegnyas,25044,other
ba3242d0-8d40-4d93-865e-d2e2497ea2a8,/home/izpiz/coding/automatic-raga-recognition/dataset/RagaDataset/Hindustani/features/ba3242d0-8d40-4d93-865e-d2e2497ea2a8/Kishori_Amonkar/The_Malhars__Gaud_Malhar/Raga_Gaud_Malhar_Drut_Teental_28dd1d68-ee23-47f4-8776-33cc18adc44a.flatSegNyas,Raga_Gaud_Malhar_Drut_Teental_28dd1d68-ee23-47f4-8776-33cc18adc44a.flatSegNyas,.flatsegnyas,7449,other
ba3242d0-8d40-4d93-865e-d2e2497ea2a8,/home/izpiz/coding/automatic-raga-recognition/dataset/RagaDataset/Hindustani/features/ba3242d0-8d40-4d93-865e-d2e2497ea2a8/Rajan_Mishra/Classical_Wonders_of_India/Raga_Gaud_Malhar_acf065cc-7a66-4f9d-9eb9-3a86b35fa447.taniSegKNN,Raga_Gaud_Malhar_acf065cc-7a66-4f9d-9eb9-3a86b35fa447.taniSegKNN,.tanisegknn,0,other
ba3242d0-8d40-4d93-865e-d2e2497ea2a8,/home/izpiz/coding/automatic-raga-recognition/dataset/RagaDataset/Hindustani/features/ba3242d0-8d40-4d93-865e-d2e2497ea2a8/Rajan_Mishra/Classical_Wonders_of_India/Raga_Gaud_Malhar_acf065cc-7a66-4f9d-9eb9-3a86b35fa447.flatSegNyas,Raga_Gaud_Malhar_acf065cc-7a66-4f9d-9eb9-3a86b35fa447.flatSegNyas,.flatsegnyas,55404,other
ba3242d0-8d40-4d93-865e-d2e2497ea2a8,/home/izpiz/coding/automatic-raga-recognition/dataset/RagaDataset/Hindustani/features/ba3242d0-8d40-4d93-865e-d2e2497ea2a8/Gauri_Pathare/Malhar/Raga_Gaud_Malhar_56c945ef-f5ed-4b03-ace1-80ed9b7acf25.taniSegKNN,Raga_Gaud_Malhar_56c945ef-f5ed-4b03-ace1-80ed9b7acf25.taniSegKNN,.tanisegknn,0,other
ba3242d0-8d40-4d93-865e-d2e2497ea2a8,/home/izpiz/coding/automatic-raga-recognition/dataset/RagaDataset/Hindustani/features/ba3242d0-8d40-4d93-865e-d2e2497ea2a8/Gauri_Pathare/Malhar/Raga_Gaud_Malhar_56c945ef-f5ed-4b03-ace1-80ed9b7acf25.flatSegNyas,Raga_Gaud_Malhar_56c945ef-f5ed-4b03-ace1-80ed9b7acf25.flatSegNyas,.flatsegnyas,25554,other
ba3242d0-8d40-4d93-865e-d2e2497ea2a8,/home/izpiz/coding/automatic-raga-recognition/dataset/RagaDataset/Hindustani/features/ba3242d0-8d40-4d93-865e-d2e2497ea2a8/Mallikarjun_Mansur/First_Time_on_CD/Raga__Gaud_Malhar_2f76f164-f02c-4b22-8bc0-4fe5500039b1.taniSegKNN,Raga__Gaud_Malhar_2f76f164-f02c-4b22-8bc0-4fe5500039b1.taniSegKNN,.tanisegknn,0,other
ba3242d0-8d40-4d93-865e-d2e2497ea2a8,/home/izpiz/coding/automatic-raga-recognition/dataset/RagaDataset/Hindustani/features/ba3242d0-8d40-4d93-865e-d2e2497ea2a8/Mallikarjun_Mansur/First_Time_on_CD/Raga__Gaud_Malhar_2f76f164-f02c-4b22-8bc0-4fe5500039b1.flatSegNyas,Raga__Gaud_Malhar_2f76f164-f02c-4b22-8bc0-4fe5500039b1.flatSegNyas,.flatsegnyas,18284,other
ba3242d0-8d40-4d93-865e-d2e2497ea2a8,/home/izpiz/coding/automatic-raga-recognition/dataset/RagaDataset/Hindustani/features/ba3242d0-8d40-4d93-865e-d2e2497ea2a8/Satyasheel_Deshpande/Kahen/Kisko_Aisi_Baat_Kahein_73f6dda2-50bf-416f-8b77-2de40d24b455.flatSegNyas,Kisko_Aisi_Baat_Kahein_73f6dda2-50bf-416f-8b77-2de40d24b455.flatSegNyas,.flatsegnyas,9458,other
ba3242d0-8d40-4d93-865e-d2e2497ea2a8,/home/izpiz/coding/automatic-raga-recognition/dataset/RagaDataset/Hindustani/features/ba3242d0-8d40-4d93-865e-d2e2497ea2a8/Satyasheel_Deshpande/Kahen/Kisko_Aisi_Baat_Kahein_73f6dda2-50bf-416f-8b77-2de40d24b455.taniSegKNN,Kisko_Aisi_Baat_Kahein_73f6dda2-50bf-416f-8b77-2de40d24b455.taniSegKNN,.tanisegknn,0,other
ba3242d0-8d40-4d93-865e-d2e2497ea2a8,/home/izpiz/coding/automatic-raga-recognition/dataset/RagaDataset/Hindustani/features/ba3242d0-8d40-4d93-865e-d2e2497ea2a8/Malini_Rajurkar/First_Time_On_CD/Kaahe_Ho_Hamso_Pritam_and_Garajat_Barasat_Bheejat_Aailo_27994cb8-23ae-4c32-959e-625b51727412.taniSegKNN,Kaahe_Ho_Hamso_Pritam_and_Garajat_Barasat_Bheejat_Aailo_27994cb8-23ae-4c32-959e-625b51727412.taniSegKNN,.tanisegknn,0,other
ba3242d0-8d40-4d93-865e-d2e2497ea2a8,/home/izpiz/coding/automatic-raga-recognition/dataset/RagaDataset/Hindustani/features/ba3242d0-8d40-4d93-865e-d2e2497ea2a8/Malini_Rajurkar/First_Time_On_CD/Kaahe_Ho_Hamso_Pritam_and_Garajat_Barasat_Bheejat_Aailo_27994cb8-23ae-4c32-959e-625b51727412.flatSegNyas,Kaahe_Ho_Hamso_Pritam_and_Garajat_Barasat_Bheejat_Aailo_27994cb8-23ae-4c32-959e-625b51727412.flatSegNyas,.flatsegnyas,24213,other
d9c603fa-875f-4b84-b851-c6a345427898,/home/izpiz/coding/automatic-raga-recognition/dataset/RagaDataset/Hindustani/features/d9c603fa-875f-4b84-b851-c6a345427898/Rashid_Khan/Live_at_St__John_s_Smith_Square_London/Bonus_Track_b63f8746-775e-447b-8bd5-1f32c4ef0b44.flatSegNyas,Bonus_Track_b63f8746-775e-447b-8bd5-1f32c4ef0b44.flatSegNyas,.flatsegnyas,15306,other
d9c603fa-875f-4b84-b851-c6a345427898,/home/izpiz/coding/automatic-raga-recognition/dataset/RagaDataset/Hindustani/features/d9c603fa-875f-4b84-b851-c6a345427898/Rashid_Khan/Live_at_St__John_s_Smith_Square_London/Bonus_Track_b63f8746-775e-447b-8bd5-1f32c4ef0b44.taniSegKNN,Bonus_Track_b63f8746-775e-447b-8bd5-1f32c4ef0b44.taniSegKNN,.tanisegknn,0,other
d9c603fa-875f-4b84-b851-c6a345427898,/home/izpiz/coding/automatic-raga-recognition/dataset/RagaDataset/Hindustani/features/d9c603fa-875f-4b84-b851-c6a345427898/Bhimsen_Joshi/The_Multifaceted/Raga_Abhogi_d29c44a0-d688-47f1-8d83-8c07f0b76b22.flatSegNyas,Raga_Abhogi_d29c44a0-d688-47f1-8d83-8c07f0b76b22.flatSegNyas,.flatsegnyas,5374,other
d9c603fa-875f-4b84-b851-c6a345427898,/home/izpiz/coding/automatic-raga-recognition/dataset/RagaDataset/Hindustani/features/d9c603fa-875f-4b84-b851-c6a345427898/Bhimsen_Joshi/The_Multifaceted/Raga_Abhogi_d29c44a0-d688-47f1-8d83-8c07f0b76b22.taniSegKNN,Raga_Abhogi_d29c44a0-d688-47f1-8d83-8c07f0b76b22.taniSegKNN,.tanisegknn,0,other
d9c603fa-875f-4b84-b851-c6a345427898,/home/izpiz/coding/automatic-raga-recognition/dataset/RagaDataset/Hindustani/features/d9c603fa-875f-4b84-b851-c6a345427898/Bhimsen_Joshi/The_Essential_Collection/Rag_Abhogi_Drut_Ektal_15fae9e1-01a0-4b4b-bcc9-4c84321a66a0.flatSegNyas,Rag_Abhogi_Drut_Ektal_15fae9e1-01a0-4b4b-bcc9-4c84321a66a0.flatSegNyas,.flatsegnyas,5181,other
d9c603fa-875f-4b84-b851-c6a345427898,/home/izpiz/coding/automatic-raga-recognition/dataset/RagaDataset/Hindustani/features/d9c603fa-875f-4b84-b851-c6a345427898/Bhimsen_Joshi/The_Essential_Collection/Rag_Abhogi_Jhaptal_7060e016-7772-45c9-bfc6-8d3911ae0a06.flatSegNyas,Rag_Abhogi_Jhaptal_7060e016-7772-45c9-bfc6-8d3911ae0a06.flatSegNyas,.flatsegnyas,15344,other
d9c603fa-875f-4b84-b851-c6a345427898,/home/izpiz/coding/automatic-raga-recognition/dataset/RagaDataset/Hindustani/features/d9c603fa-875f-4b84-b851-c6a345427898/Bhimsen_Joshi/The_Essential_Collection/Rag_Abhogi_Drut_Ektal_15fae9e1-01a0-4b4b-bcc9-4c84321a66a0.taniSegKNN,Rag_Abhogi_Drut_Ektal_15fae9e1-01a0-4b4b-bcc9-4c84321a66a0.taniSegKNN,.tanisegknn,0,other
d9c603fa-875f-4b84-b851-c6a345427898,/home/izpiz/coding/automatic-raga-recognition/dataset/RagaDataset/Hindustani/features/d9c603fa-875f-4b84-b851-c6a345427898/Bhimsen_Joshi/The_Essential_Collection/Rag_Abhogi_Jhaptal_7060e016-7772-45c9-bfc6-8d3911ae0a06.taniSegKNN,Rag_Abhogi_Jhaptal_7060e016-7772-45c9-bfc6-8d3911ae0a06.taniSegKNN,.tanisegknn,0,other
d9c603fa-875f-4b84-b851-c6a345427898,/home/izpiz/coding/automatic-raga-recognition/dataset/RagaDataset/Hindustani/features/d9c603fa-875f-4b84-b851-c6a345427898/Tripti_Mukherjee/Jasrangi/Raga_Abhogi_cc7999c1-feb7-4fa7-8b45-7e6fc39c0ec6.flatSegNyas,Raga_Abhogi_cc7999c1-feb7-4fa7-8b45-7e6fc39c0ec6.flatSegNyas,.flatsegnyas,15962,other
d9c603fa-875f-4b84-b851-c6a345427898,/home/izpiz/coding/automatic-raga-recognition/dataset/RagaDataset/Hindustani/features/d9c603fa-875f-4b84-b851-c6a345427898/Tripti_Mukherjee/Jasrangi/Raga_Abhogi_cc7999c1-feb7-4fa7-8b45-7e6fc39c0ec6.taniSegKNN,Raga_Abhogi_cc7999c1-feb7-4fa7-8b45-7e6fc39c0ec6.taniSegKNN,.tanisegknn,0,other
d9c603fa-875f-4b84-b851-c6a345427898,/home/izpiz/coding/automatic-raga-recognition/dataset/RagaDataset/Hindustani/features/d9c603fa-875f-4b84-b851-c6a345427898/Girija_Devi/The_Genius_of_Girija_Devi/Raga_Abhogi_Kanada_409903ce-cfe7-41fd-b42b-3b7790c0e917.taniSegKNN,Raga_Abhogi_Kanada_409903ce-cfe7-41fd-b42b-3b7790c0e917.taniSegKNN,.tanisegknn,0,other
d9c603fa-875f-4b84-b851-c6a345427898,/home/izpiz/coding/automatic-raga-recognition/dataset/RagaDataset/Hindustani/features/d9c603fa-875f-4b84-b851-c6a345427898/Girija_Devi/The_Genius_of_Girija_Devi/Raga_Abhogi_Kanada_409903ce-cfe7-41fd-b42b-3b7790c0e917.flatSegNyas,Raga_Abhogi_Kanada_409903ce-cfe7-41fd-b42b-3b7790c0e917.flatSegNyas,.flatsegnyas,13205,other
d9c603fa-875f-4b84-b851-c6a345427898,"/home/izpiz/coding/automatic-raga-recognition/dataset/RagaDataset/Hindustani/features/d9c603fa-875f-4b84-b851-c6a345427898/Ajoy_Chakrabarty/Raag_Abhogi,_Rageshree___Khamaj/Raag_Abhogi_a01ac873-dff4-420f-9fd8-490dd87c58e9.taniSegKNN",Raag_Abhogi_a01ac873-dff4-420f-9fd8-490dd87c58e9.taniSegKNN,.tanisegknn,0,other
d9c603fa-875f-4b84-b851-c6a345427898,"/home/izpiz/coding/automatic-raga-recognition/dataset/RagaDataset/Hindustani/features/d9c603fa-875f-4b84-b851-c6a345427898/Ajoy_Chakrabarty/Raag_Abhogi,_Rageshree___Khamaj/Raag_Abhogi_a01ac873-dff4-420f-9fd8-490dd87c58e9.flatSegNyas",Raag_Abhogi_a01ac873-dff4-420f-9fd8-490dd87c58e9.flatSegNyas,.flatsegnyas,34079,other
d9c603fa-875f-4b84-b851-c6a345427898,/home/izpiz/coding/automatic-raga-recognition/dataset/RagaDataset/Hindustani/features/d9c603fa-875f-4b84-b851-c6a345427898/Salamat_Ali_Khan/Timeless_Music_From_Pakistan_Vol__2/Raga_Abhogi_Kanrha_8d2eb825-77d6-4f61-ae4c-1a8639dd912b.flatSegNyas,Raga_Abhogi_Kanrha_8d2eb825-77d6-4f61-ae4c-1a8639dd912b.flatSegNyas,.flatsegnyas,9935,other
d9c603fa-875f-4b84-b851-c6a345427898,/home/izpiz/coding/automatic-raga-recognition/dataset/RagaDataset/Hindustani/features/d9c603fa-875f-4b84-b851-c6a345427898/Salamat_Ali_Khan/Timeless_Music_From_Pakistan_Vol__2/Raga_Abhogi_Kanrha_8d2eb825-77d6-4f61-ae4c-1a8639dd912b.taniSegKNN,Raga_Abhogi_Kanrha_8d2eb825-77d6-4f61-ae4c-1a8639dd912b.taniSegKNN,.tanisegknn,0,other
d9c603fa-875f-4b84-b851-c6a345427898,/home/izpiz/coding/automatic-raga-recognition/dataset/RagaDataset/Hindustani/features/d9c603fa-875f-4b84-b851-c6a345427898/Anol_Chatterjee/Raag_Abhogi___Megh/Raag_Abhogi_e40375a2-01d2-4137-823a-3e62503baf98.flatSegNyas,Raag_Abhogi_e40375a2-01d2-4137-823a-3e62503baf98.flatSegNyas,.flatsegnyas,22484,other
d9c603fa-875f-4b84-b851-c6a345427898,/home/izpiz/coding/automatic-raga-recognition/dataset/RagaDataset/Hindustani/features/d9c603fa-875f-4b84-b851-c6a345427898/Anol_Chatterjee/Raag_Abhogi___Megh/Raag_Abhogi_e40375a2-01d2-4137-823a-3e62503baf98.taniSegKNN,Raag_Abhogi_e40375a2-01d2-4137-823a-3e62503baf98.taniSegKNN,.tanisegknn,0,other
d9c603fa-875f-4b84-b851-c6a345427898,/home/izpiz/coding/automatic-raga-recognition/dataset/RagaDataset/Hindustani/features/d9c603fa-875f-4b84-b851-c6a345427898/Jagdish_Prasad/Laaj_Rakho_Mori/Raga_Abhogee_Dulahan_Raj_Dulare_-_Vilambit_Ek_Taal_41e85340-5071-4cdf-a988-6e0aabed3dd6.taniSegKNN,Raga_Abhogee_Dulahan_Raj_Dulare_-_Vilambit_Ek_Taal_41e85340-5071-4cdf-a988-6e0aabed3dd6.taniSegKNN,.tanisegknn,0,other
d9c603fa-875f-4b84-b851-c6a345427898,/home/izpiz/coding/automatic-raga-recognition/dataset/RagaDataset/Hindustani/features/d9c603fa-875f-4b84-b851-c6a345427898/Jagdish_Prasad/Laaj_Rakho_Mori/Raga_Abhogee_Dulahan_Raj_Dulare_-_Vilambit_Ek_Taal_41e85340-5071-4cdf-a988-6e0aabed3dd6.flatSegNyas,Raga_Abhogee_Dulahan_Raj_Dulare_-_Vilambit_Ek_Taal_41e85340-5071-4cdf-a988-6e0aabed3dd6.flatSegNyas,.flatsegnyas,23117,other
dd59147d-8775-44ff-a36b-0d9f15b31319,/home/izpiz/coding/automatic-raga-recognition/dataset/RagaDataset/Hindustani/features/dd59147d-8775-44ff-a36b-0d9f15b31319/Rashid_Khan/Evergreen/Raga_Bilaskhani_Todi_a655cf94-bb5f-4971-897a-9c20cdab828b.flatSegNyas,Raga_Bilaskhani_Todi_a655cf94-bb5f-4971-897a-9c20cdab828b.flatSegNyas,.flatsegnyas,14543,other
dd59147d-8775-44ff-a36b-0d9f15b31319,/home/izpiz/coding/automatic-raga-recognition/dataset/RagaDataset/Hindustani/features/dd59147d-8775-44ff-a36b-0d9f15b31319/Rashid_Khan/Evergreen/Raga_Bilaskhani_Todi_a655cf94-bb5f-4971-897a-9c20cdab828b.taniSegKNN,Raga_Bilaskhani_Todi_a655cf94-bb5f-4971-897a-9c20cdab828b.taniSegKNN,.tanisegknn,0,other
dd59147d-8775-44ff-a36b-0d9f15b31319,/home/izpiz/coding/automatic-raga-recognition/dataset/RagaDataset/Hindustani/features/dd59147d-8775-44ff-a36b-0d9f15b31319/Shruti_Sadolikar/Khayal/Raga_-_Bilaskhani_Todi_cdd148c7-07e4-46c9-88d9-fbbfcea2edf5.flatSegNyas,Raga_-_Bilaskhani_Todi_cdd148c7-07e4-46c9-88d9-fbbfcea2edf5.flatSegNyas,.flatsegnyas,23197,other
dd59147d-8775-44ff-a36b-0d9f15b31319,/home/izpiz/coding/automatic-raga-recognition/dataset/RagaDataset/Hindustani/features/dd59147d-8775-44ff-a36b-0d9f15b31319/Shruti_Sadolikar/Khayal/Raga_-_Bilaskhani_Todi_cdd148c7-07e4-46c9-88d9-fbbfcea2edf5.taniSegKNN,Raga_-_Bilaskhani_Todi_cdd148c7-07e4-46c9-88d9-fbbfcea2edf5.taniSegKNN,.tanisegknn,0,other
dd59147d-8775-44ff-a36b-0d9f15b31319,/home/izpiz/coding/automatic-raga-recognition/dataset/RagaDataset/Hindustani/features/dd59147d-8775-44ff-a36b-0d9f15b31319/Girija_Devi/Masterworks_from_the_NCPA_Archives/Khyal_in_Raga_Bilaskhani_(Teental)_c6e488e4-daa6-401d-a3db-cfe3f0ae63d6.taniSegKNN,Khyal_in_Raga_Bilaskhani_(Teental)_c6e488e4-daa6-401d-a3db-cfe3f0ae63d6.taniSegKNN,.tanisegknn,0,other
dd59147d-8775-44ff-a36b-0d9f15b31319,/home/izpiz/coding/automatic-raga-recognition/dataset/RagaDataset/Hindustani/features/dd59147d-8775-44ff-a36b-0d9f15b31319/Girija_Devi/Masterworks_from_the_NCPA_Archives/Khyal_in_Raga_Bilaskhani_(Teental)_c6e488e4-daa6-401d-a3db-cfe3f0ae63d6.flatSegNyas,Khyal_in_Raga_Bilaskhani_(Teental)_c6e488e4-daa6-401d-a3db-cfe3f0ae63d6.flatSegNyas,.flatsegnyas,39411,other
dd59147d-8775-44ff-a36b-0d9f15b31319,/home/izpiz/coding/automatic-raga-recognition/dataset/RagaDataset/Hindustani/features/dd59147d-8775-44ff-a36b-0d9f15b31319/Ajoy_Chakrabarty/The_Genius_Of_Pt__Ajoy_Chakraborty/Raga_Bilaskhani_Todi_d7510269-b26c-4735-a491-245f3c732a58.taniSegKNN,Raga_Bilaskhani_Todi_d7510269-b26c-4735-a491-245f3c732a58.taniSegKNN,.tanisegknn,0,other
dd59147d-8775-44ff-a36b-0d9f15b31319,/home/izpiz/coding/automatic-raga-recognition/dataset/RagaDataset/Hindustani/features/dd59147d-8775-44ff-a36b-0d9f15b31319/Ajoy_Chakrabarty/The_Genius_Of_Pt__Ajoy_Chakraborty/Raga_Bilaskhani_Todi_d7510269-b26c-4735-a491-245f3c732a58.flatSegNyas,Raga_Bilaskhani_Todi_d7510269-b26c-4735-a491-245f3c732a58.flatSegNyas,.flatsegnyas,23314,other
dd59147d-8775-44ff-a36b-0d9f15b31319,/home/izpiz/coding/automatic-raga-recognition/dataset/RagaDataset/Hindustani/features/dd59147d-8775-44ff-a36b-0d9f15b31319/Ajoy_Chakrabarty/Geetinandan___Part-3/Bilaskhani_Todi_3124479b-5118-4cf3-823f-8fefad45e586.taniSegKNN,Bilaskhani_Todi_3124479b-5118-4cf3-823f-8fefad45e586.taniSegKNN,.tanisegknn,0,other
dd59147d-8775-44ff-a36b-0d9f15b31319,/home/izpiz/coding/automatic-raga-recognition/dataset/RagaDataset/Hindustani/features/dd59147d-8775-44ff-a36b-0d9f15b31319/Ajoy_Chakrabarty/Geetinandan___Part-3/Bilaskhani_Todi_3124479b-5118-4cf3-823f-8fefad45e586.flatSegNyas,Bilaskhani_Todi_3124479b-5118-4cf3-823f-8fefad45e586.flatSegNyas,.flatsegnyas,13227,other
dd59147d-8775-44ff-a36b-0d9f15b31319,/home/izpiz/coding/automatic-raga-recognition/dataset/RagaDataset/Hindustani/features/dd59147d-8775-44ff-a36b-0d9f15b31319/Jasraj/Legends__Sangeet_Martand_Pandit_Jasraj_(Vol__1)/Raga_-_Bilaskhani_Todi_e23eb921-de6e-452b-bc2f-7fbd0772c4fd.taniSegKNN,Raga_-_Bilaskhani_Todi_e23eb921-de6e-452b-bc2f-7fbd0772c4fd.taniSegKNN,.tanisegknn,0,other
dd59147d-8775-44ff-a36b-0d9f15b31319,/home/izpiz/coding/automatic-raga-recognition/dataset/RagaDataset/Hindustani/features/dd59147d-8775-44ff-a36b-0d9f15b31319/Jasraj/Legends__Sangeet_Martand_Pandit_Jasraj_(Vol__1)/Raga_-_Bilaskhani_Todi_e23eb921-de6e-452b-bc2f-7fbd0772c4fd.flatSegNyas,Raga_-_Bilaskhani_Todi_e23eb921-de6e-452b-bc2f-7fbd0772c4fd.flatSegNyas,.flatsegnyas,17528,other
dd59147d-8775-44ff-a36b-0d9f15b31319,/home/izpiz/coding/automatic-raga-recognition/dataset/RagaDataset/Hindustani/features/dd59147d-8775-44ff-a36b-0d9f15b31319/Kaushiki_Chakrabarty/Manomay/Raga_Bilaskhani_Todi_-_Vilambit__Drut_Khayal_b20456b8-7abc-4158-bb53-5ea8d80e5999.taniSegKNN,Raga_Bilaskhani_Todi_-_Vilambit__Drut_Khayal_b20456b8-7abc-4158-bb53-5ea8d80e5999.taniSegKNN,.tanisegknn,0,other
dd59147d-8775-44ff-a36b-0d9f15b31319,/home/izpiz/coding/automatic-raga-recognition/dataset/RagaDataset/Hindustani/features/dd59147d-8775-44ff-a36b-0d9f15b31319/Kaushiki_Chakrabarty/Manomay/Raga_Bilaskhani_Todi_-_Vilambit__Drut_Khayal_b20456b8-7abc-4158-bb53-5ea8d80e5999.flatSegNyas,Raga_Bilaskhani_Todi_-_Vilambit__Drut_Khayal_b20456b8-7abc-4158-bb53-5ea8d80e5999.flatSegNyas,.flatsegnyas,36099,other
dd59147d-8775-44ff-a36b-0d9f15b31319,/home/izpiz/coding/automatic-raga-recognition/dataset/RagaDataset/Hindustani/features/dd59147d-8775-44ff-a36b-0d9f15b31319/Amir_Khan/The_Great_Heritage__Ustad_Amir_Khan/Raga_Bilaskhani_Todi_Bairagi_Roop_7d3f5b32-34f2-402c-b3b3-a87f1dedd3a8.taniSegKNN,Raga_Bilaskhani_Todi_Bairagi_Roop_7d3f5b32-34f2-402c-b3b3-a87f1dedd3a8.taniSegKNN,.tanisegknn,0,other
dd59147d-8775-44ff-a36b-0d9f15b31319,/home/izpiz/coding/automatic-raga-recognition/dataset/RagaDataset/Hindustani/features/dd59147d-8775-44ff-a36b-0d9f15b31319/Amir_Khan/The_Great_Heritage__Ustad_Amir_Khan/Raga_Bilaskhani_Todi_Bairagi_Roop_7d3f5b32-34f2-402c-b3b3-a87f1dedd3a8.flatSegNyas,Raga_Bilaskhani_Todi_Bairagi_Roop_7d3f5b32-34f2-402c-b3b3-a87f1dedd3a8.flatSegNyas,.flatsegnyas,16383,other
dd59147d-8775-44ff-a36b-0d9f15b31319,/home/izpiz/coding/automatic-raga-recognition/dataset/RagaDataset/Hindustani/features/dd59147d-8775-44ff-a36b-0d9f15b31319/Basavraj_Rajaguru/The_Genius_Of_Basavraj_Rajguru/Raga_Bilashkani_Todi_182dd9f9-d3b7-4ebc-9d18-9e0544c6e8cc.flatSegNyas,Raga_Bilashkani_Todi_182dd9f9-d3b7-4ebc-9d18-9e0544c6e8cc.flatSegNyas,.flatsegnyas,24954,other
dd59147d-8775-44ff-a36b-0d9f15b31319,/home/izpiz/coding/automatic-raga-recognition/dataset/RagaDataset/Hindustani/features/dd59147d-8775-44ff-a36b-0d9f15b31319/Basavraj_Rajaguru/The_Genius_Of_Basavraj_Rajguru/Raga_Bilashkani_Todi_182dd9f9-d3b7-4ebc-9d18-9e0544c6e8cc.taniSegKNN,Raga_Bilashkani_Todi_182dd9f9-d3b7-4ebc-9d18-9e0544c6e8cc.taniSegKNN,.tanisegknn,0,other
dd59147d-8775-44ff-a36b-0d9f15b31319,/home/izpiz/coding/automatic-raga-recognition/dataset/RagaDataset/Hindustani/features/dd59147d-8775-44ff-a36b-0d9f15b31319/Satyasheel_Deshpande/Kahen/Balam_Mori_Chando_Kalaiya_62ccf764-ddbd-49d4-a05a-cda03f4192a6.taniSegKNN,Balam_Mori_Chando_Kalaiya_62ccf764-ddbd-49d4-a05a-cda03f4192a6.taniSegKNN,.tanisegknn,0,other
dd59147d-8775-44ff-a36b-0d9f15b31319,/home/izpiz/coding/automatic-raga-recognition/dataset/RagaDataset/Hindustani/features/dd59147d-8775-44ff-a36b-0d9f15b31319/Satyasheel_Deshpande/Kahen/Balam_Mori_Chando_Kalaiya_62ccf764-ddbd-49d4-a05a-cda03f4192a6.flatSegNyas,Balam_Mori_Chando_Kalaiya_62ccf764-ddbd-49d4-a05a-cda03f4192a6.flatSegNyas,.flatsegnyas,6026,other
e771a74d-545d-41d5-816b-43403a818b0c,/home/izpiz/coding/automatic-raga-recognition/dataset/RagaDataset/Hindustani/features/e771a74d-545d-41d5-816b-43403a818b0c/Abdul_Rashid_Khan/Rasan_Piya_-_Volume_1/Tirwat_-_Bhopali_64a44651-dab9-4ee1-a49e-dcca4cf67c53.taniSegKNN,Tirwat_-_Bhopali_64a44651-dab9-4ee1-a49e-dcca4cf67c53.taniSegKNN,.tanisegknn,0,other
e771a74d-545d-41d5-816b-43403a818b0c,/home/izpiz/coding/automatic-raga-recognition/dataset/RagaDataset/Hindustani/features/e771a74d-545d-41d5-816b-43403a818b0c/Abdul_Rashid_Khan/Rasan_Piya_-_Volume_1/Tirwat_-_Bhopali_64a44651-dab9-4ee1-a49e-dcca4cf67c53.flatSegNyas,Tirwat_-_Bhopali_64a44651-dab9-4ee1-a49e-dcca4cf67c53.flatSegNyas,.flatsegnyas,7380,other
e771a74d-545d-41d5-816b-43403a818b0c,/home/izpiz/coding/automatic-raga-recognition/dataset/RagaDataset/Hindustani/features/e771a74d-545d-41d5-816b-43403a818b0c/Bade_Ghulam_Ali_Khan/The_Great_Heritage__Ustad_Bade_Ghulam_Ali_Khan/Raga_Bhoopali_dd42bbc9-4ec1-4881-81df-8b6813d460cf.taniSegKNN,Raga_Bhoopali_dd42bbc9-4ec1-4881-81df-8b6813d460cf.taniSegKNN,.tanisegknn,0,other
e771a74d-545d-41d5-816b-43403a818b0c,/home/izpiz/coding/automatic-raga-recognition/dataset/RagaDataset/Hindustani/features/e771a74d-545d-41d5-816b-43403a818b0c/Bade_Ghulam_Ali_Khan/The_Great_Heritage__Ustad_Bade_Ghulam_Ali_Khan/Raga_Bhoopali_dd42bbc9-4ec1-4881-81df-8b6813d460cf.flatSegNyas,Raga_Bhoopali_dd42bbc9-4ec1-4881-81df-8b6813d460cf.flatSegNyas,.flatsegnyas,19619,other
e771a74d-545d-41d5-816b-43403a818b0c,/home/izpiz/coding/automatic-raga-recognition/dataset/RagaDataset/Hindustani/features/e771a74d-545d-41d5-816b-43403a818b0c/Rashid_Khan/Masterworks/Raga_Bhoopali_77c887ad-de19-45b8-b83f-37446eae378d.flatSegNyas,Raga_Bhoopali_77c887ad-de19-45b8-b83f-37446eae378d.flatSegNyas,.flatsegnyas,16052,other
e771a74d-545d-41d5-816b-43403a818b0c,/home/izpiz/coding/automatic-raga-recognition/dataset/RagaDataset/Hindustani/features/e771a74d-545d-41d5-816b-43403a818b0c/Rashid_Khan/Masterworks/Raga_Bhoopali_77c887ad-de19-45b8-b83f-37446eae378d.taniSegKNN,Raga_Bhoopali_77c887ad-de19-45b8-b83f-37446eae378d.taniSegKNN,.tanisegknn,0,other
e771a74d-545d-41d5-816b-43403a818b0c,/home/izpiz/coding/automatic-raga-recognition/dataset/RagaDataset/Hindustani/features/e771a74d-545d-41d5-816b-43403a818b0c/Omkar_Dadarkar/Raag_Bhoopali___Gavti/Raag_Bhoopali_bfefde58-4eb2-49b0-9c63-7e4ce1070e61.taniSegKNN,Raag_Bhoopali_bfefde58-4eb2-49b0-9c63-7e4ce1070e61.taniSegKNN,.tanisegknn,0,other
e771a74d-545d-41d5-816b-43403a818b0c,/home/izpiz/coding/automatic-raga-recognition/dataset/RagaDataset/Hindustani/features/e771a74d-545d-41d5-816b-43403a818b0c/Omkar_Dadarkar/Raag_Bhoopali___Gavti/Raag_Bhoopali_bfefde58-4eb2-49b0-9c63-7e4ce1070e61.flatSegNyas,Raag_Bhoopali_bfefde58-4eb2-49b0-9c63-7e4ce1070e61.flatSegNyas,.flatsegnyas,49344,other
e771a74d-545d-41d5-816b-43403a818b0c,/home/izpiz/coding/automatic-raga-recognition/dataset/RagaDataset/Hindustani/features/e771a74d-545d-41d5-816b-43403a818b0c/Kishori_Amonkar/Live_in_Concert__New_Delhi_1992/Bhopali_-_drut_teentaal_-_Tarana_157f546c-90c8-4b3b-a72c-42fa5b0dd820.taniSegKNN,Bhopali_-_drut_teentaal_-_Tarana_157f546c-90c8-4b3b-a72c-42fa5b0dd820.taniSegKNN,.tanisegknn,0,other
e771a74d-545d-41d5-816b-43403a818b0c,/home/izpiz/coding/automatic-raga-recognition/dataset/RagaDataset/Hindustani/features/e771a74d-545d-41d5-816b-43403a818b0c/Kishori_Amonkar/Live_in_Concert__New_Delhi_1992/Bhopali_-_vilambit_teentaal_-_Pratham_Sur_Saadhe_809196fd-2e16-435e-9d18-6c6132da0797.flatSegNyas,Bhopali_-_vilambit_teentaal_-_Pratham_Sur_Saadhe_809196fd-2e16-435e-9d18-6c6132da0797.flatSegNyas,.flatsegnyas,19423,other
e771a74d-545d-41d5-816b-43403a818b0c,/home/izpiz/coding/automatic-raga-recognition/dataset/RagaDataset/Hindustani/features/e771a74d-545d-41d5-816b-43403a818b0c/Kishori_Amonkar/Live_in_Concert__New_Delhi_1992/Bhopali_-_drut_teentaal_-_Tarana_157f546c-90c8-4b3b-a72c-42fa5b0dd820.flatSegNyas,Bhopali_-_drut_teentaal_-_Tarana_157f546c-90c8-4b3b-a72c-42fa5b0dd820.flatSegNyas,.flatsegnyas,7665,other
e771a74d-545d-41d5-816b-43403a818b0c,/home/izpiz/coding/automatic-raga-recognition/dataset/RagaDataset/Hindustani/features/e771a74d-545d-41d5-816b-43403a818b0c/Kishori_Amonkar/Live_in_Concert__New_Delhi_1992/Bhopali_-_vilambit_teentaal_-_Pratham_Sur_Saadhe_809196fd-2e16-435e-9d18-6c6132da0797.taniSegKNN,Bhopali_-_vilambit_teentaal_-_Pratham_Sur_Saadhe_809196fd-2e16-435e-9d18-6c6132da0797.taniSegKNN,.tanisegknn,0,other
e771a74d-545d-41d5-816b-43403a818b0c,/home/izpiz/coding/automatic-raga-recognition/dataset/RagaDataset/Hindustani/features/e771a74d-545d-41d5-816b-43403a818b0c/Kishori_Amonkar/Live_in_Concert__Nehru_Center_Bombay/Raga_Bhoop_-_Drut_Teentaal_8cee9d53-b105-45bc-bd1d-4a608d59b2fd.flatSegNyas,Raga_Bhoop_-_Drut_Teentaal_8cee9d53-b105-45bc-bd1d-4a608d59b2fd.flatSegNyas,.flatsegnyas,4934,other
e771a74d-545d-41d5-816b-43403a818b0c,/home/izpiz/coding/automatic-raga-recognition/dataset/RagaDataset/Hindustani/features/e771a74d-545d-41d5-816b-43403a818b0c/Kishori_Amonkar/Live_in_Concert__Nehru_Center_Bombay/Raga_Bhoop_Vilambit_Teentaal_a3479fbe-fea4-4db7-9c1f-8b4ca613e5f0.taniSegKNN,Raga_Bhoop_Vilambit_Teentaal_a3479fbe-fea4-4db7-9c1f-8b4ca613e5f0.taniSegKNN,.tanisegknn,0,other
e771a74d-545d-41d5-816b-43403a818b0c,/home/izpiz/coding/automatic-raga-recognition/dataset/RagaDataset/Hindustani/features/e771a74d-545d-41d5-816b-43403a818b0c/Kishori_Amonkar/Live_in_Concert__Nehru_Center_Bombay/Raga_Bhoop_-_Drut_Teentaal_8cee9d53-b105-45bc-bd1d-4a608d59b2fd.taniSegKNN,Raga_Bhoop_-_Drut_Teentaal_8cee9d53-b105-45bc-bd1d-4a608d59b2fd.taniSegKNN,.tanisegknn,0,other
e771a74d-545d-41d5-816b-43403a818b0c,/home/izpiz/coding/automatic-raga-recognition/dataset/RagaDataset/Hindustani/features/e771a74d-545d-41d5-816b-43403a818b0c/Kishori_Amonkar/Live_in_Concert__Nehru_Center_Bombay/Raga_Bhoop_Vilambit_Teentaal_a3479fbe-fea4-4db7-9c1f-8b4ca613e5f0.flatSegNyas,Raga_Bhoop_Vilambit_Teentaal_a3479fbe-fea4-4db7-9c1f-8b4ca613e5f0.flatSegNyas,.flatsegnyas,24103,other
e771a74d-545d-41d5-816b-43403a818b0c,/home/izpiz/coding/automatic-raga-recognition/dataset/RagaDataset/Hindustani/features/e771a74d-545d-41d5-816b-43403a818b0c/D_V_Paluskar/Echoes_of_a_Golden_Voice/Raga_Bhoop_82b207d0-a974-4c45-bf48-79bda319c985.flatSegNyas,Raga_Bhoop_82b207d0-a974-4c45-bf48-79bda319c985.flatSegNyas,.flatsegnyas,27572,other
e771a74d-545d-41d5-816b-43403a818b0c,/home/izpiz/coding/automatic-raga-recognition/dataset/RagaDataset/Hindustani/features/e771a74d-545d-41d5-816b-43403a818b0c/D_V_Paluskar/Echoes_of_a_Golden_Voice/Raga_Bhoop_82b207d0-a974-4c45-bf48-79bda319c985.taniSegKNN,Raga_Bhoop_82b207d0-a974-4c45-bf48-79bda319c985.taniSegKNN,.tanisegknn,0,other
e771a74d-545d-41d5-816b-43403a818b0c,/home/izpiz/coding/automatic-raga-recognition/dataset/RagaDataset/Hindustani/features/e771a74d-545d-41d5-816b-43403a818b0c/Kumar_Gandharva/Pt__Kumar_Gandharva-Vocal/Ni_Mori_Ka_833a49b0-cb9e-41e5-b341-ab718e03b97c.flatSegNyas,Ni_Mori_Ka_833a49b0-cb9e-41e5-b341-ab718e03b97c.flatSegNyas,.flatsegnyas,6722,other
e771a74d-545d-41d5-816b-43403a818b0c,/home/izpiz/coding/automatic-raga-recognition/dataset/RagaDataset/Hindustani/features/e771a74d-545d-41d5-816b-43403a818b0c/Kumar_Gandharva/Pt__Kumar_Gandharva-Vocal/Ni_Mori_Ka_833a49b0-cb9e-41e5-b341-ab718e03b97c.taniSegKNN,Ni_Mori_Ka_833a49b0-cb9e-41e5-b341-ab718e03b97c.taniSegKNN,.tanisegknn,0,other
ecd04ceb-b46c-47fc-9045-84ac9160e527,/home/izpiz/coding/automatic-raga-recognition/dataset/RagaDataset/Hindustani/features/ecd04ceb-b46c-47fc-9045-84ac9160e527/Rashid_Khan/Masterworks/Raga_Basant_Piya_Sang_Kheloon_3d6dc834-550d-4eb5-87f9-6e57747f3cb1.flatSegNyas,Raga_Basant_Piya_Sang_Kheloon_3d6dc834-550d-4eb5-87f9-6e57747f3cb1.flatSegNyas,.flatsegnyas,7279,other
ecd04ceb-b46c-47fc-9045-84ac9160e527,/home/izpiz/coding/automatic-raga-recognition/dataset/RagaDataset/Hindustani/features/ecd04ceb-b46c-47fc-9045-84ac9160e527/Rashid_Khan/Masterworks/Raga_Basant_Piya_Sang_Kheloon_3d6dc834-550d-4eb5-87f9-6e57747f3cb1.taniSegKNN,Raga_Basant_Piya_Sang_Kheloon_3d6dc834-550d-4eb5-87f9-6e57747f3cb1.taniSegKNN,.tanisegknn,0,other
ecd04ceb-b46c-47fc-9045-84ac9160e527,/home/izpiz/coding/automatic-raga-recognition/dataset/RagaDataset/Hindustani/features/ecd04ceb-b46c-47fc-9045-84ac9160e527/Bhimsen_Joshi/Classical_Wonders_Of_India/Raga_Basant_5b640af5-26f6-4a02-81e5-d28cd01e9149.flatSegNyas,Raga_Basant_5b640af5-26f6-4a02-81e5-d28cd01e9149.flatSegNyas,.flatsegnyas,15694,other
ecd04ceb-b46c-47fc-9045-84ac9160e527,/home/izpiz/coding/automatic-raga-recognition/dataset/RagaDataset/Hindustani/features/ecd04ceb-b46c-47fc-9045-84ac9160e527/Bhimsen_Joshi/Classical_Wonders_Of_India/Raga_Basant_5b640af5-26f6-4a02-81e5-d28cd01e9149.taniSegKNN,Raga_Basant_5b640af5-26f6-4a02-81e5-d28cd01e9149.taniSegKNN,.tanisegknn,0,other
ecd04ceb-b46c-47fc-9045-84ac9160e527,/home/izpiz/coding/automatic-raga-recognition/dataset/RagaDataset/Hindustani/features/ecd04ceb-b46c-47fc-9045-84ac9160e527/C_R_Vyas/Legends_Forever/Raga_Vasant_-_Khyal_d9a79389-f4b4-4d66-920c-494525b3417e.taniSegKNN,Raga_Vasant_-_Khyal_d9a79389-f4b4-4d66-920c-494525b3417e.taniSegKNN,.tanisegknn,0,other
ecd04ceb-b46c-47fc-9045-84ac9160e527,/home/izpiz/coding/automatic-raga-recognition/dataset/RagaDataset/Hindustani/features/ecd04ceb-b46c-47fc-9045-84ac9160e527/C_R_Vyas/Legends_Forever/Raga_Vasant_-_Khyal_d9a79389-f4b4-4d66-920c-494525b3417e.flatSegNyas,Raga_Vasant_-_Khyal_d9a79389-f4b4-4d66-920c-494525b3417e.flatSegNyas,.flatsegnyas,19706,other
ecd04ceb-b46c-47fc-9045-84ac9160e527,/home/izpiz/coding/automatic-raga-recognition/dataset/RagaDataset/Hindustani/features/ecd04ceb-b46c-47fc-9045-84ac9160e527/Gauri_Pathare/Malhar/Raga_Basant_c853d66a-7f61-42ef-8373-94798bde90a6.taniSegKNN,Raga_Basant_c853d66a-7f61-42ef-8373-94798bde90a6.taniSegKNN,.tanisegknn,0,other
ecd04ceb-b46c-47fc-9045-84ac9160e527,/home/izpiz/coding/automatic-raga-recognition/dataset/RagaDataset/Hindustani/features/ecd04ceb-b46c-47fc-9045-84ac9160e527/Gauri_Pathare/Malhar/Raga_Basant_c853d66a-7f61-42ef-8373-94798bde90a6.flatSegNyas,Raga_Basant_c853d66a-7f61-42ef-8373-94798bde90a6.flatSegNyas,.flatsegnyas,18196,other
ecd04ceb-b46c-47fc-9045-84ac9160e527,/home/izpiz/coding/automatic-raga-recognition/dataset/RagaDataset/Hindustani/features/ecd04ceb-b46c-47fc-9045-84ac9160e527/Jasraj/Mewati_Gharana/Raga_Basant_Khyal_bb6a5ac4-9e42-49b2-bec4-58e1aff53230.flatSegNyas,Raga_Basant_Khyal_bb6a5ac4-9e42-49b2-bec4-58e1aff53230.flatSegNyas,.flatsegnyas,25748,other
ecd04ceb-b46c-47fc-9045-84ac9160e527,/home/izpiz/coding/automatic-raga-recognition/dataset/RagaDataset/Hindustani/features/ecd04ceb-b46c-47fc-9045-84ac9160e527/Jasraj/Mewati_Gharana/Raga_Basant_Khyal_bb6a5ac4-9e42-49b2-bec4-58e1aff53230.taniSegKNN,Raga_Basant_Khyal_bb6a5ac4-9e42-49b2-bec4-58e1aff53230.taniSegKNN,.tanisegknn,0,other
ecd04ceb-b46c-47fc-9045-84ac9160e527,/home/izpiz/coding/automatic-raga-recognition/dataset/RagaDataset/Hindustani/features/ecd04ceb-b46c-47fc-9045-84ac9160e527/Aslam_Hussain_Khan/Vocal/Mora_Saajan_Chhabila_Ree_dbfa7e22-4432-4db5-8ec6-8482b97bcea9.flatSegNyas,Mora_Saajan_Chhabila_Ree_dbfa7e22-4432-4db5-8ec6-8482b97bcea9.flatSegNyas,.flatsegnyas,9171,other
ecd04ceb-b46c-47fc-9045-84ac9160e527,/home/izpiz/coding/automatic-raga-recognition/dataset/RagaDataset/Hindustani/features/ecd04ceb-b46c-47fc-9045-84ac9160e527/Aslam_Hussain_Khan/Vocal/Mora_Saajan_Chhabila_Ree_dbfa7e22-4432-4db5-8ec6-8482b97bcea9.taniSegKNN,Mora_Saajan_Chhabila_Ree_dbfa7e22-4432-4db5-8ec6-8482b97bcea9.taniSegKNN,.tanisegknn,0,other
ecd04ceb-b46c-47fc-9045-84ac9160e527,/home/izpiz/coding/automatic-raga-recognition/dataset/RagaDataset/Hindustani/features/ecd04ceb-b46c-47fc-9045-84ac9160e527/Prabha_Atre/Niranjani/Raga_Basant_-_Drut_Ektaal_9ff5e2dd-7c77-492d-9aa1-09508fe595b9.flatSegNyas,Raga_Basant_-_Drut_Ektaal_9ff5e2dd-7c77-492d-9aa1-09508fe595b9.flatSegNyas,.flatsegnyas,29446,other
ecd04ceb-b46c-47fc-9045-84ac9160e527,/home/izpiz/coding/automatic-raga-recognition/dataset/RagaDataset/Hindustani/features/ecd04ceb-b46c-47fc-9045-84ac9160e527/Prabha_Atre/Niranjani/Raga_Basant_-_Drut_Ektaal_9ff5e2dd-7c77-492d-9aa1-09508fe595b9.taniSegKNN,Raga_Basant_-_Drut_Ektaal_9ff5e2dd-7c77-492d-9aa1-09508fe595b9.taniSegKNN,.tanisegknn,0,other
ecd04ceb-b46c-47fc-9045-84ac9160e527,/home/izpiz/coding/automatic-raga-recognition/dataset/RagaDataset/Hindustani/features/ecd04ceb-b46c-47fc-9045-84ac9160e527/Veena_Sahasrabuddhe/Bandish_Vol-1/Madhukar_Aaj_Basant_88b004be-6280-402b-a178-07efd6285326.flatSegNyas,Madhukar_Aaj_Basant_88b004be-6280-402b-a178-07efd6285326.flatSegNyas,.flatsegnyas,8239,other
ecd04ceb-b46c-47fc-9045-84ac9160e527,/home/izpiz/coding/automatic-raga-recognition/dataset/RagaDataset/Hindustani/features/ecd04ceb-b46c-47fc-9045-84ac9160e527/Veena_Sahasrabuddhe/Bandish_Vol-1/Madhukar_Aaj_Basant_88b004be-6280-402b-a178-07efd6285326.taniSegKNN,Madhukar_Aaj_Basant_88b004be-6280-402b-a178-07efd6285326.taniSegKNN,.tanisegknn,0,other
ecd04ceb-b46c-47fc-9045-84ac9160e527,/home/izpiz/coding/automatic-raga-recognition/dataset/RagaDataset/Hindustani/features/ecd04ceb-b46c-47fc-9045-84ac9160e527/Veena_Sahasrabuddhe/Ritu_Chakra_Vol__3/Raga_Basant_10224082-7d00-4839-b430-c8110686ec64.flatSegNyas,Raga_Basant_10224082-7d00-4839-b430-c8110686ec64.flatSegNyas,.flatsegnyas,20044,other
ecd04ceb-b46c-47fc-9045-84ac9160e527,/home/izpiz/coding/automatic-raga-recognition/dataset/RagaDataset/Hindustani/features/ecd04ceb-b46c-47fc-9045-84ac9160e527/Veena_Sahasrabuddhe/Ritu_Chakra_Vol__3/Raga_Basant_10224082-7d00-4839-b430-c8110686ec64.taniSegKNN,Raga_Basant_10224082-7d00-4839-b430-c8110686ec64.taniSegKNN,.tanisegknn,0,other
ecd04ceb-b46c-47fc-9045-84ac9160e527,/home/izpiz/coding/automatic-raga-recognition/dataset/RagaDataset/Hindustani/features/ecd04ceb-b46c-47fc-9045-84ac9160e527/Basavraj_Rajaguru/The_Genius_Of_Basavraj_Rajguru/Raga_Basant_4519091e-9eaa-4f03-911e-348727ee3c90.taniSegKNN,Raga_Basant_4519091e-9eaa-4f03-911e-348727ee3c90.taniSegKNN,.tanisegknn,0,other
ecd04ceb-b46c-47fc-9045-84ac9160e527,/home/izpiz/coding/automatic-raga-recognition/dataset/RagaDataset/Hindustani/features/ecd04ceb-b46c-47fc-9045-84ac9160e527/Basavraj_Rajaguru/The_Genius_Of_Basavraj_Rajguru/Raga_Basant_4519091e-9eaa-4f03-911e-348727ee3c90.flatSegNyas,Raga_Basant_4519091e-9eaa-4f03-911e-348727ee3c90.flatSegNyas,.flatsegnyas,21597,other
f6432fec-e9c2-4b09-9e73-c46086cbd8ea,/home/izpiz/coding/automatic-raga-recognition/dataset/RagaDataset/Hindustani/features/f6432fec-e9c2-4b09-9e73-c46086cbd8ea/Rashid_Khan/The_Genius_Of_Ustad_Rashid_Khan/Raga_-_Ahir_Bhairav_def59da7-8d7b-4047-b16c-eeee65482e87.taniSegKNN,Raga_-_Ahir_Bhairav_def59da7-8d7b-4047-b16c-eeee65482e87.taniSegKNN,.tanisegknn,0,other
f6432fec-e9c2-4b09-9e73-c46086cbd8ea,/home/izpiz/coding/automatic-raga-recognition/dataset/RagaDataset/Hindustani/features/f6432fec-e9c2-4b09-9e73-c46086cbd8ea/Rashid_Khan/The_Genius_Of_Ustad_Rashid_Khan/Raga_-_Ahir_Bhairav_def59da7-8d7b-4047-b16c-eeee65482e87.flatSegNyas,Raga_-_Ahir_Bhairav_def59da7-8d7b-4047-b16c-eeee65482e87.flatSegNyas,.flatsegnyas,23910,other
f6432fec-e9c2-4b09-9e73-c46086cbd8ea,/home/izpiz/coding/automatic-raga-recognition/dataset/RagaDataset/Hindustani/features/f6432fec-e9c2-4b09-9e73-c46086cbd8ea/Omkar_Dadarkar/Raag_Ahir_Bhairon___Todi/Raag_Ahir_Bhairon_2073b056-8120-4b04-b808-3d6a8c6a2bd7.flatSegNyas,Raag_Ahir_Bhairon_2073b056-8120-4b04-b808-3d6a8c6a2bd7.flatSegNyas,.flatsegnyas,29594,other
f6432fec-e9c2-4b09-9e73-c46086cbd8ea,/home/izpiz/coding/automatic-raga-recognition/dataset/RagaDataset/Hindustani/features/f6432fec-e9c2-4b09-9e73-c46086cbd8ea/Omkar_Dadarkar/Raag_Ahir_Bhairon___Todi/Raag_Ahir_Bhairon_2073b056-8120-4b04-b808-3d6a8c6a2bd7.taniSegKNN,Raag_Ahir_Bhairon_2073b056-8120-4b04-b808-3d6a8c6a2bd7.taniSegKNN,.tanisegknn,0,other
f6432fec-e9c2-4b09-9e73-c46086cbd8ea,/home/izpiz/coding/automatic-raga-recognition/dataset/RagaDataset/Hindustani/features/f6432fec-e9c2-4b09-9e73-c46086cbd8ea/Ajoy_Chakrabarty/Geetinandan___Part-3/Aahir_Bhairon_51656b20-295c-40f9-8dab-005b9b90fa98.taniSegKNN,Aahir_Bhairon_51656b20-295c-40f9-8dab-005b9b90fa98.taniSegKNN,.tanisegknn,0,other
f6432fec-e9c2-4b09-9e73-c46086cbd8ea,/home/izpiz/coding/automatic-raga-recognition/dataset/RagaDataset/Hindustani/features/f6432fec-e9c2-4b09-9e73-c46086cbd8ea/Ajoy_Chakrabarty/Geetinandan___Part-3/Aahir_Bhairon_51656b20-295c-40f9-8dab-005b9b90fa98.flatSegNyas,Aahir_Bhairon_51656b20-295c-40f9-8dab-005b9b90fa98.flatSegNyas,.flatsegnyas,9003,other
f6432fec-e9c2-4b09-9e73-c46086cbd8ea,/home/izpiz/coding/automatic-raga-recognition/dataset/RagaDataset/Hindustani/features/f6432fec-e9c2-4b09-9e73-c46086cbd8ea/Jasraj/A_Day_With_Pandit_Jasraj/Raga_Ahir_Bhairav_cbcba04b-023b-40e0-a5e8-04260ad3efdd.flatSegNyas,Raga_Ahir_Bhairav_cbcba04b-023b-40e0-a5e8-04260ad3efdd.flatSegNyas,.flatsegnyas,26387,other
f6432fec-e9c2-4b09-9e73-c46086cbd8ea,/home/izpiz/coding/automatic-raga-recognition/dataset/RagaDataset/Hindustani/features/f6432fec-e9c2-4b09-9e73-c46086cbd8ea/Jasraj/A_Day_With_Pandit_Jasraj/Raga_Ahir_Bhairav_cbcba04b-023b-40e0-a5e8-04260ad3efdd.taniSegKNN,Raga_Ahir_Bhairav_cbcba04b-023b-40e0-a5e8-04260ad3efdd.taniSegKNN,.tanisegknn,0,other
f6432fec-e9c2-4b09-9e73-c46086cbd8ea,/home/izpiz/coding/automatic-raga-recognition/dataset/RagaDataset/Hindustani/features/f6432fec-e9c2-4b09-9e73-c46086cbd8ea/Jasraj/Legends__Sangeet_Martand_Pandit_Jasraj_(Vol__1)/Raga_-_Ahir_Bhairav_53402748-f637-46a0-817d-ac711a9005ff.taniSegKNN,Raga_-_Ahir_Bhairav_53402748-f637-46a0-817d-ac711a9005ff.taniSegKNN,.tanisegknn,0,other
f6432fec-e9c2-4b09-9e73-c46086cbd8ea,/home/izpiz/coding/automatic-raga-recognition/dataset/RagaDataset/Hindustani/features/f6432fec-e9c2-4b09-9e73-c46086cbd8ea/Jasraj/Legends__Sangeet_Martand_Pandit_Jasraj_(Vol__1)/Raga_-_Ahir_Bhairav_53402748-f637-46a0-817d-ac711a9005ff.flatSegNyas,Raga_-_Ahir_Bhairav_53402748-f637-46a0-817d-ac711a9005ff.flatSegNyas,.flatsegnyas,23261,other
f6432fec-e9c2-4b09-9e73-c46086cbd8ea,/home/izpiz/coding/automatic-raga-recognition/dataset/RagaDataset/Hindustani/features/f6432fec-e9c2-4b09-9e73-c46086cbd8ea/Kaivalyakumar_Gurav/Kaivalyakumar_Vocal_Classical/Ahir_Bhairav_e2123c63-6a24-4190-be52-e299c05c4bb8.taniSegKNN,Ahir_Bhairav_e2123c63-6a24-4190-be52-e299c05c4bb8.taniSegKNN,.tanisegknn,0,other
f6432fec-e9c2-4b09-9e73-c46086cbd8ea,/home/izpiz/coding/automatic-raga-recognition/dataset/RagaDataset/Hindustani/features/f6432fec-e9c2-4b09-9e73-c46086cbd8ea/Kaivalyakumar_Gurav/Kaivalyakumar_Vocal_Classical/Ahir_Bhairav_e2123c63-6a24-4190-be52-e299c05c4bb8.flatSegNyas,Ahir_Bhairav_e2123c63-6a24-4190-be52-e299c05c4bb8.flatSegNyas,.flatsegnyas,9521,other
f6432fec-e9c2-4b09-9e73-c46086cbd8ea,/home/izpiz/coding/automatic-raga-recognition/dataset/RagaDataset/Hindustani/features/f6432fec-e9c2-4b09-9e73-c46086cbd8ea/Amir_Khan/A_Life_in_Music/Raga_Ahir_Bhairav_567e57a7-26c8-49c3-8a2c-fc2485cf2ab9.flatSegNyas,Raga_Ahir_Bhairav_567e57a7-26c8-49c3-8a2c-fc2485cf2ab9.flatSegNyas,.flatsegnyas,20799,other
f6432fec-e9c2-4b09-9e73-c46086cbd8ea,/home/izpiz/coding/automatic-raga-recognition/dataset/RagaDataset/Hindustani/features/f6432fec-e9c2-4b09-9e73-c46086cbd8ea/Amir_Khan/A_Life_in_Music/Raga_Ahir_Bhairav_567e57a7-26c8-49c3-8a2c-fc2485cf2ab9.taniSegKNN,Raga_Ahir_Bhairav_567e57a7-26c8-49c3-8a2c-fc2485cf2ab9.taniSegKNN,.tanisegknn,0,other
f6432fec-e9c2-4b09-9e73-c46086cbd8ea,/home/izpiz/coding/automatic-raga-recognition/dataset/RagaDataset/Hindustani/features/f6432fec-e9c2-4b09-9e73-c46086cbd8ea/Hirabai_Barodekar/The_Great_Heritage__Hirabai_Barodekar/Raga_Ahir_Bhairav_-_Rasiya_Mhara_Mharoji_b31c1429-f99f-481c-9a0e-cb2d2f99ac84.flatSegNyas,Raga_Ahir_Bhairav_-_Rasiya_Mhara_Mharoji_b31c1429-f99f-481c-9a0e-cb2d2f99ac84.flatSegNyas,.flatsegnyas,4845,other
f6432fec-e9c2-4b09-9e73-c46086cbd8ea,/home/izpiz/coding/automatic-raga-recognition/dataset/RagaDataset/Hindustani/features/f6432fec-e9c2-4b09-9e73-c46086cbd8ea/Hirabai_Barodekar/The_Great_Heritage__Hirabai_Barodekar/Raga_Ahir_Bhairav_-_Rasiya_Mhara_Mharoji_b31c1429-f99f-481c-9a0e-cb2d2f99ac84.taniSegKNN,Raga_Ahir_Bhairav_-_Rasiya_Mhara_Mharoji_b31c1429-f99f-481c-9a0e-cb2d2f99ac84.taniSegKNN,.tanisegknn,0,other
f6432fec-e9c2-4b09-9e73-c46086cbd8ea,/home/izpiz/coding/automatic-raga-recognition/dataset/RagaDataset/Hindustani/features/f6432fec-e9c2-4b09-9e73-c46086cbd8ea/Kumar_Gandharv/The_Genius_Of_Pt__Kumar_Gandharv/Raga_Ahir_Bhairav_f93a15cf-8ec1-43c7-b7e3-b48f5369dee4.taniSegKNN,Raga_Ahir_Bhairav_f93a15cf-8ec1-43c7-b7e3-b48f5369dee4.taniSegKNN,.tanisegknn,0,other
f6432fec-e9c2-4b09-9e73-c46086cbd8ea,/home/izpiz/coding/automatic-raga-recognition/dataset/RagaDataset/Hindustani/features/f6432fec-e9c2-4b09-9e73-c46086cbd8ea/Kumar_Gandharv/The_Genius_Of_Pt__Kumar_Gandharv/Raga_Ahir_Bhairav_f93a15cf-8ec1-43c7-b7e3-b48f5369dee4.flatSegNyas,Raga_Ahir_Bhairav_f93a15cf-8ec1-43c7-b7e3-b48f5369dee4.flatSegNyas,.flatsegnyas,6726,other
f6432fec-e9c2-4b09-9e73-c46086cbd8ea,/home/izpiz/coding/automatic-raga-recognition/dataset/RagaDataset/Hindustani/features/f6432fec-e9c2-4b09-9e73-c46086cbd8ea/Kumar_Gandharva/Pt__Kumar_Gandharva-Vocal/Kaise_Manalun_Re_73b6e933-61f6-4537-98df-834e3c0e0fa6.flatSegNyas,Kaise_Manalun_Re_73b6e933-61f6-4537-98df-834e3c0e0fa6.flatSegNyas,.flatsegnyas,6798,other
f6432fec-e9c2-4b09-9e73-c46086cbd8ea,/home/izpiz/coding/automatic-raga-recognition/dataset/RagaDataset/Hindustani/features/f6432fec-e9c2-4b09-9e73-c46086cbd8ea/Kumar_Gandharva/Pt__Kumar_Gandharva-Vocal/Kaise_Manalun_Re_73b6e933-61f6-4537-98df-834e3c0e0fa6.taniSegKNN,Kaise_Manalun_Re_73b6e933-61f6-4537-98df-834e3c0e0fa6.taniSegKNN,.tanisegknn,0,other
f7fddfc0-8c1d-4dd2-90d5-5d51a99d61f8,/home/izpiz/coding/automatic-raga-recognition/dataset/RagaDataset/Hindustani/features/f7fddfc0-8c1d-4dd2-90d5-5d51a99d61f8/Rashid_Khan/Live_At_Sunny_Towers_Vol-2/Raga_Ragesri_72df913b-ac52-4798-990d-72e04a64bd8c.flatSegNyas,Raga_Ragesri_72df913b-ac52-4798-990d-72e04a64bd8c.flatSegNyas,.flatsegnyas,28121,other
f7fddfc0-8c1d-4dd2-90d5-5d51a99d61f8,/home/izpiz/coding/automatic-raga-recognition/dataset/RagaDataset/Hindustani/features/f7fddfc0-8c1d-4dd2-90d5-5d51a99d61f8/Rashid_Khan/Live_At_Sunny_Towers_Vol-2/Raga_Ragesri_72df913b-ac52-4798-990d-72e04a64bd8c.taniSegKNN,Raga_Ragesri_72df913b-ac52-4798-990d-72e04a64bd8c.taniSegKNN,.tanisegknn,0,other
f7fddfc0-8c1d-4dd2-90d5-5d51a99d61f8,/home/izpiz/coding/automatic-raga-recognition/dataset/RagaDataset/Hindustani/features/f7fddfc0-8c1d-4dd2-90d5-5d51a99d61f8/Kishori_Amonkar/Classical_Encounter/Raga_Rageshri_-_Ali_Palak_Na_Laggi_-_Teentaal__Dekho_Shyam_Geha_-_Ektaal_e79f2c5f-ceee-4402-a0d6-2c75d3055d4b.flatSegNyas,Raga_Rageshri_-_Ali_Palak_Na_Laggi_-_Teentaal__Dekho_Shyam_Geha_-_Ektaal_e79f2c5f-ceee-4402-a0d6-2c75d3055d4b.flatSegNyas,.flatsegnyas,44211,other
f7fddfc0-8c1d-4dd2-90d5-5d51a99d61f8,/home/izpiz/coding/automatic-raga-recognition/dataset/RagaDataset/Hindustani/features/f7fddfc0-8c1d-4dd2-90d5-5d51a99d61f8/Kishori_Amonkar/Classical_Encounter/Raga_Rageshri_-_Ali_Palak_Na_Laggi_-_Teentaal__Dekho_Shyam_Geha_-_Ektaal_e79f2c5f-ceee-4402-a0d6-2c75d3055d4b.taniSegKNN,Raga_Rageshri_-_Ali_Palak_Na_Laggi_-_Teentaal__Dekho_Shyam_Geha_-_Ektaal_e79f2c5f-ceee-4402-a0d6-2c75d3055d4b.taniSegKNN,.tanisegknn,0,other
f7fddfc0-8c1d-4dd2-90d5-5d51a99d61f8,"/home/izpiz/coding/automatic-raga-recognition/dataset/RagaDataset/Hindustani/features/f7fddfc0-8c1d-4dd2-90d5-5d51a99d61f8/Ajoy_Chakrabarty/Raag_Abhogi,_Rageshree___Khamaj/Raag_Rageshri_9a2ce15a-4b28-4d10-abc7-9e05310c2e3b.flatSegNyas",Raag_Rageshri_9a2ce15a-4b28-4d10-abc7-9e05310c2e3b.flatSegNyas,.flatsegnyas,30620,other
f7fddfc0-8c1d-4dd2-90d5-5d51a99d61f8,"/home/izpiz/coding/automatic-raga-recognition/dataset/RagaDataset/Hindustani/features/f7fddfc0-8c1d-4dd2-90d5-5d51a99d61f8/Ajoy_Chakrabarty/Raag_Abhogi,_Rageshree___Khamaj/Raag_Rageshri_9a2ce15a-4b28-4d10-abc7-9e05310c2e3b.taniSegKNN",Raag_Rageshri_9a2ce15a-4b28-4d10-abc7-9e05310c2e3b.taniSegKNN,.tanisegknn,0,other
f7fddfc0-8c1d-4dd2-90d5-5d51a99d61f8,/home/izpiz/coding/automatic-raga-recognition/dataset/RagaDataset/Hindustani/features/f7fddfc0-8c1d-4dd2-90d5-5d51a99d61f8/Ajoy_Chakrabarty/Geetinandan___Part-3/Raageshree_7704b0d2-eeac-47e4-ba05-c541a91eb621.flatSegNyas,Raageshree_7704b0d2-eeac-47e4-ba05-c541a91eb621.flatSegNyas,.flatsegnyas,8404,other
f7fddfc0-8c1d-4dd2-90d5-5d51a99d61f8,/home/izpiz/coding/automatic-raga-recognition/dataset/RagaDataset/Hindustani/features/f7fddfc0-8c1d-4dd2-90d5-5d51a99d61f8/Ajoy_Chakrabarty/Geetinandan___Part-3/Raageshree_7704b0d2-eeac-47e4-ba05-c541a91eb621.taniSegKNN,Raageshree_7704b0d2-eeac-47e4-ba05-c541a91eb621.taniSegKNN,.tanisegknn,0,other
f7fddfc0-8c1d-4dd2-90d5-5d51a99d61f8,/home/izpiz/coding/automatic-raga-recognition/dataset/RagaDataset/Hindustani/features/f7fddfc0-8c1d-4dd2-90d5-5d51a99d61f8/Sanjeev_Abhyankar/Jiyaraa/Saajana_Re_Jiyaa_Laagat_Naa_d2ca91e0-74d1-4c68-b7c9-4dec57ef526b.taniSegKNN,Saajana_Re_Jiyaa_Laagat_Naa_d2ca91e0-74d1-4c68-b7c9-4dec57ef526b.taniSegKNN,.tanisegknn,0,other
f7fddfc0-8c1d-4dd2-90d5-5d51a99d61f8,/home/izpiz/coding/automatic-raga-recognition/dataset/RagaDataset/Hindustani/features/f7fddfc0-8c1d-4dd2-90d5-5d51a99d61f8/Sanjeev_Abhyankar/Jiyaraa/Aali_Ri_Jiyaraa_Moraa_Naahi_Chain_Paave_2fd571a1-ca82-4ca6-9c41-39c2fe31d43f.taniSegKNN,Aali_Ri_Jiyaraa_Moraa_Naahi_Chain_Paave_2fd571a1-ca82-4ca6-9c41-39c2fe31d43f.taniSegKNN,.tanisegknn,0,other
f7fddfc0-8c1d-4dd2-90d5-5d51a99d61f8,/home/izpiz/coding/automatic-raga-recognition/dataset/RagaDataset/Hindustani/features/f7fddfc0-8c1d-4dd2-90d5-5d51a99d61f8/Sanjeev_Abhyankar/Jiyaraa/Saajana_Re_Jiyaa_Laagat_Naa_d2ca91e0-74d1-4c68-b7c9-4dec57ef526b.flatSegNyas,Saajana_Re_Jiyaa_Laagat_Naa_d2ca91e0-74d1-4c68-b7c9-4dec57ef526b.flatSegNyas,.flatsegnyas,4498,other
f7fddfc0-8c1d-4dd2-90d5-5d51a99d61f8,/home/izpiz/coding/automatic-raga-recognition/dataset/RagaDataset/Hindustani/features/f7fddfc0-8c1d-4dd2-90d5-5d51a99d61f8/Sanjeev_Abhyankar/Jiyaraa/Aali_Ri_Jiyaraa_Moraa_Naahi_Chain_Paave_2fd571a1-ca82-4ca6-9c41-39c2fe31d43f.flatSegNyas,Aali_Ri_Jiyaraa_Moraa_Naahi_Chain_Paave_2fd571a1-ca82-4ca6-9c41-39c2fe31d43f.flatSegNyas,.flatsegnyas,19312,other
f7fddfc0-8c1d-4dd2-90d5-5d51a99d61f8,/home/izpiz/coding/automatic-raga-recognition/dataset/RagaDataset/Hindustani/features/f7fddfc0-8c1d-4dd2-90d5-5d51a99d61f8/Kaushiki_Chakrabarty/Rageshri/Raga_Rageshri_-_Bandish_Rag_Sang_Ragini_1472bfc9-acc9-4e25-9300-7cdff8df1575.flatSegNyas,Raga_Rageshri_-_Bandish_Rag_Sang_Ragini_1472bfc9-acc9-4e25-9300-7cdff8df1575.flatSegNyas,.flatsegnyas,8316,other
f7fddfc0-8c1d-4dd2-90d5-5d51a99d61f8,/home/izpiz/coding/automatic-raga-recognition/dataset/RagaDataset/Hindustani/features/f7fddfc0-8c1d-4dd2-90d5-5d51a99d61f8/Kaushiki_Chakrabarty/Rageshri/Raga_Rageshri_-_Khayal_Saban_Sukh_Deho_eb3a6211-0062-4043-bd43-c7e84da353e9.flatSegNyas,Raga_Rageshri_-_Khayal_Saban_Sukh_Deho_eb3a6211-0062-4043-bd43-c7e84da353e9.flatSegNyas,.flatsegnyas,27261,other
f7fddfc0-8c1d-4dd2-90d5-5d51a99d61f8,/home/izpiz/coding/automatic-raga-recognition/dataset/RagaDataset/Hindustani/features/f7fddfc0-8c1d-4dd2-90d5-5d51a99d61f8/Kaushiki_Chakrabarty/Rageshri/Raga_Rageshri_-_Bandish_Mora_Man_Harwa_Leeno_Daiya_c9c6dedd-4e86-4e0e-a5ea-0911cd8f5814.taniSegKNN,Raga_Rageshri_-_Bandish_Mora_Man_Harwa_Leeno_Daiya_c9c6dedd-4e86-4e0e-a5ea-0911cd8f5814.taniSegKNN,.tanisegknn,0,other
f7fddfc0-8c1d-4dd2-90d5-5d51a99d61f8,/home/izpiz/coding/automatic-raga-recognition/dataset/RagaDataset/Hindustani/features/f7fddfc0-8c1d-4dd2-90d5-5d51a99d61f8/Kaushiki_Chakrabarty/Rageshri/Raga_Rageshri_-_Bandish_Rag_Sang_Ragini_1472bfc9-acc9-4e25-9300-7cdff8df1575.taniSegKNN,Raga_Rageshri_-_Bandish_Rag_Sang_Ragini_1472bfc9-acc9-4e25-9300-7cdff8df1575.taniSegKNN,.tanisegknn,0,other
f7fddfc0-8c1d-4dd2-90d5-5d51a99d61f8,/home/izpiz/coding/automatic-raga-recognition/dataset/RagaDataset/Hindustani/features/f7fddfc0-8c1d-4dd2-90d5-5d51a99d61f8/Kaushiki_Chakrabarty/Rageshri/Raga_Rageshri_-_Bandish_Mora_Man_Harwa_Leeno_Daiya_c9c6dedd-4e86-4e0e-a5ea-0911cd8f5814.flatSegNyas,Raga_Rageshri_-_Bandish_Mora_Man_Harwa_Leeno_Daiya_c9c6dedd-4e86-4e0e-a5ea-0911cd8f5814.flatSegNyas,.flatsegnyas,10058,other
f7fddfc0-8c1d-4dd2-90d5-5d51a99d61f8,/home/izpiz/coding/automatic-raga-recognition/dataset/RagaDataset/Hindustani/features/f7fddfc0-8c1d-4dd2-90d5-5d51a99d61f8/Kaushiki_Chakrabarty/Rageshri/Raga_Rageshri_-_Alap_adb5c888-68cb-4456-811c-f282aeee3713.flatSegNyas,Raga_Rageshri_-_Alap_adb5c888-68cb-4456-811c-f282aeee3713.flatSegNyas,.flatsegnyas,2874,other
f7fddfc0-8c1d-4dd2-90d5-5d51a99d61f8,/home/izpiz/coding/automatic-raga-recognition/dataset/RagaDataset/Hindustani/features/f7fddfc0-8c1d-4dd2-90d5-5d51a99d61f8/Kaushiki_Chakrabarty/Rageshri/Raga_Rageshri_-_Alap_adb5c888-68cb-4456-811c-f282aeee3713.taniSegKNN,Raga_Rageshri_-_Alap_adb5c888-68cb-4456-811c-f282aeee3713.taniSegKNN,.tanisegknn,0,other
f7fddfc0-8c1d-4dd2-90d5-5d51a99d61f8,/home/izpiz/coding/automatic-raga-recognition/dataset/RagaDataset/Hindustani/features/f7fddfc0-8c1d-4dd2-90d5-5d51a99d61f8/Kaushiki_Chakrabarty/Rageshri/Raga_Rageshri_-_Khayal_Saban_Sukh_Deho_eb3a6211-0062-4043-bd43-c7e84da353e9.taniSegKNN,Raga_Rageshri_-_Khayal_Saban_Sukh_Deho_eb3a6211-0062-4043-bd43-c7e84da353e9.taniSegKNN,.tanisegknn,0,other
fa28470c-d413-44c7-94da-181f530cbfdd,/home/izpiz/coding/automatic-raga-recognition/dataset/RagaDataset/Hindustani/features/fa28470c-d413-44c7-94da-181f530cbfdd/Jayateerth_Mevundi/Jayateerth_Mevundi_Classical_Vocal/Raga_Pooriya_Dhanashree_61f14196-ba50-41c9-91f8-0f42e0d6870f.taniSegKNN,Raga_Pooriya_Dhanashree_61f14196-ba50-41c9-91f8-0f42e0d6870f.taniSegKNN,.tanisegknn,0,other
fa28470c-d413-44c7-94da-181f530cbfdd,/home/izpiz/coding/automatic-raga-recognition/dataset/RagaDataset/Hindustani/features/fa28470c-d413-44c7-94da-181f530cbfdd/Jayateerth_Mevundi/Jayateerth_Mevundi_Classical_Vocal/Raga_Pooriya_Dhanashree_61f14196-ba50-41c9-91f8-0f42e0d6870f.flatSegNyas,Raga_Pooriya_Dhanashree_61f14196-ba50-41c9-91f8-0f42e0d6870f.flatSegNyas,.flatsegnyas,33798,other
fa28470c-d413-44c7-94da-181f530cbfdd,/home/izpiz/coding/automatic-raga-recognition/dataset/RagaDataset/Hindustani/features/fa28470c-d413-44c7-94da-181f530cbfdd/Bhimsen_Joshi/Evergreen/Paar_Karo_Araj_Suno_6939b1dc-2646-41df-a741-095bfad3360f.flatSegNyas,Paar_Karo_Araj_Suno_6939b1dc-2646-41df-a741-095bfad3360f.flatSegNyas,.flatsegnyas,13359,other
fa28470c-d413-44c7-94da-181f530cbfdd,/home/izpiz/coding/automatic-raga-recognition/dataset/RagaDataset/Hindustani/features/fa28470c-d413-44c7-94da-181f530cbfdd/Bhimsen_Joshi/Evergreen/Paar_Karo_Araj_Suno_6939b1dc-2646-41df-a741-095bfad3360f.taniSegKNN,Paar_Karo_Araj_Suno_6939b1dc-2646-41df-a741-095bfad3360f.taniSegKNN,.tanisegknn,0,other
fa28470c-d413-44c7-94da-181f530cbfdd,/home/izpiz/coding/automatic-raga-recognition/dataset/RagaDataset/Hindustani/features/fa28470c-d413-44c7-94da-181f530cbfdd/Bhimsen_Joshi/Shraddhanjali/Raga_Puriya_Dhanashri_62d572bc-f693-4378-b22c-03879b78ff0a.taniSegKNN,Raga_Puriya_Dhanashri_62d572bc-f693-4378-b22c-03879b78ff0a.taniSegKNN,.tanisegknn,0,other
fa28470c-d413-44c7-94da-181f530cbfdd,/home/izpiz/coding/automatic-raga-recognition/dataset/RagaDataset/Hindustani/features/fa28470c-d413-44c7-94da-181f530cbfdd/Bhimsen_Joshi/Shraddhanjali/Raga_Puriya_Dhanashri_62d572bc-f693-4378-b22c-03879b78ff0a.flatSegNyas,Raga_Puriya_Dhanashri_62d572bc-f693-4378-b22c-03879b78ff0a.flatSegNyas,.flatsegnyas,13117,other
fa28470c-d413-44c7-94da-181f530cbfdd,/home/izpiz/coding/automatic-raga-recognition/dataset/RagaDataset/Hindustani/features/fa28470c-d413-44c7-94da-181f530cbfdd/Girija_Devi/Classical_Encounter/Mana_Ram_Naam_Ko_Sumiran_Kar_-_Khayal_Drut_In_Teental_930ae825-111c-4dd5-b8be-de609fd5202d.flatSegNyas,Mana_Ram_Naam_Ko_Sumiran_Kar_-_Khayal_Drut_In_Teental_930ae825-111c-4dd5-b8be-de609fd5202d.flatSegNyas,.flatsegnyas,13149,other
fa28470c-d413-44c7-94da-181f530cbfdd,/home/izpiz/coding/automatic-raga-recognition/dataset/RagaDataset/Hindustani/features/fa28470c-d413-44c7-94da-181f530cbfdd/Girija_Devi/Classical_Encounter/Mana_Ram_Naam_Ko_Sumiran_Kar_-_Khayal_Drut_In_Teental_930ae825-111c-4dd5-b8be-de609fd5202d.taniSegKNN,Mana_Ram_Naam_Ko_Sumiran_Kar_-_Khayal_Drut_In_Teental_930ae825-111c-4dd5-b8be-de609fd5202d.taniSegKNN,.tanisegknn,0,other
fa28470c-d413-44c7-94da-181f530cbfdd,/home/izpiz/coding/automatic-raga-recognition/dataset/RagaDataset/Hindustani/features/fa28470c-d413-44c7-94da-181f530cbfdd/Girija_Devi/Classical_Encounter/Ali_Meri_Kaun_Sune_-_Khayal_Vilambhit_In_Ektal_00f54612-09f6-4528-91f1-95e5ef191c1b.taniSegKNN,Ali_Meri_Kaun_Sune_-_Khayal_Vilambhit_In_Ektal_00f54612-09f6-4528-91f1-95e5ef191c1b.taniSegKNN,.tanisegknn,0,other
fa28470c-d413-44c7-94da-181f530cbfdd,/home/izpiz/coding/automatic-raga-recognition/dataset/RagaDataset/Hindustani/features/fa28470c-d413-44c7-94da-181f530cbfdd/Girija_Devi/Classical_Encounter/Ali_Meri_Kaun_Sune_-_Khayal_Vilambhit_In_Ektal_00f54612-09f6-4528-91f1-95e5ef191c1b.flatSegNyas,Ali_Meri_Kaun_Sune_-_Khayal_Vilambhit_In_Ektal_00f54612-09f6-4528-91f1-95e5ef191c1b.flatSegNyas,.flatsegnyas,28180,other
fa28470c-d413-44c7-94da-181f530cbfdd,/home/izpiz/coding/automatic-raga-recognition/dataset/RagaDataset/Hindustani/features/fa28470c-d413-44c7-94da-181f530cbfdd/Gopal_Mishra/Kula_Sampada/Raga_Puriya_Dhanashree_f4ca8526-f987-4ff8-a6a4-63459ea698ae.flatSegNyas,Raga_Puriya_Dhanashree_f4ca8526-f987-4ff8-a6a4-63459ea698ae.flatSegNyas,.flatsegnyas,21532,other
fa28470c-d413-44c7-94da-181f530cbfdd,/home/izpiz/coding/automatic-raga-recognition/dataset/RagaDataset/Hindustani/features/fa28470c-d413-44c7-94da-181f530cbfdd/Gopal_Mishra/Kula_Sampada/Raga_Puriya_Dhanashree_f4ca8526-f987-4ff8-a6a4-63459ea698ae.taniSegKNN,Raga_Puriya_Dhanashree_f4ca8526-f987-4ff8-a6a4-63459ea698ae.taniSegKNN,.tanisegknn,0,other
fa28470c-d413-44c7-94da-181f530cbfdd,/home/izpiz/coding/automatic-raga-recognition/dataset/RagaDataset/Hindustani/features/fa28470c-d413-44c7-94da-181f530cbfdd/Jasraj/Rajan_ke_Sirtaj/Dhundhan_Jaun_and_Shyam_Murari_Banwari_8e4f28ea-6a4c-4bae-a4df-4b9af14e1bb4.flatSegNyas,Dhundhan_Jaun_and_Shyam_Murari_Banwari_8e4f28ea-6a4c-4bae-a4df-4b9af14e1bb4.flatSegNyas,.flatsegnyas,24937,other
fa28470c-d413-44c7-94da-181f530cbfdd,/home/izpiz/coding/automatic-raga-recognition/dataset/RagaDataset/Hindustani/features/fa28470c-d413-44c7-94da-181f530cbfdd/Jasraj/Rajan_ke_Sirtaj/Dhundhan_Jaun_and_Shyam_Murari_Banwari_8e4f28ea-6a4c-4bae-a4df-4b9af14e1bb4.taniSegKNN,Dhundhan_Jaun_and_Shyam_Murari_Banwari_8e4f28ea-6a4c-4bae-a4df-4b9af14e1bb4.taniSegKNN,.tanisegknn,0,other
fa28470c-d413-44c7-94da-181f530cbfdd,/home/izpiz/coding/automatic-raga-recognition/dataset/RagaDataset/Hindustani/features/fa28470c-d413-44c7-94da-181f530cbfdd/Sanjeev_Abhyankar/Vocal_Classical/Raga_Puriya_Dhanashri_18e8ec47-13b8-48a8-9ad5-4f9fbc901c0f.taniSegKNN,Raga_Puriya_Dhanashri_18e8ec47-13b8-48a8-9ad5-4f9fbc901c0f.taniSegKNN,.tanisegknn,0,other
fa28470c-d413-44c7-94da-181f530cbfdd,/home/izpiz/coding/automatic-raga-recognition/dataset/RagaDataset/Hindustani/features/fa28470c-d413-44c7-94da-181f530cbfdd/Sanjeev_Abhyankar/Vocal_Classical/Raga_Puriya_Dhanashri_18e8ec47-13b8-48a8-9ad5-4f9fbc901c0f.flatSegNyas,Raga_Puriya_Dhanashri_18e8ec47-13b8-48a8-9ad5-4f9fbc901c0f.flatSegNyas,.flatsegnyas,24016,other
fa28470c-d413-44c7-94da-181f530cbfdd,/home/izpiz/coding/automatic-raga-recognition/dataset/RagaDataset/Hindustani/features/fa28470c-d413-44c7-94da-181f530cbfdd/Kumar_Gandharv/The_Genius_Of_Pt__Kumar_Gandharv/Raga_Puriya_Dhanashri_1caf7cef-ae50-4a96-ac5b-31519ec5f839.taniSegKNN,Raga_Puriya_Dhanashri_1caf7cef-ae50-4a96-ac5b-31519ec5f839.taniSegKNN,.tanisegknn,0,other
fa28470c-d413-44c7-94da-181f530cbfdd,/home/izpiz/coding/automatic-raga-recognition/dataset/RagaDataset/Hindustani/features/fa28470c-d413-44c7-94da-181f530cbfdd/Kumar_Gandharv/The_Genius_Of_Pt__Kumar_Gandharv/Raga_Puriya_Dhanashri_1caf7cef-ae50-4a96-ac5b-31519ec5f839.flatSegNyas,Raga_Puriya_Dhanashri_1caf7cef-ae50-4a96-ac5b-31519ec5f839.flatSegNyas,.flatsegnyas,5161,other
fa28470c-d413-44c7-94da-181f530cbfdd,/home/izpiz/coding/automatic-raga-recognition/dataset/RagaDataset/Hindustani/features/fa28470c-d413-44c7-94da-181f530cbfdd/Kumar_Gandharva/Pt__Kumar_Gandharva-Vocal/Aajara_Din_Dooba_b8ee37d2-e864-4b2e-a79e-b38f9b22c062.flatSegNyas,Aajara_Din_Dooba_b8ee37d2-e864-4b2e-a79e-b38f9b22c062.flatSegNyas,.flatsegnyas,6026,other
fa28470c-d413-44c7-94da-181f530cbfdd,/home/izpiz/coding/automatic-raga-recognition/dataset/RagaDataset/Hindustani/features/fa28470c-d413-44c7-94da-181f530cbfdd/Kumar_Gandharva/Pt__Kumar_Gandharva-Vocal/Aajara_Din_Dooba_b8ee37d2-e864-4b2e-a79e-b38f9b22c062.taniSegKNN,Aajara_Din_Dooba_b8ee37d2-e864-4b2e-a79e-b38f9b22c062.taniSegKNN,.tanisegknn,0,other
