tradition,path,mbid,raga_id,raga,filename,extension
Carnatic,dc1d1aa8-0ee2-4d2b-a506-c62fa00779ea,dc1d1aa8-0ee2-4d2b-a506-c62fa00779ea,39821826-3327-41d7-9cd5-e22fe7b08360,Mōhanaṁ,dc1d1aa8-0ee2-4d2b-a506-c62fa00779ea,
Carnatic,8bb04922-2421-47cc-b464-7d556c91a952,8bb04922-2421-47cc-b464-7d556c91a952,39821826-3327-41d7-9cd5-e22fe7b08360,Mōhanaṁ,8bb04922-2421-47cc-b464-7d556c91a952,
Carnatic,7e43c413-89d0-491c-add2-2b1520d7cb33,7e43c413-89d0-491c-add2-2b1520d7cb33,0277eae5-3411-4b22-9fa8-1b347e7528d1,Ṣanmukhapriya,7e43c413-89d0-491c-add2-2b1520d7cb33,
Carnatic,2b71b02d-816e-4e58-8023-4f33f8578525,2b71b02d-816e-4e58-8023-4f33f8578525,700e1d92-7094-4c21-8a3b-d7b60c550edf,Behāg,2b71b02d-816e-4e58-8023-4f33f8578525,
Carnatic,fee6e655-7741-4945-8a01-c2f3d12566e7,fee6e655-7741-4945-8a01-c2f3d12566e7,a9413dff-91d1-4e29-ad92-c04019dce5b8,Tōḍi,fee6e655-7741-4945-8a01-c2f3d12566e7,
Carnatic,cb280397-4e13-448e-9bd7-97105b2347dc,cb280397-4e13-448e-9bd7-97105b2347dc,18b1acb9-dff6-47ec-873a-b2086c8d268d,Madhyamāvati,cb280397-4e13-448e-9bd7-97105b2347dc,
Carnatic,25a56baf-53f7-4320-92bc-66157c52f6fa,25a56baf-53f7-4320-92bc-66157c52f6fa,839bb6b4-1577-4a78-9e5d-4906c6453274,Suraṭi,25a56baf-53f7-4320-92bc-66157c52f6fa,
Carnatic,9aa2770a-c170-4db9-9657-14a74024bc31,9aa2770a-c170-4db9-9657-14a74024bc31,839bb6b4-1577-4a78-9e5d-4906c6453274,Suraṭi,9aa2770a-c170-4db9-9657-14a74024bc31,
Carnatic,7217f9d0-3bdd-4415-af50-507a8257c44e,7217f9d0-3bdd-4415-af50-507a8257c44e,a47e9d22-847a-46e8-b589-2a3537789f5f,Sāvēri,7217f9d0-3bdd-4415-af50-507a8257c44e,
Carnatic,6b8184f2-c45d-4065-9269-3e9a73fc2fdc,6b8184f2-c45d-4065-9269-3e9a73fc2fdc,978f4c3c-6a12-43fd-8427-c414ee17b252,Mukhāri,6b8184f2-c45d-4065-9269-3e9a73fc2fdc,
Carnatic,59c671be-6055-431f-bebf-9fc0fe428de9,59c671be-6055-431f-bebf-9fc0fe428de9,85ccf631-4cdf-4f6c-a841-0edfcf4255d1,Kāmavardani,59c671be-6055-431f-bebf-9fc0fe428de9,
Carnatic,c73d9043-f739-4a6e-887f-be32ddde73a7,c73d9043-f739-4a6e-887f-be32ddde73a7,e8a0bf54-13c6-4a09-922a-bfc744ddf38a,Varāḷi,c73d9043-f739-4a6e-887f-be32ddde73a7,
Carnatic,09d56269-1fd8-4fb5-928c-71605ed01e17,09d56269-1fd8-4fb5-928c-71605ed01e17,e18fcaa7-1f9c-4f09-b627-0687481f4ec7,Ānandabhairavi,09d56269-1fd8-4fb5-928c-71605ed01e17,
Carnatic,766235e1-3c93-4181-bb7d-31623f3bfd2d,766235e1-3c93-4181-bb7d-31623f3bfd2d,e18fcaa7-1f9c-4f09-b627-0687481f4ec7,Ānandabhairavi,766235e1-3c93-4181-bb7d-31623f3bfd2d,
Carnatic,66388b2a-d7d5-44d1-8464-4b5eeff1af6a,66388b2a-d7d5-44d1-8464-4b5eeff1af6a,123b09bd-9901-4e64-a65a-10b02c9e0597,Bhairavi,66388b2a-d7d5-44d1-8464-4b5eeff1af6a,
Carnatic,cc475479-1358-41de-a76a-5f792b89a02d,cc475479-1358-41de-a76a-5f792b89a02d,98d46d9e-5100-4f24-bcd4-d0f95966c7cb,Sindhubhairavi,cc475479-1358-41de-a76a-5f792b89a02d,
Carnatic,14f9192e-8f5d-4945-9362-05ba1b9fa4b2,14f9192e-8f5d-4945-9362-05ba1b9fa4b2,a4ec6633-1050-4207-8313-b017194c8fa0,Kamās,14f9192e-8f5d-4945-9362-05ba1b9fa4b2,
Carnatic,cbaaed89-0227-431e-a700-08dcd9d099c2,cbaaed89-0227-431e-a700-08dcd9d099c2,aa5f376f-06cd-4a69-9cc9-b1077104e0b0,Bēgaḍa,cbaaed89-0227-431e-a700-08dcd9d099c2,
Carnatic,3658fd19-de11-491d-b0a2-a73510e22628,3658fd19-de11-491d-b0a2-a73510e22628,a4ec6633-1050-4207-8313-b017194c8fa0,Kamās,3658fd19-de11-491d-b0a2-a73510e22628,
Carnatic,75a6e70e-916d-46fd-ad12-0d8a7161384b,75a6e70e-916d-46fd-ad12-0d8a7161384b,9a071e54-3eed-48b2-83a3-1a3fd683b8e0,Kānaḍa,75a6e70e-916d-46fd-ad12-0d8a7161384b,
Carnatic,4e2926d1-7e00-4097-8634-71984c291c46,4e2926d1-7e00-4097-8634-71984c291c46,2165542c-45da-4301-af82-c2e7ddbe4768,Bilahari,4e2926d1-7e00-4097-8634-71984c291c46,
Carnatic,99f7baf2-78fe-4579-b4ed-b6d7e2257bc3,99f7baf2-78fe-4579-b4ed-b6d7e2257bc3,5ce23030-f71d-4f5d-9d76-f91c2c182392,Dhanyāsi,99f7baf2-78fe-4579-b4ed-b6d7e2257bc3,
Carnatic,2e648aa2-2172-4ab8-b43a-485213ca4d5f,2e648aa2-2172-4ab8-b43a-485213ca4d5f,defad4cc-48aa-4372-a31a-c43624930713,Dēvagāndhāri,2e648aa2-2172-4ab8-b43a-485213ca4d5f,
Carnatic,15cd462a-08c2-4341-aa2e-061711712fcb,15cd462a-08c2-4341-aa2e-061711712fcb,42dd0ccb-f92a-4622-ae5d-a3be571b4939,Śrīranjani,15cd462a-08c2-4341-aa2e-061711712fcb,
Carnatic,b8af04ff-bcec-4f6f-bcbc-c4862ef358aa,b8af04ff-bcec-4f6f-bcbc-c4862ef358aa,a47e9d22-847a-46e8-b589-2a3537789f5f,Sāvēri,b8af04ff-bcec-4f6f-bcbc-c4862ef358aa,
Carnatic,30c4acdb-a142-45cd-8096-cc245fc6d255,30c4acdb-a142-45cd-8096-cc245fc6d255,db085e26-665d-4f4c-a2a5-95251c22b69e,Pūrvīkaḷyāṇi,30c4acdb-a142-45cd-8096-cc245fc6d255,
Carnatic,7bd17853-6bc5-456e-a7f0-87ad6dd64087,7bd17853-6bc5-456e-a7f0-87ad6dd64087,993d6cf6-dc89-4d23-9a9f-8eeed1524872,Sahānā,7bd17853-6bc5-456e-a7f0-87ad6dd64087,
Carnatic,bec3b237-0a03-4011-9d8b-394415b0a6b2,bec3b237-0a03-4011-9d8b-394415b0a6b2,839bb6b4-1577-4a78-9e5d-4906c6453274,Suraṭi,bec3b237-0a03-4011-9d8b-394415b0a6b2,
Carnatic,dc885903-1ee0-418a-9f49-6abd0923cd41,dc885903-1ee0-418a-9f49-6abd0923cd41,a2f9f182-0ceb-4531-b286-b840b47a54b8,Śankarābharaṇaṁ,dc885903-1ee0-418a-9f49-6abd0923cd41,
Carnatic,2f9b5ddc-f253-46be-a316-36f9ce111b9e,2f9b5ddc-f253-46be-a316-36f9ce111b9e,aa5f376f-06cd-4a69-9cc9-b1077104e0b0,Bēgaḍa,2f9b5ddc-f253-46be-a316-36f9ce111b9e,
Carnatic,5853dea4-9f86-4f62-8f47-abc520f3493e,5853dea4-9f86-4f62-8f47-abc520f3493e,09c179f3-8b19-4792-a852-e9fa0090e409,Kāpi,5853dea4-9f86-4f62-8f47-abc520f3493e,
Carnatic,c5e32bf4-2cb1-47fc-a3fd-c855e0e2cd40,c5e32bf4-2cb1-47fc-a3fd-c855e0e2cd40,2165542c-45da-4301-af82-c2e7ddbe4768,Bilahari,c5e32bf4-2cb1-47fc-a3fd-c855e0e2cd40,
Carnatic,7fc949e2-a9b0-49e8-9b26-0eb321d3e31d,7fc949e2-a9b0-49e8-9b26-0eb321d3e31d,5ce23030-f71d-4f5d-9d76-f91c2c182392,Dhanyāsi,7fc949e2-a9b0-49e8-9b26-0eb321d3e31d,
Carnatic,2f9db2e1-0273-4b06-850b-66af589b9791,2f9db2e1-0273-4b06-850b-66af589b9791,ddff55ae-20f6-4d7d-ba9e-a6c10eeebd41,Yadukula kāṁbōji,2f9db2e1-0273-4b06-850b-66af589b9791,
Carnatic,9bac6a08-158e-42eb-8a9b-4ad5b90a6e1a,9bac6a08-158e-42eb-8a9b-4ad5b90a6e1a,a47e9d22-847a-46e8-b589-2a3537789f5f,Sāvēri,9bac6a08-158e-42eb-8a9b-4ad5b90a6e1a,
Carnatic,72b03d0a-cde3-444a-bf08-bb280d6c44bb,72b03d0a-cde3-444a-bf08-bb280d6c44bb,cda9cbe9-c1aa-42bb-8b4c-e9dfc8af133c,Nāṭakurinji,72b03d0a-cde3-444a-bf08-bb280d6c44bb,
Carnatic,d17fc49c-5c9a-4dd2-9e1e-334078473e63,d17fc49c-5c9a-4dd2-9e1e-334078473e63,a47e9d22-847a-46e8-b589-2a3537789f5f,Sāvēri,d17fc49c-5c9a-4dd2-9e1e-334078473e63,
Carnatic,e04099ec-199a-4c5e-ac5f-5fac19759add,e04099ec-199a-4c5e-ac5f-5fac19759add,df85a0a5-b1a8-42f1-a87b-3d7c7ee33fb4,Kēdāragauḷa,e04099ec-199a-4c5e-ac5f-5fac19759add,
Carnatic,46cea833-d338-468d-a00d-393efa64c94e,46cea833-d338-468d-a00d-393efa64c94e,cda9cbe9-c1aa-42bb-8b4c-e9dfc8af133c,Nāṭakurinji,46cea833-d338-468d-a00d-393efa64c94e,
Carnatic,3ffea960-050c-4f63-b944-5eaa78fd6bce,3ffea960-050c-4f63-b944-5eaa78fd6bce,978f4c3c-6a12-43fd-8427-c414ee17b252,Mukhāri,3ffea960-050c-4f63-b944-5eaa78fd6bce,
Carnatic,7aa54c2b-0adc-45b9-9a1a-f184abcdf950,7aa54c2b-0adc-45b9-9a1a-f184abcdf950,ddff55ae-20f6-4d7d-ba9e-a6c10eeebd41,Yadukula kāṁbōji,7aa54c2b-0adc-45b9-9a1a-f184abcdf950,
Carnatic,a899e45e-b7ba-40d3-be00-fe4f35351f09,a899e45e-b7ba-40d3-be00-fe4f35351f09,42dd0ccb-f92a-4622-ae5d-a3be571b4939,Śrīranjani,a899e45e-b7ba-40d3-be00-fe4f35351f09,
Carnatic,8e07413a-9b7d-4be2-a2ae-0ca1ce28c6a1,8e07413a-9b7d-4be2-a2ae-0ca1ce28c6a1,bdd80890-44f1-4a93-8d93-06a418781f97,Śrī,8e07413a-9b7d-4be2-a2ae-0ca1ce28c6a1,
Carnatic,3e9f9dc3-7f64-4561-a2c1-80dd9fa66ebc,3e9f9dc3-7f64-4561-a2c1-80dd9fa66ebc,a9413dff-91d1-4e29-ad92-c04019dce5b8,Tōḍi,3e9f9dc3-7f64-4561-a2c1-80dd9fa66ebc,
Carnatic,aee1e256-38fc-4721-9cc9-403542ac0b94,aee1e256-38fc-4721-9cc9-403542ac0b94,9ebeb536-30a7-403f-8042-f7c1445c4b87,Nāṭa,aee1e256-38fc-4721-9cc9-403542ac0b94,
Carnatic,30ed13b0-58ac-48af-b8ac-f2c14ddbd71a,30ed13b0-58ac-48af-b8ac-f2c14ddbd71a,bf4662d4-25c3-4cad-9249-4de2dc513c06,Kalyāṇi,30ed13b0-58ac-48af-b8ac-f2c14ddbd71a,
Carnatic,bbee764d-7406-47ce-821a-a82030b89eca,bbee764d-7406-47ce-821a-a82030b89eca,6345e8fe-7061-4bdc-842c-dcfd4a379820,Aṭāna,bbee764d-7406-47ce-821a-a82030b89eca,
Carnatic,c81aa59b-bcc7-4199-a27a-0ded0764c8f3,c81aa59b-bcc7-4199-a27a-0ded0764c8f3,9ebeb536-30a7-403f-8042-f7c1445c4b87,Nāṭa,c81aa59b-bcc7-4199-a27a-0ded0764c8f3,
Carnatic,97a7ceaa-9f02-4c0e-ab16-eff9057c88a8,97a7ceaa-9f02-4c0e-ab16-eff9057c88a8,bdd80890-44f1-4a93-8d93-06a418781f97,Śrī,97a7ceaa-9f02-4c0e-ab16-eff9057c88a8,
Carnatic,7cd313af-89ea-480e-92a1-e25789a9d076,7cd313af-89ea-480e-92a1-e25789a9d076,5ce23030-f71d-4f5d-9d76-f91c2c182392,Dhanyāsi,7cd313af-89ea-480e-92a1-e25789a9d076,
Carnatic,93a70e18-c3ba-4c72-b8d1-85f87d0c9e36,93a70e18-c3ba-4c72-b8d1-85f87d0c9e36,cda9cbe9-c1aa-42bb-8b4c-e9dfc8af133c,Nāṭakurinji,93a70e18-c3ba-4c72-b8d1-85f87d0c9e36,
Carnatic,46c4267b-f2c8-4fd7-8423-d7cc648395bb,46c4267b-f2c8-4fd7-8423-d7cc648395bb,e8a0bf54-13c6-4a09-922a-bfc744ddf38a,Varāḷi,46c4267b-f2c8-4fd7-8423-d7cc648395bb,
Carnatic,5226b897-06fc-4032-9766-66e5b19e74fb,5226b897-06fc-4032-9766-66e5b19e74fb,9ebeb536-30a7-403f-8042-f7c1445c4b87,Nāṭa,5226b897-06fc-4032-9766-66e5b19e74fb,
Carnatic,a2726509-4558-4e35-ad31-2ad844709928,a2726509-4558-4e35-ad31-2ad844709928,bdd80890-44f1-4a93-8d93-06a418781f97,Śrī,a2726509-4558-4e35-ad31-2ad844709928,
Carnatic,9a6e70ab-af0f-477a-a5e9-215b51cf3b43,9a6e70ab-af0f-477a-a5e9-215b51cf3b43,700e1d92-7094-4c21-8a3b-d7b60c550edf,Behāg,9a6e70ab-af0f-477a-a5e9-215b51cf3b43,
Carnatic,e57d03ee-098c-4612-a1aa-988a653bfe41,e57d03ee-098c-4612-a1aa-988a653bfe41,85ccf631-4cdf-4f6c-a841-0edfcf4255d1,Kāmavardani,e57d03ee-098c-4612-a1aa-988a653bfe41,
Carnatic,0797f895-c946-4b38-a19e-0c45537140c4,0797f895-c946-4b38-a19e-0c45537140c4,5ce23030-f71d-4f5d-9d76-f91c2c182392,Dhanyāsi,0797f895-c946-4b38-a19e-0c45537140c4,
Carnatic,d793dcb8-74c4-4280-a4f5-4e89e266f4c4,d793dcb8-74c4-4280-a4f5-4e89e266f4c4,6345e8fe-7061-4bdc-842c-dcfd4a379820,Aṭāna,d793dcb8-74c4-4280-a4f5-4e89e266f4c4,
Carnatic,1e3e10ad-93ed-439e-85b6-de67cd362d05,1e3e10ad-93ed-439e-85b6-de67cd362d05,9cedca68-4a9d-4170-bec3-0d1db1ff730e,Māyāmāḷavagauḷa,1e3e10ad-93ed-439e-85b6-de67cd362d05,
Carnatic,5c1ae6ac-ada7-45df-b807-812a81f20cad,5c1ae6ac-ada7-45df-b807-812a81f20cad,6345e8fe-7061-4bdc-842c-dcfd4a379820,Aṭāna,5c1ae6ac-ada7-45df-b807-812a81f20cad,
Carnatic,e7776320-8766-4568-9b08-05369bf2ad64,e7776320-8766-4568-9b08-05369bf2ad64,b08475a2-1049-433a-be8f-105bf14718fb,Harikāmbhōji,e7776320-8766-4568-9b08-05369bf2ad64,
Carnatic,16fbd94c-b09c-44d9-8d0f-841ada1b62c7,16fbd94c-b09c-44d9-8d0f-841ada1b62c7,09c179f3-8b19-4792-a852-e9fa0090e409,Kāpi,16fbd94c-b09c-44d9-8d0f-841ada1b62c7,
Carnatic,4bdce886-d7f1-4076-b2c8-ee94096be9e5,4bdce886-d7f1-4076-b2c8-ee94096be9e5,f972db4d-5d16-4f9a-9841-f313e1601aaa,Karaharapriya,4bdce886-d7f1-4076-b2c8-ee94096be9e5,
Carnatic,1faf01d1-2228-4547-9ff0-1866cd2fd73e,1faf01d1-2228-4547-9ff0-1866cd2fd73e,e5c4d94a-b34a-42ef-acd7-f235612350e4,Gauḷa,1faf01d1-2228-4547-9ff0-1866cd2fd73e,
Carnatic,ae79b563-7d5e-4c31-b2f9-7cf7db1da1c1,ae79b563-7d5e-4c31-b2f9-7cf7db1da1c1,bf4662d4-25c3-4cad-9249-4de2dc513c06,Kalyāṇi,ae79b563-7d5e-4c31-b2f9-7cf7db1da1c1,
Carnatic,996e9edf-ea0b-4ff6-a062-3cc7f563b56e,996e9edf-ea0b-4ff6-a062-3cc7f563b56e,df85a0a5-b1a8-42f1-a87b-3d7c7ee33fb4,Kēdāragauḷa,996e9edf-ea0b-4ff6-a062-3cc7f563b56e,
Carnatic,987d70fc-536f-4190-a503-6bc3495209bb,987d70fc-536f-4190-a503-6bc3495209bb,a4ec6633-1050-4207-8313-b017194c8fa0,Kamās,987d70fc-536f-4190-a503-6bc3495209bb,
Carnatic,0d7e1620-60ad-472f-8287-abac88966c46,0d7e1620-60ad-472f-8287-abac88966c46,98d46d9e-5100-4f24-bcd4-d0f95966c7cb,Sindhubhairavi,0d7e1620-60ad-472f-8287-abac88966c46,
Carnatic,83ac0d01-9145-41a7-96fc-3ddb31d5a391,83ac0d01-9145-41a7-96fc-3ddb31d5a391,e5c4d94a-b34a-42ef-acd7-f235612350e4,Gauḷa,83ac0d01-9145-41a7-96fc-3ddb31d5a391,
Carnatic,e26cf70c-ce6c-47c2-b7bf-199f2cdd5a62,e26cf70c-ce6c-47c2-b7bf-199f2cdd5a62,9a071e54-3eed-48b2-83a3-1a3fd683b8e0,Kānaḍa,e26cf70c-ce6c-47c2-b7bf-199f2cdd5a62,
Carnatic,d25f460b-3e95-406c-bb65-8c1969e2c49c,d25f460b-3e95-406c-bb65-8c1969e2c49c,bf4662d4-25c3-4cad-9249-4de2dc513c06,Kalyāṇi,d25f460b-3e95-406c-bb65-8c1969e2c49c,
Carnatic,df4ee485-0df2-46ae-9587-7f942dc2ffcb,df4ee485-0df2-46ae-9587-7f942dc2ffcb,6345e8fe-7061-4bdc-842c-dcfd4a379820,Aṭāna,df4ee485-0df2-46ae-9587-7f942dc2ffcb,
Carnatic,938abacd-5797-46d5-9b70-5512ef4d2dac,938abacd-5797-46d5-9b70-5512ef4d2dac,a2f9f182-0ceb-4531-b286-b840b47a54b8,Śankarābharaṇaṁ,938abacd-5797-46d5-9b70-5512ef4d2dac,
Carnatic,9bb4aa9f-1e14-4193-876d-261a4d8f59f4,9bb4aa9f-1e14-4193-876d-261a4d8f59f4,defad4cc-48aa-4372-a31a-c43624930713,Dēvagāndhāri,9bb4aa9f-1e14-4193-876d-261a4d8f59f4,
Carnatic,0a1c2ae7-e933-458d-afac-fa081338d5de,0a1c2ae7-e933-458d-afac-fa081338d5de,39821826-3327-41d7-9cd5-e22fe7b08360,Mōhanaṁ,0a1c2ae7-e933-458d-afac-fa081338d5de,
Carnatic,5c342c56-c07a-4905-89cc-bd5d1151d20a,5c342c56-c07a-4905-89cc-bd5d1151d20a,ddff55ae-20f6-4d7d-ba9e-a6c10eeebd41,Yadukula kāṁbōji,5c342c56-c07a-4905-89cc-bd5d1151d20a,
Carnatic,ea8bdd2b-0817-4619-8418-a38d9aebc60a,ea8bdd2b-0817-4619-8418-a38d9aebc60a,98d46d9e-5100-4f24-bcd4-d0f95966c7cb,Sindhubhairavi,ea8bdd2b-0817-4619-8418-a38d9aebc60a,
Carnatic,a32ba9dd-a764-4719-a3ce-8f1469b6291b,a32ba9dd-a764-4719-a3ce-8f1469b6291b,98d46d9e-5100-4f24-bcd4-d0f95966c7cb,Sindhubhairavi,a32ba9dd-a764-4719-a3ce-8f1469b6291b,
Carnatic,f4c81624-5c23-4e26-a943-bfe12acd30ce,f4c81624-5c23-4e26-a943-bfe12acd30ce,aa5f376f-06cd-4a69-9cc9-b1077104e0b0,Bēgaḍa,f4c81624-5c23-4e26-a943-bfe12acd30ce,
Carnatic,a8ecff2f-f2ce-406f-a7a9-a5976b99521c,a8ecff2f-f2ce-406f-a7a9-a5976b99521c,e18fcaa7-1f9c-4f09-b627-0687481f4ec7,Ānandabhairavi,a8ecff2f-f2ce-406f-a7a9-a5976b99521c,
Carnatic,2c9b2068-8f64-471e-be2f-fccae2452d5c,2c9b2068-8f64-471e-be2f-fccae2452d5c,f972db4d-5d16-4f9a-9841-f313e1601aaa,Karaharapriya,2c9b2068-8f64-471e-be2f-fccae2452d5c,
Carnatic,ad5cf4d4-4c08-4509-84d1-2510df9795ba,ad5cf4d4-4c08-4509-84d1-2510df9795ba,ddff55ae-20f6-4d7d-ba9e-a6c10eeebd41,Yadukula kāṁbōji,ad5cf4d4-4c08-4509-84d1-2510df9795ba,
Carnatic,0e2350f2-bf49-4bf6-8c5c-83fee8e6c396,0e2350f2-bf49-4bf6-8c5c-83fee8e6c396,9a071e54-3eed-48b2-83a3-1a3fd683b8e0,Kānaḍa,0e2350f2-bf49-4bf6-8c5c-83fee8e6c396,
Carnatic,b45961aa-9f9a-4f07-ae72-207135d3a679,b45961aa-9f9a-4f07-ae72-207135d3a679,9cedca68-4a9d-4170-bec3-0d1db1ff730e,Māyāmāḷavagauḷa,b45961aa-9f9a-4f07-ae72-207135d3a679,
Carnatic,ca18525c-79b5-4cc9-aba6-095830c2307e,ca18525c-79b5-4cc9-aba6-095830c2307e,a4ec6633-1050-4207-8313-b017194c8fa0,Kamās,ca18525c-79b5-4cc9-aba6-095830c2307e,
Carnatic,3cbe1ecb-896f-48d3-948d-bc0c76dc2687,3cbe1ecb-896f-48d3-948d-bc0c76dc2687,123b09bd-9901-4e64-a65a-10b02c9e0597,Bhairavi,3cbe1ecb-896f-48d3-948d-bc0c76dc2687,
Carnatic,32a6b005-6be5-4212-88c9-db67ec330724,32a6b005-6be5-4212-88c9-db67ec330724,839bb6b4-1577-4a78-9e5d-4906c6453274,Suraṭi,32a6b005-6be5-4212-88c9-db67ec330724,
Carnatic,f6c659e6-abbf-4eb8-aacb-105056d7b47f,f6c659e6-abbf-4eb8-aacb-105056d7b47f,f0866e71-33b2-47db-ab75-0808c41f2401,Kāṁbhōji,f6c659e6-abbf-4eb8-aacb-105056d7b47f,
Carnatic,e192bf26-c5eb-477a-9899-406732a7893c,e192bf26-c5eb-477a-9899-406732a7893c,a2f9f182-0ceb-4531-b286-b840b47a54b8,Śankarābharaṇaṁ,e192bf26-c5eb-477a-9899-406732a7893c,
Carnatic,7fe952a8-6aa2-4002-89ff-659cb59bb1b5,7fe952a8-6aa2-4002-89ff-659cb59bb1b5,cda9cbe9-c1aa-42bb-8b4c-e9dfc8af133c,Nāṭakurinji,7fe952a8-6aa2-4002-89ff-659cb59bb1b5,
Carnatic,a03969da-2995-4991-9634-2b8904d4a2ad,a03969da-2995-4991-9634-2b8904d4a2ad,bf4662d4-25c3-4cad-9249-4de2dc513c06,Kalyāṇi,a03969da-2995-4991-9634-2b8904d4a2ad,
Carnatic,39dcbd24-412a-4b2d-b287-cfa5166fc8cc,39dcbd24-412a-4b2d-b287-cfa5166fc8cc,ddff55ae-20f6-4d7d-ba9e-a6c10eeebd41,Yadukula kāṁbōji,39dcbd24-412a-4b2d-b287-cfa5166fc8cc,
Carnatic,fe51dc11-c10d-42a6-a198-df4b7975c4af,fe51dc11-c10d-42a6-a198-df4b7975c4af,42dd0ccb-f92a-4622-ae5d-a3be571b4939,Śrīranjani,fe51dc11-c10d-42a6-a198-df4b7975c4af,
Carnatic,167129a1-d931-4d86-a27d-7ce609944148,167129a1-d931-4d86-a27d-7ce609944148,e5c4d94a-b34a-42ef-acd7-f235612350e4,Gauḷa,167129a1-d931-4d86-a27d-7ce609944148,
Carnatic,66cfbbdb-444b-4155-9565-3dee209775de,66cfbbdb-444b-4155-9565-3dee209775de,9a071e54-3eed-48b2-83a3-1a3fd683b8e0,Kānaḍa,66cfbbdb-444b-4155-9565-3dee209775de,
Carnatic,9bc3bca7-3360-4e6a-9c60-d38bfc2da752,9bc3bca7-3360-4e6a-9c60-d38bfc2da752,18b1acb9-dff6-47ec-873a-b2086c8d268d,Madhyamāvati,9bc3bca7-3360-4e6a-9c60-d38bfc2da752,
Carnatic,bab265f4-6e15-4011-a748-0ca239c4512a,bab265f4-6e15-4011-a748-0ca239c4512a,a4ec6633-1050-4207-8313-b017194c8fa0,Kamās,bab265f4-6e15-4011-a748-0ca239c4512a,
Carnatic,ef263b32-e247-4683-a9b6-e09e77c79c9b,ef263b32-e247-4683-a9b6-e09e77c79c9b,50bd048f-4482-4c5b-850c-9ad5e5ec46f1,Hussēnī,ef263b32-e247-4683-a9b6-e09e77c79c9b,
Carnatic,31ca1f76-ce7a-42f4-b429-ca43ef6b2ba1,31ca1f76-ce7a-42f4-b429-ca43ef6b2ba1,09c179f3-8b19-4792-a852-e9fa0090e409,Kāpi,31ca1f76-ce7a-42f4-b429-ca43ef6b2ba1,
Carnatic,cfaa7cb6-4a84-4a93-b3a9-371f5bf1b0bb,cfaa7cb6-4a84-4a93-b3a9-371f5bf1b0bb,4ce0b18d-f4df-41cf-9b40-9166199506b4,Rītigauḷa,cfaa7cb6-4a84-4a93-b3a9-371f5bf1b0bb,
Carnatic,5fa0bcfd-c71e-4d6f-940e-0cef6fbc2a32,5fa0bcfd-c71e-4d6f-940e-0cef6fbc2a32,4ce0b18d-f4df-41cf-9b40-9166199506b4,Rītigauḷa,5fa0bcfd-c71e-4d6f-940e-0cef6fbc2a32,
Carnatic,6c6ad237-dab0-4598-b247-b8a19324a26c,6c6ad237-dab0-4598-b247-b8a19324a26c,85ccf631-4cdf-4f6c-a841-0edfcf4255d1,Kāmavardani,6c6ad237-dab0-4598-b247-b8a19324a26c,
Carnatic,68bcad2f-b0b3-485f-ad5f-7edf9d783551,68bcad2f-b0b3-485f-ad5f-7edf9d783551,e8a0bf54-13c6-4a09-922a-bfc744ddf38a,Varāḷi,68bcad2f-b0b3-485f-ad5f-7edf9d783551,
Carnatic,83dba5f0-3a3f-48df-9080-fc3958c72db0,83dba5f0-3a3f-48df-9080-fc3958c72db0,cda9cbe9-c1aa-42bb-8b4c-e9dfc8af133c,Nāṭakurinji,83dba5f0-3a3f-48df-9080-fc3958c72db0,
Carnatic,7449a3b4-15d0-4825-ac59-5c834bfac26f,7449a3b4-15d0-4825-ac59-5c834bfac26f,700e1d92-7094-4c21-8a3b-d7b60c550edf,Behāg,7449a3b4-15d0-4825-ac59-5c834bfac26f,
Carnatic,39f9fa65-d4ee-4ffc-b80b-af11d57a814e,39f9fa65-d4ee-4ffc-b80b-af11d57a814e,50bd048f-4482-4c5b-850c-9ad5e5ec46f1,Hussēnī,39f9fa65-d4ee-4ffc-b80b-af11d57a814e,
Carnatic,b72e0c1f-3d56-425e-a528-5e8275e1e49d,b72e0c1f-3d56-425e-a528-5e8275e1e49d,defad4cc-48aa-4372-a31a-c43624930713,Dēvagāndhāri,b72e0c1f-3d56-425e-a528-5e8275e1e49d,
Carnatic,a3dc0349-d629-4ccf-88be-4b4e9bedb104,a3dc0349-d629-4ccf-88be-4b4e9bedb104,df85a0a5-b1a8-42f1-a87b-3d7c7ee33fb4,Kēdāragauḷa,a3dc0349-d629-4ccf-88be-4b4e9bedb104,
Carnatic,097f72f8-0fd2-4dd6-ba90-d03d5cbcc534,097f72f8-0fd2-4dd6-ba90-d03d5cbcc534,5ce23030-f71d-4f5d-9d76-f91c2c182392,Dhanyāsi,097f72f8-0fd2-4dd6-ba90-d03d5cbcc534,
Carnatic,68f26dd3-5974-460f-b43c-31a90cfe9b54,68f26dd3-5974-460f-b43c-31a90cfe9b54,9cedca68-4a9d-4170-bec3-0d1db1ff730e,Māyāmāḷavagauḷa,68f26dd3-5974-460f-b43c-31a90cfe9b54,
Carnatic,2e60e4ab-f247-4c52-b48a-4fa24f24fd8c,2e60e4ab-f247-4c52-b48a-4fa24f24fd8c,18b1acb9-dff6-47ec-873a-b2086c8d268d,Madhyamāvati,2e60e4ab-f247-4c52-b48a-4fa24f24fd8c,
Carnatic,939a7796-21bf-47ae-92c2-b2e4fb7a715d,939a7796-21bf-47ae-92c2-b2e4fb7a715d,5ce23030-f71d-4f5d-9d76-f91c2c182392,Dhanyāsi,939a7796-21bf-47ae-92c2-b2e4fb7a715d,
Carnatic,4434f3a0-f11a-4027-95c8-cdefb92237cf,4434f3a0-f11a-4027-95c8-cdefb92237cf,9cedca68-4a9d-4170-bec3-0d1db1ff730e,Māyāmāḷavagauḷa,4434f3a0-f11a-4027-95c8-cdefb92237cf,
Carnatic,1587bdd5-60b6-481e-9a30-60525607850f,1587bdd5-60b6-481e-9a30-60525607850f,9cedca68-4a9d-4170-bec3-0d1db1ff730e,Māyāmāḷavagauḷa,1587bdd5-60b6-481e-9a30-60525607850f,
Carnatic,f4d9c392-8347-4679-b6bf-1955dae5e2d4,f4d9c392-8347-4679-b6bf-1955dae5e2d4,993d6cf6-dc89-4d23-9a9f-8eeed1524872,Sahānā,f4d9c392-8347-4679-b6bf-1955dae5e2d4,
Carnatic,871f3954-7bfd-4257-9bb1-c0688bfad6bf,871f3954-7bfd-4257-9bb1-c0688bfad6bf,b08475a2-1049-433a-be8f-105bf14718fb,Harikāmbhōji,871f3954-7bfd-4257-9bb1-c0688bfad6bf,
Carnatic,851295a3-6f00-47e5-b99f-28523e02acfa,851295a3-6f00-47e5-b99f-28523e02acfa,85ccf631-4cdf-4f6c-a841-0edfcf4255d1,Kāmavardani,851295a3-6f00-47e5-b99f-28523e02acfa,
Carnatic,7683b392-1b5b-4c4e-bdfc-683c22e0898f,7683b392-1b5b-4c4e-bdfc-683c22e0898f,4ce0b18d-f4df-41cf-9b40-9166199506b4,Rītigauḷa,7683b392-1b5b-4c4e-bdfc-683c22e0898f,
Carnatic,ff71cc92-c19d-4788-9754-709cdbceb1c8,ff71cc92-c19d-4788-9754-709cdbceb1c8,39821826-3327-41d7-9cd5-e22fe7b08360,Mōhanaṁ,ff71cc92-c19d-4788-9754-709cdbceb1c8,
Carnatic,a6ed61c4-e82d-4191-8181-b3997cb4e137,a6ed61c4-e82d-4191-8181-b3997cb4e137,db085e26-665d-4f4c-a2a5-95251c22b69e,Pūrvīkaḷyāṇi,a6ed61c4-e82d-4191-8181-b3997cb4e137,
Carnatic,9b96cd00-2e25-4adb-a1b3-40d8f4a88068,9b96cd00-2e25-4adb-a1b3-40d8f4a88068,98d46d9e-5100-4f24-bcd4-d0f95966c7cb,Sindhubhairavi,9b96cd00-2e25-4adb-a1b3-40d8f4a88068,
Carnatic,2090d3b6-e738-43bd-ba59-0e3836e6226f,2090d3b6-e738-43bd-ba59-0e3836e6226f,4ce0b18d-f4df-41cf-9b40-9166199506b4,Rītigauḷa,2090d3b6-e738-43bd-ba59-0e3836e6226f,
Carnatic,5af96daf-cca1-412d-bcac-7014f6629ef5,5af96daf-cca1-412d-bcac-7014f6629ef5,defad4cc-48aa-4372-a31a-c43624930713,Dēvagāndhāri,5af96daf-cca1-412d-bcac-7014f6629ef5,
Carnatic,f769247c-e0c7-4078-8c5a-6741d12d06dd,f769247c-e0c7-4078-8c5a-6741d12d06dd,09c179f3-8b19-4792-a852-e9fa0090e409,Kāpi,f769247c-e0c7-4078-8c5a-6741d12d06dd,
Carnatic,9c8810e5-178a-46df-a619-a89a547c53dd,9c8810e5-178a-46df-a619-a89a547c53dd,bf4662d4-25c3-4cad-9249-4de2dc513c06,Kalyāṇi,9c8810e5-178a-46df-a619-a89a547c53dd,
Carnatic,07f75444-5832-468e-b317-876bc290ff03,07f75444-5832-468e-b317-876bc290ff03,978f4c3c-6a12-43fd-8427-c414ee17b252,Mukhāri,07f75444-5832-468e-b317-876bc290ff03,
Carnatic,4fb8af33-df20-48dc-ad21-0eeb7eb47c91,4fb8af33-df20-48dc-ad21-0eeb7eb47c91,85ccf631-4cdf-4f6c-a841-0edfcf4255d1,Kāmavardani,4fb8af33-df20-48dc-ad21-0eeb7eb47c91,
Carnatic,65e824a1-9527-44e5-b272-486525b3061b,65e824a1-9527-44e5-b272-486525b3061b,4ce0b18d-f4df-41cf-9b40-9166199506b4,Rītigauḷa,65e824a1-9527-44e5-b272-486525b3061b,
Carnatic,4a527c12-a289-4455-adae-7763b8c06f60,4a527c12-a289-4455-adae-7763b8c06f60,defad4cc-48aa-4372-a31a-c43624930713,Dēvagāndhāri,4a527c12-a289-4455-adae-7763b8c06f60,
Carnatic,f42aa3c4-3614-411e-9a10-f38cd33f3f11,f42aa3c4-3614-411e-9a10-f38cd33f3f11,bdd80890-44f1-4a93-8d93-06a418781f97,Śrī,f42aa3c4-3614-411e-9a10-f38cd33f3f11,
Carnatic,afd1f1c8-ecf2-46aa-ac68-09e92d10f071,afd1f1c8-ecf2-46aa-ac68-09e92d10f071,e8a0bf54-13c6-4a09-922a-bfc744ddf38a,Varāḷi,afd1f1c8-ecf2-46aa-ac68-09e92d10f071,
Carnatic,8ea50416-583b-4a7f-891c-dc21b1a3c2c9,8ea50416-583b-4a7f-891c-dc21b1a3c2c9,123b09bd-9901-4e64-a65a-10b02c9e0597,Bhairavi,8ea50416-583b-4a7f-891c-dc21b1a3c2c9,
Carnatic,4e423cf6-61e5-4ab7-94cf-91442aff9aee,4e423cf6-61e5-4ab7-94cf-91442aff9aee,e5c4d94a-b34a-42ef-acd7-f235612350e4,Gauḷa,4e423cf6-61e5-4ab7-94cf-91442aff9aee,
Carnatic,829df365-78bc-4157-9346-5a3b39bf12a5,829df365-78bc-4157-9346-5a3b39bf12a5,9cedca68-4a9d-4170-bec3-0d1db1ff730e,Māyāmāḷavagauḷa,829df365-78bc-4157-9346-5a3b39bf12a5,
Carnatic,d9542546-7944-42f2-9c26-4d648cc25d80,d9542546-7944-42f2-9c26-4d648cc25d80,e18fcaa7-1f9c-4f09-b627-0687481f4ec7,Ānandabhairavi,d9542546-7944-42f2-9c26-4d648cc25d80,
Carnatic,cb4a75f3-0005-4311-bd4c-2fa97da53bf3,cb4a75f3-0005-4311-bd4c-2fa97da53bf3,0277eae5-3411-4b22-9fa8-1b347e7528d1,Ṣanmukhapriya,cb4a75f3-0005-4311-bd4c-2fa97da53bf3,
Carnatic,e8027bb2-7550-4da5-afed-e40e353d497b,e8027bb2-7550-4da5-afed-e40e353d497b,9ebeb536-30a7-403f-8042-f7c1445c4b87,Nāṭa,e8027bb2-7550-4da5-afed-e40e353d497b,
Carnatic,2cdd41f6-4433-4341-ac7f-132937989bf9,2cdd41f6-4433-4341-ac7f-132937989bf9,42dd0ccb-f92a-4622-ae5d-a3be571b4939,Śrīranjani,2cdd41f6-4433-4341-ac7f-132937989bf9,
Carnatic,b87b9d73-ecb0-405a-a921-5e50e14608fa,b87b9d73-ecb0-405a-a921-5e50e14608fa,c6b5f8d9-ebb4-46af-a020-6646fce2c77d,Sāma,b87b9d73-ecb0-405a-a921-5e50e14608fa,
Carnatic,9066abf7-10c4-4b8b-8527-354ffe82e0c9,9066abf7-10c4-4b8b-8527-354ffe82e0c9,2165542c-45da-4301-af82-c2e7ddbe4768,Bilahari,9066abf7-10c4-4b8b-8527-354ffe82e0c9,
Carnatic,ee2284fb-8524-4956-8dfd-0e25d67d7081,ee2284fb-8524-4956-8dfd-0e25d67d7081,5ce23030-f71d-4f5d-9d76-f91c2c182392,Dhanyāsi,ee2284fb-8524-4956-8dfd-0e25d67d7081,
Carnatic,18f47952-597e-425d-b048-9c5e2490e589,18f47952-597e-425d-b048-9c5e2490e589,2165542c-45da-4301-af82-c2e7ddbe4768,Bilahari,18f47952-597e-425d-b048-9c5e2490e589,
Carnatic,51e39d29-8dc6-4623-910e-40baba083c96,51e39d29-8dc6-4623-910e-40baba083c96,aa5f376f-06cd-4a69-9cc9-b1077104e0b0,Bēgaḍa,51e39d29-8dc6-4623-910e-40baba083c96,
Carnatic,958dbe4f-d910-425b-91de-3125f08a0a6c,958dbe4f-d910-425b-91de-3125f08a0a6c,f0866e71-33b2-47db-ab75-0808c41f2401,Kāṁbhōji,958dbe4f-d910-425b-91de-3125f08a0a6c,
Carnatic,ab83b92e-f38d-41e1-92ed-dbd6fbe4365f,ab83b92e-f38d-41e1-92ed-dbd6fbe4365f,db085e26-665d-4f4c-a2a5-95251c22b69e,Pūrvīkaḷyāṇi,ab83b92e-f38d-41e1-92ed-dbd6fbe4365f,
Carnatic,e554f08b-8af2-4336-a107-32e8b8d2c591,e554f08b-8af2-4336-a107-32e8b8d2c591,defad4cc-48aa-4372-a31a-c43624930713,Dēvagāndhāri,e554f08b-8af2-4336-a107-32e8b8d2c591,
Carnatic,be745323-9c2a-4a99-ba63-db1fe9da75a3,be745323-9c2a-4a99-ba63-db1fe9da75a3,18b1acb9-dff6-47ec-873a-b2086c8d268d,Madhyamāvati,be745323-9c2a-4a99-ba63-db1fe9da75a3,
Carnatic,32d1f914-ee6d-497e-9d88-5a6544f56fac,32d1f914-ee6d-497e-9d88-5a6544f56fac,123b09bd-9901-4e64-a65a-10b02c9e0597,Bhairavi,32d1f914-ee6d-497e-9d88-5a6544f56fac,
Carnatic,6a698b2d-b27e-49ad-b09a-7d4a83f1c866,6a698b2d-b27e-49ad-b09a-7d4a83f1c866,e5c4d94a-b34a-42ef-acd7-f235612350e4,Gauḷa,6a698b2d-b27e-49ad-b09a-7d4a83f1c866,
Carnatic,3a79af7a-b14d-4176-b673-8ec4e362dd8d,3a79af7a-b14d-4176-b673-8ec4e362dd8d,3af5a361-923a-465d-864d-9c7ba0c04a47,Sencuruṭṭi,3a79af7a-b14d-4176-b673-8ec4e362dd8d,
Carnatic,bb84c16a-f627-497c-9788-ec541337e335,bb84c16a-f627-497c-9788-ec541337e335,a47e9d22-847a-46e8-b589-2a3537789f5f,Sāvēri,bb84c16a-f627-497c-9788-ec541337e335,
Carnatic,3baa722d-480e-4ae7-8559-a88dce41e1d4,3baa722d-480e-4ae7-8559-a88dce41e1d4,e18fcaa7-1f9c-4f09-b627-0687481f4ec7,Ānandabhairavi,3baa722d-480e-4ae7-8559-a88dce41e1d4,
Carnatic,33d38621-7d7a-4897-9bf4-60c33c6574ae,33d38621-7d7a-4897-9bf4-60c33c6574ae,defad4cc-48aa-4372-a31a-c43624930713,Dēvagāndhāri,33d38621-7d7a-4897-9bf4-60c33c6574ae,
Carnatic,324f3ce4-a77c-49ac-a98c-70511169b09e,324f3ce4-a77c-49ac-a98c-70511169b09e,6345e8fe-7061-4bdc-842c-dcfd4a379820,Aṭāna,324f3ce4-a77c-49ac-a98c-70511169b09e,
Carnatic,1b522203-3dc5-4348-8bdb-3a7f3ac2a485,1b522203-3dc5-4348-8bdb-3a7f3ac2a485,50bd048f-4482-4c5b-850c-9ad5e5ec46f1,Hussēnī,1b522203-3dc5-4348-8bdb-3a7f3ac2a485,
Carnatic,4bed9a94-ebd7-4c2f-a6de-a630c5bfff1d,4bed9a94-ebd7-4c2f-a6de-a630c5bfff1d,5ce23030-f71d-4f5d-9d76-f91c2c182392,Dhanyāsi,4bed9a94-ebd7-4c2f-a6de-a630c5bfff1d,
Carnatic,55b95444-5504-4775-a49e-cf1b152d7a85,55b95444-5504-4775-a49e-cf1b152d7a85,c6b5f8d9-ebb4-46af-a020-6646fce2c77d,Sāma,55b95444-5504-4775-a49e-cf1b152d7a85,
Carnatic,21b210ec-6161-47e6-96fa-64a8bdcfadc9,21b210ec-6161-47e6-96fa-64a8bdcfadc9,39821826-3327-41d7-9cd5-e22fe7b08360,Mōhanaṁ,21b210ec-6161-47e6-96fa-64a8bdcfadc9,
Carnatic,35b62e92-a2b3-48ad-8312-c1d262062b2d,35b62e92-a2b3-48ad-8312-c1d262062b2d,2165542c-45da-4301-af82-c2e7ddbe4768,Bilahari,35b62e92-a2b3-48ad-8312-c1d262062b2d,
Carnatic,faa698d4-40c2-4c2e-9a9a-ce28619d13f6,faa698d4-40c2-4c2e-9a9a-ce28619d13f6,e18fcaa7-1f9c-4f09-b627-0687481f4ec7,Ānandabhairavi,faa698d4-40c2-4c2e-9a9a-ce28619d13f6,
Carnatic,874a5b30-2eed-4760-8fba-431a4f290dcc,874a5b30-2eed-4760-8fba-431a4f290dcc,0277eae5-3411-4b22-9fa8-1b347e7528d1,Ṣanmukhapriya,874a5b30-2eed-4760-8fba-431a4f290dcc,
Carnatic,13e9f408-0984-471e-ab08-e781e9a13f1d,13e9f408-0984-471e-ab08-e781e9a13f1d,bdd80890-44f1-4a93-8d93-06a418781f97,Śrī,13e9f408-0984-471e-ab08-e781e9a13f1d,
Carnatic,bc6f2cbc-abe3-4bba-b4b4-a876710b7650,bc6f2cbc-abe3-4bba-b4b4-a876710b7650,85ccf631-4cdf-4f6c-a841-0edfcf4255d1,Kāmavardani,bc6f2cbc-abe3-4bba-b4b4-a876710b7650,
Carnatic,0cc1dc29-05af-42eb-8b87-7d15d706d7a6,0cc1dc29-05af-42eb-8b87-7d15d706d7a6,a9413dff-91d1-4e29-ad92-c04019dce5b8,Tōḍi,0cc1dc29-05af-42eb-8b87-7d15d706d7a6,
Carnatic,f72ca0c9-fd84-432a-9904-e6327220044f,f72ca0c9-fd84-432a-9904-e6327220044f,978f4c3c-6a12-43fd-8427-c414ee17b252,Mukhāri,f72ca0c9-fd84-432a-9904-e6327220044f,
Carnatic,5af4f0d2-9577-4059-aa79-c870bcdd0a6e,5af4f0d2-9577-4059-aa79-c870bcdd0a6e,700e1d92-7094-4c21-8a3b-d7b60c550edf,Behāg,5af4f0d2-9577-4059-aa79-c870bcdd0a6e,
Carnatic,32961da8-7899-43d8-9e18-afe9142dbcf0,32961da8-7899-43d8-9e18-afe9142dbcf0,ddff55ae-20f6-4d7d-ba9e-a6c10eeebd41,Yadukula kāṁbōji,32961da8-7899-43d8-9e18-afe9142dbcf0,
Carnatic,9b5b7fe8-178c-4af3-bcb7-6964d4511752,9b5b7fe8-178c-4af3-bcb7-6964d4511752,98d46d9e-5100-4f24-bcd4-d0f95966c7cb,Sindhubhairavi,9b5b7fe8-178c-4af3-bcb7-6964d4511752,
Carnatic,df035266-18b0-4609-95b0-544d315cf928,df035266-18b0-4609-95b0-544d315cf928,4ce0b18d-f4df-41cf-9b40-9166199506b4,Rītigauḷa,df035266-18b0-4609-95b0-544d315cf928,
Carnatic,4b327e7a-6146-4f44-a5ff-b4c099a8bfb5,4b327e7a-6146-4f44-a5ff-b4c099a8bfb5,0277eae5-3411-4b22-9fa8-1b347e7528d1,Ṣanmukhapriya,4b327e7a-6146-4f44-a5ff-b4c099a8bfb5,
Carnatic,25a4995d-43f1-49bd-8c54-a0011e4d8094,25a4995d-43f1-49bd-8c54-a0011e4d8094,bdd80890-44f1-4a93-8d93-06a418781f97,Śrī,25a4995d-43f1-49bd-8c54-a0011e4d8094,
Carnatic,f3ab2db7-3d30-432a-88d0-a21db4286468,f3ab2db7-3d30-432a-88d0-a21db4286468,98d46d9e-5100-4f24-bcd4-d0f95966c7cb,Sindhubhairavi,f3ab2db7-3d30-432a-88d0-a21db4286468,
Carnatic,288a73f9-c6eb-4425-a7f2-d20e0b607e84,288a73f9-c6eb-4425-a7f2-d20e0b607e84,b08475a2-1049-433a-be8f-105bf14718fb,Harikāmbhōji,288a73f9-c6eb-4425-a7f2-d20e0b607e84,
Carnatic,d81fb8b2-3222-49f9-aeb1-b46f733692ad,d81fb8b2-3222-49f9-aeb1-b46f733692ad,98d46d9e-5100-4f24-bcd4-d0f95966c7cb,Sindhubhairavi,d81fb8b2-3222-49f9-aeb1-b46f733692ad,
Carnatic,73e1c432-8129-4f68-89c3-4ae7a338d658,73e1c432-8129-4f68-89c3-4ae7a338d658,db085e26-665d-4f4c-a2a5-95251c22b69e,Pūrvīkaḷyāṇi,73e1c432-8129-4f68-89c3-4ae7a338d658,
Carnatic,4aedf807-1592-4d25-a5dc-d3f972e1a210,4aedf807-1592-4d25-a5dc-d3f972e1a210,bdd80890-44f1-4a93-8d93-06a418781f97,Śrī,4aedf807-1592-4d25-a5dc-d3f972e1a210,
Carnatic,71d1b4f4-d8d9-43f3-a901-672e9b438ebd,71d1b4f4-d8d9-43f3-a901-672e9b438ebd,df85a0a5-b1a8-42f1-a87b-3d7c7ee33fb4,Kēdāragauḷa,71d1b4f4-d8d9-43f3-a901-672e9b438ebd,
Carnatic,48916e31-9227-4af0-9adc-722f4f6696ce,48916e31-9227-4af0-9adc-722f4f6696ce,6345e8fe-7061-4bdc-842c-dcfd4a379820,Aṭāna,48916e31-9227-4af0-9adc-722f4f6696ce,
Carnatic,3c3e6280-30d0-4ed9-ab95-f06def0f7110,3c3e6280-30d0-4ed9-ab95-f06def0f7110,b08475a2-1049-433a-be8f-105bf14718fb,Harikāmbhōji,3c3e6280-30d0-4ed9-ab95-f06def0f7110,
Carnatic,507dee76-e260-469e-a4a8-122e69168333,507dee76-e260-469e-a4a8-122e69168333,a2f9f182-0ceb-4531-b286-b840b47a54b8,Śankarābharaṇaṁ,507dee76-e260-469e-a4a8-122e69168333,
Carnatic,cec7730b-e762-42db-bd1f-547466d85711,cec7730b-e762-42db-bd1f-547466d85711,5ce23030-f71d-4f5d-9d76-f91c2c182392,Dhanyāsi,cec7730b-e762-42db-bd1f-547466d85711,
Carnatic,225e1609-23af-44af-a360-5e1f5518caae,225e1609-23af-44af-a360-5e1f5518caae,9cedca68-4a9d-4170-bec3-0d1db1ff730e,Māyāmāḷavagauḷa,225e1609-23af-44af-a360-5e1f5518caae,
Carnatic,a5bd8893-27f6-4abe-9091-d11a70a0de31,a5bd8893-27f6-4abe-9091-d11a70a0de31,39821826-3327-41d7-9cd5-e22fe7b08360,Mōhanaṁ,a5bd8893-27f6-4abe-9091-d11a70a0de31,
Carnatic,48fd5c6f-5e4a-4035-b04e-ba792f5d0b50,48fd5c6f-5e4a-4035-b04e-ba792f5d0b50,18b1acb9-dff6-47ec-873a-b2086c8d268d,Madhyamāvati,48fd5c6f-5e4a-4035-b04e-ba792f5d0b50,
Carnatic,98b8d96f-9700-49f7-b30d-984ccf9294fd,98b8d96f-9700-49f7-b30d-984ccf9294fd,978f4c3c-6a12-43fd-8427-c414ee17b252,Mukhāri,98b8d96f-9700-49f7-b30d-984ccf9294fd,
Carnatic,7c2e1332-e81f-472c-84f9-882e1201f440,7c2e1332-e81f-472c-84f9-882e1201f440,993d6cf6-dc89-4d23-9a9f-8eeed1524872,Sahānā,7c2e1332-e81f-472c-84f9-882e1201f440,
Carnatic,02ad2973-28de-4695-af92-01d2acd604f5,02ad2973-28de-4695-af92-01d2acd604f5,a47e9d22-847a-46e8-b589-2a3537789f5f,Sāvēri,02ad2973-28de-4695-af92-01d2acd604f5,
Carnatic,cdfd8ced-ce49-4782-86b7-de6e1120749e,cdfd8ced-ce49-4782-86b7-de6e1120749e,42dd0ccb-f92a-4622-ae5d-a3be571b4939,Śrīranjani,cdfd8ced-ce49-4782-86b7-de6e1120749e,
Carnatic,0ded0c52-7f15-4140-b45a-ca829106d053,0ded0c52-7f15-4140-b45a-ca829106d053,0277eae5-3411-4b22-9fa8-1b347e7528d1,Ṣanmukhapriya,0ded0c52-7f15-4140-b45a-ca829106d053,
Carnatic,7f3e0c2c-ff3e-4a9a-853f-159269f88941,7f3e0c2c-ff3e-4a9a-853f-159269f88941,9cedca68-4a9d-4170-bec3-0d1db1ff730e,Māyāmāḷavagauḷa,7f3e0c2c-ff3e-4a9a-853f-159269f88941,
Carnatic,f8a59e96-d548-4ac1-bed6-9cee22fcf23a,f8a59e96-d548-4ac1-bed6-9cee22fcf23a,39821826-3327-41d7-9cd5-e22fe7b08360,Mōhanaṁ,f8a59e96-d548-4ac1-bed6-9cee22fcf23a,
Carnatic,d485028d-a42c-4a03-a5b9-c927b9eb8b85,d485028d-a42c-4a03-a5b9-c927b9eb8b85,f972db4d-5d16-4f9a-9841-f313e1601aaa,Karaharapriya,d485028d-a42c-4a03-a5b9-c927b9eb8b85,
Carnatic,22601164-1342-42ae-9a27-02a9a657bb55,22601164-1342-42ae-9a27-02a9a657bb55,0277eae5-3411-4b22-9fa8-1b347e7528d1,Ṣanmukhapriya,22601164-1342-42ae-9a27-02a9a657bb55,
Carnatic,cf329be4-2426-453e-91f3-6288f7a57e34,cf329be4-2426-453e-91f3-6288f7a57e34,123b09bd-9901-4e64-a65a-10b02c9e0597,Bhairavi,cf329be4-2426-453e-91f3-6288f7a57e34,
Carnatic,b9ba191d-5e96-4a6e-a185-5ecaf4f3eb58,b9ba191d-5e96-4a6e-a185-5ecaf4f3eb58,2165542c-45da-4301-af82-c2e7ddbe4768,Bilahari,b9ba191d-5e96-4a6e-a185-5ecaf4f3eb58,
Carnatic,64fe1441-a9a0-4a3f-86e6-91321958668e,64fe1441-a9a0-4a3f-86e6-91321958668e,85ccf631-4cdf-4f6c-a841-0edfcf4255d1,Kāmavardani,64fe1441-a9a0-4a3f-86e6-91321958668e,
Carnatic,09bd5b5f-1b57-4269-aa76-e3bb87471743,09bd5b5f-1b57-4269-aa76-e3bb87471743,e8a0bf54-13c6-4a09-922a-bfc744ddf38a,Varāḷi,09bd5b5f-1b57-4269-aa76-e3bb87471743,
Carnatic,4555a5d2-138f-4846-8528-7ecf62b2ebc3,4555a5d2-138f-4846-8528-7ecf62b2ebc3,a4ec6633-1050-4207-8313-b017194c8fa0,Kamās,4555a5d2-138f-4846-8528-7ecf62b2ebc3,
Carnatic,417965fd-81b5-4d00-8cad-f2eb3b9d9315,417965fd-81b5-4d00-8cad-f2eb3b9d9315,db085e26-665d-4f4c-a2a5-95251c22b69e,Pūrvīkaḷyāṇi,417965fd-81b5-4d00-8cad-f2eb3b9d9315,
Carnatic,d890ff13-7f25-4095-bc15-194af4e2d9a1,d890ff13-7f25-4095-bc15-194af4e2d9a1,700e1d92-7094-4c21-8a3b-d7b60c550edf,Behāg,d890ff13-7f25-4095-bc15-194af4e2d9a1,
Carnatic,1520c037-248b-46c8-8eab-65e31d3f3b08,1520c037-248b-46c8-8eab-65e31d3f3b08,f0866e71-33b2-47db-ab75-0808c41f2401,Kāṁbhōji,1520c037-248b-46c8-8eab-65e31d3f3b08,
Carnatic,bd9c9aef-6b6d-4138-aff5-724f123becd1,bd9c9aef-6b6d-4138-aff5-724f123becd1,e5c4d94a-b34a-42ef-acd7-f235612350e4,Gauḷa,bd9c9aef-6b6d-4138-aff5-724f123becd1,
Carnatic,9ba2ceb8-c6a0-4320-a0be-ed4e6783e810,9ba2ceb8-c6a0-4320-a0be-ed4e6783e810,9a071e54-3eed-48b2-83a3-1a3fd683b8e0,Kānaḍa,9ba2ceb8-c6a0-4320-a0be-ed4e6783e810,
Carnatic,900787dd-83ef-41b9-9d3e-f3ee1e505d52,900787dd-83ef-41b9-9d3e-f3ee1e505d52,c6b5f8d9-ebb4-46af-a020-6646fce2c77d,Sāma,900787dd-83ef-41b9-9d3e-f3ee1e505d52,
Carnatic,4e6cbf46-d311-4912-91cf-e74ea1f97929,4e6cbf46-d311-4912-91cf-e74ea1f97929,ddff55ae-20f6-4d7d-ba9e-a6c10eeebd41,Yadukula kāṁbōji,4e6cbf46-d311-4912-91cf-e74ea1f97929,
Carnatic,d6667e3e-752d-4553-89e9-aaa24064ae21,d6667e3e-752d-4553-89e9-aaa24064ae21,a9413dff-91d1-4e29-ad92-c04019dce5b8,Tōḍi,d6667e3e-752d-4553-89e9-aaa24064ae21,
Carnatic,06621248-2527-4295-ba08-fba2e7f086ca,06621248-2527-4295-ba08-fba2e7f086ca,b08475a2-1049-433a-be8f-105bf14718fb,Harikāmbhōji,06621248-2527-4295-ba08-fba2e7f086ca,
Carnatic,3f3e341e-38d7-4479-8780-359f8e554195,3f3e341e-38d7-4479-8780-359f8e554195,9cedca68-4a9d-4170-bec3-0d1db1ff730e,Māyāmāḷavagauḷa,3f3e341e-38d7-4479-8780-359f8e554195,
Carnatic,e86ad9e2-2b4b-442e-a069-6039d73529e9,e86ad9e2-2b4b-442e-a069-6039d73529e9,839bb6b4-1577-4a78-9e5d-4906c6453274,Suraṭi,e86ad9e2-2b4b-442e-a069-6039d73529e9,
Carnatic,705ebab8-cabd-4d6b-a12e-9fe4e2022613,705ebab8-cabd-4d6b-a12e-9fe4e2022613,39821826-3327-41d7-9cd5-e22fe7b08360,Mōhanaṁ,705ebab8-cabd-4d6b-a12e-9fe4e2022613,
Carnatic,6c860efd-82e8-4df5-8c54-ec212edeb888,6c860efd-82e8-4df5-8c54-ec212edeb888,df85a0a5-b1a8-42f1-a87b-3d7c7ee33fb4,Kēdāragauḷa,6c860efd-82e8-4df5-8c54-ec212edeb888,
Carnatic,6cbaa215-c8ac-416c-bbc7-2a04bf277843,6cbaa215-c8ac-416c-bbc7-2a04bf277843,df85a0a5-b1a8-42f1-a87b-3d7c7ee33fb4,Kēdāragauḷa,6cbaa215-c8ac-416c-bbc7-2a04bf277843,
Carnatic,d795d8e4-d91e-4f7b-a994-744433e5f5ed,d795d8e4-d91e-4f7b-a994-744433e5f5ed,3af5a361-923a-465d-864d-9c7ba0c04a47,Sencuruṭṭi,d795d8e4-d91e-4f7b-a994-744433e5f5ed,
Carnatic,3689ff42-2ed3-4d2f-b448-6083bdde2db5,3689ff42-2ed3-4d2f-b448-6083bdde2db5,df85a0a5-b1a8-42f1-a87b-3d7c7ee33fb4,Kēdāragauḷa,3689ff42-2ed3-4d2f-b448-6083bdde2db5,
Carnatic,f807bd1b-f80b-4d0f-b7a7-984ef7b0599c,f807bd1b-f80b-4d0f-b7a7-984ef7b0599c,9a071e54-3eed-48b2-83a3-1a3fd683b8e0,Kānaḍa,f807bd1b-f80b-4d0f-b7a7-984ef7b0599c,
Carnatic,0f2006e9-ce85-47c2-a45b-de3586662d99,0f2006e9-ce85-47c2-a45b-de3586662d99,e5c4d94a-b34a-42ef-acd7-f235612350e4,Gauḷa,0f2006e9-ce85-47c2-a45b-de3586662d99,
Carnatic,424bbbd7-371e-4963-b763-032fbb128d41,424bbbd7-371e-4963-b763-032fbb128d41,cda9cbe9-c1aa-42bb-8b4c-e9dfc8af133c,Nāṭakurinji,424bbbd7-371e-4963-b763-032fbb128d41,
Carnatic,5c6025b5-9d32-4e99-85b5-b354837b90d7,5c6025b5-9d32-4e99-85b5-b354837b90d7,50bd048f-4482-4c5b-850c-9ad5e5ec46f1,Hussēnī,5c6025b5-9d32-4e99-85b5-b354837b90d7,
Carnatic,e5c3c2c7-ffde-487e-93f0-de356d719c22,e5c3c2c7-ffde-487e-93f0-de356d719c22,f972db4d-5d16-4f9a-9841-f313e1601aaa,Karaharapriya,e5c3c2c7-ffde-487e-93f0-de356d719c22,
Carnatic,c29f2085-b51f-4ec6-a977-879538a29549,c29f2085-b51f-4ec6-a977-879538a29549,839bb6b4-1577-4a78-9e5d-4906c6453274,Suraṭi,c29f2085-b51f-4ec6-a977-879538a29549,
Carnatic,e2548ebd-d52d-4343-b78d-fa32e337362d,e2548ebd-d52d-4343-b78d-fa32e337362d,df85a0a5-b1a8-42f1-a87b-3d7c7ee33fb4,Kēdāragauḷa,e2548ebd-d52d-4343-b78d-fa32e337362d,
Carnatic,6c8e13df-972a-4385-9a97-097f75c80576,6c8e13df-972a-4385-9a97-097f75c80576,50bd048f-4482-4c5b-850c-9ad5e5ec46f1,Hussēnī,6c8e13df-972a-4385-9a97-097f75c80576,
Carnatic,4a596435-7fa4-43c7-9739-ddf281947868,4a596435-7fa4-43c7-9739-ddf281947868,cda9cbe9-c1aa-42bb-8b4c-e9dfc8af133c,Nāṭakurinji,4a596435-7fa4-43c7-9739-ddf281947868,
Carnatic,1e6adf52-e4e4-4835-9117-4babaa58e9e0,1e6adf52-e4e4-4835-9117-4babaa58e9e0,839bb6b4-1577-4a78-9e5d-4906c6453274,Suraṭi,1e6adf52-e4e4-4835-9117-4babaa58e9e0,
Carnatic,ce814724-6dd5-4fe0-8526-616e4f89b3e2,ce814724-6dd5-4fe0-8526-616e4f89b3e2,4ce0b18d-f4df-41cf-9b40-9166199506b4,Rītigauḷa,ce814724-6dd5-4fe0-8526-616e4f89b3e2,
Carnatic,523a60bf-3060-4e07-9907-0435b76114be,523a60bf-3060-4e07-9907-0435b76114be,85ccf631-4cdf-4f6c-a841-0edfcf4255d1,Kāmavardani,523a60bf-3060-4e07-9907-0435b76114be,
Carnatic,029adb58-0f47-4c96-8f12-b7e31fc889bb,029adb58-0f47-4c96-8f12-b7e31fc889bb,4ce0b18d-f4df-41cf-9b40-9166199506b4,Rītigauḷa,029adb58-0f47-4c96-8f12-b7e31fc889bb,
Carnatic,b28b4219-04e4-44e3-a37e-25f94705a594,b28b4219-04e4-44e3-a37e-25f94705a594,3af5a361-923a-465d-864d-9c7ba0c04a47,Sencuruṭṭi,b28b4219-04e4-44e3-a37e-25f94705a594,
Carnatic,de53bd66-536b-4929-88b1-9fe07eaa0121,de53bd66-536b-4929-88b1-9fe07eaa0121,e8a0bf54-13c6-4a09-922a-bfc744ddf38a,Varāḷi,de53bd66-536b-4929-88b1-9fe07eaa0121,
Carnatic,ac58786c-3938-4d93-9e9f-bbc3a56265fa,ac58786c-3938-4d93-9e9f-bbc3a56265fa,18b1acb9-dff6-47ec-873a-b2086c8d268d,Madhyamāvati,ac58786c-3938-4d93-9e9f-bbc3a56265fa,
Carnatic,1634762f-a482-473c-935c-7883f16f26cb,1634762f-a482-473c-935c-7883f16f26cb,978f4c3c-6a12-43fd-8427-c414ee17b252,Mukhāri,1634762f-a482-473c-935c-7883f16f26cb,
Carnatic,507cb9b4-36c9-449a-a7e5-31d6b26ca1ff,507cb9b4-36c9-449a-a7e5-31d6b26ca1ff,f972db4d-5d16-4f9a-9841-f313e1601aaa,Karaharapriya,507cb9b4-36c9-449a-a7e5-31d6b26ca1ff,
Carnatic,bc4fe9b6-0ccd-4c84-b591-d035b9369993,bc4fe9b6-0ccd-4c84-b591-d035b9369993,c6b5f8d9-ebb4-46af-a020-6646fce2c77d,Sāma,bc4fe9b6-0ccd-4c84-b591-d035b9369993,
Carnatic,0f212bc3-4ea9-47ef-baa2-b696ca7a2f90,0f212bc3-4ea9-47ef-baa2-b696ca7a2f90,e18fcaa7-1f9c-4f09-b627-0687481f4ec7,Ānandabhairavi,0f212bc3-4ea9-47ef-baa2-b696ca7a2f90,
Carnatic,7970115a-cc46-4678-a067-e47236435ba7,7970115a-cc46-4678-a067-e47236435ba7,c6b5f8d9-ebb4-46af-a020-6646fce2c77d,Sāma,7970115a-cc46-4678-a067-e47236435ba7,
Carnatic,6f5c24f4-e570-436f-a8a9-b2a3d74a34d2,6f5c24f4-e570-436f-a8a9-b2a3d74a34d2,9cedca68-4a9d-4170-bec3-0d1db1ff730e,Māyāmāḷavagauḷa,6f5c24f4-e570-436f-a8a9-b2a3d74a34d2,
Carnatic,dc1c1ce3-3267-4561-920d-9ea6b157cfdf,dc1c1ce3-3267-4561-920d-9ea6b157cfdf,cda9cbe9-c1aa-42bb-8b4c-e9dfc8af133c,Nāṭakurinji,dc1c1ce3-3267-4561-920d-9ea6b157cfdf,
Carnatic,8ee9abee-f169-4b75-a742-11072917b8ed,8ee9abee-f169-4b75-a742-11072917b8ed,df85a0a5-b1a8-42f1-a87b-3d7c7ee33fb4,Kēdāragauḷa,8ee9abee-f169-4b75-a742-11072917b8ed,
Carnatic,0096a390-e1dd-4e29-a4c9-2e92352535c4,0096a390-e1dd-4e29-a4c9-2e92352535c4,09c179f3-8b19-4792-a852-e9fa0090e409,Kāpi,0096a390-e1dd-4e29-a4c9-2e92352535c4,
Carnatic,57c51790-e088-4790-ab35-a6aa67822157,57c51790-e088-4790-ab35-a6aa67822157,9a071e54-3eed-48b2-83a3-1a3fd683b8e0,Kānaḍa,57c51790-e088-4790-ab35-a6aa67822157,
Carnatic,e94896a8-a5a8-4e9e-b5e9-3e5f2e956900,e94896a8-a5a8-4e9e-b5e9-3e5f2e956900,9ebeb536-30a7-403f-8042-f7c1445c4b87,Nāṭa,e94896a8-a5a8-4e9e-b5e9-3e5f2e956900,
Carnatic,cd85cecd-3acf-48a9-8eb0-f6ffda52cfa1,cd85cecd-3acf-48a9-8eb0-f6ffda52cfa1,bdd80890-44f1-4a93-8d93-06a418781f97,Śrī,cd85cecd-3acf-48a9-8eb0-f6ffda52cfa1,
Carnatic,9f74f37a-0763-4098-9a15-928911c59f7d,9f74f37a-0763-4098-9a15-928911c59f7d,e5c4d94a-b34a-42ef-acd7-f235612350e4,Gauḷa,9f74f37a-0763-4098-9a15-928911c59f7d,
Carnatic,e25c4aff-c744-4011-8087-935b9c648dca,e25c4aff-c744-4011-8087-935b9c648dca,700e1d92-7094-4c21-8a3b-d7b60c550edf,Behāg,e25c4aff-c744-4011-8087-935b9c648dca,
Carnatic,4b1065d7-084a-437c-bae5-f6e9f3b9f71c,4b1065d7-084a-437c-bae5-f6e9f3b9f71c,c6b5f8d9-ebb4-46af-a020-6646fce2c77d,Sāma,4b1065d7-084a-437c-bae5-f6e9f3b9f71c,
Carnatic,73ecd4a2-fb9d-4c4d-a7c6-12490e6b1d3f,73ecd4a2-fb9d-4c4d-a7c6-12490e6b1d3f,df85a0a5-b1a8-42f1-a87b-3d7c7ee33fb4,Kēdāragauḷa,73ecd4a2-fb9d-4c4d-a7c6-12490e6b1d3f,
Carnatic,ff769ac1-cc9f-4ff2-a5f5-1392d8f885e4,ff769ac1-cc9f-4ff2-a5f5-1392d8f885e4,993d6cf6-dc89-4d23-9a9f-8eeed1524872,Sahānā,ff769ac1-cc9f-4ff2-a5f5-1392d8f885e4,
Carnatic,6e615445-2878-4441-8d71-f4d5cbbf252c,6e615445-2878-4441-8d71-f4d5cbbf252c,db085e26-665d-4f4c-a2a5-95251c22b69e,Pūrvīkaḷyāṇi,6e615445-2878-4441-8d71-f4d5cbbf252c,
Carnatic,bdc67542-86ca-4d8c-9733-987ce8c6f3a2,bdc67542-86ca-4d8c-9733-987ce8c6f3a2,a9413dff-91d1-4e29-ad92-c04019dce5b8,Tōḍi,bdc67542-86ca-4d8c-9733-987ce8c6f3a2,
Carnatic,ca5c5c46-47d9-4fa9-a5d8-ab6120940a6d,ca5c5c46-47d9-4fa9-a5d8-ab6120940a6d,0277eae5-3411-4b22-9fa8-1b347e7528d1,Ṣanmukhapriya,ca5c5c46-47d9-4fa9-a5d8-ab6120940a6d,
Carnatic,e9b19186-37a9-4048-855b-5d61446a65b8,e9b19186-37a9-4048-855b-5d61446a65b8,6345e8fe-7061-4bdc-842c-dcfd4a379820,Aṭāna,e9b19186-37a9-4048-855b-5d61446a65b8,
Carnatic,a3a507b9-658f-402e-b11f-4ad4f90f2fa8,a3a507b9-658f-402e-b11f-4ad4f90f2fa8,b08475a2-1049-433a-be8f-105bf14718fb,Harikāmbhōji,a3a507b9-658f-402e-b11f-4ad4f90f2fa8,
Carnatic,189d1ce0-1c6d-4038-b28f-d55245039fcd,189d1ce0-1c6d-4038-b28f-d55245039fcd,aa5f376f-06cd-4a69-9cc9-b1077104e0b0,Bēgaḍa,189d1ce0-1c6d-4038-b28f-d55245039fcd,
Carnatic,5269b678-e274-4732-a906-4b17607df9c3,5269b678-e274-4732-a906-4b17607df9c3,defad4cc-48aa-4372-a31a-c43624930713,Dēvagāndhāri,5269b678-e274-4732-a906-4b17607df9c3,
Carnatic,5c24dc68-51e2-4ce5-a7c7-74f160482e2b,5c24dc68-51e2-4ce5-a7c7-74f160482e2b,aa5f376f-06cd-4a69-9cc9-b1077104e0b0,Bēgaḍa,5c24dc68-51e2-4ce5-a7c7-74f160482e2b,
Carnatic,6c3bec9b-0afd-4033-a15c-7134205b2a7e,6c3bec9b-0afd-4033-a15c-7134205b2a7e,a4ec6633-1050-4207-8313-b017194c8fa0,Kamās,6c3bec9b-0afd-4033-a15c-7134205b2a7e,
Carnatic,58c2c5cf-b258-4f32-a15a-6a9f2b5acd88,58c2c5cf-b258-4f32-a15a-6a9f2b5acd88,f972db4d-5d16-4f9a-9841-f313e1601aaa,Karaharapriya,58c2c5cf-b258-4f32-a15a-6a9f2b5acd88,
Carnatic,60e79cac-afd0-4b3f-ab90-6c925583a60c,60e79cac-afd0-4b3f-ab90-6c925583a60c,b08475a2-1049-433a-be8f-105bf14718fb,Harikāmbhōji,60e79cac-afd0-4b3f-ab90-6c925583a60c,
Carnatic,06877163-9cb0-4f0f-b43c-e2892498e891,06877163-9cb0-4f0f-b43c-e2892498e891,18b1acb9-dff6-47ec-873a-b2086c8d268d,Madhyamāvati,06877163-9cb0-4f0f-b43c-e2892498e891,
Carnatic,c850653f-357e-402b-aa22-07f2f5fc85a1,c850653f-357e-402b-aa22-07f2f5fc85a1,98d46d9e-5100-4f24-bcd4-d0f95966c7cb,Sindhubhairavi,c850653f-357e-402b-aa22-07f2f5fc85a1,
Carnatic,7f27f2a1-9fc9-4985-9110-7d28284a577c,7f27f2a1-9fc9-4985-9110-7d28284a577c,42dd0ccb-f92a-4622-ae5d-a3be571b4939,Śrīranjani,7f27f2a1-9fc9-4985-9110-7d28284a577c,
Carnatic,d554c4c1-b126-425a-9edd-ece4a02641f8,d554c4c1-b126-425a-9edd-ece4a02641f8,bdd80890-44f1-4a93-8d93-06a418781f97,Śrī,d554c4c1-b126-425a-9edd-ece4a02641f8,
Carnatic,fb46590f-2ebe-4d45-bbeb-143b5d9a1240,fb46590f-2ebe-4d45-bbeb-143b5d9a1240,839bb6b4-1577-4a78-9e5d-4906c6453274,Suraṭi,fb46590f-2ebe-4d45-bbeb-143b5d9a1240,
Carnatic,1f33403a-d774-4338-9414-5353e22419d4,1f33403a-d774-4338-9414-5353e22419d4,a9413dff-91d1-4e29-ad92-c04019dce5b8,Tōḍi,1f33403a-d774-4338-9414-5353e22419d4,
Carnatic,6f0a54e1-4dc0-4b3e-9482-94670862d8bf,6f0a54e1-4dc0-4b3e-9482-94670862d8bf,f0866e71-33b2-47db-ab75-0808c41f2401,Kāṁbhōji,6f0a54e1-4dc0-4b3e-9482-94670862d8bf,
Carnatic,eab9870a-5dcb-4711-874a-6b27420d7f9b,eab9870a-5dcb-4711-874a-6b27420d7f9b,4ce0b18d-f4df-41cf-9b40-9166199506b4,Rītigauḷa,eab9870a-5dcb-4711-874a-6b27420d7f9b,
Carnatic,34954764-c897-48c6-b8d2-f50b682e29d8,34954764-c897-48c6-b8d2-f50b682e29d8,a2f9f182-0ceb-4531-b286-b840b47a54b8,Śankarābharaṇaṁ,34954764-c897-48c6-b8d2-f50b682e29d8,
Carnatic,2bade8d8-1cfa-4076-9329-98f7cacc65a0,2bade8d8-1cfa-4076-9329-98f7cacc65a0,f0866e71-33b2-47db-ab75-0808c41f2401,Kāṁbhōji,2bade8d8-1cfa-4076-9329-98f7cacc65a0,
Carnatic,955574f7-453e-4625-862d-fc277409b52f,955574f7-453e-4625-862d-fc277409b52f,bf4662d4-25c3-4cad-9249-4de2dc513c06,Kalyāṇi,955574f7-453e-4625-862d-fc277409b52f,
Carnatic,378ab482-9d87-47b7-9471-5f5c65923339,378ab482-9d87-47b7-9471-5f5c65923339,978f4c3c-6a12-43fd-8427-c414ee17b252,Mukhāri,378ab482-9d87-47b7-9471-5f5c65923339,
Carnatic,56946cdc-f9ea-4951-8033-4e6c9d2151a4,56946cdc-f9ea-4951-8033-4e6c9d2151a4,98d46d9e-5100-4f24-bcd4-d0f95966c7cb,Sindhubhairavi,56946cdc-f9ea-4951-8033-4e6c9d2151a4,
Carnatic,c44e3435-ac80-4543-bdea-fa975ca3480f,c44e3435-ac80-4543-bdea-fa975ca3480f,18b1acb9-dff6-47ec-873a-b2086c8d268d,Madhyamāvati,c44e3435-ac80-4543-bdea-fa975ca3480f,
Carnatic,68f2f8bf-c53f-4180-95b1-4ee08a94b7bd,68f2f8bf-c53f-4180-95b1-4ee08a94b7bd,e8a0bf54-13c6-4a09-922a-bfc744ddf38a,Varāḷi,68f2f8bf-c53f-4180-95b1-4ee08a94b7bd,
Carnatic,5020d866-f282-41d6-b653-39f930f83c8c,5020d866-f282-41d6-b653-39f930f83c8c,85ccf631-4cdf-4f6c-a841-0edfcf4255d1,Kāmavardani,5020d866-f282-41d6-b653-39f930f83c8c,
Carnatic,17b24021-3716-4de5-907c-8105e0219647,17b24021-3716-4de5-907c-8105e0219647,9a071e54-3eed-48b2-83a3-1a3fd683b8e0,Kānaḍa,17b24021-3716-4de5-907c-8105e0219647,
Carnatic,b9a9e691-9dda-4991-b2c7-d114a56e3ff1,b9a9e691-9dda-4991-b2c7-d114a56e3ff1,ddff55ae-20f6-4d7d-ba9e-a6c10eeebd41,Yadukula kāṁbōji,b9a9e691-9dda-4991-b2c7-d114a56e3ff1,
Carnatic,9f5a5452-14cb-4af0-9289-4833854ee60d,9f5a5452-14cb-4af0-9289-4833854ee60d,42dd0ccb-f92a-4622-ae5d-a3be571b4939,Śrīranjani,9f5a5452-14cb-4af0-9289-4833854ee60d,
Carnatic,e692d4fb-cf20-4d4f-a40f-d538d61f10b3,e692d4fb-cf20-4d4f-a40f-d538d61f10b3,a9413dff-91d1-4e29-ad92-c04019dce5b8,Tōḍi,e692d4fb-cf20-4d4f-a40f-d538d61f10b3,
Carnatic,08f924be-a91c-4493-9d95-63260cb5c8f4,08f924be-a91c-4493-9d95-63260cb5c8f4,cda9cbe9-c1aa-42bb-8b4c-e9dfc8af133c,Nāṭakurinji,08f924be-a91c-4493-9d95-63260cb5c8f4,
Carnatic,da9db033-54a1-4b1b-8fc1-6f7635002e61,da9db033-54a1-4b1b-8fc1-6f7635002e61,2165542c-45da-4301-af82-c2e7ddbe4768,Bilahari,da9db033-54a1-4b1b-8fc1-6f7635002e61,
Carnatic,698d6fc2-4b81-480b-bc31-59581da78316,698d6fc2-4b81-480b-bc31-59581da78316,978f4c3c-6a12-43fd-8427-c414ee17b252,Mukhāri,698d6fc2-4b81-480b-bc31-59581da78316,
Carnatic,366d4d2b-c450-4f3e-be3c-ab069c18aeb8,366d4d2b-c450-4f3e-be3c-ab069c18aeb8,978f4c3c-6a12-43fd-8427-c414ee17b252,Mukhāri,366d4d2b-c450-4f3e-be3c-ab069c18aeb8,
Carnatic,fb839656-ac38-44a3-81d7-babaafd864cc,fb839656-ac38-44a3-81d7-babaafd864cc,defad4cc-48aa-4372-a31a-c43624930713,Dēvagāndhāri,fb839656-ac38-44a3-81d7-babaafd864cc,
Carnatic,d6b02b8d-ae96-4a43-a8a5-2cc830761cce,d6b02b8d-ae96-4a43-a8a5-2cc830761cce,09c179f3-8b19-4792-a852-e9fa0090e409,Kāpi,d6b02b8d-ae96-4a43-a8a5-2cc830761cce,
Carnatic,bae68558-8dc9-4eb5-a62a-94ef084f8e20,bae68558-8dc9-4eb5-a62a-94ef084f8e20,2165542c-45da-4301-af82-c2e7ddbe4768,Bilahari,bae68558-8dc9-4eb5-a62a-94ef084f8e20,
Carnatic,f9a48fa0-0392-4f00-af73-dfdc5b464744,f9a48fa0-0392-4f00-af73-dfdc5b464744,39821826-3327-41d7-9cd5-e22fe7b08360,Mōhanaṁ,f9a48fa0-0392-4f00-af73-dfdc5b464744,
Carnatic,09695a4a-ae57-4b99-9baf-cb473dfd7e74,09695a4a-ae57-4b99-9baf-cb473dfd7e74,42dd0ccb-f92a-4622-ae5d-a3be571b4939,Śrīranjani,09695a4a-ae57-4b99-9baf-cb473dfd7e74,
Carnatic,56c85b63-ffa3-4ba4-8112-6ffcfb387162,56c85b63-ffa3-4ba4-8112-6ffcfb387162,c6b5f8d9-ebb4-46af-a020-6646fce2c77d,Sāma,56c85b63-ffa3-4ba4-8112-6ffcfb387162,
Carnatic,54efb599-d288-4fb6-b94c-697d135d88e8,54efb599-d288-4fb6-b94c-697d135d88e8,a9413dff-91d1-4e29-ad92-c04019dce5b8,Tōḍi,54efb599-d288-4fb6-b94c-697d135d88e8,
Carnatic,170970da-a19a-462d-8dae-4ece614f2780,170970da-a19a-462d-8dae-4ece614f2780,b08475a2-1049-433a-be8f-105bf14718fb,Harikāmbhōji,170970da-a19a-462d-8dae-4ece614f2780,
Carnatic,1e2f83ca-b0ce-4f12-a571-037cdc676738,1e2f83ca-b0ce-4f12-a571-037cdc676738,9ebeb536-30a7-403f-8042-f7c1445c4b87,Nāṭa,1e2f83ca-b0ce-4f12-a571-037cdc676738,
Carnatic,5c9a2570-96d7-47c9-8370-4f3162e8f899,5c9a2570-96d7-47c9-8370-4f3162e8f899,f972db4d-5d16-4f9a-9841-f313e1601aaa,Karaharapriya,5c9a2570-96d7-47c9-8370-4f3162e8f899,
Carnatic,59e46971-2162-432a-88d8-e0ced845c424,59e46971-2162-432a-88d8-e0ced845c424,bdd80890-44f1-4a93-8d93-06a418781f97,Śrī,59e46971-2162-432a-88d8-e0ced845c424,
Carnatic,442715a3-31f8-494a-a694-9c571e7c38ea,442715a3-31f8-494a-a694-9c571e7c38ea,ddff55ae-20f6-4d7d-ba9e-a6c10eeebd41,Yadukula kāṁbōji,442715a3-31f8-494a-a694-9c571e7c38ea,
Carnatic,4669d3e9-73a4-4fee-a2a8-4895c63f07fc,4669d3e9-73a4-4fee-a2a8-4895c63f07fc,aa5f376f-06cd-4a69-9cc9-b1077104e0b0,Bēgaḍa,4669d3e9-73a4-4fee-a2a8-4895c63f07fc,
Carnatic,c1ac37ed-c877-4d86-b1ad-ccf1499adc16,c1ac37ed-c877-4d86-b1ad-ccf1499adc16,6345e8fe-7061-4bdc-842c-dcfd4a379820,Aṭāna,c1ac37ed-c877-4d86-b1ad-ccf1499adc16,
Carnatic,8086a3cb-fe50-40a5-9338-f6b3d42b0ca8,8086a3cb-fe50-40a5-9338-f6b3d42b0ca8,e5c4d94a-b34a-42ef-acd7-f235612350e4,Gauḷa,8086a3cb-fe50-40a5-9338-f6b3d42b0ca8,
Carnatic,f6b18423-2401-439b-b2f6-6c0156a5a05c,f6b18423-2401-439b-b2f6-6c0156a5a05c,50bd048f-4482-4c5b-850c-9ad5e5ec46f1,Hussēnī,f6b18423-2401-439b-b2f6-6c0156a5a05c,
Carnatic,41a138f7-59a4-4ef9-ae37-5b9fd097269c,41a138f7-59a4-4ef9-ae37-5b9fd097269c,a4ec6633-1050-4207-8313-b017194c8fa0,Kamās,41a138f7-59a4-4ef9-ae37-5b9fd097269c,
Carnatic,9d8a5fd9-0a2d-4411-aff4-ca67698a27ec,9d8a5fd9-0a2d-4411-aff4-ca67698a27ec,f972db4d-5d16-4f9a-9841-f313e1601aaa,Karaharapriya,9d8a5fd9-0a2d-4411-aff4-ca67698a27ec,
Carnatic,738433ad-9009-44df-80c0-6febc57e4ce8,738433ad-9009-44df-80c0-6febc57e4ce8,f0866e71-33b2-47db-ab75-0808c41f2401,Kāṁbhōji,738433ad-9009-44df-80c0-6febc57e4ce8,
Carnatic,87d2a5b0-59cf-4c4d-8e85-2215fd5924de,87d2a5b0-59cf-4c4d-8e85-2215fd5924de,a9413dff-91d1-4e29-ad92-c04019dce5b8,Tōḍi,87d2a5b0-59cf-4c4d-8e85-2215fd5924de,
Carnatic,74e4dea1-0300-4497-bdbb-48048c7be415,74e4dea1-0300-4497-bdbb-48048c7be415,839bb6b4-1577-4a78-9e5d-4906c6453274,Suraṭi,74e4dea1-0300-4497-bdbb-48048c7be415,
Carnatic,8bb870f5-f6b5-4219-8df4-244346508a1e,8bb870f5-f6b5-4219-8df4-244346508a1e,6345e8fe-7061-4bdc-842c-dcfd4a379820,Aṭāna,8bb870f5-f6b5-4219-8df4-244346508a1e,
Carnatic,4f54c24e-3109-4e54-9780-768ccc5a0b52,4f54c24e-3109-4e54-9780-768ccc5a0b52,db085e26-665d-4f4c-a2a5-95251c22b69e,Pūrvīkaḷyāṇi,4f54c24e-3109-4e54-9780-768ccc5a0b52,
Carnatic,d82f13b6-390f-467e-bd35-dc040b6667e3,d82f13b6-390f-467e-bd35-dc040b6667e3,85ccf631-4cdf-4f6c-a841-0edfcf4255d1,Kāmavardani,d82f13b6-390f-467e-bd35-dc040b6667e3,
Carnatic,bce736e0-4ec1-4b08-b3c2-94c6709ae066,bce736e0-4ec1-4b08-b3c2-94c6709ae066,39821826-3327-41d7-9cd5-e22fe7b08360,Mōhanaṁ,bce736e0-4ec1-4b08-b3c2-94c6709ae066,
Carnatic,2922757b-5a42-48b9-9f2e-7a4ae6b6073c,2922757b-5a42-48b9-9f2e-7a4ae6b6073c,a2f9f182-0ceb-4531-b286-b840b47a54b8,Śankarābharaṇaṁ,2922757b-5a42-48b9-9f2e-7a4ae6b6073c,
Carnatic,32806112-2104-4df2-972e-a527be20e82a,32806112-2104-4df2-972e-a527be20e82a,123b09bd-9901-4e64-a65a-10b02c9e0597,Bhairavi,32806112-2104-4df2-972e-a527be20e82a,
Carnatic,1d04eed5-b4b4-45d7-9103-3fa52cbd520d,1d04eed5-b4b4-45d7-9103-3fa52cbd520d,993d6cf6-dc89-4d23-9a9f-8eeed1524872,Sahānā,1d04eed5-b4b4-45d7-9103-3fa52cbd520d,
Carnatic,512e78a4-5314-4ad8-b9ba-80644684891c,512e78a4-5314-4ad8-b9ba-80644684891c,3af5a361-923a-465d-864d-9c7ba0c04a47,Sencuruṭṭi,512e78a4-5314-4ad8-b9ba-80644684891c,
Carnatic,4dbae837-0d98-4921-b45c-e3be48a1f9b0,4dbae837-0d98-4921-b45c-e3be48a1f9b0,700e1d92-7094-4c21-8a3b-d7b60c550edf,Behāg,4dbae837-0d98-4921-b45c-e3be48a1f9b0,
Carnatic,dd4a77c6-1a5e-4784-80cd-f82e0a53654a,dd4a77c6-1a5e-4784-80cd-f82e0a53654a,ddff55ae-20f6-4d7d-ba9e-a6c10eeebd41,Yadukula kāṁbōji,dd4a77c6-1a5e-4784-80cd-f82e0a53654a,
Carnatic,86a880c8-7d18-445c-b107-9bec44cbc3c9,86a880c8-7d18-445c-b107-9bec44cbc3c9,18b1acb9-dff6-47ec-873a-b2086c8d268d,Madhyamāvati,86a880c8-7d18-445c-b107-9bec44cbc3c9,
Carnatic,c44b016a-aa9f-48f9-8007-175b7b38bd54,c44b016a-aa9f-48f9-8007-175b7b38bd54,e8a0bf54-13c6-4a09-922a-bfc744ddf38a,Varāḷi,c44b016a-aa9f-48f9-8007-175b7b38bd54,
Carnatic,902b21c0-985b-4b6b-a30e-c3c505b69fb1,902b21c0-985b-4b6b-a30e-c3c505b69fb1,9ebeb536-30a7-403f-8042-f7c1445c4b87,Nāṭa,902b21c0-985b-4b6b-a30e-c3c505b69fb1,
Carnatic,68d1c809-bfbc-4077-888e-c115bcfaedc1,68d1c809-bfbc-4077-888e-c115bcfaedc1,cda9cbe9-c1aa-42bb-8b4c-e9dfc8af133c,Nāṭakurinji,68d1c809-bfbc-4077-888e-c115bcfaedc1,
Carnatic,86eed816-376a-4e69-a81a-da7c5fbea820,86eed816-376a-4e69-a81a-da7c5fbea820,839bb6b4-1577-4a78-9e5d-4906c6453274,Suraṭi,86eed816-376a-4e69-a81a-da7c5fbea820,
Carnatic,9163a2a8-333e-45d6-b182-c8cd06ce582c,9163a2a8-333e-45d6-b182-c8cd06ce582c,defad4cc-48aa-4372-a31a-c43624930713,Dēvagāndhāri,9163a2a8-333e-45d6-b182-c8cd06ce582c,
Carnatic,0ba5d4d1-037b-4dcc-ae0c-c832a7681b89,0ba5d4d1-037b-4dcc-ae0c-c832a7681b89,f0866e71-33b2-47db-ab75-0808c41f2401,Kāṁbhōji,0ba5d4d1-037b-4dcc-ae0c-c832a7681b89,
Carnatic,92c61c93-4a02-457e-8416-30af03d207dd,92c61c93-4a02-457e-8416-30af03d207dd,09c179f3-8b19-4792-a852-e9fa0090e409,Kāpi,92c61c93-4a02-457e-8416-30af03d207dd,
Carnatic,f703d83f-374c-41e7-a9fe-92b10c5678cf,f703d83f-374c-41e7-a9fe-92b10c5678cf,bf4662d4-25c3-4cad-9249-4de2dc513c06,Kalyāṇi,f703d83f-374c-41e7-a9fe-92b10c5678cf,
Carnatic,2c666f9b-17ae-4b27-8d29-a2bb49c2c2f5,2c666f9b-17ae-4b27-8d29-a2bb49c2c2f5,09c179f3-8b19-4792-a852-e9fa0090e409,Kāpi,2c666f9b-17ae-4b27-8d29-a2bb49c2c2f5,
Carnatic,e4bb9f6a-495a-4f6f-9618-9d86a9693bc2,e4bb9f6a-495a-4f6f-9618-9d86a9693bc2,c6b5f8d9-ebb4-46af-a020-6646fce2c77d,Sāma,e4bb9f6a-495a-4f6f-9618-9d86a9693bc2,
Carnatic,6ba73b55-24e8-4efd-befc-1c8c163f2e17,6ba73b55-24e8-4efd-befc-1c8c163f2e17,9ebeb536-30a7-403f-8042-f7c1445c4b87,Nāṭa,6ba73b55-24e8-4efd-befc-1c8c163f2e17,
Carnatic,96ea7753-a2cc-4cf5-be0e-042acd56d29c,96ea7753-a2cc-4cf5-be0e-042acd56d29c,0277eae5-3411-4b22-9fa8-1b347e7528d1,Ṣanmukhapriya,96ea7753-a2cc-4cf5-be0e-042acd56d29c,
Carnatic,f40e7c2f-39da-4d98-8db6-4fb2739a87bf,f40e7c2f-39da-4d98-8db6-4fb2739a87bf,2165542c-45da-4301-af82-c2e7ddbe4768,Bilahari,f40e7c2f-39da-4d98-8db6-4fb2739a87bf,
Carnatic,1c0836c6-d7d8-4ceb-96c5-9c968cd41442,1c0836c6-d7d8-4ceb-96c5-9c968cd41442,e8a0bf54-13c6-4a09-922a-bfc744ddf38a,Varāḷi,1c0836c6-d7d8-4ceb-96c5-9c968cd41442,
Carnatic,b981ddfa-9899-4740-8190-21eb7b15548b,b981ddfa-9899-4740-8190-21eb7b15548b,2165542c-45da-4301-af82-c2e7ddbe4768,Bilahari,b981ddfa-9899-4740-8190-21eb7b15548b,
Carnatic,7e8015eb-ca83-464d-aec6-ee0f50ab1186,7e8015eb-ca83-464d-aec6-ee0f50ab1186,e8a0bf54-13c6-4a09-922a-bfc744ddf38a,Varāḷi,7e8015eb-ca83-464d-aec6-ee0f50ab1186,
Carnatic,6fb9eab4-fcb3-4488-8222-8cc7acdf7133,6fb9eab4-fcb3-4488-8222-8cc7acdf7133,a47e9d22-847a-46e8-b589-2a3537789f5f,Sāvēri,6fb9eab4-fcb3-4488-8222-8cc7acdf7133,
Carnatic,f82168ed-a0b1-4937-82d6-49c162609e10,f82168ed-a0b1-4937-82d6-49c162609e10,f972db4d-5d16-4f9a-9841-f313e1601aaa,Karaharapriya,f82168ed-a0b1-4937-82d6-49c162609e10,
Carnatic,97bdb44f-962c-45bf-8380-f9626ee00851,97bdb44f-962c-45bf-8380-f9626ee00851,123b09bd-9901-4e64-a65a-10b02c9e0597,Bhairavi,97bdb44f-962c-45bf-8380-f9626ee00851,
Carnatic,fafd1a88-325d-4daa-999e-9dfdba4853ba,fafd1a88-325d-4daa-999e-9dfdba4853ba,123b09bd-9901-4e64-a65a-10b02c9e0597,Bhairavi,fafd1a88-325d-4daa-999e-9dfdba4853ba,
Carnatic,b09089ff-2cb2-4d3e-b10d-f2ee6afb5451,b09089ff-2cb2-4d3e-b10d-f2ee6afb5451,2165542c-45da-4301-af82-c2e7ddbe4768,Bilahari,b09089ff-2cb2-4d3e-b10d-f2ee6afb5451,
Carnatic,417747bb-9210-456d-b6e5-6b4502b924bc,417747bb-9210-456d-b6e5-6b4502b924bc,9a071e54-3eed-48b2-83a3-1a3fd683b8e0,Kānaḍa,417747bb-9210-456d-b6e5-6b4502b924bc,
Carnatic,288ce104-4a50-4822-99d4-94a602353382,288ce104-4a50-4822-99d4-94a602353382,5ce23030-f71d-4f5d-9d76-f91c2c182392,Dhanyāsi,288ce104-4a50-4822-99d4-94a602353382,
Carnatic,d784327a-c274-444b-a73b-17646c09d636,d784327a-c274-444b-a73b-17646c09d636,18b1acb9-dff6-47ec-873a-b2086c8d268d,Madhyamāvati,d784327a-c274-444b-a73b-17646c09d636,
Carnatic,09da4438-b10c-470a-9b8b-a8012c8098ec,09da4438-b10c-470a-9b8b-a8012c8098ec,a2f9f182-0ceb-4531-b286-b840b47a54b8,Śankarābharaṇaṁ,09da4438-b10c-470a-9b8b-a8012c8098ec,
Carnatic,47099770-87c1-4810-a8d7-d2e51906fc10,47099770-87c1-4810-a8d7-d2e51906fc10,42dd0ccb-f92a-4622-ae5d-a3be571b4939,Śrīranjani,47099770-87c1-4810-a8d7-d2e51906fc10,
Carnatic,8fa2b795-4d17-4fde-932d-b4935bbcd722,8fa2b795-4d17-4fde-932d-b4935bbcd722,cda9cbe9-c1aa-42bb-8b4c-e9dfc8af133c,Nāṭakurinji,8fa2b795-4d17-4fde-932d-b4935bbcd722,
Carnatic,dbca1590-b4d7-469a-93df-ec427bddad60,dbca1590-b4d7-469a-93df-ec427bddad60,defad4cc-48aa-4372-a31a-c43624930713,Dēvagāndhāri,dbca1590-b4d7-469a-93df-ec427bddad60,
Carnatic,7d3f6f84-a53e-4d4a-bddd-ba472d5a1ab9,7d3f6f84-a53e-4d4a-bddd-ba472d5a1ab9,5ce23030-f71d-4f5d-9d76-f91c2c182392,Dhanyāsi,7d3f6f84-a53e-4d4a-bddd-ba472d5a1ab9,
Carnatic,6fc959d4-fc37-4289-8257-32585a2abd4b,6fc959d4-fc37-4289-8257-32585a2abd4b,b08475a2-1049-433a-be8f-105bf14718fb,Harikāmbhōji,6fc959d4-fc37-4289-8257-32585a2abd4b,
Carnatic,33ab13c8-5677-4a4b-b76b-ac4dc7957acf,33ab13c8-5677-4a4b-b76b-ac4dc7957acf,98d46d9e-5100-4f24-bcd4-d0f95966c7cb,Sindhubhairavi,33ab13c8-5677-4a4b-b76b-ac4dc7957acf,
Carnatic,6552cd1a-8dd2-47a9-b77d-2c177c81da97,6552cd1a-8dd2-47a9-b77d-2c177c81da97,839bb6b4-1577-4a78-9e5d-4906c6453274,Suraṭi,6552cd1a-8dd2-47a9-b77d-2c177c81da97,
Carnatic,1197169e-74c6-4c0e-8a86-dffc5220aeaf,1197169e-74c6-4c0e-8a86-dffc5220aeaf,3af5a361-923a-465d-864d-9c7ba0c04a47,Sencuruṭṭi,1197169e-74c6-4c0e-8a86-dffc5220aeaf,
Carnatic,d449e125-c3df-4e3f-9213-d1839f05abb8,d449e125-c3df-4e3f-9213-d1839f05abb8,39821826-3327-41d7-9cd5-e22fe7b08360,Mōhanaṁ,d449e125-c3df-4e3f-9213-d1839f05abb8,
Carnatic,6c6c9860-6fe6-40a0-a30d-d28a8a631437,6c6c9860-6fe6-40a0-a30d-d28a8a631437,6345e8fe-7061-4bdc-842c-dcfd4a379820,Aṭāna,6c6c9860-6fe6-40a0-a30d-d28a8a631437,
Carnatic,66326072-3926-43b0-81ae-66d41bebba16,66326072-3926-43b0-81ae-66d41bebba16,993d6cf6-dc89-4d23-9a9f-8eeed1524872,Sahānā,66326072-3926-43b0-81ae-66d41bebba16,
Carnatic,f02dca27-cc74-4776-8fb8-dd1674e00434,f02dca27-cc74-4776-8fb8-dd1674e00434,a2f9f182-0ceb-4531-b286-b840b47a54b8,Śankarābharaṇaṁ,f02dca27-cc74-4776-8fb8-dd1674e00434,
Carnatic,dff37eb2-f206-4073-9b96-ae1113b5a378,dff37eb2-f206-4073-9b96-ae1113b5a378,3af5a361-923a-465d-864d-9c7ba0c04a47,Sencuruṭṭi,dff37eb2-f206-4073-9b96-ae1113b5a378,
Carnatic,5348e65d-975b-47b0-9517-8c652477dc04,5348e65d-975b-47b0-9517-8c652477dc04,42dd0ccb-f92a-4622-ae5d-a3be571b4939,Śrīranjani,5348e65d-975b-47b0-9517-8c652477dc04,
Carnatic,323ff36b-db5c-4d91-a33a-239a944810e2,323ff36b-db5c-4d91-a33a-239a944810e2,f0866e71-33b2-47db-ab75-0808c41f2401,Kāṁbhōji,323ff36b-db5c-4d91-a33a-239a944810e2,
Carnatic,ddd49417-2283-4ef4-b16e-3e2547530840,ddd49417-2283-4ef4-b16e-3e2547530840,a4ec6633-1050-4207-8313-b017194c8fa0,Kamās,ddd49417-2283-4ef4-b16e-3e2547530840,
Carnatic,be10761e-2c3a-44d0-9f51-cd08192c6f97,be10761e-2c3a-44d0-9f51-cd08192c6f97,bdd80890-44f1-4a93-8d93-06a418781f97,Śrī,be10761e-2c3a-44d0-9f51-cd08192c6f97,
Carnatic,9cfa8a63-5ffe-4f48-ae53-ffbe74b03f55,9cfa8a63-5ffe-4f48-ae53-ffbe74b03f55,9ebeb536-30a7-403f-8042-f7c1445c4b87,Nāṭa,9cfa8a63-5ffe-4f48-ae53-ffbe74b03f55,
Carnatic,28bbe763-865b-4dd8-9e47-3b74919e945c,28bbe763-865b-4dd8-9e47-3b74919e945c,f0866e71-33b2-47db-ab75-0808c41f2401,Kāṁbhōji,28bbe763-865b-4dd8-9e47-3b74919e945c,
Carnatic,842f4fea-167d-447f-8264-6e0e71745d6f,842f4fea-167d-447f-8264-6e0e71745d6f,978f4c3c-6a12-43fd-8427-c414ee17b252,Mukhāri,842f4fea-167d-447f-8264-6e0e71745d6f,
Carnatic,6feaf61d-1ac3-4f35-a73f-7f4ea6647056,6feaf61d-1ac3-4f35-a73f-7f4ea6647056,4ce0b18d-f4df-41cf-9b40-9166199506b4,Rītigauḷa,6feaf61d-1ac3-4f35-a73f-7f4ea6647056,
Carnatic,8b065998-c988-4c70-bf33-cb3428ce2d25,8b065998-c988-4c70-bf33-cb3428ce2d25,993d6cf6-dc89-4d23-9a9f-8eeed1524872,Sahānā,8b065998-c988-4c70-bf33-cb3428ce2d25,
Carnatic,37f6f144-6f0d-45e9-a08c-68c0a4a418cc,37f6f144-6f0d-45e9-a08c-68c0a4a418cc,50bd048f-4482-4c5b-850c-9ad5e5ec46f1,Hussēnī,37f6f144-6f0d-45e9-a08c-68c0a4a418cc,
Carnatic,c6e17b47-57cd-4095-bfab-4cb7f335357c,c6e17b47-57cd-4095-bfab-4cb7f335357c,c6b5f8d9-ebb4-46af-a020-6646fce2c77d,Sāma,c6e17b47-57cd-4095-bfab-4cb7f335357c,
Carnatic,34f12b1d-bb35-48bc-a6c4-ffc4b52f140d,34f12b1d-bb35-48bc-a6c4-ffc4b52f140d,700e1d92-7094-4c21-8a3b-d7b60c550edf,Behāg,34f12b1d-bb35-48bc-a6c4-ffc4b52f140d,
Carnatic,2a1600a4-e130-4f86-bb19-08a27a4c8b5d,2a1600a4-e130-4f86-bb19-08a27a4c8b5d,42dd0ccb-f92a-4622-ae5d-a3be571b4939,Śrīranjani,2a1600a4-e130-4f86-bb19-08a27a4c8b5d,
Carnatic,19b4b0aa-a8fd-43d1-be38-4119abf7f8ca,19b4b0aa-a8fd-43d1-be38-4119abf7f8ca,bf4662d4-25c3-4cad-9249-4de2dc513c06,Kalyāṇi,19b4b0aa-a8fd-43d1-be38-4119abf7f8ca,
Carnatic,f4f31e75-37f4-408c-887b-f629ce402074,f4f31e75-37f4-408c-887b-f629ce402074,a47e9d22-847a-46e8-b589-2a3537789f5f,Sāvēri,f4f31e75-37f4-408c-887b-f629ce402074,
Carnatic,3f0ea455-7e47-48c6-942a-9dd60d36e04b,3f0ea455-7e47-48c6-942a-9dd60d36e04b,09c179f3-8b19-4792-a852-e9fa0090e409,Kāpi,3f0ea455-7e47-48c6-942a-9dd60d36e04b,
Carnatic,f2d5e000-4efd-4cf5-802a-80dd32936a14,f2d5e000-4efd-4cf5-802a-80dd32936a14,3af5a361-923a-465d-864d-9c7ba0c04a47,Sencuruṭṭi,f2d5e000-4efd-4cf5-802a-80dd32936a14,
Carnatic,408f4ef0-316b-48ea-b52d-2b0cefb696e4,408f4ef0-316b-48ea-b52d-2b0cefb696e4,e18fcaa7-1f9c-4f09-b627-0687481f4ec7,Ānandabhairavi,408f4ef0-316b-48ea-b52d-2b0cefb696e4,
Carnatic,68c10425-9ac1-4d40-a4ef-232b1f2e9244,68c10425-9ac1-4d40-a4ef-232b1f2e9244,85ccf631-4cdf-4f6c-a841-0edfcf4255d1,Kāmavardani,68c10425-9ac1-4d40-a4ef-232b1f2e9244,
Carnatic,7f12854a-3a60-4a98-8950-14bf4d6a89b2,7f12854a-3a60-4a98-8950-14bf4d6a89b2,9a071e54-3eed-48b2-83a3-1a3fd683b8e0,Kānaḍa,7f12854a-3a60-4a98-8950-14bf4d6a89b2,
Carnatic,9788f26b-57f2-4a45-aa20-db1030129f3b,9788f26b-57f2-4a45-aa20-db1030129f3b,993d6cf6-dc89-4d23-9a9f-8eeed1524872,Sahānā,9788f26b-57f2-4a45-aa20-db1030129f3b,
Carnatic,18d13645-6a51-4483-b122-6402f633a69b,18d13645-6a51-4483-b122-6402f633a69b,123b09bd-9901-4e64-a65a-10b02c9e0597,Bhairavi,18d13645-6a51-4483-b122-6402f633a69b,
Carnatic,21b9415b-68a2-4d30-a9e7-b630922bccd9,21b9415b-68a2-4d30-a9e7-b630922bccd9,50bd048f-4482-4c5b-850c-9ad5e5ec46f1,Hussēnī,21b9415b-68a2-4d30-a9e7-b630922bccd9,
Carnatic,e1b0148b-1542-4e44-83b1-c92c1f0ca56e,e1b0148b-1542-4e44-83b1-c92c1f0ca56e,0277eae5-3411-4b22-9fa8-1b347e7528d1,Ṣanmukhapriya,e1b0148b-1542-4e44-83b1-c92c1f0ca56e,
Carnatic,75c35214-8e3a-4f92-9a90-3c2d9dd9f24e,75c35214-8e3a-4f92-9a90-3c2d9dd9f24e,a47e9d22-847a-46e8-b589-2a3537789f5f,Sāvēri,75c35214-8e3a-4f92-9a90-3c2d9dd9f24e,
Carnatic,b34db4e2-70fd-49a1-8d47-3574faae5eb4,b34db4e2-70fd-49a1-8d47-3574faae5eb4,3af5a361-923a-465d-864d-9c7ba0c04a47,Sencuruṭṭi,b34db4e2-70fd-49a1-8d47-3574faae5eb4,
Carnatic,542d612c-7767-41a7-9b92-35cbf1fab0eb,542d612c-7767-41a7-9b92-35cbf1fab0eb,c6b5f8d9-ebb4-46af-a020-6646fce2c77d,Sāma,542d612c-7767-41a7-9b92-35cbf1fab0eb,
Carnatic,480b822d-1eda-4077-a06a-11348199c04c,480b822d-1eda-4077-a06a-11348199c04c,993d6cf6-dc89-4d23-9a9f-8eeed1524872,Sahānā,480b822d-1eda-4077-a06a-11348199c04c,
Carnatic,29be57a7-c0b1-4eef-9470-a89bab82f8dd,29be57a7-c0b1-4eef-9470-a89bab82f8dd,ddff55ae-20f6-4d7d-ba9e-a6c10eeebd41,Yadukula kāṁbōji,29be57a7-c0b1-4eef-9470-a89bab82f8dd,
Carnatic,569b8358-b318-409f-a8e8-1da724f01809,569b8358-b318-409f-a8e8-1da724f01809,978f4c3c-6a12-43fd-8427-c414ee17b252,Mukhāri,569b8358-b318-409f-a8e8-1da724f01809,
Carnatic,94ddddb3-892f-46e0-a159-735794eb0871,94ddddb3-892f-46e0-a159-735794eb0871,bf4662d4-25c3-4cad-9249-4de2dc513c06,Kalyāṇi,94ddddb3-892f-46e0-a159-735794eb0871,
Carnatic,cdce6bca-67d8-47c8-8426-098fb8ca61a4,cdce6bca-67d8-47c8-8426-098fb8ca61a4,a47e9d22-847a-46e8-b589-2a3537789f5f,Sāvēri,cdce6bca-67d8-47c8-8426-098fb8ca61a4,
Carnatic,9449e420-b340-4475-ad25-676460010369,9449e420-b340-4475-ad25-676460010369,9ebeb536-30a7-403f-8042-f7c1445c4b87,Nāṭa,9449e420-b340-4475-ad25-676460010369,
Carnatic,848b44ad-7d93-423a-88be-80866a1c269d,848b44ad-7d93-423a-88be-80866a1c269d,e18fcaa7-1f9c-4f09-b627-0687481f4ec7,Ānandabhairavi,848b44ad-7d93-423a-88be-80866a1c269d,
Carnatic,3adb8fd5-66f7-47ea-87cf-6acf00f79e00,3adb8fd5-66f7-47ea-87cf-6acf00f79e00,85ccf631-4cdf-4f6c-a841-0edfcf4255d1,Kāmavardani,3adb8fd5-66f7-47ea-87cf-6acf00f79e00,
Carnatic,2ea6cabb-a422-4c1b-8f0b-752cbe68a5d4,2ea6cabb-a422-4c1b-8f0b-752cbe68a5d4,bf4662d4-25c3-4cad-9249-4de2dc513c06,Kalyāṇi,2ea6cabb-a422-4c1b-8f0b-752cbe68a5d4,
Carnatic,37476bbe-b180-415d-8368-af2c21d1b190,37476bbe-b180-415d-8368-af2c21d1b190,a2f9f182-0ceb-4531-b286-b840b47a54b8,Śankarābharaṇaṁ,37476bbe-b180-415d-8368-af2c21d1b190,
Carnatic,3c403210-caef-4ae9-b02e-6832c11d7d82,3c403210-caef-4ae9-b02e-6832c11d7d82,aa5f376f-06cd-4a69-9cc9-b1077104e0b0,Bēgaḍa,3c403210-caef-4ae9-b02e-6832c11d7d82,
Carnatic,26ba8577-b465-4d8e-a961-849a01c8ab7a,26ba8577-b465-4d8e-a961-849a01c8ab7a,3af5a361-923a-465d-864d-9c7ba0c04a47,Sencuruṭṭi,26ba8577-b465-4d8e-a961-849a01c8ab7a,
Carnatic,b8bf8bff-7570-4591-b819-e3182ea45515,b8bf8bff-7570-4591-b819-e3182ea45515,a2f9f182-0ceb-4531-b286-b840b47a54b8,Śankarābharaṇaṁ,b8bf8bff-7570-4591-b819-e3182ea45515,
Carnatic,5a6ed43b-e79f-4dfc-ae67-f0c97770a6e2,5a6ed43b-e79f-4dfc-ae67-f0c97770a6e2,9a071e54-3eed-48b2-83a3-1a3fd683b8e0,Kānaḍa,5a6ed43b-e79f-4dfc-ae67-f0c97770a6e2,
Carnatic,3d13fd51-456e-46d6-a6e7-c6e50991fdac,3d13fd51-456e-46d6-a6e7-c6e50991fdac,09c179f3-8b19-4792-a852-e9fa0090e409,Kāpi,3d13fd51-456e-46d6-a6e7-c6e50991fdac,
Carnatic,3dabbf57-d069-4b2c-b4cd-b1387f0460ce,3dabbf57-d069-4b2c-b4cd-b1387f0460ce,a47e9d22-847a-46e8-b589-2a3537789f5f,Sāvēri,3dabbf57-d069-4b2c-b4cd-b1387f0460ce,
Carnatic,0383cf37-4f4e-45e4-99f1-32f19bf1156e,0383cf37-4f4e-45e4-99f1-32f19bf1156e,993d6cf6-dc89-4d23-9a9f-8eeed1524872,Sahānā,0383cf37-4f4e-45e4-99f1-32f19bf1156e,
Carnatic,9e27e670-090b-4191-b871-82e4c18b7be1,9e27e670-090b-4191-b871-82e4c18b7be1,db085e26-665d-4f4c-a2a5-95251c22b69e,Pūrvīkaḷyāṇi,9e27e670-090b-4191-b871-82e4c18b7be1,
Carnatic,05a931ba-605b-468e-b7b5-64fe87a443ff,05a931ba-605b-468e-b7b5-64fe87a443ff,700e1d92-7094-4c21-8a3b-d7b60c550edf,Behāg,05a931ba-605b-468e-b7b5-64fe87a443ff,
Carnatic,2f792bd0-4788-4227-8540-354bb7be9365,2f792bd0-4788-4227-8540-354bb7be9365,aa5f376f-06cd-4a69-9cc9-b1077104e0b0,Bēgaḍa,2f792bd0-4788-4227-8540-354bb7be9365,
Carnatic,1ebe0640-b9e4-4bc8-b8fd-d1b06b2ac4e6,1ebe0640-b9e4-4bc8-b8fd-d1b06b2ac4e6,aa5f376f-06cd-4a69-9cc9-b1077104e0b0,Bēgaḍa,1ebe0640-b9e4-4bc8-b8fd-d1b06b2ac4e6,
Carnatic,4ae7424c-948c-43c2-80f9-fb919f7cf9be,4ae7424c-948c-43c2-80f9-fb919f7cf9be,e5c4d94a-b34a-42ef-acd7-f235612350e4,Gauḷa,4ae7424c-948c-43c2-80f9-fb919f7cf9be,
Carnatic,93727328-a4df-429f-823e-c7cc244bb630,93727328-a4df-429f-823e-c7cc244bb630,839bb6b4-1577-4a78-9e5d-4906c6453274,Suraṭi,93727328-a4df-429f-823e-c7cc244bb630,
Carnatic,2e6504c2-3ef1-4272-98a1-f32b2b0477e2,2e6504c2-3ef1-4272-98a1-f32b2b0477e2,a4ec6633-1050-4207-8313-b017194c8fa0,Kamās,2e6504c2-3ef1-4272-98a1-f32b2b0477e2,
Carnatic,16a3263f-31dc-40da-839b-f5955b77c0b6,16a3263f-31dc-40da-839b-f5955b77c0b6,0277eae5-3411-4b22-9fa8-1b347e7528d1,Ṣanmukhapriya,16a3263f-31dc-40da-839b-f5955b77c0b6,
Carnatic,661c6bec-730c-4c02-abad-c0e3728db5d1,661c6bec-730c-4c02-abad-c0e3728db5d1,e5c4d94a-b34a-42ef-acd7-f235612350e4,Gauḷa,661c6bec-730c-4c02-abad-c0e3728db5d1,
Carnatic,90615b61-f052-4f29-8003-4a53be4ad723,90615b61-f052-4f29-8003-4a53be4ad723,e18fcaa7-1f9c-4f09-b627-0687481f4ec7,Ānandabhairavi,90615b61-f052-4f29-8003-4a53be4ad723,
Carnatic,728b5ad7-5348-4d24-bcf9-a6e6223ff7db,728b5ad7-5348-4d24-bcf9-a6e6223ff7db,f0866e71-33b2-47db-ab75-0808c41f2401,Kāṁbhōji,728b5ad7-5348-4d24-bcf9-a6e6223ff7db,
Carnatic,df2dc1bd-538c-4559-8603-6c6277150872,df2dc1bd-538c-4559-8603-6c6277150872,f972db4d-5d16-4f9a-9841-f313e1601aaa,Karaharapriya,df2dc1bd-538c-4559-8603-6c6277150872,
Carnatic,77f42a8e-6e25-4145-a919-0e6f62ae0fb8,77f42a8e-6e25-4145-a919-0e6f62ae0fb8,e8a0bf54-13c6-4a09-922a-bfc744ddf38a,Varāḷi,77f42a8e-6e25-4145-a919-0e6f62ae0fb8,
Carnatic,26f0ffe7-a1d2-4644-96c2-02d6f17ddcbb,26f0ffe7-a1d2-4644-96c2-02d6f17ddcbb,df85a0a5-b1a8-42f1-a87b-3d7c7ee33fb4,Kēdāragauḷa,26f0ffe7-a1d2-4644-96c2-02d6f17ddcbb,
Carnatic,7b9c90f9-726d-45ef-b5fc-4424732265b4,7b9c90f9-726d-45ef-b5fc-4424732265b4,b08475a2-1049-433a-be8f-105bf14718fb,Harikāmbhōji,7b9c90f9-726d-45ef-b5fc-4424732265b4,
Carnatic,f1f04b03-3f91-4d31-bf7b-6c21d26eeb7e,f1f04b03-3f91-4d31-bf7b-6c21d26eeb7e,09c179f3-8b19-4792-a852-e9fa0090e409,Kāpi,f1f04b03-3f91-4d31-bf7b-6c21d26eeb7e,
Carnatic,59c42b30-1d51-41e1-8e81-13bb471e94a2,59c42b30-1d51-41e1-8e81-13bb471e94a2,c6b5f8d9-ebb4-46af-a020-6646fce2c77d,Sāma,59c42b30-1d51-41e1-8e81-13bb471e94a2,
Carnatic,6fbf2d80-ada4-41aa-8baa-fb288619883e,6fbf2d80-ada4-41aa-8baa-fb288619883e,123b09bd-9901-4e64-a65a-10b02c9e0597,Bhairavi,6fbf2d80-ada4-41aa-8baa-fb288619883e,
Carnatic,a9bf3ac1-9110-458c-8a3a-b0b6d9bf3d03,a9bf3ac1-9110-458c-8a3a-b0b6d9bf3d03,e8a0bf54-13c6-4a09-922a-bfc744ddf38a,Varāḷi,a9bf3ac1-9110-458c-8a3a-b0b6d9bf3d03,
Carnatic,9f56f2b9-9cb3-41d1-bf03-65486374f4a5,9f56f2b9-9cb3-41d1-bf03-65486374f4a5,9a071e54-3eed-48b2-83a3-1a3fd683b8e0,Kānaḍa,9f56f2b9-9cb3-41d1-bf03-65486374f4a5,
Carnatic,8be1183e-71b2-418d-9ea0-c7e4e3ffa3a4,8be1183e-71b2-418d-9ea0-c7e4e3ffa3a4,42dd0ccb-f92a-4622-ae5d-a3be571b4939,Śrīranjani,8be1183e-71b2-418d-9ea0-c7e4e3ffa3a4,
Carnatic,91195a3f-b411-47e1-b16c-a507e44d891d,91195a3f-b411-47e1-b16c-a507e44d891d,9ebeb536-30a7-403f-8042-f7c1445c4b87,Nāṭa,91195a3f-b411-47e1-b16c-a507e44d891d,
Carnatic,65d5ec15-3c8c-46c4-9e00-0b487be089cd,65d5ec15-3c8c-46c4-9e00-0b487be089cd,700e1d92-7094-4c21-8a3b-d7b60c550edf,Behāg,65d5ec15-3c8c-46c4-9e00-0b487be089cd,
Carnatic,0e669af6-ca69-4b46-9e1d-1720c67b1507,0e669af6-ca69-4b46-9e1d-1720c67b1507,700e1d92-7094-4c21-8a3b-d7b60c550edf,Behāg,0e669af6-ca69-4b46-9e1d-1720c67b1507,
Carnatic,41b3231c-6b46-4eb8-bc20-67ff3f065fd3,41b3231c-6b46-4eb8-bc20-67ff3f065fd3,9ebeb536-30a7-403f-8042-f7c1445c4b87,Nāṭa,41b3231c-6b46-4eb8-bc20-67ff3f065fd3,
Carnatic,858fbd8a-993e-43fa-ba26-1a13c679252e,858fbd8a-993e-43fa-ba26-1a13c679252e,700e1d92-7094-4c21-8a3b-d7b60c550edf,Behāg,858fbd8a-993e-43fa-ba26-1a13c679252e,
Carnatic,dcdcac0f-8c16-4fc8-bfee-176e0c4456c5,dcdcac0f-8c16-4fc8-bfee-176e0c4456c5,e18fcaa7-1f9c-4f09-b627-0687481f4ec7,Ānandabhairavi,dcdcac0f-8c16-4fc8-bfee-176e0c4456c5,
Carnatic,830796d0-90f4-4c69-984f-691e73d048dc,830796d0-90f4-4c69-984f-691e73d048dc,bdd80890-44f1-4a93-8d93-06a418781f97,Śrī,830796d0-90f4-4c69-984f-691e73d048dc,
Carnatic,5aa585aa-57a6-4b53-9f5f-299fc2292d82,5aa585aa-57a6-4b53-9f5f-299fc2292d82,39821826-3327-41d7-9cd5-e22fe7b08360,Mōhanaṁ,5aa585aa-57a6-4b53-9f5f-299fc2292d82,
Carnatic,033599e7-f096-4eff-b9e6-82b988150a79,033599e7-f096-4eff-b9e6-82b988150a79,50bd048f-4482-4c5b-850c-9ad5e5ec46f1,Hussēnī,033599e7-f096-4eff-b9e6-82b988150a79,
Carnatic,9868fb50-597c-45cc-83dd-acce45d415cf,9868fb50-597c-45cc-83dd-acce45d415cf,2165542c-45da-4301-af82-c2e7ddbe4768,Bilahari,9868fb50-597c-45cc-83dd-acce45d415cf,
Carnatic,62976b60-ccfd-4b2e-8491-2c457407cd8b,62976b60-ccfd-4b2e-8491-2c457407cd8b,ddff55ae-20f6-4d7d-ba9e-a6c10eeebd41,Yadukula kāṁbōji,62976b60-ccfd-4b2e-8491-2c457407cd8b,
Carnatic,3c683277-3bf0-4cc7-a963-c766949fa910,3c683277-3bf0-4cc7-a963-c766949fa910,50bd048f-4482-4c5b-850c-9ad5e5ec46f1,Hussēnī,3c683277-3bf0-4cc7-a963-c766949fa910,
Carnatic,5bdb990d-550a-494c-a750-0dbcc1c00a77,5bdb990d-550a-494c-a750-0dbcc1c00a77,db085e26-665d-4f4c-a2a5-95251c22b69e,Pūrvīkaḷyāṇi,5bdb990d-550a-494c-a750-0dbcc1c00a77,
Carnatic,3427f4b7-20e5-4abd-8171-bac216f2c213,3427f4b7-20e5-4abd-8171-bac216f2c213,db085e26-665d-4f4c-a2a5-95251c22b69e,Pūrvīkaḷyāṇi,3427f4b7-20e5-4abd-8171-bac216f2c213,
Carnatic,3d65a06b-af6d-46d2-bd44-10cd5136c844,3d65a06b-af6d-46d2-bd44-10cd5136c844,e5c4d94a-b34a-42ef-acd7-f235612350e4,Gauḷa,3d65a06b-af6d-46d2-bd44-10cd5136c844,
Carnatic,b21fdca6-c161-4d86-aae8-5157d41e4cfc,b21fdca6-c161-4d86-aae8-5157d41e4cfc,993d6cf6-dc89-4d23-9a9f-8eeed1524872,Sahānā,b21fdca6-c161-4d86-aae8-5157d41e4cfc,
Carnatic,1c3d8526-6692-46f5-a00a-92dddbead9ff,1c3d8526-6692-46f5-a00a-92dddbead9ff,aa5f376f-06cd-4a69-9cc9-b1077104e0b0,Bēgaḍa,1c3d8526-6692-46f5-a00a-92dddbead9ff,
Carnatic,a634d521-db0f-46ec-b5dc-12d93611e6ea,a634d521-db0f-46ec-b5dc-12d93611e6ea,a47e9d22-847a-46e8-b589-2a3537789f5f,Sāvēri,a634d521-db0f-46ec-b5dc-12d93611e6ea,
Carnatic,110ab5e5-3fc6-4625-acf9-c9e22f26961d,110ab5e5-3fc6-4625-acf9-c9e22f26961d,aa5f376f-06cd-4a69-9cc9-b1077104e0b0,Bēgaḍa,110ab5e5-3fc6-4625-acf9-c9e22f26961d,
Carnatic,560fe16b-6585-4eb5-94f4-92fffb7a481d,560fe16b-6585-4eb5-94f4-92fffb7a481d,4ce0b18d-f4df-41cf-9b40-9166199506b4,Rītigauḷa,560fe16b-6585-4eb5-94f4-92fffb7a481d,
Carnatic,2811747b-b49f-4a8f-b636-d5312056f4fc,2811747b-b49f-4a8f-b636-d5312056f4fc,a2f9f182-0ceb-4531-b286-b840b47a54b8,Śankarābharaṇaṁ,2811747b-b49f-4a8f-b636-d5312056f4fc,
Carnatic,708cea7e-ff90-4d74-81e2-f27642055fd4,708cea7e-ff90-4d74-81e2-f27642055fd4,3af5a361-923a-465d-864d-9c7ba0c04a47,Sencuruṭṭi,708cea7e-ff90-4d74-81e2-f27642055fd4,
Carnatic,7786af52-fc31-492d-9ed7-6b230644a303,7786af52-fc31-492d-9ed7-6b230644a303,123b09bd-9901-4e64-a65a-10b02c9e0597,Bhairavi,7786af52-fc31-492d-9ed7-6b230644a303,
Carnatic,f1c0307a-f32b-4c99-a63b-0ba86d1791cf,f1c0307a-f32b-4c99-a63b-0ba86d1791cf,cda9cbe9-c1aa-42bb-8b4c-e9dfc8af133c,Nāṭakurinji,f1c0307a-f32b-4c99-a63b-0ba86d1791cf,
Carnatic,93c4d80a-0dd6-483b-b9b8-0d3159cc02dc,93c4d80a-0dd6-483b-b9b8-0d3159cc02dc,5ce23030-f71d-4f5d-9d76-f91c2c182392,Dhanyāsi,93c4d80a-0dd6-483b-b9b8-0d3159cc02dc,
Carnatic,8c08535d-2fd3-44dd-b937-0bf812a40524,8c08535d-2fd3-44dd-b937-0bf812a40524,18b1acb9-dff6-47ec-873a-b2086c8d268d,Madhyamāvati,8c08535d-2fd3-44dd-b937-0bf812a40524,
Carnatic,8fed9a77-2f4c-4a26-b0f6-6919fd469e2b,8fed9a77-2f4c-4a26-b0f6-6919fd469e2b,bf4662d4-25c3-4cad-9249-4de2dc513c06,Kalyāṇi,8fed9a77-2f4c-4a26-b0f6-6919fd469e2b,
Carnatic,c39e5636-3e44-4913-bd25-73a28acbcb72,c39e5636-3e44-4913-bd25-73a28acbcb72,f972db4d-5d16-4f9a-9841-f313e1601aaa,Karaharapriya,c39e5636-3e44-4913-bd25-73a28acbcb72,
Carnatic,71511da3-06e5-48f3-bf3b-7e2793b5b56a,71511da3-06e5-48f3-bf3b-7e2793b5b56a,a9413dff-91d1-4e29-ad92-c04019dce5b8,Tōḍi,71511da3-06e5-48f3-bf3b-7e2793b5b56a,
Carnatic,82a3d00c-f1df-4b54-8601-bac26667b1b0,82a3d00c-f1df-4b54-8601-bac26667b1b0,6345e8fe-7061-4bdc-842c-dcfd4a379820,Aṭāna,82a3d00c-f1df-4b54-8601-bac26667b1b0,
Carnatic,c07e9a51-9fb9-4d5d-bd88-ce12fb74a7aa,c07e9a51-9fb9-4d5d-bd88-ce12fb74a7aa,defad4cc-48aa-4372-a31a-c43624930713,Dēvagāndhāri,c07e9a51-9fb9-4d5d-bd88-ce12fb74a7aa,
Carnatic,cf7acd46-da61-47c7-99aa-1de0c4ebc94c,cf7acd46-da61-47c7-99aa-1de0c4ebc94c,123b09bd-9901-4e64-a65a-10b02c9e0597,Bhairavi,cf7acd46-da61-47c7-99aa-1de0c4ebc94c,
Carnatic,cc4c7571-344b-4cc9-917e-16c8392954b5,cc4c7571-344b-4cc9-917e-16c8392954b5,a2f9f182-0ceb-4531-b286-b840b47a54b8,Śankarābharaṇaṁ,cc4c7571-344b-4cc9-917e-16c8392954b5,
Carnatic,e3f8bf6d-3cae-4036-a625-d9b8dacef5dc,e3f8bf6d-3cae-4036-a625-d9b8dacef5dc,b08475a2-1049-433a-be8f-105bf14718fb,Harikāmbhōji,e3f8bf6d-3cae-4036-a625-d9b8dacef5dc,
Carnatic,855fa024-a4c5-4cca-bb26-0b2c806db722,855fa024-a4c5-4cca-bb26-0b2c806db722,f0866e71-33b2-47db-ab75-0808c41f2401,Kāṁbhōji,855fa024-a4c5-4cca-bb26-0b2c806db722,
Carnatic,ff533a56-6565-4151-b343-b12e1a7bd5fc,ff533a56-6565-4151-b343-b12e1a7bd5fc,993d6cf6-dc89-4d23-9a9f-8eeed1524872,Sahānā,ff533a56-6565-4151-b343-b12e1a7bd5fc,
Carnatic,2611e0fd-7c4c-4fe2-8c35-d4dcde7a7962,2611e0fd-7c4c-4fe2-8c35-d4dcde7a7962,9cedca68-4a9d-4170-bec3-0d1db1ff730e,Māyāmāḷavagauḷa,2611e0fd-7c4c-4fe2-8c35-d4dcde7a7962,
Carnatic,f763a45e-de3e-4c9a-a2e7-c625e6c4c512,f763a45e-de3e-4c9a-a2e7-c625e6c4c512,bf4662d4-25c3-4cad-9249-4de2dc513c06,Kalyāṇi,f763a45e-de3e-4c9a-a2e7-c625e6c4c512,
Carnatic,d753c77e-7ff5-404c-86b5-2af091410950,d753c77e-7ff5-404c-86b5-2af091410950,98d46d9e-5100-4f24-bcd4-d0f95966c7cb,Sindhubhairavi,d753c77e-7ff5-404c-86b5-2af091410950,
Carnatic,eca1fdd2-0c51-4344-ac00-d7868233a5f2,eca1fdd2-0c51-4344-ac00-d7868233a5f2,3af5a361-923a-465d-864d-9c7ba0c04a47,Sencuruṭṭi,eca1fdd2-0c51-4344-ac00-d7868233a5f2,
Carnatic,26f34356-1288-4154-ada4-479cd8d82aca,26f34356-1288-4154-ada4-479cd8d82aca,50bd048f-4482-4c5b-850c-9ad5e5ec46f1,Hussēnī,26f34356-1288-4154-ada4-479cd8d82aca,
Carnatic,e7061eef-12aa-4cdb-85ca-58b3d557f302,e7061eef-12aa-4cdb-85ca-58b3d557f302,c6b5f8d9-ebb4-46af-a020-6646fce2c77d,Sāma,e7061eef-12aa-4cdb-85ca-58b3d557f302,
Carnatic,9962fa86-1060-4f9d-93d2-128ac958c2b8,9962fa86-1060-4f9d-93d2-128ac958c2b8,18b1acb9-dff6-47ec-873a-b2086c8d268d,Madhyamāvati,9962fa86-1060-4f9d-93d2-128ac958c2b8,
Carnatic,21f72d0f-5167-4c89-b312-84574b65613b,21f72d0f-5167-4c89-b312-84574b65613b,4ce0b18d-f4df-41cf-9b40-9166199506b4,Rītigauḷa,21f72d0f-5167-4c89-b312-84574b65613b,
Carnatic,d1ac781a-d042-4b91-988c-9ca8ef0911c1,d1ac781a-d042-4b91-988c-9ca8ef0911c1,978f4c3c-6a12-43fd-8427-c414ee17b252,Mukhāri,d1ac781a-d042-4b91-988c-9ca8ef0911c1,
Carnatic,4e2ee259-5448-4843-b29c-fc74906376f6,4e2ee259-5448-4843-b29c-fc74906376f6,a9413dff-91d1-4e29-ad92-c04019dce5b8,Tōḍi,4e2ee259-5448-4843-b29c-fc74906376f6,
Carnatic,9383a5b6-662c-40dc-a006-c2307230a176,9383a5b6-662c-40dc-a006-c2307230a176,db085e26-665d-4f4c-a2a5-95251c22b69e,Pūrvīkaḷyāṇi,9383a5b6-662c-40dc-a006-c2307230a176,
Carnatic,af6a1ff7-98b3-4e99-8133-5a15f66d8904,af6a1ff7-98b3-4e99-8133-5a15f66d8904,0277eae5-3411-4b22-9fa8-1b347e7528d1,Ṣanmukhapriya,af6a1ff7-98b3-4e99-8133-5a15f66d8904,
Carnatic,57b2324e-f4c3-4b4e-8c03-ff985e29dd7b,57b2324e-f4c3-4b4e-8c03-ff985e29dd7b,9cedca68-4a9d-4170-bec3-0d1db1ff730e,Māyāmāḷavagauḷa,57b2324e-f4c3-4b4e-8c03-ff985e29dd7b,
Carnatic,97bf406d-9c22-4307-beae-7bda5ee2e05e,97bf406d-9c22-4307-beae-7bda5ee2e05e,6345e8fe-7061-4bdc-842c-dcfd4a379820,Aṭāna,97bf406d-9c22-4307-beae-7bda5ee2e05e,
Carnatic,45ab8e5a-e7af-4244-a0f5-be6b68a74191,45ab8e5a-e7af-4244-a0f5-be6b68a74191,50bd048f-4482-4c5b-850c-9ad5e5ec46f1,Hussēnī,45ab8e5a-e7af-4244-a0f5-be6b68a74191,
Carnatic,c482f6d1-20fe-4ea8-89f6-c02624d72c86,c482f6d1-20fe-4ea8-89f6-c02624d72c86,b08475a2-1049-433a-be8f-105bf14718fb,Harikāmbhōji,c482f6d1-20fe-4ea8-89f6-c02624d72c86,
Carnatic,b788cb93-770b-4dcb-bca3-1ebaa3ecf38a,b788cb93-770b-4dcb-bca3-1ebaa3ecf38a,f972db4d-5d16-4f9a-9841-f313e1601aaa,Karaharapriya,b788cb93-770b-4dcb-bca3-1ebaa3ecf38a,
Carnatic,59e2f3de-cdb1-4a00-9fc4-2917c0230db9,59e2f3de-cdb1-4a00-9fc4-2917c0230db9,a4ec6633-1050-4207-8313-b017194c8fa0,Kamās,59e2f3de-cdb1-4a00-9fc4-2917c0230db9,
Carnatic,4c9fc492-c064-4af1-85f7-a413e40d20a6,4c9fc492-c064-4af1-85f7-a413e40d20a6,a4ec6633-1050-4207-8313-b017194c8fa0,Kamās,4c9fc492-c064-4af1-85f7-a413e40d20a6,
Carnatic,fea29da7-6bea-4a86-862c-7d91c366ea12,fea29da7-6bea-4a86-862c-7d91c366ea12,f0866e71-33b2-47db-ab75-0808c41f2401,Kāṁbhōji,fea29da7-6bea-4a86-862c-7d91c366ea12,
Carnatic,e599b142-7ff7-4c1e-9c5d-01d669798449,e599b142-7ff7-4c1e-9c5d-01d669798449,3af5a361-923a-465d-864d-9c7ba0c04a47,Sencuruṭṭi,e599b142-7ff7-4c1e-9c5d-01d669798449,
Carnatic,89473b33-d96f-40bb-adce-3b25e4a45971,89473b33-d96f-40bb-adce-3b25e4a45971,a9413dff-91d1-4e29-ad92-c04019dce5b8,Tōḍi,89473b33-d96f-40bb-adce-3b25e4a45971,
Carnatic,a91ca01b-3338-4968-815a-6ae61644ccb5,a91ca01b-3338-4968-815a-6ae61644ccb5,09c179f3-8b19-4792-a852-e9fa0090e409,Kāpi,a91ca01b-3338-4968-815a-6ae61644ccb5,
Carnatic,27daf63a-d2a8-4323-8eef-c814e9c2bb02,27daf63a-d2a8-4323-8eef-c814e9c2bb02,db085e26-665d-4f4c-a2a5-95251c22b69e,Pūrvīkaḷyāṇi,27daf63a-d2a8-4323-8eef-c814e9c2bb02,
Carnatic,60574f1d-5b72-4ba0-b877-172484651c22,60574f1d-5b72-4ba0-b877-172484651c22,e18fcaa7-1f9c-4f09-b627-0687481f4ec7,Ānandabhairavi,60574f1d-5b72-4ba0-b877-172484651c22,
Carnatic,cc4199f2-ecf3-4d93-b628-65f2caacc6f8,cc4199f2-ecf3-4d93-b628-65f2caacc6f8,df85a0a5-b1a8-42f1-a87b-3d7c7ee33fb4,Kēdāragauḷa,cc4199f2-ecf3-4d93-b628-65f2caacc6f8,
Carnatic,33d896d2-1a7b-4e5f-9508-c3fb5d228c94,33d896d2-1a7b-4e5f-9508-c3fb5d228c94,0277eae5-3411-4b22-9fa8-1b347e7528d1,Ṣanmukhapriya,33d896d2-1a7b-4e5f-9508-c3fb5d228c94,
Hindustani,6cb0fc24-76bf-48a8-8a45-8552b70127ea,6cb0fc24-76bf-48a8-8a45-8552b70127ea,7591faad-e68a-4550-b675-8082842c6056,Bāgēśrī,6cb0fc24-76bf-48a8-8a45-8552b70127ea,
Hindustani,7a91131b-210d-45b1-a056-e12dd578cc68,7a91131b-210d-45b1-a056-e12dd578cc68,6f13484e-6fdd-402d-baf3-3835835454d0,Tōḍī,7a91131b-210d-45b1-a056-e12dd578cc68,
Hindustani,1a311323-791b-46fa-ab59-b749adcd18e1,1a311323-791b-46fa-ab59-b749adcd18e1,3eb7ba30-4b94-432e-9618-875ee57e01ab,Mārvā,1a311323-791b-46fa-ab59-b749adcd18e1,
Hindustani,4a9eb951-9a45-4292-a7c8-aeb103349e86,4a9eb951-9a45-4292-a7c8-aeb103349e86,a9ee554f-f146-43e9-b2d0-9bb31fd4b57d,Kēdār,4a9eb951-9a45-4292-a7c8-aeb103349e86,
Hindustani,ead345d2-0314-4a4a-bfb6-d65510e06aba,ead345d2-0314-4a4a-bfb6-d65510e06aba,a99e07d5-20a0-467b-8dcd-aa5a095177fd,Lalit,ead345d2-0314-4a4a-bfb6-d65510e06aba,
Hindustani,3f162361-c4fa-46f9-bc56-58242d978449,3f162361-c4fa-46f9-bc56-58242d978449,6f13484e-6fdd-402d-baf3-3835835454d0,Tōḍī,3f162361-c4fa-46f9-bc56-58242d978449,
Hindustani,897f4174-24be-493a-be1c-57fd3c018601,897f4174-24be-493a-be1c-57fd3c018601,7591faad-e68a-4550-b675-8082842c6056,Bāgēśrī,897f4174-24be-493a-be1c-57fd3c018601,
Hindustani,2b1da797-d9f6-47bc-93c0-d19f5de0fa5d,2b1da797-d9f6-47bc-93c0-d19f5de0fa5d,1e7de02f-e77f-405a-a033-f31117aaf955,Bhairav,2b1da797-d9f6-47bc-93c0-d19f5de0fa5d,
Hindustani,f0ce173e-e69b-4baf-8c23-cdd63fd15ab1,f0ce173e-e69b-4baf-8c23-cdd63fd15ab1,a7d98897-e2fe-4d75-b9dc-e5b4dc88e1c6,Bihāg,f0ce173e-e69b-4baf-8c23-cdd63fd15ab1,
Hindustani,077d538e-545a-4098-8997-76742fb26d39,077d538e-545a-4098-8997-76742fb26d39,46997b02-f09c-4969-8138-4e1861f61967,Śrī,077d538e-545a-4098-8997-76742fb26d39,
Hindustani,c76cadd9-9e7b-4e9e-96dc-f79a9a8eed78,c76cadd9-9e7b-4e9e-96dc-f79a9a8eed78,48b37bed-e847-4882-8a01-5c721e07f07d,Yaman kalyāṇ,c76cadd9-9e7b-4e9e-96dc-f79a9a8eed78,
Hindustani,ff70a092-0893-4836-a2a2-7ea654d171c9,ff70a092-0893-4836-a2a2-7ea654d171c9,290674e0-d94c-41c1-ad99-f65fa22a1447,Madhuvanti,ff70a092-0893-4836-a2a2-7ea654d171c9,
Hindustani,c853d66a-7f61-42ef-8373-94798bde90a6,c853d66a-7f61-42ef-8373-94798bde90a6,ecd04ceb-b46c-47fc-9045-84ac9160e527,Basant,c853d66a-7f61-42ef-8373-94798bde90a6,
Hindustani,b142b865-8995-4ce5-aa98-4e0fc7d99d94,b142b865-8995-4ce5-aa98-4e0fc7d99d94,595de771-fcc2-414c-9df6-ae4ffd898549,Hamsadhvāni,b142b865-8995-4ce5-aa98-4e0fc7d99d94,
Hindustani,eb3a6211-0062-4043-bd43-c7e84da353e9,eb3a6211-0062-4043-bd43-c7e84da353e9,f7fddfc0-8c1d-4dd2-90d5-5d51a99d61f8,Rāgēśrī,eb3a6211-0062-4043-bd43-c7e84da353e9,
Hindustani,e155b6c3-eb87-4522-9bf8-93bf74697fb4,e155b6c3-eb87-4522-9bf8-93bf74697fb4,a99e07d5-20a0-467b-8dcd-aa5a095177fd,Lalit,e155b6c3-eb87-4522-9bf8-93bf74697fb4,
Hindustani,113d82be-a83c-4c43-9393-6377fcd982bf,113d82be-a83c-4c43-9393-6377fcd982bf,46997b02-f09c-4969-8138-4e1861f61967,Śrī,113d82be-a83c-4c43-9393-6377fcd982bf,
Hindustani,3ce253e3-20a1-4148-b6c7-420a9784c242,3ce253e3-20a1-4148-b6c7-420a9784c242,40dbe1db-858f-4366-bef8-9076eb67340d,Śuddh sāraṅg,3ce253e3-20a1-4148-b6c7-420a9784c242,
Hindustani,acf065cc-7a66-4f9d-9eb9-3a86b35fa447,acf065cc-7a66-4f9d-9eb9-3a86b35fa447,ba3242d0-8d40-4d93-865e-d2e2497ea2a8,Gauḍ malhār,acf065cc-7a66-4f9d-9eb9-3a86b35fa447,
Hindustani,0de04a5c-74b1-42e0-8df2-d166be9a3b33,0de04a5c-74b1-42e0-8df2-d166be9a3b33,6f13484e-6fdd-402d-baf3-3835835454d0,Tōḍī,0de04a5c-74b1-42e0-8df2-d166be9a3b33,
Hindustani,61f14196-ba50-41c9-91f8-0f42e0d6870f,61f14196-ba50-41c9-91f8-0f42e0d6870f,fa28470c-d413-44c7-94da-181f530cbfdd,Puriyā dhanaśrī,61f14196-ba50-41c9-91f8-0f42e0d6870f,
Hindustani,effa2f04-c0ab-4910-b822-55d8548363df,effa2f04-c0ab-4910-b822-55d8548363df,a9ee554f-f146-43e9-b2d0-9bb31fd4b57d,Kēdār,effa2f04-c0ab-4910-b822-55d8548363df,
Hindustani,1472bfc9-acc9-4e25-9300-7cdff8df1575,1472bfc9-acc9-4e25-9300-7cdff8df1575,f7fddfc0-8c1d-4dd2-90d5-5d51a99d61f8,Rāgēśrī,1472bfc9-acc9-4e25-9300-7cdff8df1575,
Hindustani,c8c0b93e-0e7d-4e08-a1cc-95b0eecee5db,c8c0b93e-0e7d-4e08-a1cc-95b0eecee5db,a7d98897-e2fe-4d75-b9dc-e5b4dc88e1c6,Bihāg,c8c0b93e-0e7d-4e08-a1cc-95b0eecee5db,
Hindustani,86d7779a-1610-4514-83a6-883997250abe,86d7779a-1610-4514-83a6-883997250abe,063ea5a0-23b1-4bb5-8537-3d924fe8ebb3,Jōg,86d7779a-1610-4514-83a6-883997250abe,
Hindustani,186b62f6-3073-4817-a075-439cad73305c,186b62f6-3073-4817-a075-439cad73305c,7591faad-e68a-4550-b675-8082842c6056,Bāgēśrī,186b62f6-3073-4817-a075-439cad73305c,
Hindustani,c1aba7b7-cd7a-4e6c-90e7-798b617bfdc9,c1aba7b7-cd7a-4e6c-90e7-798b617bfdc9,290674e0-d94c-41c1-ad99-f65fa22a1447,Madhuvanti,c1aba7b7-cd7a-4e6c-90e7-798b617bfdc9,
Hindustani,97c2c622-af6f-4a70-98be-9e44d5c933db,97c2c622-af6f-4a70-98be-9e44d5c933db,40dbe1db-858f-4366-bef8-9076eb67340d,Śuddh sāraṅg,97c2c622-af6f-4a70-98be-9e44d5c933db,
Hindustani,bf3e009b-5d36-46a2-8fde-3c019c9fef1a,bf3e009b-5d36-46a2-8fde-3c019c9fef1a,7591faad-e68a-4550-b675-8082842c6056,Bāgēśrī,bf3e009b-5d36-46a2-8fde-3c019c9fef1a,
Hindustani,9ff5e2dd-7c77-492d-9aa1-09508fe595b9,9ff5e2dd-7c77-492d-9aa1-09508fe595b9,ecd04ceb-b46c-47fc-9045-84ac9160e527,Basant,9ff5e2dd-7c77-492d-9aa1-09508fe595b9,
Hindustani,0efd0dde-018c-4c30-972b-9dc14c6f09b5,0efd0dde-018c-4c30-972b-9dc14c6f09b5,ba3242d0-8d40-4d93-865e-d2e2497ea2a8,Gauḍ malhār,0efd0dde-018c-4c30-972b-9dc14c6f09b5,
Hindustani,56ad0c6b-6e9d-40e5-a917-96ec46c95e1c,56ad0c6b-6e9d-40e5-a917-96ec46c95e1c,54c4214c-05b9-4acc-8f77-6d5786e43a2e,Mārūbihāg,56ad0c6b-6e9d-40e5-a917-96ec46c95e1c,
Hindustani,5e9d1ce8-9dcf-4c3c-a58a-7bc8734791d0,5e9d1ce8-9dcf-4c3c-a58a-7bc8734791d0,ba3242d0-8d40-4d93-865e-d2e2497ea2a8,Gauḍ malhār,5e9d1ce8-9dcf-4c3c-a58a-7bc8734791d0,
Hindustani,c4f7a204-5c54-47a1-ae39-b70a366b6865,c4f7a204-5c54-47a1-ae39-b70a366b6865,6f13484e-6fdd-402d-baf3-3835835454d0,Tōḍī,c4f7a204-5c54-47a1-ae39-b70a366b6865,
Hindustani,7084ac88-542c-4e84-8eda-dc9735201d18,7084ac88-542c-4e84-8eda-dc9735201d18,0b3bbf97-0ec3-41da-add4-722d87329ec3,Madhukauns,7084ac88-542c-4e84-8eda-dc9735201d18,
Hindustani,3148a17b-6be7-4f5e-bc35-84196b3c64b6,3148a17b-6be7-4f5e-bc35-84196b3c64b6,a7d98897-e2fe-4d75-b9dc-e5b4dc88e1c6,Bihāg,3148a17b-6be7-4f5e-bc35-84196b3c64b6,
Hindustani,80c94c75-4175-40ca-9f23-4e5a04f5e9cb,80c94c75-4175-40ca-9f23-4e5a04f5e9cb,54c4214c-05b9-4acc-8f77-6d5786e43a2e,Mārūbihāg,80c94c75-4175-40ca-9f23-4e5a04f5e9cb,
Hindustani,9af146bf-4fdf-41bb-a665-eacc15741d32,9af146bf-4fdf-41bb-a665-eacc15741d32,a99e07d5-20a0-467b-8dcd-aa5a095177fd,Lalit,9af146bf-4fdf-41bb-a665-eacc15741d32,
Hindustani,91bbdaa0-551d-454b-97f3-67c89c72f8d5,91bbdaa0-551d-454b-97f3-67c89c72f8d5,118401e7-8de8-4d81-9d8e-8070889e3fa8,Darbāri,91bbdaa0-551d-454b-97f3-67c89c72f8d5,
Hindustani,0a11bf6f-b55d-459c-9447-7a5a555a286f,0a11bf6f-b55d-459c-9447-7a5a555a286f,1e7de02f-e77f-405a-a033-f31117aaf955,Bhairav,0a11bf6f-b55d-459c-9447-7a5a555a286f,
Hindustani,f3313201-ab83-4633-b463-60b862ab1a21,f3313201-ab83-4633-b463-60b862ab1a21,46997b02-f09c-4969-8138-4e1861f61967,Śrī,f3313201-ab83-4633-b463-60b862ab1a21,
Hindustani,1b3714f7-9cab-4674-8d19-c9aad8801d29,1b3714f7-9cab-4674-8d19-c9aad8801d29,46997b02-f09c-4969-8138-4e1861f61967,Śrī,1b3714f7-9cab-4674-8d19-c9aad8801d29,
Hindustani,c6232a25-3f5a-4394-a85c-43dc1efcc1de,c6232a25-3f5a-4394-a85c-43dc1efcc1de,3eb7ba30-4b94-432e-9618-875ee57e01ab,Mārvā,c6232a25-3f5a-4394-a85c-43dc1efcc1de,
Hindustani,567e57a7-26c8-49c3-8a2c-fc2485cf2ab9,567e57a7-26c8-49c3-8a2c-fc2485cf2ab9,f6432fec-e9c2-4b09-9e73-c46086cbd8ea,Ahira bhairav,567e57a7-26c8-49c3-8a2c-fc2485cf2ab9,
Hindustani,aa93fca9-362d-4ea4-952f-65006746b888,aa93fca9-362d-4ea4-952f-65006746b888,48b37bed-e847-4882-8a01-5c721e07f07d,Yaman kalyāṇ,aa93fca9-362d-4ea4-952f-65006746b888,
Hindustani,157f546c-90c8-4b3b-a72c-42fa5b0dd820,157f546c-90c8-4b3b-a72c-42fa5b0dd820,e771a74d-545d-41d5-816b-43403a818b0c,Bhūp,157f546c-90c8-4b3b-a72c-42fa5b0dd820,
Hindustani,f11c7c0c-d148-4084-8cfc-b5e81893f5cf,f11c7c0c-d148-4084-8cfc-b5e81893f5cf,40dbe1db-858f-4366-bef8-9076eb67340d,Śuddh sāraṅg,f11c7c0c-d148-4084-8cfc-b5e81893f5cf,
Hindustani,e3a55c80-653e-4587-aca9-bf6c7245c459,e3a55c80-653e-4587-aca9-bf6c7245c459,62b79291-73b0-4c77-a353-0f8bc6ed8362,Dēś,e3a55c80-653e-4587-aca9-bf6c7245c459,
Hindustani,99dcaebe-ab49-4fa3-ab6c-a9458143af8e,99dcaebe-ab49-4fa3-ab6c-a9458143af8e,063ea5a0-23b1-4bb5-8537-3d924fe8ebb3,Jōg,99dcaebe-ab49-4fa3-ab6c-a9458143af8e,
Hindustani,01df0bee-b090-4b1d-bbdc-84e1c436635b,01df0bee-b090-4b1d-bbdc-84e1c436635b,118401e7-8de8-4d81-9d8e-8070889e3fa8,Darbāri,01df0bee-b090-4b1d-bbdc-84e1c436635b,
Hindustani,3fc7b071-68c7-4a5a-bed5-7da6301931f4,3fc7b071-68c7-4a5a-bed5-7da6301931f4,64e5fb9e-5569-4e80-8e6c-f543af9469c7,Mālkauns,3fc7b071-68c7-4a5a-bed5-7da6301931f4,
Hindustani,d0781259-2c63-4b35-8ca3-75c19a98e275,d0781259-2c63-4b35-8ca3-75c19a98e275,063ea5a0-23b1-4bb5-8537-3d924fe8ebb3,Jōg,d0781259-2c63-4b35-8ca3-75c19a98e275,
Hindustani,25d5c348-023b-487b-b149-a46d553cedee,25d5c348-023b-487b-b149-a46d553cedee,6f13484e-6fdd-402d-baf3-3835835454d0,Tōḍī,25d5c348-023b-487b-b149-a46d553cedee,
Hindustani,8e4f28ea-6a4c-4bae-a4df-4b9af14e1bb4,8e4f28ea-6a4c-4bae-a4df-4b9af14e1bb4,fa28470c-d413-44c7-94da-181f530cbfdd,Puriyā dhanaśrī,8e4f28ea-6a4c-4bae-a4df-4b9af14e1bb4,
Hindustani,e516312d-00c4-4ccc-8875-9c84f0f30207,e516312d-00c4-4ccc-8875-9c84f0f30207,0b3bbf97-0ec3-41da-add4-722d87329ec3,Madhukauns,e516312d-00c4-4ccc-8875-9c84f0f30207,
Hindustani,dd42bbc9-4ec1-4881-81df-8b6813d460cf,dd42bbc9-4ec1-4881-81df-8b6813d460cf,e771a74d-545d-41d5-816b-43403a818b0c,Bhūp,dd42bbc9-4ec1-4881-81df-8b6813d460cf,
Hindustani,afe4855b-9b3e-477a-944a-251b6bb7dd97,afe4855b-9b3e-477a-944a-251b6bb7dd97,7591faad-e68a-4550-b675-8082842c6056,Bāgēśrī,afe4855b-9b3e-477a-944a-251b6bb7dd97,
Hindustani,916fd45f-ddda-49e2-be63-207fc56a411e,916fd45f-ddda-49e2-be63-207fc56a411e,1b05a564-059f-445b-b325-cf26318367e3,Miyān malhār,916fd45f-ddda-49e2-be63-207fc56a411e,
Hindustani,6c573272-1f4a-4504-b7e1-996f877e1e15,6c573272-1f4a-4504-b7e1-996f877e1e15,1b05a564-059f-445b-b325-cf26318367e3,Miyān malhār,6c573272-1f4a-4504-b7e1-996f877e1e15,
Hindustani,c6dfc5f0-34cb-4d1e-90a0-712a845beb38,c6dfc5f0-34cb-4d1e-90a0-712a845beb38,7591faad-e68a-4550-b675-8082842c6056,Bāgēśrī,c6dfc5f0-34cb-4d1e-90a0-712a845beb38,
Hindustani,e23eb921-de6e-452b-bc2f-7fbd0772c4fd,e23eb921-de6e-452b-bc2f-7fbd0772c4fd,dd59147d-8775-44ff-a36b-0d9f15b31319,Bilāsakhānī tōḍī,e23eb921-de6e-452b-bc2f-7fbd0772c4fd,
Hindustani,dc09e696-88d1-427f-bb1b-92d899ed9af1,dc09e696-88d1-427f-bb1b-92d899ed9af1,a9ee554f-f146-43e9-b2d0-9bb31fd4b57d,Kēdār,dc09e696-88d1-427f-bb1b-92d899ed9af1,
Hindustani,64587462-6f9f-4439-8b48-6375a4fb1f6a,64587462-6f9f-4439-8b48-6375a4fb1f6a,64e5fb9e-5569-4e80-8e6c-f543af9469c7,Mālkauns,64587462-6f9f-4439-8b48-6375a4fb1f6a,
Hindustani,3a75a312-b119-41f8-8a5a-e799ebeed0cc,3a75a312-b119-41f8-8a5a-e799ebeed0cc,40dbe1db-858f-4366-bef8-9076eb67340d,Śuddh sāraṅg,3a75a312-b119-41f8-8a5a-e799ebeed0cc,
Hindustani,ed4b8208-d0bf-4269-b513-5799a9ae3884,ed4b8208-d0bf-4269-b513-5799a9ae3884,40dbe1db-858f-4366-bef8-9076eb67340d,Śuddh sāraṅg,ed4b8208-d0bf-4269-b513-5799a9ae3884,
Hindustani,b31c1429-f99f-481c-9a0e-cb2d2f99ac84,b31c1429-f99f-481c-9a0e-cb2d2f99ac84,f6432fec-e9c2-4b09-9e73-c46086cbd8ea,Ahira bhairav,b31c1429-f99f-481c-9a0e-cb2d2f99ac84,
Hindustani,a0cfb64b-6744-477e-9a17-e335a08e604f,a0cfb64b-6744-477e-9a17-e335a08e604f,54c4214c-05b9-4acc-8f77-6d5786e43a2e,Mārūbihāg,a0cfb64b-6744-477e-9a17-e335a08e604f,
Hindustani,b22390c8-88bb-4e1f-9e23-bd3e237043ba,b22390c8-88bb-4e1f-9e23-bd3e237043ba,2ed9379f-14c9-49af-8e4d-f9b63e96801f,Alahaiyā bilāval,b22390c8-88bb-4e1f-9e23-bd3e237043ba,
Hindustani,f5999e30-d00d-4837-b9c6-5328768ae22d,f5999e30-d00d-4837-b9c6-5328768ae22d,46997b02-f09c-4969-8138-4e1861f61967,Śrī,f5999e30-d00d-4837-b9c6-5328768ae22d,
Hindustani,59ebf93e-fb88-4ac1-b400-000ffbc7ae3d,59ebf93e-fb88-4ac1-b400-000ffbc7ae3d,063ea5a0-23b1-4bb5-8537-3d924fe8ebb3,Jōg,59ebf93e-fb88-4ac1-b400-000ffbc7ae3d,
Hindustani,10224082-7d00-4839-b430-c8110686ec64,10224082-7d00-4839-b430-c8110686ec64,ecd04ceb-b46c-47fc-9045-84ac9160e527,Basant,10224082-7d00-4839-b430-c8110686ec64,
Hindustani,2c29d660-b4ed-4302-a447-866a1e1d86b3,2c29d660-b4ed-4302-a447-866a1e1d86b3,a9ee554f-f146-43e9-b2d0-9bb31fd4b57d,Kēdār,2c29d660-b4ed-4302-a447-866a1e1d86b3,
Hindustani,3c6fa59c-a492-4e76-a3f0-be3e81053ca5,3c6fa59c-a492-4e76-a3f0-be3e81053ca5,3eb7ba30-4b94-432e-9618-875ee57e01ab,Mārvā,3c6fa59c-a492-4e76-a3f0-be3e81053ca5,
Hindustani,3d6dc834-550d-4eb5-87f9-6e57747f3cb1,3d6dc834-550d-4eb5-87f9-6e57747f3cb1,ecd04ceb-b46c-47fc-9045-84ac9160e527,Basant,3d6dc834-550d-4eb5-87f9-6e57747f3cb1,
Hindustani,cfaafb25-78e1-4d27-93d8-a5b160ee77fc,cfaafb25-78e1-4d27-93d8-a5b160ee77fc,a9ee554f-f146-43e9-b2d0-9bb31fd4b57d,Kēdār,cfaafb25-78e1-4d27-93d8-a5b160ee77fc,
Hindustani,fe91ccb2-499a-4d99-be22-3fdde04ee9aa,fe91ccb2-499a-4d99-be22-3fdde04ee9aa,54c4214c-05b9-4acc-8f77-6d5786e43a2e,Mārūbihāg,fe91ccb2-499a-4d99-be22-3fdde04ee9aa,
Hindustani,2fd571a1-ca82-4ca6-9c41-39c2fe31d43f,2fd571a1-ca82-4ca6-9c41-39c2fe31d43f,f7fddfc0-8c1d-4dd2-90d5-5d51a99d61f8,Rāgēśrī,2fd571a1-ca82-4ca6-9c41-39c2fe31d43f,
Hindustani,182dd9f9-d3b7-4ebc-9d18-9e0544c6e8cc,182dd9f9-d3b7-4ebc-9d18-9e0544c6e8cc,dd59147d-8775-44ff-a36b-0d9f15b31319,Bilāsakhānī tōḍī,182dd9f9-d3b7-4ebc-9d18-9e0544c6e8cc,
Hindustani,e0f9998f-0341-4621-8cf2-80c3d3b59855,e0f9998f-0341-4621-8cf2-80c3d3b59855,a9ee554f-f146-43e9-b2d0-9bb31fd4b57d,Kēdār,e0f9998f-0341-4621-8cf2-80c3d3b59855,
Hindustani,7feb93f7-eaa4-42d5-b366-709fd1dbbc2c,7feb93f7-eaa4-42d5-b366-709fd1dbbc2c,595de771-fcc2-414c-9df6-ae4ffd898549,Hamsadhvāni,7feb93f7-eaa4-42d5-b366-709fd1dbbc2c,
Hindustani,73b74f57-4ba1-4f22-a969-1d9b2e26b5ea,73b74f57-4ba1-4f22-a969-1d9b2e26b5ea,ba3242d0-8d40-4d93-865e-d2e2497ea2a8,Gauḍ malhār,73b74f57-4ba1-4f22-a969-1d9b2e26b5ea,
Hindustani,a5381523-347b-47bc-8645-a95d24a9a666,a5381523-347b-47bc-8645-a95d24a9a666,62b79291-73b0-4c77-a353-0f8bc6ed8362,Dēś,a5381523-347b-47bc-8645-a95d24a9a666,
Hindustani,7d3f5b32-34f2-402c-b3b3-a87f1dedd3a8,7d3f5b32-34f2-402c-b3b3-a87f1dedd3a8,dd59147d-8775-44ff-a36b-0d9f15b31319,Bilāsakhānī tōḍī,7d3f5b32-34f2-402c-b3b3-a87f1dedd3a8,
Hindustani,a2c54654-2699-489a-95ab-623fc903281a,a2c54654-2699-489a-95ab-623fc903281a,48b37bed-e847-4882-8a01-5c721e07f07d,Yaman kalyāṇ,a2c54654-2699-489a-95ab-623fc903281a,
Hindustani,b0434093-2d8b-4c8d-aaa8-7fb44bd1ce0e,b0434093-2d8b-4c8d-aaa8-7fb44bd1ce0e,118401e7-8de8-4d81-9d8e-8070889e3fa8,Darbāri,b0434093-2d8b-4c8d-aaa8-7fb44bd1ce0e,
Hindustani,9010c587-1419-425c-966c-cfbb6b80891f,9010c587-1419-425c-966c-cfbb6b80891f,1b05a564-059f-445b-b325-cf26318367e3,Miyān malhār,9010c587-1419-425c-966c-cfbb6b80891f,
Hindustani,b267996c-c857-4774-9cf6-5f7cec7413d7,b267996c-c857-4774-9cf6-5f7cec7413d7,93c73081-bdf8-4eca-b325-d736b71e9b4b,Khamāj,b267996c-c857-4774-9cf6-5f7cec7413d7,
Hindustani,56a5f6b7-67c0-4672-8eb5-4800ea004251,56a5f6b7-67c0-4672-8eb5-4800ea004251,595de771-fcc2-414c-9df6-ae4ffd898549,Hamsadhvāni,56a5f6b7-67c0-4672-8eb5-4800ea004251,
Hindustani,7704b0d2-eeac-47e4-ba05-c541a91eb621,7704b0d2-eeac-47e4-ba05-c541a91eb621,f7fddfc0-8c1d-4dd2-90d5-5d51a99d61f8,Rāgēśrī,7704b0d2-eeac-47e4-ba05-c541a91eb621,
Hindustani,2331050f-b7cf-46d5-a700-c7503539d7c5,2331050f-b7cf-46d5-a700-c7503539d7c5,595de771-fcc2-414c-9df6-ae4ffd898549,Hamsadhvāni,2331050f-b7cf-46d5-a700-c7503539d7c5,
Hindustani,57db6960-6038-4b48-b22f-a10d22752767,57db6960-6038-4b48-b22f-a10d22752767,0b3bbf97-0ec3-41da-add4-722d87329ec3,Madhukauns,57db6960-6038-4b48-b22f-a10d22752767,
Hindustani,def59da7-8d7b-4047-b16c-eeee65482e87,def59da7-8d7b-4047-b16c-eeee65482e87,f6432fec-e9c2-4b09-9e73-c46086cbd8ea,Ahira bhairav,def59da7-8d7b-4047-b16c-eeee65482e87,
Hindustani,d44c1914-b3ee-4948-af86-d07fde13c1b4,d44c1914-b3ee-4948-af86-d07fde13c1b4,a99e07d5-20a0-467b-8dcd-aa5a095177fd,Lalit,d44c1914-b3ee-4948-af86-d07fde13c1b4,
Hindustani,19b66d55-98b3-4157-b680-6a0f17fce925,19b66d55-98b3-4157-b680-6a0f17fce925,595de771-fcc2-414c-9df6-ae4ffd898549,Hamsadhvāni,19b66d55-98b3-4157-b680-6a0f17fce925,
Hindustani,3f66f0dc-73b7-48c4-8ad7-1f1a7dacd8bb,3f66f0dc-73b7-48c4-8ad7-1f1a7dacd8bb,063ea5a0-23b1-4bb5-8537-3d924fe8ebb3,Jōg,3f66f0dc-73b7-48c4-8ad7-1f1a7dacd8bb,
Hindustani,22e45ddb-9b88-406e-996a-2136730d72d4,22e45ddb-9b88-406e-996a-2136730d72d4,54c4214c-05b9-4acc-8f77-6d5786e43a2e,Mārūbihāg,22e45ddb-9b88-406e-996a-2136730d72d4,
Hindustani,8d01b397-5d3f-4fdd-8c9a-a8a3a4e18709,8d01b397-5d3f-4fdd-8c9a-a8a3a4e18709,118401e7-8de8-4d81-9d8e-8070889e3fa8,Darbāri,8d01b397-5d3f-4fdd-8c9a-a8a3a4e18709,
Hindustani,ee202972-59a1-4576-9883-6e82124b356a,ee202972-59a1-4576-9883-6e82124b356a,a7d98897-e2fe-4d75-b9dc-e5b4dc88e1c6,Bihāg,ee202972-59a1-4576-9883-6e82124b356a,
Hindustani,980b4a00-6e7c-41c1-81ee-6b021d237343,980b4a00-6e7c-41c1-81ee-6b021d237343,64e5fb9e-5569-4e80-8e6c-f543af9469c7,Mālkauns,980b4a00-6e7c-41c1-81ee-6b021d237343,
Hindustani,6e4dea78-ec22-479a-9e3c-c253a6deba7c,6e4dea78-ec22-479a-9e3c-c253a6deba7c,118401e7-8de8-4d81-9d8e-8070889e3fa8,Darbāri,6e4dea78-ec22-479a-9e3c-c253a6deba7c,
Hindustani,41e85340-5071-4cdf-a988-6e0aabed3dd6,41e85340-5071-4cdf-a988-6e0aabed3dd6,d9c603fa-875f-4b84-b851-c6a345427898,Ābhōgī,41e85340-5071-4cdf-a988-6e0aabed3dd6,
Hindustani,c7073b30-cb25-4ed4-a2f3-9d75fe9cd1e8,c7073b30-cb25-4ed4-a2f3-9d75fe9cd1e8,62b79291-73b0-4c77-a353-0f8bc6ed8362,Dēś,c7073b30-cb25-4ed4-a2f3-9d75fe9cd1e8,
Hindustani,c0333b05-4593-4618-b00c-9c363c0e4b09,c0333b05-4593-4618-b00c-9c363c0e4b09,a99e07d5-20a0-467b-8dcd-aa5a095177fd,Lalit,c0333b05-4593-4618-b00c-9c363c0e4b09,
Hindustani,73f6dda2-50bf-416f-8b77-2de40d24b455,73f6dda2-50bf-416f-8b77-2de40d24b455,ba3242d0-8d40-4d93-865e-d2e2497ea2a8,Gauḍ malhār,73f6dda2-50bf-416f-8b77-2de40d24b455,
Hindustani,9f4a4fc5-d5c0-4757-b875-9dbb2a83302f,9f4a4fc5-d5c0-4757-b875-9dbb2a83302f,b143adaa-f1a6-4de4-8985-a5bd35e96279,Bairāgi,9f4a4fc5-d5c0-4757-b875-9dbb2a83302f,
Hindustani,9117fa28-df28-4bb8-a0e3-b70e60fed262,9117fa28-df28-4bb8-a0e3-b70e60fed262,2ed9379f-14c9-49af-8e4d-f9b63e96801f,Alahaiyā bilāval,9117fa28-df28-4bb8-a0e3-b70e60fed262,
Hindustani,930ae825-111c-4dd5-b8be-de609fd5202d,930ae825-111c-4dd5-b8be-de609fd5202d,fa28470c-d413-44c7-94da-181f530cbfdd,Puriyā dhanaśrī,930ae825-111c-4dd5-b8be-de609fd5202d,
Hindustani,5b640af5-26f6-4a02-81e5-d28cd01e9149,5b640af5-26f6-4a02-81e5-d28cd01e9149,ecd04ceb-b46c-47fc-9045-84ac9160e527,Basant,5b640af5-26f6-4a02-81e5-d28cd01e9149,
Hindustani,a7f6551d-9696-4713-becb-b22acf71a7db,a7f6551d-9696-4713-becb-b22acf71a7db,063ea5a0-23b1-4bb5-8537-3d924fe8ebb3,Jōg,a7f6551d-9696-4713-becb-b22acf71a7db,
Hindustani,68ecc764-b0da-4919-affe-8a50d558cbbf,68ecc764-b0da-4919-affe-8a50d558cbbf,290674e0-d94c-41c1-ad99-f65fa22a1447,Madhuvanti,68ecc764-b0da-4919-affe-8a50d558cbbf,
Hindustani,37686ac1-797f-44f5-a3c9-5e8690beb8ec,37686ac1-797f-44f5-a3c9-5e8690beb8ec,1b05a564-059f-445b-b325-cf26318367e3,Miyān malhār,37686ac1-797f-44f5-a3c9-5e8690beb8ec,
Hindustani,fecfe4a8-a68e-4ced-93d9-5d47fd4505cd,fecfe4a8-a68e-4ced-93d9-5d47fd4505cd,a7d98897-e2fe-4d75-b9dc-e5b4dc88e1c6,Bihāg,fecfe4a8-a68e-4ced-93d9-5d47fd4505cd,
Hindustani,7ee9570e-7f04-4f1c-819a-ec044318e15c,7ee9570e-7f04-4f1c-819a-ec044318e15c,118401e7-8de8-4d81-9d8e-8070889e3fa8,Darbāri,7ee9570e-7f04-4f1c-819a-ec044318e15c,
Hindustani,27994cb8-23ae-4c32-959e-625b51727412,27994cb8-23ae-4c32-959e-625b51727412,ba3242d0-8d40-4d93-865e-d2e2497ea2a8,Gauḍ malhār,27994cb8-23ae-4c32-959e-625b51727412,
Hindustani,c568bab8-7653-4252-a4d9-aebcc26fc752,c568bab8-7653-4252-a4d9-aebcc26fc752,3eb7ba30-4b94-432e-9618-875ee57e01ab,Mārvā,c568bab8-7653-4252-a4d9-aebcc26fc752,
Hindustani,4b587d3f-4014-4d68-a958-17d51fe2c1c1,4b587d3f-4014-4d68-a958-17d51fe2c1c1,b143adaa-f1a6-4de4-8985-a5bd35e96279,Bairāgi,4b587d3f-4014-4d68-a958-17d51fe2c1c1,
Hindustani,dbfa7e22-4432-4db5-8ec6-8482b97bcea9,dbfa7e22-4432-4db5-8ec6-8482b97bcea9,ecd04ceb-b46c-47fc-9045-84ac9160e527,Basant,dbfa7e22-4432-4db5-8ec6-8482b97bcea9,
Hindustani,b63f8746-775e-447b-8bd5-1f32c4ef0b44,b63f8746-775e-447b-8bd5-1f32c4ef0b44,d9c603fa-875f-4b84-b851-c6a345427898,Ābhōgī,b63f8746-775e-447b-8bd5-1f32c4ef0b44,
Hindustani,89430adb-e414-4ea4-abde-1ec568641c93,89430adb-e414-4ea4-abde-1ec568641c93,a9ee554f-f146-43e9-b2d0-9bb31fd4b57d,Kēdār,89430adb-e414-4ea4-abde-1ec568641c93,
Hindustani,f93a15cf-8ec1-43c7-b7e3-b48f5369dee4,f93a15cf-8ec1-43c7-b7e3-b48f5369dee4,f6432fec-e9c2-4b09-9e73-c46086cbd8ea,Ahira bhairav,f93a15cf-8ec1-43c7-b7e3-b48f5369dee4,
Hindustani,e40375a2-01d2-4137-823a-3e62503baf98,e40375a2-01d2-4137-823a-3e62503baf98,d9c603fa-875f-4b84-b851-c6a345427898,Ābhōgī,e40375a2-01d2-4137-823a-3e62503baf98,
Hindustani,adb5c888-68cb-4456-811c-f282aeee3713,adb5c888-68cb-4456-811c-f282aeee3713,f7fddfc0-8c1d-4dd2-90d5-5d51a99d61f8,Rāgēśrī,adb5c888-68cb-4456-811c-f282aeee3713,
Hindustani,37c79233-b5d7-4517-a393-37784702c4ce,37c79233-b5d7-4517-a393-37784702c4ce,48b37bed-e847-4882-8a01-5c721e07f07d,Yaman kalyāṇ,37c79233-b5d7-4517-a393-37784702c4ce,
Hindustani,695a5b9b-fdbe-4a02-914f-b40f46df4367,695a5b9b-fdbe-4a02-914f-b40f46df4367,62b79291-73b0-4c77-a353-0f8bc6ed8362,Dēś,695a5b9b-fdbe-4a02-914f-b40f46df4367,
Hindustani,0017d78e-a39d-4151-8d93-826ab2eb00d8,0017d78e-a39d-4151-8d93-826ab2eb00d8,2ed9379f-14c9-49af-8e4d-f9b63e96801f,Alahaiyā bilāval,0017d78e-a39d-4151-8d93-826ab2eb00d8,
Hindustani,566d6c64-ae66-45e7-9f91-e33cd6c0f18f,566d6c64-ae66-45e7-9f91-e33cd6c0f18f,063ea5a0-23b1-4bb5-8537-3d924fe8ebb3,Jōg,566d6c64-ae66-45e7-9f91-e33cd6c0f18f,
Hindustani,99f1a318-f246-40cb-86b9-3639344be94d,99f1a318-f246-40cb-86b9-3639344be94d,64e5fb9e-5569-4e80-8e6c-f543af9469c7,Mālkauns,99f1a318-f246-40cb-86b9-3639344be94d,
Hindustani,ef6c848a-8f36-49fa-98f1-2b3d40391ddd,ef6c848a-8f36-49fa-98f1-2b3d40391ddd,1e7de02f-e77f-405a-a033-f31117aaf955,Bhairav,ef6c848a-8f36-49fa-98f1-2b3d40391ddd,
Hindustani,62d572bc-f693-4378-b22c-03879b78ff0a,62d572bc-f693-4378-b22c-03879b78ff0a,fa28470c-d413-44c7-94da-181f530cbfdd,Puriyā dhanaśrī,62d572bc-f693-4378-b22c-03879b78ff0a,
Hindustani,baea9093-d2c8-4529-8bc8-02ce7554c555,baea9093-d2c8-4529-8bc8-02ce7554c555,063ea5a0-23b1-4bb5-8537-3d924fe8ebb3,Jōg,baea9093-d2c8-4529-8bc8-02ce7554c555,
Hindustani,dcd3f7ef-a962-4664-8cbb-3902ad43d935,dcd3f7ef-a962-4664-8cbb-3902ad43d935,1b05a564-059f-445b-b325-cf26318367e3,Miyān malhār,dcd3f7ef-a962-4664-8cbb-3902ad43d935,
Hindustani,c556b631-111f-42e8-aa98-e02f0777be9e,c556b631-111f-42e8-aa98-e02f0777be9e,93c73081-bdf8-4eca-b325-d736b71e9b4b,Khamāj,c556b631-111f-42e8-aa98-e02f0777be9e,
Hindustani,679827a7-41bf-4af7-bba6-50c036264941,679827a7-41bf-4af7-bba6-50c036264941,a99e07d5-20a0-467b-8dcd-aa5a095177fd,Lalit,679827a7-41bf-4af7-bba6-50c036264941,
Hindustani,409903ce-cfe7-41fd-b42b-3b7790c0e917,409903ce-cfe7-41fd-b42b-3b7790c0e917,d9c603fa-875f-4b84-b851-c6a345427898,Ābhōgī,409903ce-cfe7-41fd-b42b-3b7790c0e917,
Hindustani,b2456c14-8db5-4d11-bf23-ec360b33d242,b2456c14-8db5-4d11-bf23-ec360b33d242,290674e0-d94c-41c1-ad99-f65fa22a1447,Madhuvanti,b2456c14-8db5-4d11-bf23-ec360b33d242,
Hindustani,1174dd02-87d2-4be3-bae1-d222b8a5f5a4,1174dd02-87d2-4be3-bae1-d222b8a5f5a4,0b3bbf97-0ec3-41da-add4-722d87329ec3,Madhukauns,1174dd02-87d2-4be3-bae1-d222b8a5f5a4,
Hindustani,f0dfbbd2-7c91-4d7f-aa8d-30d95ee22c29,f0dfbbd2-7c91-4d7f-aa8d-30d95ee22c29,40dbe1db-858f-4366-bef8-9076eb67340d,Śuddh sāraṅg,f0dfbbd2-7c91-4d7f-aa8d-30d95ee22c29,
Hindustani,c83a26a9-452f-49f4-bb4e-fad2d9bb9af1,c83a26a9-452f-49f4-bb4e-fad2d9bb9af1,b143adaa-f1a6-4de4-8985-a5bd35e96279,Bairāgi,c83a26a9-452f-49f4-bb4e-fad2d9bb9af1,
Hindustani,e63679b8-d529-4815-9e58-aac403e079e1,e63679b8-d529-4815-9e58-aac403e079e1,40dbe1db-858f-4366-bef8-9076eb67340d,Śuddh sāraṅg,e63679b8-d529-4815-9e58-aac403e079e1,
Hindustani,5a73fd2e-2308-49c3-81de-e3baa95d2c1b,5a73fd2e-2308-49c3-81de-e3baa95d2c1b,1e7de02f-e77f-405a-a033-f31117aaf955,Bhairav,5a73fd2e-2308-49c3-81de-e3baa95d2c1b,
Hindustani,66dcff23-bcf4-4a32-82fb-e6bb679c0d5d,66dcff23-bcf4-4a32-82fb-e6bb679c0d5d,595de771-fcc2-414c-9df6-ae4ffd898549,Hamsadhvāni,66dcff23-bcf4-4a32-82fb-e6bb679c0d5d,
Hindustani,8cee9d53-b105-45bc-bd1d-4a608d59b2fd,8cee9d53-b105-45bc-bd1d-4a608d59b2fd,e771a74d-545d-41d5-816b-43403a818b0c,Bhūp,8cee9d53-b105-45bc-bd1d-4a608d59b2fd,
Hindustani,3956d76d-876b-4e34-a6dd-c8ecfc057ff8,3956d76d-876b-4e34-a6dd-c8ecfc057ff8,1e7de02f-e77f-405a-a033-f31117aaf955,Bhairav,3956d76d-876b-4e34-a6dd-c8ecfc057ff8,
Hindustani,3ce024ce-395c-45a7-9236-ac282eb21aa3,3ce024ce-395c-45a7-9236-ac282eb21aa3,1b05a564-059f-445b-b325-cf26318367e3,Miyān malhār,3ce024ce-395c-45a7-9236-ac282eb21aa3,
Hindustani,6939b1dc-2646-41df-a741-095bfad3360f,6939b1dc-2646-41df-a741-095bfad3360f,fa28470c-d413-44c7-94da-181f530cbfdd,Puriyā dhanaśrī,6939b1dc-2646-41df-a741-095bfad3360f,
Hindustani,e59642ca-72bc-466b-bf4b-d82bfbc7b4af,e59642ca-72bc-466b-bf4b-d82bfbc7b4af,48b37bed-e847-4882-8a01-5c721e07f07d,Yaman kalyāṇ,e59642ca-72bc-466b-bf4b-d82bfbc7b4af,
Hindustani,344dca74-fb8a-4c7e-a7e6-0a52088edd71,344dca74-fb8a-4c7e-a7e6-0a52088edd71,3eb7ba30-4b94-432e-9618-875ee57e01ab,Mārvā,344dca74-fb8a-4c7e-a7e6-0a52088edd71,
Hindustani,49e7d75c-484c-4002-9532-5717a4e30fe0,49e7d75c-484c-4002-9532-5717a4e30fe0,290674e0-d94c-41c1-ad99-f65fa22a1447,Madhuvanti,49e7d75c-484c-4002-9532-5717a4e30fe0,
Hindustani,e05c9807-4b3a-4532-b6cf-aa560ee07dad,e05c9807-4b3a-4532-b6cf-aa560ee07dad,290674e0-d94c-41c1-ad99-f65fa22a1447,Madhuvanti,e05c9807-4b3a-4532-b6cf-aa560ee07dad,
Hindustani,b97c32e5-f9ab-465d-b651-681016323409,b97c32e5-f9ab-465d-b651-681016323409,62b79291-73b0-4c77-a353-0f8bc6ed8362,Dēś,b97c32e5-f9ab-465d-b651-681016323409,
Hindustani,77c887ad-de19-45b8-b83f-37446eae378d,77c887ad-de19-45b8-b83f-37446eae378d,e771a74d-545d-41d5-816b-43403a818b0c,Bhūp,77c887ad-de19-45b8-b83f-37446eae378d,
Hindustani,c8724201-ecfd-44be-af53-5f436564d062,c8724201-ecfd-44be-af53-5f436564d062,62b79291-73b0-4c77-a353-0f8bc6ed8362,Dēś,c8724201-ecfd-44be-af53-5f436564d062,
Hindustani,9a2ce15a-4b28-4d10-abc7-9e05310c2e3b,9a2ce15a-4b28-4d10-abc7-9e05310c2e3b,f7fddfc0-8c1d-4dd2-90d5-5d51a99d61f8,Rāgēśrī,9a2ce15a-4b28-4d10-abc7-9e05310c2e3b,
Hindustani,c207da5f-60fa-4622-b735-a9bd3425e8fd,c207da5f-60fa-4622-b735-a9bd3425e8fd,1e7de02f-e77f-405a-a033-f31117aaf955,Bhairav,c207da5f-60fa-4622-b735-a9bd3425e8fd,
Hindustani,a4fa5d55-8ea5-47dc-b411-f3abe4ce5405,a4fa5d55-8ea5-47dc-b411-f3abe4ce5405,54c4214c-05b9-4acc-8f77-6d5786e43a2e,Mārūbihāg,a4fa5d55-8ea5-47dc-b411-f3abe4ce5405,
Hindustani,ab50e3e6-e6cb-4faa-a5ad-f0a94de30f86,ab50e3e6-e6cb-4faa-a5ad-f0a94de30f86,40dbe1db-858f-4366-bef8-9076eb67340d,Śuddh sāraṅg,ab50e3e6-e6cb-4faa-a5ad-f0a94de30f86,
Hindustani,d56b4f36-3101-4962-867b-40ee9906dd5a,d56b4f36-3101-4962-867b-40ee9906dd5a,b143adaa-f1a6-4de4-8985-a5bd35e96279,Bairāgi,d56b4f36-3101-4962-867b-40ee9906dd5a,
Hindustani,4ec29190-b7c9-46f6-81d8-db4b0c2a5b40,4ec29190-b7c9-46f6-81d8-db4b0c2a5b40,a9ee554f-f146-43e9-b2d0-9bb31fd4b57d,Kēdār,4ec29190-b7c9-46f6-81d8-db4b0c2a5b40,
Hindustani,d38c59a4-947b-4918-8b0d-f22b7c8c1ea5,d38c59a4-947b-4918-8b0d-f22b7c8c1ea5,6f13484e-6fdd-402d-baf3-3835835454d0,Tōḍī,d38c59a4-947b-4918-8b0d-f22b7c8c1ea5,
Hindustani,e79f2c5f-ceee-4402-a0d6-2c75d3055d4b,e79f2c5f-ceee-4402-a0d6-2c75d3055d4b,f7fddfc0-8c1d-4dd2-90d5-5d51a99d61f8,Rāgēśrī,e79f2c5f-ceee-4402-a0d6-2c75d3055d4b,
Hindustani,858a82b8-562e-4a7c-a7a2-6cbc65967e99,858a82b8-562e-4a7c-a7a2-6cbc65967e99,a7d98897-e2fe-4d75-b9dc-e5b4dc88e1c6,Bihāg,858a82b8-562e-4a7c-a7a2-6cbc65967e99,
Hindustani,b8ee37d2-e864-4b2e-a79e-b38f9b22c062,b8ee37d2-e864-4b2e-a79e-b38f9b22c062,fa28470c-d413-44c7-94da-181f530cbfdd,Puriyā dhanaśrī,b8ee37d2-e864-4b2e-a79e-b38f9b22c062,
Hindustani,04d506c4-df9e-410c-a3e2-037abffe7b9c,04d506c4-df9e-410c-a3e2-037abffe7b9c,2ed9379f-14c9-49af-8e4d-f9b63e96801f,Alahaiyā bilāval,04d506c4-df9e-410c-a3e2-037abffe7b9c,
Hindustani,cdd148c7-07e4-46c9-88d9-fbbfcea2edf5,cdd148c7-07e4-46c9-88d9-fbbfcea2edf5,dd59147d-8775-44ff-a36b-0d9f15b31319,Bilāsakhānī tōḍī,cdd148c7-07e4-46c9-88d9-fbbfcea2edf5,
Hindustani,43688da7-80e9-4814-b486-b01534a6ed44,43688da7-80e9-4814-b486-b01534a6ed44,40dbe1db-858f-4366-bef8-9076eb67340d,Śuddh sāraṅg,43688da7-80e9-4814-b486-b01534a6ed44,
Hindustani,950c9b6a-53e6-43e2-9339-82ba49ade152,950c9b6a-53e6-43e2-9339-82ba49ade152,b143adaa-f1a6-4de4-8985-a5bd35e96279,Bairāgi,950c9b6a-53e6-43e2-9339-82ba49ade152,
Hindustani,98afad39-5abc-4c96-b7af-5f2c70831066,98afad39-5abc-4c96-b7af-5f2c70831066,3eb7ba30-4b94-432e-9618-875ee57e01ab,Mārvā,98afad39-5abc-4c96-b7af-5f2c70831066,
Hindustani,02915dfb-8e3d-40be-8f88-421afe81a697,02915dfb-8e3d-40be-8f88-421afe81a697,6f13484e-6fdd-402d-baf3-3835835454d0,Tōḍī,02915dfb-8e3d-40be-8f88-421afe81a697,
Hindustani,64a44651-dab9-4ee1-a49e-dcca4cf67c53,64a44651-dab9-4ee1-a49e-dcca4cf67c53,e771a74d-545d-41d5-816b-43403a818b0c,Bhūp,64a44651-dab9-4ee1-a49e-dcca4cf67c53,
Hindustani,cbcba04b-023b-40e0-a5e8-04260ad3efdd,cbcba04b-023b-40e0-a5e8-04260ad3efdd,f6432fec-e9c2-4b09-9e73-c46086cbd8ea,Ahira bhairav,cbcba04b-023b-40e0-a5e8-04260ad3efdd,
Hindustani,c35ea067-d200-40b6-ad61-241b206c97ed,c35ea067-d200-40b6-ad61-241b206c97ed,0b3bbf97-0ec3-41da-add4-722d87329ec3,Madhukauns,c35ea067-d200-40b6-ad61-241b206c97ed,
Hindustani,58ffbe74-0145-48b9-bc41-fa9e4b3a59cc,58ffbe74-0145-48b9-bc41-fa9e4b3a59cc,7591faad-e68a-4550-b675-8082842c6056,Bāgēśrī,58ffbe74-0145-48b9-bc41-fa9e4b3a59cc,
Hindustani,3d0539f5-2d30-422f-9647-b3e14fd9787d,3d0539f5-2d30-422f-9647-b3e14fd9787d,2ed9379f-14c9-49af-8e4d-f9b63e96801f,Alahaiyā bilāval,3d0539f5-2d30-422f-9647-b3e14fd9787d,
Hindustani,72df913b-ac52-4798-990d-72e04a64bd8c,72df913b-ac52-4798-990d-72e04a64bd8c,f7fddfc0-8c1d-4dd2-90d5-5d51a99d61f8,Rāgēśrī,72df913b-ac52-4798-990d-72e04a64bd8c,
Hindustani,00f54612-09f6-4528-91f1-95e5ef191c1b,00f54612-09f6-4528-91f1-95e5ef191c1b,fa28470c-d413-44c7-94da-181f530cbfdd,Puriyā dhanaśrī,00f54612-09f6-4528-91f1-95e5ef191c1b,
Hindustani,230998b8-34e1-4d6c-bc96-e0ff95146ddb,230998b8-34e1-4d6c-bc96-e0ff95146ddb,54c4214c-05b9-4acc-8f77-6d5786e43a2e,Mārūbihāg,230998b8-34e1-4d6c-bc96-e0ff95146ddb,
Hindustani,d9a79389-f4b4-4d66-920c-494525b3417e,d9a79389-f4b4-4d66-920c-494525b3417e,ecd04ceb-b46c-47fc-9045-84ac9160e527,Basant,d9a79389-f4b4-4d66-920c-494525b3417e,
Hindustani,52c68301-d913-4208-adc6-c2cf8d2003d3,52c68301-d913-4208-adc6-c2cf8d2003d3,1e7de02f-e77f-405a-a033-f31117aaf955,Bhairav,52c68301-d913-4208-adc6-c2cf8d2003d3,
Hindustani,d7510269-b26c-4735-a491-245f3c732a58,d7510269-b26c-4735-a491-245f3c732a58,dd59147d-8775-44ff-a36b-0d9f15b31319,Bilāsakhānī tōḍī,d7510269-b26c-4735-a491-245f3c732a58,
Hindustani,907e6bb0-130e-4ec5-aad0-6c768e8e9dcd,907e6bb0-130e-4ec5-aad0-6c768e8e9dcd,a7d98897-e2fe-4d75-b9dc-e5b4dc88e1c6,Bihāg,907e6bb0-130e-4ec5-aad0-6c768e8e9dcd,
Hindustani,8bbf423e-c4ea-43b8-b496-dd84f2c28d2a,8bbf423e-c4ea-43b8-b496-dd84f2c28d2a,6f13484e-6fdd-402d-baf3-3835835454d0,Tōḍī,8bbf423e-c4ea-43b8-b496-dd84f2c28d2a,
Hindustani,52944bc0-4639-4760-be76-f2720a20be81,52944bc0-4639-4760-be76-f2720a20be81,64e5fb9e-5569-4e80-8e6c-f543af9469c7,Mālkauns,52944bc0-4639-4760-be76-f2720a20be81,
Hindustani,cc7999c1-feb7-4fa7-8b45-7e6fc39c0ec6,cc7999c1-feb7-4fa7-8b45-7e6fc39c0ec6,d9c603fa-875f-4b84-b851-c6a345427898,Ābhōgī,cc7999c1-feb7-4fa7-8b45-7e6fc39c0ec6,
Hindustani,b3a43a82-b3c3-49bf-bd3d-db561c1ec355,b3a43a82-b3c3-49bf-bd3d-db561c1ec355,46997b02-f09c-4969-8138-4e1861f61967,Śrī,b3a43a82-b3c3-49bf-bd3d-db561c1ec355,
Hindustani,ef986f34-db14-4d1e-8dea-a623286b35fc,ef986f34-db14-4d1e-8dea-a623286b35fc,b143adaa-f1a6-4de4-8985-a5bd35e96279,Bairāgi,ef986f34-db14-4d1e-8dea-a623286b35fc,
Hindustani,1caf7cef-ae50-4a96-ac5b-31519ec5f839,1caf7cef-ae50-4a96-ac5b-31519ec5f839,fa28470c-d413-44c7-94da-181f530cbfdd,Puriyā dhanaśrī,1caf7cef-ae50-4a96-ac5b-31519ec5f839,
Hindustani,9a133da0-33a1-42c9-a0f1-d2619e4a8782,9a133da0-33a1-42c9-a0f1-d2619e4a8782,a9ee554f-f146-43e9-b2d0-9bb31fd4b57d,Kēdār,9a133da0-33a1-42c9-a0f1-d2619e4a8782,
Hindustani,4a507000-6c5a-4c8b-8922-1bfc29cba805,4a507000-6c5a-4c8b-8922-1bfc29cba805,64e5fb9e-5569-4e80-8e6c-f543af9469c7,Mālkauns,4a507000-6c5a-4c8b-8922-1bfc29cba805,
Hindustani,28dd1d68-ee23-47f4-8776-33cc18adc44a,28dd1d68-ee23-47f4-8776-33cc18adc44a,ba3242d0-8d40-4d93-865e-d2e2497ea2a8,Gauḍ malhār,28dd1d68-ee23-47f4-8776-33cc18adc44a,
Hindustani,d2ca91e0-74d1-4c68-b7c9-4dec57ef526b,d2ca91e0-74d1-4c68-b7c9-4dec57ef526b,f7fddfc0-8c1d-4dd2-90d5-5d51a99d61f8,Rāgēśrī,d2ca91e0-74d1-4c68-b7c9-4dec57ef526b,
Hindustani,fe984e34-eae6-4dcf-bf70-159923c26fe6,fe984e34-eae6-4dcf-bf70-159923c26fe6,48b37bed-e847-4882-8a01-5c721e07f07d,Yaman kalyāṇ,fe984e34-eae6-4dcf-bf70-159923c26fe6,
Hindustani,7a383e3f-b0a6-4aca-92df-e53c3d928a2d,7a383e3f-b0a6-4aca-92df-e53c3d928a2d,063ea5a0-23b1-4bb5-8537-3d924fe8ebb3,Jōg,7a383e3f-b0a6-4aca-92df-e53c3d928a2d,
Hindustani,3abaaa52-4c95-4e8b-beda-37bc3d01f763,3abaaa52-4c95-4e8b-beda-37bc3d01f763,1e7de02f-e77f-405a-a033-f31117aaf955,Bhairav,3abaaa52-4c95-4e8b-beda-37bc3d01f763,
Hindustani,5d56b3ab-99d1-48c3-a785-269d74ccc944,5d56b3ab-99d1-48c3-a785-269d74ccc944,a7d98897-e2fe-4d75-b9dc-e5b4dc88e1c6,Bihāg,5d56b3ab-99d1-48c3-a785-269d74ccc944,
Hindustani,a5b15aae-c911-4df5-944d-1d0d95b8b5b0,a5b15aae-c911-4df5-944d-1d0d95b8b5b0,0b3bbf97-0ec3-41da-add4-722d87329ec3,Madhukauns,a5b15aae-c911-4df5-944d-1d0d95b8b5b0,
Hindustani,4519091e-9eaa-4f03-911e-348727ee3c90,4519091e-9eaa-4f03-911e-348727ee3c90,ecd04ceb-b46c-47fc-9045-84ac9160e527,Basant,4519091e-9eaa-4f03-911e-348727ee3c90,
Hindustani,e0c1cf84-1bb3-4e8b-84d4-0f659976d576,e0c1cf84-1bb3-4e8b-84d4-0f659976d576,93c73081-bdf8-4eca-b325-d736b71e9b4b,Khamāj,e0c1cf84-1bb3-4e8b-84d4-0f659976d576,
Hindustani,82d9adb4-ad60-4437-b3ed-a5dda2a77f61,82d9adb4-ad60-4437-b3ed-a5dda2a77f61,a7d98897-e2fe-4d75-b9dc-e5b4dc88e1c6,Bihāg,82d9adb4-ad60-4437-b3ed-a5dda2a77f61,
Hindustani,c02f714f-e4e6-4da6-af07-cea8a03c0e5c,c02f714f-e4e6-4da6-af07-cea8a03c0e5c,063ea5a0-23b1-4bb5-8537-3d924fe8ebb3,Jōg,c02f714f-e4e6-4da6-af07-cea8a03c0e5c,
Hindustani,8f983ca1-2b51-4a9f-9265-b797b09c91c9,8f983ca1-2b51-4a9f-9265-b797b09c91c9,a7d98897-e2fe-4d75-b9dc-e5b4dc88e1c6,Bihāg,8f983ca1-2b51-4a9f-9265-b797b09c91c9,
Hindustani,eb7fce60-8232-44ee-ad0a-571bb15003fb,eb7fce60-8232-44ee-ad0a-571bb15003fb,93c73081-bdf8-4eca-b325-d736b71e9b4b,Khamāj,eb7fce60-8232-44ee-ad0a-571bb15003fb,
Hindustani,7199a72c-c660-40dc-8cb9-bc941ae4e8a2,7199a72c-c660-40dc-8cb9-bc941ae4e8a2,54c4214c-05b9-4acc-8f77-6d5786e43a2e,Mārūbihāg,7199a72c-c660-40dc-8cb9-bc941ae4e8a2,
Hindustani,f4ca8526-f987-4ff8-a6a4-63459ea698ae,f4ca8526-f987-4ff8-a6a4-63459ea698ae,fa28470c-d413-44c7-94da-181f530cbfdd,Puriyā dhanaśrī,f4ca8526-f987-4ff8-a6a4-63459ea698ae,
Hindustani,354c38e3-c71b-4dd6-bc77-deb629ad14b9,354c38e3-c71b-4dd6-bc77-deb629ad14b9,290674e0-d94c-41c1-ad99-f65fa22a1447,Madhuvanti,354c38e3-c71b-4dd6-bc77-deb629ad14b9,
Hindustani,c2d1a926-dbe0-4f94-b739-c30796ba8346,c2d1a926-dbe0-4f94-b739-c30796ba8346,a99e07d5-20a0-467b-8dcd-aa5a095177fd,Lalit,c2d1a926-dbe0-4f94-b739-c30796ba8346,
Hindustani,b3f5d314-c817-41e1-b6a2-df3c260c8c63,b3f5d314-c817-41e1-b6a2-df3c260c8c63,93c73081-bdf8-4eca-b325-d736b71e9b4b,Khamāj,b3f5d314-c817-41e1-b6a2-df3c260c8c63,
Hindustani,6acdbda5-8c44-4dd4-8aea-dc024c7f65b6,6acdbda5-8c44-4dd4-8aea-dc024c7f65b6,48b37bed-e847-4882-8a01-5c721e07f07d,Yaman kalyāṇ,6acdbda5-8c44-4dd4-8aea-dc024c7f65b6,
Hindustani,8d2eb825-77d6-4f61-ae4c-1a8639dd912b,8d2eb825-77d6-4f61-ae4c-1a8639dd912b,d9c603fa-875f-4b84-b851-c6a345427898,Ābhōgī,8d2eb825-77d6-4f61-ae4c-1a8639dd912b,
Hindustani,06cc10fd-d57e-4581-9627-ee7422c273dd,06cc10fd-d57e-4581-9627-ee7422c273dd,595de771-fcc2-414c-9df6-ae4ffd898549,Hamsadhvāni,06cc10fd-d57e-4581-9627-ee7422c273dd,
Hindustani,adf0b8ea-cc74-410f-bd52-d59c08c78783,adf0b8ea-cc74-410f-bd52-d59c08c78783,1b05a564-059f-445b-b325-cf26318367e3,Miyān malhār,adf0b8ea-cc74-410f-bd52-d59c08c78783,
Hindustani,631bde83-42e4-4c04-b260-3dbbd5b03799,631bde83-42e4-4c04-b260-3dbbd5b03799,54c4214c-05b9-4acc-8f77-6d5786e43a2e,Mārūbihāg,631bde83-42e4-4c04-b260-3dbbd5b03799,
Hindustani,30261aa8-aa4d-4f66-a2d4-b087668b00a8,30261aa8-aa4d-4f66-a2d4-b087668b00a8,2ed9379f-14c9-49af-8e4d-f9b63e96801f,Alahaiyā bilāval,30261aa8-aa4d-4f66-a2d4-b087668b00a8,
Hindustani,72b3199c-c49d-4f50-b959-e1bf6abab98e,72b3199c-c49d-4f50-b959-e1bf6abab98e,48b37bed-e847-4882-8a01-5c721e07f07d,Yaman kalyāṇ,72b3199c-c49d-4f50-b959-e1bf6abab98e,
Hindustani,7ed38940-f5e5-46cb-897d-ed408ddf8c85,7ed38940-f5e5-46cb-897d-ed408ddf8c85,2ed9379f-14c9-49af-8e4d-f9b63e96801f,Alahaiyā bilāval,7ed38940-f5e5-46cb-897d-ed408ddf8c85,
Hindustani,73b6e933-61f6-4537-98df-834e3c0e0fa6,73b6e933-61f6-4537-98df-834e3c0e0fa6,f6432fec-e9c2-4b09-9e73-c46086cbd8ea,Ahira bhairav,73b6e933-61f6-4537-98df-834e3c0e0fa6,
Hindustani,f5a6ba75-7be0-4a67-b1c3-3e49b060d384,f5a6ba75-7be0-4a67-b1c3-3e49b060d384,118401e7-8de8-4d81-9d8e-8070889e3fa8,Darbāri,f5a6ba75-7be0-4a67-b1c3-3e49b060d384,
Hindustani,67b90abb-08cb-4473-9224-343b21e4681a,67b90abb-08cb-4473-9224-343b21e4681a,290674e0-d94c-41c1-ad99-f65fa22a1447,Madhuvanti,67b90abb-08cb-4473-9224-343b21e4681a,
Hindustani,f5689624-b636-4a6c-831f-53d1678d9bb6,f5689624-b636-4a6c-831f-53d1678d9bb6,2ed9379f-14c9-49af-8e4d-f9b63e96801f,Alahaiyā bilāval,f5689624-b636-4a6c-831f-53d1678d9bb6,
Hindustani,39f429c9-ee16-414d-b8d0-fbf1d0bc6e79,39f429c9-ee16-414d-b8d0-fbf1d0bc6e79,62b79291-73b0-4c77-a353-0f8bc6ed8362,Dēś,39f429c9-ee16-414d-b8d0-fbf1d0bc6e79,
Hindustani,dcc4b6e9-15ef-4662-acbe-8666af8cbca5,dcc4b6e9-15ef-4662-acbe-8666af8cbca5,93c73081-bdf8-4eca-b325-d736b71e9b4b,Khamāj,dcc4b6e9-15ef-4662-acbe-8666af8cbca5,
Hindustani,7711d588-1c7a-4756-8793-2aa5d32bfffb,7711d588-1c7a-4756-8793-2aa5d32bfffb,290674e0-d94c-41c1-ad99-f65fa22a1447,Madhuvanti,7711d588-1c7a-4756-8793-2aa5d32bfffb,
Hindustani,b20456b8-7abc-4158-bb53-5ea8d80e5999,b20456b8-7abc-4158-bb53-5ea8d80e5999,dd59147d-8775-44ff-a36b-0d9f15b31319,Bilāsakhānī tōḍī,b20456b8-7abc-4158-bb53-5ea8d80e5999,
Hindustani,89224046-f086-4530-b2a3-70f9ae697faf,89224046-f086-4530-b2a3-70f9ae697faf,0b3bbf97-0ec3-41da-add4-722d87329ec3,Madhukauns,89224046-f086-4530-b2a3-70f9ae697faf,
Hindustani,a655cf94-bb5f-4971-897a-9c20cdab828b,a655cf94-bb5f-4971-897a-9c20cdab828b,dd59147d-8775-44ff-a36b-0d9f15b31319,Bilāsakhānī tōḍī,a655cf94-bb5f-4971-897a-9c20cdab828b,
Hindustani,f0de74aa-416f-4da7-b2d8-c02cd6da978e,f0de74aa-416f-4da7-b2d8-c02cd6da978e,62b79291-73b0-4c77-a353-0f8bc6ed8362,Dēś,f0de74aa-416f-4da7-b2d8-c02cd6da978e,
Hindustani,f5cb8fde-2483-407c-896e-1d5a777aac2e,f5cb8fde-2483-407c-896e-1d5a777aac2e,118401e7-8de8-4d81-9d8e-8070889e3fa8,Darbāri,f5cb8fde-2483-407c-896e-1d5a777aac2e,
Hindustani,3124479b-5118-4cf3-823f-8fefad45e586,3124479b-5118-4cf3-823f-8fefad45e586,dd59147d-8775-44ff-a36b-0d9f15b31319,Bilāsakhānī tōḍī,3124479b-5118-4cf3-823f-8fefad45e586,
Hindustani,30408242-719e-4efb-a72d-fc1dc2833db7,30408242-719e-4efb-a72d-fc1dc2833db7,1e7de02f-e77f-405a-a033-f31117aaf955,Bhairav,30408242-719e-4efb-a72d-fc1dc2833db7,
Hindustani,1f5947f8-e4b8-47e4-86a6-8a817dbf8554,1f5947f8-e4b8-47e4-86a6-8a817dbf8554,118401e7-8de8-4d81-9d8e-8070889e3fa8,Darbāri,1f5947f8-e4b8-47e4-86a6-8a817dbf8554,
Hindustani,47b78e45-4a67-49e7-94db-aac7fc8a3db7,47b78e45-4a67-49e7-94db-aac7fc8a3db7,7591faad-e68a-4550-b675-8082842c6056,Bāgēśrī,47b78e45-4a67-49e7-94db-aac7fc8a3db7,
Hindustani,783aa4b0-26f3-4e18-844c-b787be6d9849,783aa4b0-26f3-4e18-844c-b787be6d9849,a99e07d5-20a0-467b-8dcd-aa5a095177fd,Lalit,783aa4b0-26f3-4e18-844c-b787be6d9849,
Hindustani,c6e488e4-daa6-401d-a3db-cfe3f0ae63d6,c6e488e4-daa6-401d-a3db-cfe3f0ae63d6,dd59147d-8775-44ff-a36b-0d9f15b31319,Bilāsakhānī tōḍī,c6e488e4-daa6-401d-a3db-cfe3f0ae63d6,
Hindustani,a3479fbe-fea4-4db7-9c1f-8b4ca613e5f0,a3479fbe-fea4-4db7-9c1f-8b4ca613e5f0,e771a74d-545d-41d5-816b-43403a818b0c,Bhūp,a3479fbe-fea4-4db7-9c1f-8b4ca613e5f0,
Hindustani,bb7a967a-4bb8-4cb8-9075-f2da540628e0,bb7a967a-4bb8-4cb8-9075-f2da540628e0,595de771-fcc2-414c-9df6-ae4ffd898549,Hamsadhvāni,bb7a967a-4bb8-4cb8-9075-f2da540628e0,
Hindustani,8e815f51-194f-4e14-b1e3-5a214590d895,8e815f51-194f-4e14-b1e3-5a214590d895,a99e07d5-20a0-467b-8dcd-aa5a095177fd,Lalit,8e815f51-194f-4e14-b1e3-5a214590d895,
Hindustani,98e14bae-50ae-4c9b-bb39-693ef89fc5b2,98e14bae-50ae-4c9b-bb39-693ef89fc5b2,118401e7-8de8-4d81-9d8e-8070889e3fa8,Darbāri,98e14bae-50ae-4c9b-bb39-693ef89fc5b2,
Hindustani,a7a805ef-66c7-47aa-ad38-371c13fa3761,a7a805ef-66c7-47aa-ad38-371c13fa3761,48b37bed-e847-4882-8a01-5c721e07f07d,Yaman kalyāṇ,a7a805ef-66c7-47aa-ad38-371c13fa3761,
Hindustani,ea36cb14-7c11-41d0-acb8-70ec66e61063,ea36cb14-7c11-41d0-acb8-70ec66e61063,b143adaa-f1a6-4de4-8985-a5bd35e96279,Bairāgi,ea36cb14-7c11-41d0-acb8-70ec66e61063,
Hindustani,6504d224-d5e7-4353-841f-47adfcda0bd3,6504d224-d5e7-4353-841f-47adfcda0bd3,3eb7ba30-4b94-432e-9618-875ee57e01ab,Mārvā,6504d224-d5e7-4353-841f-47adfcda0bd3,
Hindustani,2a853a15-4376-4a0a-8b3f-7a55d652f464,2a853a15-4376-4a0a-8b3f-7a55d652f464,62b79291-73b0-4c77-a353-0f8bc6ed8362,Dēś,2a853a15-4376-4a0a-8b3f-7a55d652f464,
Hindustani,8aeccac0-75b0-4397-92b6-7bcfa0c427cc,8aeccac0-75b0-4397-92b6-7bcfa0c427cc,595de771-fcc2-414c-9df6-ae4ffd898549,Hamsadhvāni,8aeccac0-75b0-4397-92b6-7bcfa0c427cc,
Hindustani,18e8ec47-13b8-48a8-9ad5-4f9fbc901c0f,18e8ec47-13b8-48a8-9ad5-4f9fbc901c0f,fa28470c-d413-44c7-94da-181f530cbfdd,Puriyā dhanaśrī,18e8ec47-13b8-48a8-9ad5-4f9fbc901c0f,
Hindustani,928a430e-813e-48b0-8a23-566e74aa8dc9,928a430e-813e-48b0-8a23-566e74aa8dc9,46997b02-f09c-4969-8138-4e1861f61967,Śrī,928a430e-813e-48b0-8a23-566e74aa8dc9,
Hindustani,6ac112dd-b04f-4ad8-9913-1a1bfc35c5ec,6ac112dd-b04f-4ad8-9913-1a1bfc35c5ec,46997b02-f09c-4969-8138-4e1861f61967,Śrī,6ac112dd-b04f-4ad8-9913-1a1bfc35c5ec,
Hindustani,f149cad0-c5af-48d6-a726-ef3badb0169a,f149cad0-c5af-48d6-a726-ef3badb0169a,64e5fb9e-5569-4e80-8e6c-f543af9469c7,Mālkauns,f149cad0-c5af-48d6-a726-ef3badb0169a,
Hindustani,e2123c63-6a24-4190-be52-e299c05c4bb8,e2123c63-6a24-4190-be52-e299c05c4bb8,f6432fec-e9c2-4b09-9e73-c46086cbd8ea,Ahira bhairav,e2123c63-6a24-4190-be52-e299c05c4bb8,
Hindustani,1f9922a5-0366-4461-96ac-81a31703416b,1f9922a5-0366-4461-96ac-81a31703416b,1b05a564-059f-445b-b325-cf26318367e3,Miyān malhār,1f9922a5-0366-4461-96ac-81a31703416b,
Hindustani,a0052c33-34b7-4e68-9dcd-121410c6ce36,a0052c33-34b7-4e68-9dcd-121410c6ce36,0b3bbf97-0ec3-41da-add4-722d87329ec3,Madhukauns,a0052c33-34b7-4e68-9dcd-121410c6ce36,
Hindustani,b3dba394-97c1-4fa3-a291-0805fc642e0a,b3dba394-97c1-4fa3-a291-0805fc642e0a,6f13484e-6fdd-402d-baf3-3835835454d0,Tōḍī,b3dba394-97c1-4fa3-a291-0805fc642e0a,
Hindustani,9cb37475-852e-4f7c-81c6-78824d08b839,9cb37475-852e-4f7c-81c6-78824d08b839,1b05a564-059f-445b-b325-cf26318367e3,Miyān malhār,9cb37475-852e-4f7c-81c6-78824d08b839,
Hindustani,256d06c1-34e2-43fc-aa14-c2f191f680f1,256d06c1-34e2-43fc-aa14-c2f191f680f1,a9ee554f-f146-43e9-b2d0-9bb31fd4b57d,Kēdār,256d06c1-34e2-43fc-aa14-c2f191f680f1,
Hindustani,211c010f-7ae5-4ca6-a909-f10afed265c5,211c010f-7ae5-4ca6-a909-f10afed265c5,290674e0-d94c-41c1-ad99-f65fa22a1447,Madhuvanti,211c010f-7ae5-4ca6-a909-f10afed265c5,
Hindustani,c0713057-d5eb-4fe3-a0ae-03a341ad707e,c0713057-d5eb-4fe3-a0ae-03a341ad707e,a99e07d5-20a0-467b-8dcd-aa5a095177fd,Lalit,c0713057-d5eb-4fe3-a0ae-03a341ad707e,
Hindustani,932be692-9ff8-4fe1-8546-b92b2d3db696,932be692-9ff8-4fe1-8546-b92b2d3db696,54c4214c-05b9-4acc-8f77-6d5786e43a2e,Mārūbihāg,932be692-9ff8-4fe1-8546-b92b2d3db696,
Hindustani,3766bcb1-57b6-4c16-9196-c2ed94d80331,3766bcb1-57b6-4c16-9196-c2ed94d80331,2ed9379f-14c9-49af-8e4d-f9b63e96801f,Alahaiyā bilāval,3766bcb1-57b6-4c16-9196-c2ed94d80331,
Hindustani,b71c2774-2532-4692-8761-5452e2a83118,b71c2774-2532-4692-8761-5452e2a83118,b143adaa-f1a6-4de4-8985-a5bd35e96279,Bairāgi,b71c2774-2532-4692-8761-5452e2a83118,
Hindustani,53402748-f637-46a0-817d-ac711a9005ff,53402748-f637-46a0-817d-ac711a9005ff,f6432fec-e9c2-4b09-9e73-c46086cbd8ea,Ahira bhairav,53402748-f637-46a0-817d-ac711a9005ff,
Hindustani,7081d924-c8e4-4216-9e69-ca397c10550b,7081d924-c8e4-4216-9e69-ca397c10550b,3eb7ba30-4b94-432e-9618-875ee57e01ab,Mārvā,7081d924-c8e4-4216-9e69-ca397c10550b,
Hindustani,205d79c6-ad14-4193-be7c-3f32457eda60,205d79c6-ad14-4193-be7c-3f32457eda60,b143adaa-f1a6-4de4-8985-a5bd35e96279,Bairāgi,205d79c6-ad14-4193-be7c-3f32457eda60,
Hindustani,51656b20-295c-40f9-8dab-005b9b90fa98,51656b20-295c-40f9-8dab-005b9b90fa98,f6432fec-e9c2-4b09-9e73-c46086cbd8ea,Ahira bhairav,51656b20-295c-40f9-8dab-005b9b90fa98,
Hindustani,1d378f5b-33ac-47ae-9219-a03a394de1b9,1d378f5b-33ac-47ae-9219-a03a394de1b9,7591faad-e68a-4550-b675-8082842c6056,Bāgēśrī,1d378f5b-33ac-47ae-9219-a03a394de1b9,
Hindustani,6502220f-ec92-4308-99d4-3922f41579aa,6502220f-ec92-4308-99d4-3922f41579aa,46997b02-f09c-4969-8138-4e1861f61967,Śrī,6502220f-ec92-4308-99d4-3922f41579aa,
Hindustani,2f76f164-f02c-4b22-8bc0-4fe5500039b1,2f76f164-f02c-4b22-8bc0-4fe5500039b1,ba3242d0-8d40-4d93-865e-d2e2497ea2a8,Gauḍ malhār,2f76f164-f02c-4b22-8bc0-4fe5500039b1,
Hindustani,6848a21a-20da-4023-a608-332870105a92,6848a21a-20da-4023-a608-332870105a92,1b05a564-059f-445b-b325-cf26318367e3,Miyān malhār,6848a21a-20da-4023-a608-332870105a92,
Hindustani,5c3bd389-696a-4ffd-93af-94b68343e9b7,5c3bd389-696a-4ffd-93af-94b68343e9b7,93c73081-bdf8-4eca-b325-d736b71e9b4b,Khamāj,5c3bd389-696a-4ffd-93af-94b68343e9b7,
Hindustani,5233f93f-4f1c-4ba1-9d3f-3d47a5f81d2e,5233f93f-4f1c-4ba1-9d3f-3d47a5f81d2e,64e5fb9e-5569-4e80-8e6c-f543af9469c7,Mālkauns,5233f93f-4f1c-4ba1-9d3f-3d47a5f81d2e,
Hindustani,6c0c6e87-c78c-44df-8955-3595575a06a7,6c0c6e87-c78c-44df-8955-3595575a06a7,0b3bbf97-0ec3-41da-add4-722d87329ec3,Madhukauns,6c0c6e87-c78c-44df-8955-3595575a06a7,
Hindustani,bb6a5ac4-9e42-49b2-bec4-58e1aff53230,bb6a5ac4-9e42-49b2-bec4-58e1aff53230,ecd04ceb-b46c-47fc-9045-84ac9160e527,Basant,bb6a5ac4-9e42-49b2-bec4-58e1aff53230,
Hindustani,2073b056-8120-4b04-b808-3d6a8c6a2bd7,2073b056-8120-4b04-b808-3d6a8c6a2bd7,f6432fec-e9c2-4b09-9e73-c46086cbd8ea,Ahira bhairav,2073b056-8120-4b04-b808-3d6a8c6a2bd7,
Hindustani,9ce13d3a-f853-490c-a706-39283372eb0e,9ce13d3a-f853-490c-a706-39283372eb0e,93c73081-bdf8-4eca-b325-d736b71e9b4b,Khamāj,9ce13d3a-f853-490c-a706-39283372eb0e,
Hindustani,c9c6dedd-4e86-4e0e-a5ea-0911cd8f5814,c9c6dedd-4e86-4e0e-a5ea-0911cd8f5814,f7fddfc0-8c1d-4dd2-90d5-5d51a99d61f8,Rāgēśrī,c9c6dedd-4e86-4e0e-a5ea-0911cd8f5814,
Hindustani,e2bfec5e-df30-42b5-9157-e4fd102a78a6,e2bfec5e-df30-42b5-9157-e4fd102a78a6,48b37bed-e847-4882-8a01-5c721e07f07d,Yaman kalyāṇ,e2bfec5e-df30-42b5-9157-e4fd102a78a6,
Hindustani,f227efaa-652f-48e1-b57e-6fe6fea16fe4,f227efaa-652f-48e1-b57e-6fe6fea16fe4,595de771-fcc2-414c-9df6-ae4ffd898549,Hamsadhvāni,f227efaa-652f-48e1-b57e-6fe6fea16fe4,
Hindustani,15fae9e1-01a0-4b4b-bcc9-4c84321a66a0,15fae9e1-01a0-4b4b-bcc9-4c84321a66a0,d9c603fa-875f-4b84-b851-c6a345427898,Ābhōgī,15fae9e1-01a0-4b4b-bcc9-4c84321a66a0,
Hindustani,8718d4df-5fcb-419f-b209-5d34b2474a28,8718d4df-5fcb-419f-b209-5d34b2474a28,1e7de02f-e77f-405a-a033-f31117aaf955,Bhairav,8718d4df-5fcb-419f-b209-5d34b2474a28,
Hindustani,97a04401-5a5a-4951-9b94-cce8fbc302cf,97a04401-5a5a-4951-9b94-cce8fbc302cf,62b79291-73b0-4c77-a353-0f8bc6ed8362,Dēś,97a04401-5a5a-4951-9b94-cce8fbc302cf,
Hindustani,7060e016-7772-45c9-bfc6-8d3911ae0a06,7060e016-7772-45c9-bfc6-8d3911ae0a06,d9c603fa-875f-4b84-b851-c6a345427898,Ābhōgī,7060e016-7772-45c9-bfc6-8d3911ae0a06,
Hindustani,833a49b0-cb9e-41e5-b341-ab718e03b97c,833a49b0-cb9e-41e5-b341-ab718e03b97c,e771a74d-545d-41d5-816b-43403a818b0c,Bhūp,833a49b0-cb9e-41e5-b341-ab718e03b97c,
Hindustani,2e399218-6978-47ef-ad3f-c7eca6dad81b,2e399218-6978-47ef-ad3f-c7eca6dad81b,b143adaa-f1a6-4de4-8985-a5bd35e96279,Bairāgi,2e399218-6978-47ef-ad3f-c7eca6dad81b,
Hindustani,d29c44a0-d688-47f1-8d83-8c07f0b76b22,d29c44a0-d688-47f1-8d83-8c07f0b76b22,d9c603fa-875f-4b84-b851-c6a345427898,Ābhōgī,d29c44a0-d688-47f1-8d83-8c07f0b76b22,
Hindustani,c12784d9-c5d7-4883-adae-8140551480c4,c12784d9-c5d7-4883-adae-8140551480c4,7591faad-e68a-4550-b675-8082842c6056,Bāgēśrī,c12784d9-c5d7-4883-adae-8140551480c4,
Hindustani,6df73a9c-3978-4db0-af6a-7d833467234b,6df73a9c-3978-4db0-af6a-7d833467234b,40dbe1db-858f-4366-bef8-9076eb67340d,Śuddh sāraṅg,6df73a9c-3978-4db0-af6a-7d833467234b,
Hindustani,da623ecf-5590-4fc6-8d6d-d1f396d5021d,da623ecf-5590-4fc6-8d6d-d1f396d5021d,6f13484e-6fdd-402d-baf3-3835835454d0,Tōḍī,da623ecf-5590-4fc6-8d6d-d1f396d5021d,
Hindustani,809196fd-2e16-435e-9d18-6c6132da0797,809196fd-2e16-435e-9d18-6c6132da0797,e771a74d-545d-41d5-816b-43403a818b0c,Bhūp,809196fd-2e16-435e-9d18-6c6132da0797,
Hindustani,88b004be-6280-402b-a178-07efd6285326,88b004be-6280-402b-a178-07efd6285326,ecd04ceb-b46c-47fc-9045-84ac9160e527,Basant,88b004be-6280-402b-a178-07efd6285326,
Hindustani,31bc8850-a7cb-4a9f-bb4f-863e0e88728f,31bc8850-a7cb-4a9f-bb4f-863e0e88728f,0b3bbf97-0ec3-41da-add4-722d87329ec3,Madhukauns,31bc8850-a7cb-4a9f-bb4f-863e0e88728f,
Hindustani,c53396aa-f369-4875-8c61-3f29787da6f5,c53396aa-f369-4875-8c61-3f29787da6f5,2ed9379f-14c9-49af-8e4d-f9b63e96801f,Alahaiyā bilāval,c53396aa-f369-4875-8c61-3f29787da6f5,
Hindustani,f5d3cea0-50ad-461f-9aa2-20f2434ae1e8,f5d3cea0-50ad-461f-9aa2-20f2434ae1e8,64e5fb9e-5569-4e80-8e6c-f543af9469c7,Mālkauns,f5d3cea0-50ad-461f-9aa2-20f2434ae1e8,
Hindustani,2d207bf5-90cf-4d74-8703-b3b0d52a531f,2d207bf5-90cf-4d74-8703-b3b0d52a531f,64e5fb9e-5569-4e80-8e6c-f543af9469c7,Mālkauns,2d207bf5-90cf-4d74-8703-b3b0d52a531f,
Hindustani,454f0c85-a41b-48c1-afa5-b4f5dbcb7947,454f0c85-a41b-48c1-afa5-b4f5dbcb7947,46997b02-f09c-4969-8138-4e1861f61967,Śrī,454f0c85-a41b-48c1-afa5-b4f5dbcb7947,
Hindustani,56c945ef-f5ed-4b03-ace1-80ed9b7acf25,56c945ef-f5ed-4b03-ace1-80ed9b7acf25,ba3242d0-8d40-4d93-865e-d2e2497ea2a8,Gauḍ malhār,56c945ef-f5ed-4b03-ace1-80ed9b7acf25,
Hindustani,50a45482-2a3e-44a8-beea-1320f529fa00,50a45482-2a3e-44a8-beea-1320f529fa00,ba3242d0-8d40-4d93-865e-d2e2497ea2a8,Gauḍ malhār,50a45482-2a3e-44a8-beea-1320f529fa00,
Hindustani,82b207d0-a974-4c45-bf48-79bda319c985,82b207d0-a974-4c45-bf48-79bda319c985,e771a74d-545d-41d5-816b-43403a818b0c,Bhūp,82b207d0-a974-4c45-bf48-79bda319c985,
Hindustani,66de36d2-f8b5-44aa-b586-ce75bd665a46,66de36d2-f8b5-44aa-b586-ce75bd665a46,3eb7ba30-4b94-432e-9618-875ee57e01ab,Mārvā,66de36d2-f8b5-44aa-b586-ce75bd665a46,
Hindustani,76f343ce-a0ce-40c0-89aa-969c75a8cec2,76f343ce-a0ce-40c0-89aa-969c75a8cec2,93c73081-bdf8-4eca-b325-d736b71e9b4b,Khamāj,76f343ce-a0ce-40c0-89aa-969c75a8cec2,
Hindustani,a01ac873-dff4-420f-9fd8-490dd87c58e9,a01ac873-dff4-420f-9fd8-490dd87c58e9,d9c603fa-875f-4b84-b851-c6a345427898,Ābhōgī,a01ac873-dff4-420f-9fd8-490dd87c58e9,
Hindustani,fb73793a-3791-4986-b3f8-00621a16a522,fb73793a-3791-4986-b3f8-00621a16a522,3eb7ba30-4b94-432e-9618-875ee57e01ab,Mārvā,fb73793a-3791-4986-b3f8-00621a16a522,
Hindustani,bfefde58-4eb2-49b0-9c63-7e4ce1070e61,bfefde58-4eb2-49b0-9c63-7e4ce1070e61,e771a74d-545d-41d5-816b-43403a818b0c,Bhūp,bfefde58-4eb2-49b0-9c63-7e4ce1070e61,
Hindustani,88210cd2-6440-4868-b6aa-3aeb403b4feb,88210cd2-6440-4868-b6aa-3aeb403b4feb,93c73081-bdf8-4eca-b325-d736b71e9b4b,Khamāj,88210cd2-6440-4868-b6aa-3aeb403b4feb,
Hindustani,62ccf764-ddbd-49d4-a05a-cda03f4192a6,62ccf764-ddbd-49d4-a05a-cda03f4192a6,dd59147d-8775-44ff-a36b-0d9f15b31319,Bilāsakhānī tōḍī,62ccf764-ddbd-49d4-a05a-cda03f4192a6,
