tradition,relative_path,filename,extension,size_bytes
Carnatic,a2f9f182-0ceb-4531-b286-b840b47a54b8/Sumithra_Vasudev/Tasmai_Sri_Gurave_Namaha/Sri_Dakshinamurte/Sri_Dakshinamurte.tonic,Sri_Dakshinamurte.tonic,.tonic,10
Carnatic,a2f9f182-0ceb-4531-b286-b840b47a54b8/Sumithra_Vasudev/Tasmai_Sri_Gurave_Namaha/Sri_Dakshinamurte/Sri_Dakshinamurte.pitch,Sri_Dakshinamurte.pitch,.pitch,7417695
Carnatic,a2f9f182-0ceb-4531-b286-b840b47a54b8/Sumithra_Vasudev/Tasmai_Sri_Gurave_Namaha/Sri_Dakshinamurte/Sri_Dakshinamurte.pitchSilIntrpPP,Sri_Dakshinamurte.pitchSilIntrpPP,.pitchsilintrppp,15661800
Carnatic,a2f9f182-0ceb-4531-b286-b840b47a54b8/Sumithra_Vasudev/Tasmai_Sri_Gurave_Namaha/Sri_Dakshinamurte/Sri_Dakshinamurte.tonicFine,Sri_Dakshinamurte.tonicFine,.tonicfine,25
Carnatic,a2f9f182-0ceb-4531-b286-b840b47a54b8/Sumithra_Vasudev/Tasmai_Sri_Gurave_Namaha/Sri_Dakshinamurte/Sri_Dakshinamurte.taniSegKNN,Sri_Dakshinamurte.taniSegKNN,.tanisegknn,52
Carnatic,a2f9f182-0ceb-4531-b286-b840b47a54b8/Sumithra_Vasudev/Tasmai_Sri_Gurave_Namaha/Sri_Dakshinamurte/Sri_Dakshinamurte.flatSegNyas,Sri_Dakshinamurte.flatSegNyas,.flatsegnyas,21632
Carnatic,a2f9f182-0ceb-4531-b286-b840b47a54b8/Sumithra_Vasudev/December_Season_2011/Sankaracharyam/Sankaracharyam.pitchSilIntrpPP,Sankaracharyam.pitchSilIntrpPP,.pitchsilintrppp,32974900
Carnatic,a2f9f182-0ceb-4531-b286-b840b47a54b8/Sumithra_Vasudev/December_Season_2011/Sankaracharyam/Sankaracharyam.tonicFine,Sankaracharyam.tonicFine,.tonicfine,25
Carnatic,a2f9f182-0ceb-4531-b286-b840b47a54b8/Sumithra_Vasudev/December_Season_2011/Sankaracharyam/Sankaracharyam.pitch,Sankaracharyam.pitch,.pitch,15975927
Carnatic,a2f9f182-0ceb-4531-b286-b840b47a54b8/Sumithra_Vasudev/December_Season_2011/Sankaracharyam/Sankaracharyam.tonic,Sankaracharyam.tonic,.tonic,10
Carnatic,a2f9f182-0ceb-4531-b286-b840b47a54b8/Sumithra_Vasudev/December_Season_2011/Sankaracharyam/Sankaracharyam.taniSegKNN,Sankaracharyam.taniSegKNN,.tanisegknn,18
Carnatic,a2f9f182-0ceb-4531-b286-b840b47a54b8/Sumithra_Vasudev/December_Season_2011/Sankaracharyam/Sankaracharyam.flatSegNyas,Sankaracharyam.flatSegNyas,.flatsegnyas,43596
Carnatic,a2f9f182-0ceb-4531-b286-b840b47a54b8/T__M__Krishna/December_Season_2008/Dakshinamurte/Dakshinamurte.tonicFine,Dakshinamurte.tonicFine,.tonicfine,25
Carnatic,a2f9f182-0ceb-4531-b286-b840b47a54b8/T__M__Krishna/December_Season_2008/Dakshinamurte/Dakshinamurte.pitch,Dakshinamurte.pitch,.pitch,3046659
Carnatic,a2f9f182-0ceb-4531-b286-b840b47a54b8/T__M__Krishna/December_Season_2008/Dakshinamurte/Dakshinamurte.pitchSilIntrpPP,Dakshinamurte.pitchSilIntrpPP,.pitchsilintrppp,6548850
Carnatic,a2f9f182-0ceb-4531-b286-b840b47a54b8/T__M__Krishna/December_Season_2008/Dakshinamurte/Dakshinamurte.taniSegKNN,Dakshinamurte.taniSegKNN,.tanisegknn,0
Carnatic,a2f9f182-0ceb-4531-b286-b840b47a54b8/T__M__Krishna/December_Season_2008/Dakshinamurte/Dakshinamurte.flatSegNyas,Dakshinamurte.flatSegNyas,.flatsegnyas,8009
Carnatic,a2f9f182-0ceb-4531-b286-b840b47a54b8/T__M__Krishna/December_Season_2008/Dakshinamurte/Dakshinamurte.tonic,Dakshinamurte.tonic,.tonic,10
Carnatic,a2f9f182-0ceb-4531-b286-b840b47a54b8/M_S__Subbulakshmi/Paddhatti/Emi_Neramu/Emi_Neramu.pitch,Emi_Neramu.pitch,.pitch,9737625
Carnatic,a2f9f182-0ceb-4531-b286-b840b47a54b8/M_S__Subbulakshmi/Paddhatti/Emi_Neramu/Emi_Neramu.pitchSilIntrpPP,Emi_Neramu.pitchSilIntrpPP,.pitchsilintrppp,20445700
Carnatic,a2f9f182-0ceb-4531-b286-b840b47a54b8/M_S__Subbulakshmi/Paddhatti/Emi_Neramu/Emi_Neramu.tonic,Emi_Neramu.tonic,.tonic,10
Carnatic,a2f9f182-0ceb-4531-b286-b840b47a54b8/M_S__Subbulakshmi/Paddhatti/Emi_Neramu/Emi_Neramu.flatSegNyas,Emi_Neramu.flatSegNyas,.flatsegnyas,22644
Carnatic,a2f9f182-0ceb-4531-b286-b840b47a54b8/M_S__Subbulakshmi/Paddhatti/Emi_Neramu/Emi_Neramu.taniSegKNN,Emi_Neramu.taniSegKNN,.tanisegknn,0
Carnatic,a2f9f182-0ceb-4531-b286-b840b47a54b8/M_S__Subbulakshmi/Paddhatti/Emi_Neramu/Emi_Neramu.tonicFine,Emi_Neramu.tonicFine,.tonicfine,25
Carnatic,a2f9f182-0ceb-4531-b286-b840b47a54b8/Gayathri_Venkataraghavan/December_Season_2005/Manasu_Swamidhinamayi/Manasu_Swamidhinamayi.taniSegKNN,Manasu_Swamidhinamayi.taniSegKNN,.tanisegknn,34
Carnatic,a2f9f182-0ceb-4531-b286-b840b47a54b8/Gayathri_Venkataraghavan/December_Season_2005/Manasu_Swamidhinamayi/Manasu_Swamidhinamayi.flatSegNyas,Manasu_Swamidhinamayi.flatSegNyas,.flatsegnyas,23839
Carnatic,a2f9f182-0ceb-4531-b286-b840b47a54b8/Gayathri_Venkataraghavan/December_Season_2005/Manasu_Swamidhinamayi/Manasu_Swamidhinamayi.pitch,Manasu_Swamidhinamayi.pitch,.pitch,10276679
Carnatic,a2f9f182-0ceb-4531-b286-b840b47a54b8/Gayathri_Venkataraghavan/December_Season_2005/Manasu_Swamidhinamayi/Manasu_Swamidhinamayi.pitchSilIntrpPP,Manasu_Swamidhinamayi.pitchSilIntrpPP,.pitchsilintrppp,21415800
Carnatic,a2f9f182-0ceb-4531-b286-b840b47a54b8/Gayathri_Venkataraghavan/December_Season_2005/Manasu_Swamidhinamayi/Manasu_Swamidhinamayi.tonic,Manasu_Swamidhinamayi.tonic,.tonic,9
Carnatic,a2f9f182-0ceb-4531-b286-b840b47a54b8/Gayathri_Venkataraghavan/December_Season_2005/Manasu_Swamidhinamayi/Manasu_Swamidhinamayi.tonicFine,Manasu_Swamidhinamayi.tonicFine,.tonicfine,25
Carnatic,a2f9f182-0ceb-4531-b286-b840b47a54b8/Sanjay_Subrahmanyan/Live_at_Kamarajar_Hall/Undan_Paada_Pankayam/Undan_Paada_Pankayam.taniSegKNN,Undan_Paada_Pankayam.taniSegKNN,.tanisegknn,0
Carnatic,a2f9f182-0ceb-4531-b286-b840b47a54b8/Sanjay_Subrahmanyan/Live_at_Kamarajar_Hall/Undan_Paada_Pankayam/Undan_Paada_Pankayam.flatSegNyas,Undan_Paada_Pankayam.flatSegNyas,.flatsegnyas,8631
Carnatic,a2f9f182-0ceb-4531-b286-b840b47a54b8/Sanjay_Subrahmanyan/Live_at_Kamarajar_Hall/Undan_Paada_Pankayam/Undan_Paada_Pankayam.tonicFine,Undan_Paada_Pankayam.tonicFine,.tonicfine,25
Carnatic,a2f9f182-0ceb-4531-b286-b840b47a54b8/Sanjay_Subrahmanyan/Live_at_Kamarajar_Hall/Undan_Paada_Pankayam/Undan_Paada_Pankayam.pitchSilIntrpPP,Undan_Paada_Pankayam.pitchSilIntrpPP,.pitchsilintrppp,6072150
Carnatic,a2f9f182-0ceb-4531-b286-b840b47a54b8/Sanjay_Subrahmanyan/Live_at_Kamarajar_Hall/Undan_Paada_Pankayam/Undan_Paada_Pankayam.pitch,Undan_Paada_Pankayam.pitch,.pitch,2826998
Carnatic,a2f9f182-0ceb-4531-b286-b840b47a54b8/Sanjay_Subrahmanyan/Live_at_Kamarajar_Hall/Undan_Paada_Pankayam/Undan_Paada_Pankayam.tonic,Undan_Paada_Pankayam.tonic,.tonic,10
Carnatic,a2f9f182-0ceb-4531-b286-b840b47a54b8/Sanjay_Subrahmanyan/Compositions_Of_Muthuswami_Dikshitar/Sundareshwaraya_Namasthe/Sundareshwaraya_Namasthe.tonic,Sundareshwaraya_Namasthe.tonic,.tonic,10
Carnatic,a2f9f182-0ceb-4531-b286-b840b47a54b8/Sanjay_Subrahmanyan/Compositions_Of_Muthuswami_Dikshitar/Sundareshwaraya_Namasthe/Sundareshwaraya_Namasthe.tonicFine,Sundareshwaraya_Namasthe.tonicFine,.tonicfine,25
Carnatic,a2f9f182-0ceb-4531-b286-b840b47a54b8/Sanjay_Subrahmanyan/Compositions_Of_Muthuswami_Dikshitar/Sundareshwaraya_Namasthe/Sundareshwaraya_Namasthe.pitchSilIntrpPP,Sundareshwaraya_Namasthe.pitchSilIntrpPP,.pitchsilintrppp,16017600
Carnatic,a2f9f182-0ceb-4531-b286-b840b47a54b8/Sanjay_Subrahmanyan/Compositions_Of_Muthuswami_Dikshitar/Sundareshwaraya_Namasthe/Sundareshwaraya_Namasthe.taniSegKNN,Sundareshwaraya_Namasthe.taniSegKNN,.tanisegknn,52
Carnatic,a2f9f182-0ceb-4531-b286-b840b47a54b8/Sanjay_Subrahmanyan/Compositions_Of_Muthuswami_Dikshitar/Sundareshwaraya_Namasthe/Sundareshwaraya_Namasthe.flatSegNyas,Sundareshwaraya_Namasthe.flatSegNyas,.flatsegnyas,16830
Carnatic,a2f9f182-0ceb-4531-b286-b840b47a54b8/Sanjay_Subrahmanyan/Compositions_Of_Muthuswami_Dikshitar/Sundareshwaraya_Namasthe/Sundareshwaraya_Namasthe.pitch,Sundareshwaraya_Namasthe.pitch,.pitch,7567900
Carnatic,a2f9f182-0ceb-4531-b286-b840b47a54b8/Sanjay_Subrahmanyan/Live_in_USA_-_Sanjay_Subrahmanyan/Shankaracharyam/Shankaracharyam.flatSegNyas,Shankaracharyam.flatSegNyas,.flatsegnyas,29422
Carnatic,a2f9f182-0ceb-4531-b286-b840b47a54b8/Sanjay_Subrahmanyan/Live_in_USA_-_Sanjay_Subrahmanyan/Shankaracharyam/Shankaracharyam.pitch,Shankaracharyam.pitch,.pitch,9899352
Carnatic,a2f9f182-0ceb-4531-b286-b840b47a54b8/Sanjay_Subrahmanyan/Live_in_USA_-_Sanjay_Subrahmanyan/Shankaracharyam/Shankaracharyam.tonic,Shankaracharyam.tonic,.tonic,10
Carnatic,a2f9f182-0ceb-4531-b286-b840b47a54b8/Sanjay_Subrahmanyan/Live_in_USA_-_Sanjay_Subrahmanyan/Shankaracharyam/Shankaracharyam.pitchSilIntrpPP,Shankaracharyam.pitchSilIntrpPP,.pitchsilintrppp,20703150
Carnatic,a2f9f182-0ceb-4531-b286-b840b47a54b8/Sanjay_Subrahmanyan/Live_in_USA_-_Sanjay_Subrahmanyan/Shankaracharyam/Shankaracharyam.tonicFine,Shankaracharyam.tonicFine,.tonicfine,25
Carnatic,a2f9f182-0ceb-4531-b286-b840b47a54b8/Sanjay_Subrahmanyan/Live_in_USA_-_Sanjay_Subrahmanyan/Shankaracharyam/Shankaracharyam.taniSegKNN,Shankaracharyam.taniSegKNN,.tanisegknn,0
Carnatic,a2f9f182-0ceb-4531-b286-b840b47a54b8/Sanjay_Subrahmanyan/December_Season_2010/Buddhi_Raadu/Buddhi_Raadu.pitch,Buddhi_Raadu.pitch,.pitch,8312958
Carnatic,a2f9f182-0ceb-4531-b286-b840b47a54b8/Sanjay_Subrahmanyan/December_Season_2010/Buddhi_Raadu/Buddhi_Raadu.tonicFine,Buddhi_Raadu.tonicFine,.tonicfine,25
Carnatic,a2f9f182-0ceb-4531-b286-b840b47a54b8/Sanjay_Subrahmanyan/December_Season_2010/Buddhi_Raadu/Buddhi_Raadu.flatSegNyas,Buddhi_Raadu.flatSegNyas,.flatsegnyas,21427
Carnatic,a2f9f182-0ceb-4531-b286-b840b47a54b8/Sanjay_Subrahmanyan/December_Season_2010/Buddhi_Raadu/Buddhi_Raadu.pitchSilIntrpPP,Buddhi_Raadu.pitchSilIntrpPP,.pitchsilintrppp,17546900
Carnatic,a2f9f182-0ceb-4531-b286-b840b47a54b8/Sanjay_Subrahmanyan/December_Season_2010/Buddhi_Raadu/Buddhi_Raadu.tonic,Buddhi_Raadu.tonic,.tonic,10
Carnatic,a2f9f182-0ceb-4531-b286-b840b47a54b8/Sanjay_Subrahmanyan/December_Season_2010/Buddhi_Raadu/Buddhi_Raadu.taniSegKNN,Buddhi_Raadu.taniSegKNN,.tanisegknn,0
Carnatic,a2f9f182-0ceb-4531-b286-b840b47a54b8/Sikkil_Gurucharan/December_Season_2007/Sami_Ninne/Sami_Ninne.tonic,Sami_Ninne.tonic,.tonic,10
Carnatic,a2f9f182-0ceb-4531-b286-b840b47a54b8/Sikkil_Gurucharan/December_Season_2007/Sami_Ninne/Sami_Ninne.pitch,Sami_Ninne.pitch,.pitch,2524013
Carnatic,a2f9f182-0ceb-4531-b286-b840b47a54b8/Sikkil_Gurucharan/December_Season_2007/Sami_Ninne/Sami_Ninne.flatSegNyas,Sami_Ninne.flatSegNyas,.flatsegnyas,5618
Carnatic,a2f9f182-0ceb-4531-b286-b840b47a54b8/Sikkil_Gurucharan/December_Season_2007/Sami_Ninne/Sami_Ninne.tonicFine,Sami_Ninne.tonicFine,.tonicfine,25
Carnatic,a2f9f182-0ceb-4531-b286-b840b47a54b8/Sikkil_Gurucharan/December_Season_2007/Sami_Ninne/Sami_Ninne.taniSegKNN,Sami_Ninne.taniSegKNN,.tanisegknn,0
Carnatic,a2f9f182-0ceb-4531-b286-b840b47a54b8/Sikkil_Gurucharan/December_Season_2007/Sami_Ninne/Sami_Ninne.pitchSilIntrpPP,Sami_Ninne.pitchSilIntrpPP,.pitchsilintrppp,5450350
Carnatic,a2f9f182-0ceb-4531-b286-b840b47a54b8/Nithyasree_Mahadevan/December_Season_2007/Tukiya_Tiruvadi/Tukiya_Tiruvadi.taniSegKNN,Tukiya_Tiruvadi.taniSegKNN,.tanisegknn,16
Carnatic,a2f9f182-0ceb-4531-b286-b840b47a54b8/Nithyasree_Mahadevan/December_Season_2007/Tukiya_Tiruvadi/Tukiya_Tiruvadi.pitch,Tukiya_Tiruvadi.pitch,.pitch,4394278
Carnatic,a2f9f182-0ceb-4531-b286-b840b47a54b8/Nithyasree_Mahadevan/December_Season_2007/Tukiya_Tiruvadi/Tukiya_Tiruvadi.tonicFine,Tukiya_Tiruvadi.tonicFine,.tonicfine,25
Carnatic,a2f9f182-0ceb-4531-b286-b840b47a54b8/Nithyasree_Mahadevan/December_Season_2007/Tukiya_Tiruvadi/Tukiya_Tiruvadi.tonic,Tukiya_Tiruvadi.tonic,.tonic,10
Carnatic,a2f9f182-0ceb-4531-b286-b840b47a54b8/Nithyasree_Mahadevan/December_Season_2007/Tukiya_Tiruvadi/Tukiya_Tiruvadi.flatSegNyas,Tukiya_Tiruvadi.flatSegNyas,.flatsegnyas,11736
Carnatic,a2f9f182-0ceb-4531-b286-b840b47a54b8/Nithyasree_Mahadevan/December_Season_2007/Tukiya_Tiruvadi/Tukiya_Tiruvadi.pitchSilIntrpPP,Tukiya_Tiruvadi.pitchSilIntrpPP,.pitchsilintrppp,9398300
Carnatic,a2f9f182-0ceb-4531-b286-b840b47a54b8/Amrutha_Venkatesh/December_Season_2007/Akshayalinga_Vibho/Akshayalinga_Vibho.pitchSilIntrpPP,Akshayalinga_Vibho.pitchSilIntrpPP,.pitchsilintrppp,20551800
Carnatic,a2f9f182-0ceb-4531-b286-b840b47a54b8/Amrutha_Venkatesh/December_Season_2007/Akshayalinga_Vibho/Akshayalinga_Vibho.taniSegKNN,Akshayalinga_Vibho.taniSegKNN,.tanisegknn,18
Carnatic,a2f9f182-0ceb-4531-b286-b840b47a54b8/Amrutha_Venkatesh/December_Season_2007/Akshayalinga_Vibho/Akshayalinga_Vibho.tonicFine,Akshayalinga_Vibho.tonicFine,.tonicfine,25
Carnatic,a2f9f182-0ceb-4531-b286-b840b47a54b8/Amrutha_Venkatesh/December_Season_2007/Akshayalinga_Vibho/Akshayalinga_Vibho.pitch,Akshayalinga_Vibho.pitch,.pitch,9824851
Carnatic,a2f9f182-0ceb-4531-b286-b840b47a54b8/Amrutha_Venkatesh/December_Season_2007/Akshayalinga_Vibho/Akshayalinga_Vibho.flatSegNyas,Akshayalinga_Vibho.flatSegNyas,.flatsegnyas,26041
Carnatic,a2f9f182-0ceb-4531-b286-b840b47a54b8/Amrutha_Venkatesh/December_Season_2007/Akshayalinga_Vibho/Akshayalinga_Vibho.tonic,Akshayalinga_Vibho.tonic,.tonic,10
Carnatic,09c179f3-8b19-4792-a852-e9fa0090e409/Kunnakkudi_M_Balamuralikrishna/December_Season_2009/Aravinda_Pada_Malar/Aravinda_Pada_Malar.tonicFine,Aravinda_Pada_Malar.tonicFine,.tonicfine,25
Carnatic,09c179f3-8b19-4792-a852-e9fa0090e409/Kunnakkudi_M_Balamuralikrishna/December_Season_2009/Aravinda_Pada_Malar/Aravinda_Pada_Malar.flatSegNyas,Aravinda_Pada_Malar.flatSegNyas,.flatsegnyas,3500
Carnatic,09c179f3-8b19-4792-a852-e9fa0090e409/Kunnakkudi_M_Balamuralikrishna/December_Season_2009/Aravinda_Pada_Malar/Aravinda_Pada_Malar.taniSegKNN,Aravinda_Pada_Malar.taniSegKNN,.tanisegknn,0
Carnatic,09c179f3-8b19-4792-a852-e9fa0090e409/Kunnakkudi_M_Balamuralikrishna/December_Season_2009/Aravinda_Pada_Malar/Aravinda_Pada_Malar.pitch,Aravinda_Pada_Malar.pitch,.pitch,1498618
Carnatic,09c179f3-8b19-4792-a852-e9fa0090e409/Kunnakkudi_M_Balamuralikrishna/December_Season_2009/Aravinda_Pada_Malar/Aravinda_Pada_Malar.tonic,Aravinda_Pada_Malar.tonic,.tonic,10
Carnatic,09c179f3-8b19-4792-a852-e9fa0090e409/Kunnakkudi_M_Balamuralikrishna/December_Season_2009/Aravinda_Pada_Malar/Aravinda_Pada_Malar.pitchSilIntrpPP,Aravinda_Pada_Malar.pitchSilIntrpPP,.pitchsilintrppp,3236850
Carnatic,09c179f3-8b19-4792-a852-e9fa0090e409/M_S__Subbulakshmi/M_S__Subbulakshmi_concert_at_Chicago_1977/Jagadoddharan/Jagadoddharan.tonic,Jagadoddharan.tonic,.tonic,10
Carnatic,09c179f3-8b19-4792-a852-e9fa0090e409/M_S__Subbulakshmi/M_S__Subbulakshmi_concert_at_Chicago_1977/Jagadoddharan/Jagadoddharan.pitchSilIntrpPP,Jagadoddharan.pitchSilIntrpPP,.pitchsilintrppp,4140500
Carnatic,09c179f3-8b19-4792-a852-e9fa0090e409/M_S__Subbulakshmi/M_S__Subbulakshmi_concert_at_Chicago_1977/Jagadoddharan/Jagadoddharan.flatSegNyas,Jagadoddharan.flatSegNyas,.flatsegnyas,4971
Carnatic,09c179f3-8b19-4792-a852-e9fa0090e409/M_S__Subbulakshmi/M_S__Subbulakshmi_concert_at_Chicago_1977/Jagadoddharan/Jagadoddharan.pitch,Jagadoddharan.pitch,.pitch,1916011
Carnatic,09c179f3-8b19-4792-a852-e9fa0090e409/M_S__Subbulakshmi/M_S__Subbulakshmi_concert_at_Chicago_1977/Jagadoddharan/Jagadoddharan.taniSegKNN,Jagadoddharan.taniSegKNN,.tanisegknn,0
Carnatic,09c179f3-8b19-4792-a852-e9fa0090e409/M_S__Subbulakshmi/M_S__Subbulakshmi_concert_at_Chicago_1977/Jagadoddharan/Jagadoddharan.tonicFine,Jagadoddharan.tonicFine,.tonicfine,25
Carnatic,09c179f3-8b19-4792-a852-e9fa0090e409/Gayathri_Venkataraghavan/December_Season_2010/Jagadodharana/Jagadodharana.taniSegKNN,Jagadodharana.taniSegKNN,.tanisegknn,0
Carnatic,09c179f3-8b19-4792-a852-e9fa0090e409/Gayathri_Venkataraghavan/December_Season_2010/Jagadodharana/Jagadodharana.tonic,Jagadodharana.tonic,.tonic,10
Carnatic,09c179f3-8b19-4792-a852-e9fa0090e409/Gayathri_Venkataraghavan/December_Season_2010/Jagadodharana/Jagadodharana.pitchSilIntrpPP,Jagadodharana.pitchSilIntrpPP,.pitchsilintrppp,7833950
Carnatic,09c179f3-8b19-4792-a852-e9fa0090e409/Gayathri_Venkataraghavan/December_Season_2010/Jagadodharana/Jagadodharana.tonicFine,Jagadodharana.tonicFine,.tonicfine,25
Carnatic,09c179f3-8b19-4792-a852-e9fa0090e409/Gayathri_Venkataraghavan/December_Season_2010/Jagadodharana/Jagadodharana.pitch,Jagadodharana.pitch,.pitch,3666504
Carnatic,09c179f3-8b19-4792-a852-e9fa0090e409/Gayathri_Venkataraghavan/December_Season_2010/Jagadodharana/Jagadodharana.flatSegNyas,Jagadodharana.flatSegNyas,.flatsegnyas,9984
Carnatic,09c179f3-8b19-4792-a852-e9fa0090e409/Amritha_Murali/December_Season_2011/Brindavana_Dolagaaduva/Brindavana_Dolagaaduva.taniSegKNN,Brindavana_Dolagaaduva.taniSegKNN,.tanisegknn,16
Carnatic,09c179f3-8b19-4792-a852-e9fa0090e409/Amritha_Murali/December_Season_2011/Brindavana_Dolagaaduva/Brindavana_Dolagaaduva.pitch,Brindavana_Dolagaaduva.pitch,.pitch,2204398
Carnatic,09c179f3-8b19-4792-a852-e9fa0090e409/Amritha_Murali/December_Season_2011/Brindavana_Dolagaaduva/Brindavana_Dolagaaduva.pitchSilIntrpPP,Brindavana_Dolagaaduva.pitchSilIntrpPP,.pitchsilintrppp,4740600
Carnatic,09c179f3-8b19-4792-a852-e9fa0090e409/Amritha_Murali/December_Season_2011/Brindavana_Dolagaaduva/Brindavana_Dolagaaduva.tonicFine,Brindavana_Dolagaaduva.tonicFine,.tonicfine,25
Carnatic,09c179f3-8b19-4792-a852-e9fa0090e409/Amritha_Murali/December_Season_2011/Brindavana_Dolagaaduva/Brindavana_Dolagaaduva.flatSegNyas,Brindavana_Dolagaaduva.flatSegNyas,.flatsegnyas,6692
Carnatic,09c179f3-8b19-4792-a852-e9fa0090e409/Amritha_Murali/December_Season_2011/Brindavana_Dolagaaduva/Brindavana_Dolagaaduva.tonic,Brindavana_Dolagaaduva.tonic,.tonic,10
Carnatic,09c179f3-8b19-4792-a852-e9fa0090e409/Sanjay_Subrahmanyan/Sanjay_at_Sastri_Hall/Kalilo_Hari_Smrana/Kalilo_Hari_Smrana.tonic,Kalilo_Hari_Smrana.tonic,.tonic,9
Carnatic,09c179f3-8b19-4792-a852-e9fa0090e409/Sanjay_Subrahmanyan/Sanjay_at_Sastri_Hall/Kalilo_Hari_Smrana/Kalilo_Hari_Smrana.pitchSilIntrpPP,Kalilo_Hari_Smrana.pitchSilIntrpPP,.pitchsilintrppp,1914700
Carnatic,09c179f3-8b19-4792-a852-e9fa0090e409/Sanjay_Subrahmanyan/Sanjay_at_Sastri_Hall/Kalilo_Hari_Smrana/Kalilo_Hari_Smrana.tonicFine,Kalilo_Hari_Smrana.tonicFine,.tonicfine,25
Carnatic,09c179f3-8b19-4792-a852-e9fa0090e409/Sanjay_Subrahmanyan/Sanjay_at_Sastri_Hall/Kalilo_Hari_Smrana/Kalilo_Hari_Smrana.pitch,Kalilo_Hari_Smrana.pitch,.pitch,871546
Carnatic,09c179f3-8b19-4792-a852-e9fa0090e409/Sanjay_Subrahmanyan/Sanjay_at_Sastri_Hall/Kalilo_Hari_Smrana/Kalilo_Hari_Smrana.taniSegKNN,Kalilo_Hari_Smrana.taniSegKNN,.tanisegknn,0
Carnatic,09c179f3-8b19-4792-a852-e9fa0090e409/Sanjay_Subrahmanyan/Sanjay_at_Sastri_Hall/Kalilo_Hari_Smrana/Kalilo_Hari_Smrana.flatSegNyas,Kalilo_Hari_Smrana.flatSegNyas,.flatsegnyas,2399
Carnatic,09c179f3-8b19-4792-a852-e9fa0090e409/Sikkil_Gurucharan/December_Season_2009/Kartikeyanai_Kannara/Kartikeyanai_Kannara.taniSegKNN,Kartikeyanai_Kannara.taniSegKNN,.tanisegknn,0
Carnatic,09c179f3-8b19-4792-a852-e9fa0090e409/Sikkil_Gurucharan/December_Season_2009/Kartikeyanai_Kannara/Kartikeyanai_Kannara.tonic,Kartikeyanai_Kannara.tonic,.tonic,10
Carnatic,09c179f3-8b19-4792-a852-e9fa0090e409/Sikkil_Gurucharan/December_Season_2009/Kartikeyanai_Kannara/Kartikeyanai_Kannara.tonicFine,Kartikeyanai_Kannara.tonicFine,.tonicfine,25
Carnatic,09c179f3-8b19-4792-a852-e9fa0090e409/Sikkil_Gurucharan/December_Season_2009/Kartikeyanai_Kannara/Kartikeyanai_Kannara.pitch,Kartikeyanai_Kannara.pitch,.pitch,1630776
Carnatic,09c179f3-8b19-4792-a852-e9fa0090e409/Sikkil_Gurucharan/December_Season_2009/Kartikeyanai_Kannara/Kartikeyanai_Kannara.flatSegNyas,Kartikeyanai_Kannara.flatSegNyas,.flatsegnyas,4229
Carnatic,09c179f3-8b19-4792-a852-e9fa0090e409/Sikkil_Gurucharan/December_Season_2009/Kartikeyanai_Kannara/Kartikeyanai_Kannara.pitchSilIntrpPP,Kartikeyanai_Kannara.pitchSilIntrpPP,.pitchsilintrppp,3515450
Carnatic,09c179f3-8b19-4792-a852-e9fa0090e409/Sikkil_Gurucharan/December_Season_2006/Kanaka_Sabhaiyai/Kanaka_Sabhaiyai.tonic,Kanaka_Sabhaiyai.tonic,.tonic,10
Carnatic,09c179f3-8b19-4792-a852-e9fa0090e409/Sikkil_Gurucharan/December_Season_2006/Kanaka_Sabhaiyai/Kanaka_Sabhaiyai.pitch,Kanaka_Sabhaiyai.pitch,.pitch,1203136
Carnatic,09c179f3-8b19-4792-a852-e9fa0090e409/Sikkil_Gurucharan/December_Season_2006/Kanaka_Sabhaiyai/Kanaka_Sabhaiyai.tonicFine,Kanaka_Sabhaiyai.tonicFine,.tonicfine,25
Carnatic,09c179f3-8b19-4792-a852-e9fa0090e409/Sikkil_Gurucharan/December_Season_2006/Kanaka_Sabhaiyai/Kanaka_Sabhaiyai.taniSegKNN,Kanaka_Sabhaiyai.taniSegKNN,.tanisegknn,0
Carnatic,09c179f3-8b19-4792-a852-e9fa0090e409/Sikkil_Gurucharan/December_Season_2006/Kanaka_Sabhaiyai/Kanaka_Sabhaiyai.flatSegNyas,Kanaka_Sabhaiyai.flatSegNyas,.flatsegnyas,3092
Carnatic,09c179f3-8b19-4792-a852-e9fa0090e409/Sikkil_Gurucharan/December_Season_2006/Kanaka_Sabhaiyai/Kanaka_Sabhaiyai.pitchSilIntrpPP,Kanaka_Sabhaiyai.pitchSilIntrpPP,.pitchsilintrppp,2605900
Carnatic,09c179f3-8b19-4792-a852-e9fa0090e409/Sikkil_Gurucharan/December_Season_2007/Jo_Achyuta_Nanda/Jo_Achyuta_Nanda.tonic,Jo_Achyuta_Nanda.tonic,.tonic,10
Carnatic,09c179f3-8b19-4792-a852-e9fa0090e409/Sikkil_Gurucharan/December_Season_2007/Jo_Achyuta_Nanda/Jo_Achyuta_Nanda.tonicFine,Jo_Achyuta_Nanda.tonicFine,.tonicfine,25
Carnatic,09c179f3-8b19-4792-a852-e9fa0090e409/Sikkil_Gurucharan/December_Season_2007/Jo_Achyuta_Nanda/Jo_Achyuta_Nanda.taniSegKNN,Jo_Achyuta_Nanda.taniSegKNN,.tanisegknn,0
Carnatic,09c179f3-8b19-4792-a852-e9fa0090e409/Sikkil_Gurucharan/December_Season_2007/Jo_Achyuta_Nanda/Jo_Achyuta_Nanda.pitchSilIntrpPP,Jo_Achyuta_Nanda.pitchSilIntrpPP,.pitchsilintrppp,5193750
Carnatic,09c179f3-8b19-4792-a852-e9fa0090e409/Sikkil_Gurucharan/December_Season_2007/Jo_Achyuta_Nanda/Jo_Achyuta_Nanda.flatSegNyas,Jo_Achyuta_Nanda.flatSegNyas,.flatsegnyas,6412
Carnatic,09c179f3-8b19-4792-a852-e9fa0090e409/Sikkil_Gurucharan/December_Season_2007/Jo_Achyuta_Nanda/Jo_Achyuta_Nanda.pitch,Jo_Achyuta_Nanda.pitch,.pitch,2413694
Carnatic,09c179f3-8b19-4792-a852-e9fa0090e409/Sikkil_Gurucharan/December_Season_2011/Meevalla_Gunadosha/Meevalla_Gunadosha.pitchSilIntrpPP,Meevalla_Gunadosha.pitchSilIntrpPP,.pitchsilintrppp,4692700
Carnatic,09c179f3-8b19-4792-a852-e9fa0090e409/Sikkil_Gurucharan/December_Season_2011/Meevalla_Gunadosha/Meevalla_Gunadosha.tonic,Meevalla_Gunadosha.tonic,.tonic,10
Carnatic,09c179f3-8b19-4792-a852-e9fa0090e409/Sikkil_Gurucharan/December_Season_2011/Meevalla_Gunadosha/Meevalla_Gunadosha.pitch,Meevalla_Gunadosha.pitch,.pitch,2184225
Carnatic,09c179f3-8b19-4792-a852-e9fa0090e409/Sikkil_Gurucharan/December_Season_2011/Meevalla_Gunadosha/Meevalla_Gunadosha.taniSegKNN,Meevalla_Gunadosha.taniSegKNN,.tanisegknn,0
Carnatic,09c179f3-8b19-4792-a852-e9fa0090e409/Sikkil_Gurucharan/December_Season_2011/Meevalla_Gunadosha/Meevalla_Gunadosha.flatSegNyas,Meevalla_Gunadosha.flatSegNyas,.flatsegnyas,4935
Carnatic,09c179f3-8b19-4792-a852-e9fa0090e409/Sikkil_Gurucharan/December_Season_2011/Meevalla_Gunadosha/Meevalla_Gunadosha.tonicFine,Meevalla_Gunadosha.tonicFine,.tonicfine,25
Carnatic,"09c179f3-8b19-4792-a852-e9fa0090e409/O__S__Thyagarajan/Live_At_Sree_Rama_Seva_Mandali,_Bangalore/Jagadodharana/Jagadodharana.taniSegKNN",Jagadodharana.taniSegKNN,.tanisegknn,0
Carnatic,"09c179f3-8b19-4792-a852-e9fa0090e409/O__S__Thyagarajan/Live_At_Sree_Rama_Seva_Mandali,_Bangalore/Jagadodharana/Jagadodharana.tonic",Jagadodharana.tonic,.tonic,10
Carnatic,"09c179f3-8b19-4792-a852-e9fa0090e409/O__S__Thyagarajan/Live_At_Sree_Rama_Seva_Mandali,_Bangalore/Jagadodharana/Jagadodharana.pitchSilIntrpPP",Jagadodharana.pitchSilIntrpPP,.pitchsilintrppp,2856850
Carnatic,"09c179f3-8b19-4792-a852-e9fa0090e409/O__S__Thyagarajan/Live_At_Sree_Rama_Seva_Mandali,_Bangalore/Jagadodharana/Jagadodharana.tonicFine",Jagadodharana.tonicFine,.tonicfine,25
Carnatic,"09c179f3-8b19-4792-a852-e9fa0090e409/O__S__Thyagarajan/Live_At_Sree_Rama_Seva_Mandali,_Bangalore/Jagadodharana/Jagadodharana.pitch",Jagadodharana.pitch,.pitch,1325824
Carnatic,"09c179f3-8b19-4792-a852-e9fa0090e409/O__S__Thyagarajan/Live_At_Sree_Rama_Seva_Mandali,_Bangalore/Jagadodharana/Jagadodharana.flatSegNyas",Jagadodharana.flatSegNyas,.flatsegnyas,3550
Carnatic,09c179f3-8b19-4792-a852-e9fa0090e409/Prasanna_Venkataraman/December_Season_2007/Vizhikkuttunai/Vizhikkuttunai.pitch,Vizhikkuttunai.pitch,.pitch,2298326
Carnatic,09c179f3-8b19-4792-a852-e9fa0090e409/Prasanna_Venkataraman/December_Season_2007/Vizhikkuttunai/Vizhikkuttunai.flatSegNyas,Vizhikkuttunai.flatSegNyas,.flatsegnyas,7493
Carnatic,09c179f3-8b19-4792-a852-e9fa0090e409/Prasanna_Venkataraman/December_Season_2007/Vizhikkuttunai/Vizhikkuttunai.taniSegKNN,Vizhikkuttunai.taniSegKNN,.tanisegknn,0
Carnatic,09c179f3-8b19-4792-a852-e9fa0090e409/Prasanna_Venkataraman/December_Season_2007/Vizhikkuttunai/Vizhikkuttunai.tonic,Vizhikkuttunai.tonic,.tonic,10
Carnatic,09c179f3-8b19-4792-a852-e9fa0090e409/Prasanna_Venkataraman/December_Season_2007/Vizhikkuttunai/Vizhikkuttunai.tonicFine,Vizhikkuttunai.tonicFine,.tonicfine,25
Carnatic,09c179f3-8b19-4792-a852-e9fa0090e409/Prasanna_Venkataraman/December_Season_2007/Vizhikkuttunai/Vizhikkuttunai.pitchSilIntrpPP,Vizhikkuttunai.pitchSilIntrpPP,.pitchsilintrppp,4948700
Carnatic,09c179f3-8b19-4792-a852-e9fa0090e409/Sangeetha_Swaminathan/December_Season_1999/Amma_Kripai_Thandu/Amma_Kripai_Thandu.pitchSilIntrpPP,Amma_Kripai_Thandu.pitchSilIntrpPP,.pitchsilintrppp,2653800
Carnatic,09c179f3-8b19-4792-a852-e9fa0090e409/Sangeetha_Swaminathan/December_Season_1999/Amma_Kripai_Thandu/Amma_Kripai_Thandu.taniSegKNN,Amma_Kripai_Thandu.taniSegKNN,.tanisegknn,0
Carnatic,09c179f3-8b19-4792-a852-e9fa0090e409/Sangeetha_Swaminathan/December_Season_1999/Amma_Kripai_Thandu/Amma_Kripai_Thandu.tonic,Amma_Kripai_Thandu.tonic,.tonic,10
Carnatic,09c179f3-8b19-4792-a852-e9fa0090e409/Sangeetha_Swaminathan/December_Season_1999/Amma_Kripai_Thandu/Amma_Kripai_Thandu.flatSegNyas,Amma_Kripai_Thandu.flatSegNyas,.flatsegnyas,3156
Carnatic,09c179f3-8b19-4792-a852-e9fa0090e409/Sangeetha_Swaminathan/December_Season_1999/Amma_Kripai_Thandu/Amma_Kripai_Thandu.tonicFine,Amma_Kripai_Thandu.tonicFine,.tonicfine,25
Carnatic,09c179f3-8b19-4792-a852-e9fa0090e409/Sangeetha_Swaminathan/December_Season_1999/Amma_Kripai_Thandu/Amma_Kripai_Thandu.pitch,Amma_Kripai_Thandu.pitch,.pitch,1225690
Carnatic,cda9cbe9-c1aa-42bb-8b4c-e9dfc8af133c/T__M__Krishna/Madrasil_Margazhi_2006/Mahisanthi_Murthim/Mahisanthi_Murthim.taniSegKNN,Mahisanthi_Murthim.taniSegKNN,.tanisegknn,0
Carnatic,cda9cbe9-c1aa-42bb-8b4c-e9dfc8af133c/T__M__Krishna/Madrasil_Margazhi_2006/Mahisanthi_Murthim/Mahisanthi_Murthim.pitchSilIntrpPP,Mahisanthi_Murthim.pitchSilIntrpPP,.pitchsilintrppp,3334700
Carnatic,cda9cbe9-c1aa-42bb-8b4c-e9dfc8af133c/T__M__Krishna/Madrasil_Margazhi_2006/Mahisanthi_Murthim/Mahisanthi_Murthim.pitch,Mahisanthi_Murthim.pitch,.pitch,1546642
Carnatic,cda9cbe9-c1aa-42bb-8b4c-e9dfc8af133c/T__M__Krishna/Madrasil_Margazhi_2006/Mahisanthi_Murthim/Mahisanthi_Murthim.tonic,Mahisanthi_Murthim.tonic,.tonic,10
Carnatic,cda9cbe9-c1aa-42bb-8b4c-e9dfc8af133c/T__M__Krishna/Madrasil_Margazhi_2006/Mahisanthi_Murthim/Mahisanthi_Murthim.flatSegNyas,Mahisanthi_Murthim.flatSegNyas,.flatsegnyas,4124
Carnatic,cda9cbe9-c1aa-42bb-8b4c-e9dfc8af133c/T__M__Krishna/Madrasil_Margazhi_2006/Mahisanthi_Murthim/Mahisanthi_Murthim.tonicFine,Mahisanthi_Murthim.tonicFine,.tonicfine,25
Carnatic,cda9cbe9-c1aa-42bb-8b4c-e9dfc8af133c/Abhishek_Raghuram/December_Season_2010/Mamavasada_Varade/Mamavasada_Varade.pitch,Mamavasada_Varade.pitch,.pitch,4203468
Carnatic,cda9cbe9-c1aa-42bb-8b4c-e9dfc8af133c/Abhishek_Raghuram/December_Season_2010/Mamavasada_Varade/Mamavasada_Varade.tonicFine,Mamavasada_Varade.tonicFine,.tonicfine,25
Carnatic,cda9cbe9-c1aa-42bb-8b4c-e9dfc8af133c/Abhishek_Raghuram/December_Season_2010/Mamavasada_Varade/Mamavasada_Varade.tonic,Mamavasada_Varade.tonic,.tonic,10
Carnatic,cda9cbe9-c1aa-42bb-8b4c-e9dfc8af133c/Abhishek_Raghuram/December_Season_2010/Mamavasada_Varade/Mamavasada_Varade.taniSegKNN,Mamavasada_Varade.taniSegKNN,.tanisegknn,16
Carnatic,cda9cbe9-c1aa-42bb-8b4c-e9dfc8af133c/Abhishek_Raghuram/December_Season_2010/Mamavasada_Varade/Mamavasada_Varade.flatSegNyas,Mamavasada_Varade.flatSegNyas,.flatsegnyas,8237
Carnatic,cda9cbe9-c1aa-42bb-8b4c-e9dfc8af133c/Abhishek_Raghuram/December_Season_2010/Mamavasada_Varade/Mamavasada_Varade.pitchSilIntrpPP,Mamavasada_Varade.pitchSilIntrpPP,.pitchsilintrppp,9045900
Carnatic,cda9cbe9-c1aa-42bb-8b4c-e9dfc8af133c/Amritha_Murali/December_Season_2009/Vazhimaraithirukkuthe/Vazhimaraithirukkuthe.taniSegKNN,Vazhimaraithirukkuthe.taniSegKNN,.tanisegknn,0
Carnatic,cda9cbe9-c1aa-42bb-8b4c-e9dfc8af133c/Amritha_Murali/December_Season_2009/Vazhimaraithirukkuthe/Vazhimaraithirukkuthe.flatSegNyas,Vazhimaraithirukkuthe.flatSegNyas,.flatsegnyas,7936
Carnatic,cda9cbe9-c1aa-42bb-8b4c-e9dfc8af133c/Amritha_Murali/December_Season_2009/Vazhimaraithirukkuthe/Vazhimaraithirukkuthe.pitchSilIntrpPP,Vazhimaraithirukkuthe.pitchSilIntrpPP,.pitchsilintrppp,5089150
Carnatic,cda9cbe9-c1aa-42bb-8b4c-e9dfc8af133c/Amritha_Murali/December_Season_2009/Vazhimaraithirukkuthe/Vazhimaraithirukkuthe.tonicFine,Vazhimaraithirukkuthe.tonicFine,.tonicfine,25
Carnatic,cda9cbe9-c1aa-42bb-8b4c-e9dfc8af133c/Amritha_Murali/December_Season_2009/Vazhimaraithirukkuthe/Vazhimaraithirukkuthe.pitch,Vazhimaraithirukkuthe.pitch,.pitch,2384372
Carnatic,cda9cbe9-c1aa-42bb-8b4c-e9dfc8af133c/Amritha_Murali/December_Season_2009/Vazhimaraithirukkuthe/Vazhimaraithirukkuthe.tonic,Vazhimaraithirukkuthe.tonic,.tonic,10
Carnatic,cda9cbe9-c1aa-42bb-8b4c-e9dfc8af133c/Amritha_Murali/December_Season_2005/Ekkalathilum/Ekkalathilum.tonic,Ekkalathilum.tonic,.tonic,10
Carnatic,cda9cbe9-c1aa-42bb-8b4c-e9dfc8af133c/Amritha_Murali/December_Season_2005/Ekkalathilum/Ekkalathilum.flatSegNyas,Ekkalathilum.flatSegNyas,.flatsegnyas,5591
Carnatic,cda9cbe9-c1aa-42bb-8b4c-e9dfc8af133c/Amritha_Murali/December_Season_2005/Ekkalathilum/Ekkalathilum.pitchSilIntrpPP,Ekkalathilum.pitchSilIntrpPP,.pitchsilintrppp,3780500
Carnatic,cda9cbe9-c1aa-42bb-8b4c-e9dfc8af133c/Amritha_Murali/December_Season_2005/Ekkalathilum/Ekkalathilum.taniSegKNN,Ekkalathilum.taniSegKNN,.tanisegknn,0
Carnatic,cda9cbe9-c1aa-42bb-8b4c-e9dfc8af133c/Amritha_Murali/December_Season_2005/Ekkalathilum/Ekkalathilum.tonicFine,Ekkalathilum.tonicFine,.tonicfine,25
Carnatic,cda9cbe9-c1aa-42bb-8b4c-e9dfc8af133c/Amritha_Murali/December_Season_2005/Ekkalathilum/Ekkalathilum.pitch,Ekkalathilum.pitch,.pitch,1761854
Carnatic,cda9cbe9-c1aa-42bb-8b4c-e9dfc8af133c/Sanjay_Subrahmanyan/December_Season_2006/Parakela_Saraswati/Parakela_Saraswati.pitch,Parakela_Saraswati.pitch,.pitch,2001148
Carnatic,cda9cbe9-c1aa-42bb-8b4c-e9dfc8af133c/Sanjay_Subrahmanyan/December_Season_2006/Parakela_Saraswati/Parakela_Saraswati.pitchSilIntrpPP,Parakela_Saraswati.pitchSilIntrpPP,.pitchsilintrppp,4334450
Carnatic,cda9cbe9-c1aa-42bb-8b4c-e9dfc8af133c/Sanjay_Subrahmanyan/December_Season_2006/Parakela_Saraswati/Parakela_Saraswati.tonic,Parakela_Saraswati.tonic,.tonic,10
Carnatic,cda9cbe9-c1aa-42bb-8b4c-e9dfc8af133c/Sanjay_Subrahmanyan/December_Season_2006/Parakela_Saraswati/Parakela_Saraswati.flatSegNyas,Parakela_Saraswati.flatSegNyas,.flatsegnyas,4726
Carnatic,cda9cbe9-c1aa-42bb-8b4c-e9dfc8af133c/Sanjay_Subrahmanyan/December_Season_2006/Parakela_Saraswati/Parakela_Saraswati.tonicFine,Parakela_Saraswati.tonicFine,.tonicfine,25
Carnatic,cda9cbe9-c1aa-42bb-8b4c-e9dfc8af133c/Sanjay_Subrahmanyan/December_Season_2006/Parakela_Saraswati/Parakela_Saraswati.taniSegKNN,Parakela_Saraswati.taniSegKNN,.tanisegknn,0
Carnatic,cda9cbe9-c1aa-42bb-8b4c-e9dfc8af133c/Sanjay_Subrahmanyan/December_Season_2000/Chalamela/Chalamela.tonic,Chalamela.tonic,.tonic,10
Carnatic,cda9cbe9-c1aa-42bb-8b4c-e9dfc8af133c/Sanjay_Subrahmanyan/December_Season_2000/Chalamela/Chalamela.tonicFine,Chalamela.tonicFine,.tonicfine,25
Carnatic,cda9cbe9-c1aa-42bb-8b4c-e9dfc8af133c/Sanjay_Subrahmanyan/December_Season_2000/Chalamela/Chalamela.taniSegKNN,Chalamela.taniSegKNN,.tanisegknn,0
Carnatic,cda9cbe9-c1aa-42bb-8b4c-e9dfc8af133c/Sanjay_Subrahmanyan/December_Season_2000/Chalamela/Chalamela.flatSegNyas,Chalamela.flatSegNyas,.flatsegnyas,2720
Carnatic,cda9cbe9-c1aa-42bb-8b4c-e9dfc8af133c/Sanjay_Subrahmanyan/December_Season_2000/Chalamela/Chalamela.pitch,Chalamela.pitch,.pitch,1546560
Carnatic,cda9cbe9-c1aa-42bb-8b4c-e9dfc8af133c/Sanjay_Subrahmanyan/December_Season_2000/Chalamela/Chalamela.pitchSilIntrpPP,Chalamela.pitchSilIntrpPP,.pitchsilintrppp,3354700
Carnatic,cda9cbe9-c1aa-42bb-8b4c-e9dfc8af133c/Nisha_P_Rajagopal/December_Season_2011/Mamava_sada/Mamava_sada.taniSegKNN,Mamava_sada.taniSegKNN,.tanisegknn,0
Carnatic,cda9cbe9-c1aa-42bb-8b4c-e9dfc8af133c/Nisha_P_Rajagopal/December_Season_2011/Mamava_sada/Mamava_sada.pitchSilIntrpPP,Mamava_sada.pitchSilIntrpPP,.pitchsilintrppp,16432250
Carnatic,cda9cbe9-c1aa-42bb-8b4c-e9dfc8af133c/Nisha_P_Rajagopal/December_Season_2011/Mamava_sada/Mamava_sada.tonic,Mamava_sada.tonic,.tonic,10
Carnatic,cda9cbe9-c1aa-42bb-8b4c-e9dfc8af133c/Nisha_P_Rajagopal/December_Season_2011/Mamava_sada/Mamava_sada.tonicFine,Mamava_sada.tonicFine,.tonicfine,25
Carnatic,cda9cbe9-c1aa-42bb-8b4c-e9dfc8af133c/Nisha_P_Rajagopal/December_Season_2011/Mamava_sada/Mamava_sada.flatSegNyas,Mamava_sada.flatSegNyas,.flatsegnyas,22400
Carnatic,cda9cbe9-c1aa-42bb-8b4c-e9dfc8af133c/Nisha_P_Rajagopal/December_Season_2011/Mamava_sada/Mamava_sada.pitch,Mamava_sada.pitch,.pitch,7787982
Carnatic,cda9cbe9-c1aa-42bb-8b4c-e9dfc8af133c/Gayathri_Girish/December_Season_2007/Chalame/Chalame.tonic,Chalame.tonic,.tonic,10
Carnatic,cda9cbe9-c1aa-42bb-8b4c-e9dfc8af133c/Gayathri_Girish/December_Season_2007/Chalame/Chalame.taniSegKNN,Chalame.taniSegKNN,.tanisegknn,0
Carnatic,cda9cbe9-c1aa-42bb-8b4c-e9dfc8af133c/Gayathri_Girish/December_Season_2007/Chalame/Chalame.tonicFine,Chalame.tonicFine,.tonicfine,25
Carnatic,cda9cbe9-c1aa-42bb-8b4c-e9dfc8af133c/Gayathri_Girish/December_Season_2007/Chalame/Chalame.flatSegNyas,Chalame.flatSegNyas,.flatsegnyas,6776
Carnatic,cda9cbe9-c1aa-42bb-8b4c-e9dfc8af133c/Gayathri_Girish/December_Season_2007/Chalame/Chalame.pitch,Chalame.pitch,.pitch,2182590
Carnatic,cda9cbe9-c1aa-42bb-8b4c-e9dfc8af133c/Gayathri_Girish/December_Season_2007/Chalame/Chalame.pitchSilIntrpPP,Chalame.pitchSilIntrpPP,.pitchsilintrppp,4697400
Carnatic,cda9cbe9-c1aa-42bb-8b4c-e9dfc8af133c/Sikkil_Gurucharan/December_Season_2006/Chalamela/Chalamela.tonic,Chalamela.tonic,.tonic,10
Carnatic,cda9cbe9-c1aa-42bb-8b4c-e9dfc8af133c/Sikkil_Gurucharan/December_Season_2006/Chalamela/Chalamela.tonicFine,Chalamela.tonicFine,.tonicfine,25
Carnatic,cda9cbe9-c1aa-42bb-8b4c-e9dfc8af133c/Sikkil_Gurucharan/December_Season_2006/Chalamela/Chalamela.taniSegKNN,Chalamela.taniSegKNN,.tanisegknn,0
Carnatic,cda9cbe9-c1aa-42bb-8b4c-e9dfc8af133c/Sikkil_Gurucharan/December_Season_2006/Chalamela/Chalamela.flatSegNyas,Chalamela.flatSegNyas,.flatsegnyas,5936
Carnatic,cda9cbe9-c1aa-42bb-8b4c-e9dfc8af133c/Sikkil_Gurucharan/December_Season_2006/Chalamela/Chalamela.pitch,Chalamela.pitch,.pitch,2308485
Carnatic,cda9cbe9-c1aa-42bb-8b4c-e9dfc8af133c/Sikkil_Gurucharan/December_Season_2006/Chalamela/Chalamela.pitchSilIntrpPP,Chalamela.pitchSilIntrpPP,.pitchsilintrppp,4968350
Carnatic,cda9cbe9-c1aa-42bb-8b4c-e9dfc8af133c/Nithyasree_Mahadevan/December_Season_2002/Svami_Nan_Unran/Svami_Nan_Unran.tonic,Svami_Nan_Unran.tonic,.tonic,10
Carnatic,cda9cbe9-c1aa-42bb-8b4c-e9dfc8af133c/Nithyasree_Mahadevan/December_Season_2002/Svami_Nan_Unran/Svami_Nan_Unran.tonicFine,Svami_Nan_Unran.tonicFine,.tonicfine,25
Carnatic,cda9cbe9-c1aa-42bb-8b4c-e9dfc8af133c/Nithyasree_Mahadevan/December_Season_2002/Svami_Nan_Unran/Svami_Nan_Unran.flatSegNyas,Svami_Nan_Unran.flatSegNyas,.flatsegnyas,4798
Carnatic,cda9cbe9-c1aa-42bb-8b4c-e9dfc8af133c/Nithyasree_Mahadevan/December_Season_2002/Svami_Nan_Unran/Svami_Nan_Unran.pitch,Svami_Nan_Unran.pitch,.pitch,2205088
Carnatic,cda9cbe9-c1aa-42bb-8b4c-e9dfc8af133c/Nithyasree_Mahadevan/December_Season_2002/Svami_Nan_Unran/Svami_Nan_Unran.taniSegKNN,Svami_Nan_Unran.taniSegKNN,.tanisegknn,0
Carnatic,cda9cbe9-c1aa-42bb-8b4c-e9dfc8af133c/Nithyasree_Mahadevan/December_Season_2002/Svami_Nan_Unran/Svami_Nan_Unran.pitchSilIntrpPP,Svami_Nan_Unran.pitchSilIntrpPP,.pitchsilintrppp,4751200
Carnatic,cda9cbe9-c1aa-42bb-8b4c-e9dfc8af133c/Prasanna_Venkataraman/December_Season_2009/Chalamela/Chalamela.tonic,Chalamela.tonic,.tonic,10
Carnatic,cda9cbe9-c1aa-42bb-8b4c-e9dfc8af133c/Prasanna_Venkataraman/December_Season_2009/Chalamela/Chalamela.tonicFine,Chalamela.tonicFine,.tonicfine,25
Carnatic,cda9cbe9-c1aa-42bb-8b4c-e9dfc8af133c/Prasanna_Venkataraman/December_Season_2009/Chalamela/Chalamela.taniSegKNN,Chalamela.taniSegKNN,.tanisegknn,0
Carnatic,cda9cbe9-c1aa-42bb-8b4c-e9dfc8af133c/Prasanna_Venkataraman/December_Season_2009/Chalamela/Chalamela.flatSegNyas,Chalamela.flatSegNyas,.flatsegnyas,5933
Carnatic,cda9cbe9-c1aa-42bb-8b4c-e9dfc8af133c/Prasanna_Venkataraman/December_Season_2009/Chalamela/Chalamela.pitch,Chalamela.pitch,.pitch,1796200
Carnatic,cda9cbe9-c1aa-42bb-8b4c-e9dfc8af133c/Prasanna_Venkataraman/December_Season_2009/Chalamela/Chalamela.pitchSilIntrpPP,Chalamela.pitchSilIntrpPP,.pitchsilintrppp,3876900
Carnatic,cda9cbe9-c1aa-42bb-8b4c-e9dfc8af133c/Dr_Pantula_Rama/December_Season_2011/Budhamashrayami/Budhamashrayami.taniSegKNN,Budhamashrayami.taniSegKNN,.tanisegknn,0
Carnatic,cda9cbe9-c1aa-42bb-8b4c-e9dfc8af133c/Dr_Pantula_Rama/December_Season_2011/Budhamashrayami/Budhamashrayami.tonicFine,Budhamashrayami.tonicFine,.tonicfine,25
Carnatic,cda9cbe9-c1aa-42bb-8b4c-e9dfc8af133c/Dr_Pantula_Rama/December_Season_2011/Budhamashrayami/Budhamashrayami.tonic,Budhamashrayami.tonic,.tonic,10
Carnatic,cda9cbe9-c1aa-42bb-8b4c-e9dfc8af133c/Dr_Pantula_Rama/December_Season_2011/Budhamashrayami/Budhamashrayami.flatSegNyas,Budhamashrayami.flatSegNyas,.flatsegnyas,10562
Carnatic,cda9cbe9-c1aa-42bb-8b4c-e9dfc8af133c/Dr_Pantula_Rama/December_Season_2011/Budhamashrayami/Budhamashrayami.pitch,Budhamashrayami.pitch,.pitch,3438876
Carnatic,cda9cbe9-c1aa-42bb-8b4c-e9dfc8af133c/Dr_Pantula_Rama/December_Season_2011/Budhamashrayami/Budhamashrayami.pitchSilIntrpPP,Budhamashrayami.pitchSilIntrpPP,.pitchsilintrppp,7362900
Carnatic,db085e26-665d-4f4c-a2a5-95251c22b69e/Kunnakkudi_M_Balamuralikrishna/December_Season_2008/Deva_Deva_Jagadeesha/Deva_Deva_Jagadeesha.tonic,Deva_Deva_Jagadeesha.tonic,.tonic,10
Carnatic,db085e26-665d-4f4c-a2a5-95251c22b69e/Kunnakkudi_M_Balamuralikrishna/December_Season_2008/Deva_Deva_Jagadeesha/Deva_Deva_Jagadeesha.flatSegNyas,Deva_Deva_Jagadeesha.flatSegNyas,.flatsegnyas,16311
Carnatic,db085e26-665d-4f4c-a2a5-95251c22b69e/Kunnakkudi_M_Balamuralikrishna/December_Season_2008/Deva_Deva_Jagadeesha/Deva_Deva_Jagadeesha.pitch,Deva_Deva_Jagadeesha.pitch,.pitch,9721961
Carnatic,db085e26-665d-4f4c-a2a5-95251c22b69e/Kunnakkudi_M_Balamuralikrishna/December_Season_2008/Deva_Deva_Jagadeesha/Deva_Deva_Jagadeesha.taniSegKNN,Deva_Deva_Jagadeesha.taniSegKNN,.tanisegknn,0
Carnatic,db085e26-665d-4f4c-a2a5-95251c22b69e/Kunnakkudi_M_Balamuralikrishna/December_Season_2008/Deva_Deva_Jagadeesha/Deva_Deva_Jagadeesha.tonicFine,Deva_Deva_Jagadeesha.tonicFine,.tonicfine,25
Carnatic,db085e26-665d-4f4c-a2a5-95251c22b69e/Kunnakkudi_M_Balamuralikrishna/December_Season_2008/Deva_Deva_Jagadeesha/Deva_Deva_Jagadeesha.pitchSilIntrpPP,Deva_Deva_Jagadeesha.pitchSilIntrpPP,.pitchsilintrppp,20380800
Carnatic,db085e26-665d-4f4c-a2a5-95251c22b69e/T__M__Krishna/December_Season_2006/Ninni_Vinaga/Ninni_Vinaga.flatSegNyas,Ninni_Vinaga.flatSegNyas,.flatsegnyas,25360
Carnatic,db085e26-665d-4f4c-a2a5-95251c22b69e/T__M__Krishna/December_Season_2006/Ninni_Vinaga/Ninni_Vinaga.tonicFine,Ninni_Vinaga.tonicFine,.tonicfine,25
Carnatic,db085e26-665d-4f4c-a2a5-95251c22b69e/T__M__Krishna/December_Season_2006/Ninni_Vinaga/Ninni_Vinaga.pitch,Ninni_Vinaga.pitch,.pitch,14968842
Carnatic,db085e26-665d-4f4c-a2a5-95251c22b69e/T__M__Krishna/December_Season_2006/Ninni_Vinaga/Ninni_Vinaga.tonic,Ninni_Vinaga.tonic,.tonic,10
Carnatic,db085e26-665d-4f4c-a2a5-95251c22b69e/T__M__Krishna/December_Season_2006/Ninni_Vinaga/Ninni_Vinaga.pitchSilIntrpPP,Ninni_Vinaga.pitchSilIntrpPP,.pitchsilintrppp,31054700
Carnatic,db085e26-665d-4f4c-a2a5-95251c22b69e/T__M__Krishna/December_Season_2006/Ninni_Vinaga/Ninni_Vinaga.taniSegKNN,Ninni_Vinaga.taniSegKNN,.tanisegknn,18
Carnatic,db085e26-665d-4f4c-a2a5-95251c22b69e/Bombay_Jayashri/Classical_Vocal/Deva_Deva/Deva_Deva.pitchSilIntrpPP,Deva_Deva.pitchSilIntrpPP,.pitchsilintrppp,9815100
Carnatic,db085e26-665d-4f4c-a2a5-95251c22b69e/Bombay_Jayashri/Classical_Vocal/Deva_Deva/Deva_Deva.flatSegNyas,Deva_Deva.flatSegNyas,.flatsegnyas,9577
Carnatic,db085e26-665d-4f4c-a2a5-95251c22b69e/Bombay_Jayashri/Classical_Vocal/Deva_Deva/Deva_Deva.tonic,Deva_Deva.tonic,.tonic,10
Carnatic,db085e26-665d-4f4c-a2a5-95251c22b69e/Bombay_Jayashri/Classical_Vocal/Deva_Deva/Deva_Deva.tonicFine,Deva_Deva.tonicFine,.tonicfine,25
Carnatic,db085e26-665d-4f4c-a2a5-95251c22b69e/Bombay_Jayashri/Classical_Vocal/Deva_Deva/Deva_Deva.pitch,Deva_Deva.pitch,.pitch,4613018
Carnatic,db085e26-665d-4f4c-a2a5-95251c22b69e/Bombay_Jayashri/Classical_Vocal/Deva_Deva/Deva_Deva.taniSegKNN,Deva_Deva.taniSegKNN,.tanisegknn,0
Carnatic,db085e26-665d-4f4c-a2a5-95251c22b69e/Gayathri_Venkataraghavan/December_Season_2008/Ekambranatham_Bhajeham/Ekambranatham_Bhajeham.tonic,Ekambranatham_Bhajeham.tonic,.tonic,9
Carnatic,db085e26-665d-4f4c-a2a5-95251c22b69e/Gayathri_Venkataraghavan/December_Season_2008/Ekambranatham_Bhajeham/Ekambranatham_Bhajeham.pitch,Ekambranatham_Bhajeham.pitch,.pitch,8993885
Carnatic,db085e26-665d-4f4c-a2a5-95251c22b69e/Gayathri_Venkataraghavan/December_Season_2008/Ekambranatham_Bhajeham/Ekambranatham_Bhajeham.pitchSilIntrpPP,Ekambranatham_Bhajeham.pitchSilIntrpPP,.pitchsilintrppp,18811450
Carnatic,db085e26-665d-4f4c-a2a5-95251c22b69e/Gayathri_Venkataraghavan/December_Season_2008/Ekambranatham_Bhajeham/Ekambranatham_Bhajeham.taniSegKNN,Ekambranatham_Bhajeham.taniSegKNN,.tanisegknn,16
Carnatic,db085e26-665d-4f4c-a2a5-95251c22b69e/Gayathri_Venkataraghavan/December_Season_2008/Ekambranatham_Bhajeham/Ekambranatham_Bhajeham.tonicFine,Ekambranatham_Bhajeham.tonicFine,.tonicfine,25
Carnatic,db085e26-665d-4f4c-a2a5-95251c22b69e/Gayathri_Venkataraghavan/December_Season_2008/Ekambranatham_Bhajeham/Ekambranatham_Bhajeham.flatSegNyas,Ekambranatham_Bhajeham.flatSegNyas,.flatsegnyas,19518
Carnatic,db085e26-665d-4f4c-a2a5-95251c22b69e/Amritha_Murali/December_Season_2009/Minakshi/Minakshi.pitchSilIntrpPP,Minakshi.pitchSilIntrpPP,.pitchsilintrppp,34307050
Carnatic,db085e26-665d-4f4c-a2a5-95251c22b69e/Amritha_Murali/December_Season_2009/Minakshi/Minakshi.pitch,Minakshi.pitch,.pitch,16596674
Carnatic,db085e26-665d-4f4c-a2a5-95251c22b69e/Amritha_Murali/December_Season_2009/Minakshi/Minakshi.tonicFine,Minakshi.tonicFine,.tonicfine,25
Carnatic,db085e26-665d-4f4c-a2a5-95251c22b69e/Amritha_Murali/December_Season_2009/Minakshi/Minakshi.tonic,Minakshi.tonic,.tonic,10
Carnatic,db085e26-665d-4f4c-a2a5-95251c22b69e/Amritha_Murali/December_Season_2009/Minakshi/Minakshi.taniSegKNN,Minakshi.taniSegKNN,.tanisegknn,54
Carnatic,db085e26-665d-4f4c-a2a5-95251c22b69e/Amritha_Murali/December_Season_2009/Minakshi/Minakshi.flatSegNyas,Minakshi.flatSegNyas,.flatsegnyas,37534
Carnatic,db085e26-665d-4f4c-a2a5-95251c22b69e/Sikkil_Gurucharan/December_Season_2009/Ekkalathilum/Ekkalathilum.tonic,Ekkalathilum.tonic,.tonic,10
Carnatic,db085e26-665d-4f4c-a2a5-95251c22b69e/Sikkil_Gurucharan/December_Season_2009/Ekkalathilum/Ekkalathilum.flatSegNyas,Ekkalathilum.flatSegNyas,.flatsegnyas,42926
Carnatic,db085e26-665d-4f4c-a2a5-95251c22b69e/Sikkil_Gurucharan/December_Season_2009/Ekkalathilum/Ekkalathilum.pitchSilIntrpPP,Ekkalathilum.pitchSilIntrpPP,.pitchsilintrppp,38759900
Carnatic,db085e26-665d-4f4c-a2a5-95251c22b69e/Sikkil_Gurucharan/December_Season_2009/Ekkalathilum/Ekkalathilum.taniSegKNN,Ekkalathilum.taniSegKNN,.tanisegknn,36
Carnatic,db085e26-665d-4f4c-a2a5-95251c22b69e/Sikkil_Gurucharan/December_Season_2009/Ekkalathilum/Ekkalathilum.tonicFine,Ekkalathilum.tonicFine,.tonicfine,25
Carnatic,db085e26-665d-4f4c-a2a5-95251c22b69e/Sikkil_Gurucharan/December_Season_2009/Ekkalathilum/Ekkalathilum.pitch,Ekkalathilum.pitch,.pitch,18804990
Carnatic,db085e26-665d-4f4c-a2a5-95251c22b69e/Sikkil_Gurucharan/December_Season_2007/Ninnu_Vinaga_Mari/Ninnu_Vinaga_Mari.taniSegKNN,Ninnu_Vinaga_Mari.taniSegKNN,.tanisegknn,0
Carnatic,db085e26-665d-4f4c-a2a5-95251c22b69e/Sikkil_Gurucharan/December_Season_2007/Ninnu_Vinaga_Mari/Ninnu_Vinaga_Mari.tonicFine,Ninnu_Vinaga_Mari.tonicFine,.tonicfine,25
Carnatic,db085e26-665d-4f4c-a2a5-95251c22b69e/Sikkil_Gurucharan/December_Season_2007/Ninnu_Vinaga_Mari/Ninnu_Vinaga_Mari.pitchSilIntrpPP,Ninnu_Vinaga_Mari.pitchSilIntrpPP,.pitchsilintrppp,14548800
Carnatic,db085e26-665d-4f4c-a2a5-95251c22b69e/Sikkil_Gurucharan/December_Season_2007/Ninnu_Vinaga_Mari/Ninnu_Vinaga_Mari.flatSegNyas,Ninnu_Vinaga_Mari.flatSegNyas,.flatsegnyas,14036
Carnatic,db085e26-665d-4f4c-a2a5-95251c22b69e/Sikkil_Gurucharan/December_Season_2007/Ninnu_Vinaga_Mari/Ninnu_Vinaga_Mari.tonic,Ninnu_Vinaga_Mari.tonic,.tonic,10
Carnatic,db085e26-665d-4f4c-a2a5-95251c22b69e/Sikkil_Gurucharan/December_Season_2007/Ninnu_Vinaga_Mari/Ninnu_Vinaga_Mari.pitch,Ninnu_Vinaga_Mari.pitch,.pitch,6874190
Carnatic,db085e26-665d-4f4c-a2a5-95251c22b69e/Aruna_Sairam/December_Season_2006/Satileni_Guruguha/Satileni_Guruguha.flatSegNyas,Satileni_Guruguha.flatSegNyas,.flatsegnyas,7291
Carnatic,db085e26-665d-4f4c-a2a5-95251c22b69e/Aruna_Sairam/December_Season_2006/Satileni_Guruguha/Satileni_Guruguha.pitch,Satileni_Guruguha.pitch,.pitch,3555394
Carnatic,db085e26-665d-4f4c-a2a5-95251c22b69e/Aruna_Sairam/December_Season_2006/Satileni_Guruguha/Satileni_Guruguha.pitchSilIntrpPP,Satileni_Guruguha.pitchSilIntrpPP,.pitchsilintrppp,7617650
Carnatic,db085e26-665d-4f4c-a2a5-95251c22b69e/Aruna_Sairam/December_Season_2006/Satileni_Guruguha/Satileni_Guruguha.taniSegKNN,Satileni_Guruguha.taniSegKNN,.tanisegknn,32
Carnatic,db085e26-665d-4f4c-a2a5-95251c22b69e/Aruna_Sairam/December_Season_2006/Satileni_Guruguha/Satileni_Guruguha.tonicFine,Satileni_Guruguha.tonicFine,.tonicfine,25
Carnatic,db085e26-665d-4f4c-a2a5-95251c22b69e/Aruna_Sairam/December_Season_2006/Satileni_Guruguha/Satileni_Guruguha.tonic,Satileni_Guruguha.tonic,.tonic,10
Carnatic,db085e26-665d-4f4c-a2a5-95251c22b69e/Aruna_Sairam/December_Season_2001/Ekkalathilum/Ekkalathilum.tonic,Ekkalathilum.tonic,.tonic,10
Carnatic,db085e26-665d-4f4c-a2a5-95251c22b69e/Aruna_Sairam/December_Season_2001/Ekkalathilum/Ekkalathilum.flatSegNyas,Ekkalathilum.flatSegNyas,.flatsegnyas,5166
Carnatic,db085e26-665d-4f4c-a2a5-95251c22b69e/Aruna_Sairam/December_Season_2001/Ekkalathilum/Ekkalathilum.pitchSilIntrpPP,Ekkalathilum.pitchSilIntrpPP,.pitchsilintrppp,6164750
Carnatic,db085e26-665d-4f4c-a2a5-95251c22b69e/Aruna_Sairam/December_Season_2001/Ekkalathilum/Ekkalathilum.taniSegKNN,Ekkalathilum.taniSegKNN,.tanisegknn,0
Carnatic,db085e26-665d-4f4c-a2a5-95251c22b69e/Aruna_Sairam/December_Season_2001/Ekkalathilum/Ekkalathilum.tonicFine,Ekkalathilum.tonicFine,.tonicfine,25
Carnatic,db085e26-665d-4f4c-a2a5-95251c22b69e/Aruna_Sairam/December_Season_2001/Ekkalathilum/Ekkalathilum.pitch,Ekkalathilum.pitch,.pitch,2884128
Carnatic,db085e26-665d-4f4c-a2a5-95251c22b69e/Nithyasree_Mahadevan/Memorable_Concerts_From_Rfas_September_Season_2009/Meenakshi_Memudam/Meenakshi_Memudam.tonic,Meenakshi_Memudam.tonic,.tonic,10
Carnatic,db085e26-665d-4f4c-a2a5-95251c22b69e/Nithyasree_Mahadevan/Memorable_Concerts_From_Rfas_September_Season_2009/Meenakshi_Memudam/Meenakshi_Memudam.pitchSilIntrpPP,Meenakshi_Memudam.pitchSilIntrpPP,.pitchsilintrppp,36771800
Carnatic,db085e26-665d-4f4c-a2a5-95251c22b69e/Nithyasree_Mahadevan/Memorable_Concerts_From_Rfas_September_Season_2009/Meenakshi_Memudam/Meenakshi_Memudam.pitch,Meenakshi_Memudam.pitch,.pitch,17711637
Carnatic,db085e26-665d-4f4c-a2a5-95251c22b69e/Nithyasree_Mahadevan/Memorable_Concerts_From_Rfas_September_Season_2009/Meenakshi_Memudam/Meenakshi_Memudam.flatSegNyas,Meenakshi_Memudam.flatSegNyas,.flatsegnyas,35735
Carnatic,db085e26-665d-4f4c-a2a5-95251c22b69e/Nithyasree_Mahadevan/Memorable_Concerts_From_Rfas_September_Season_2009/Meenakshi_Memudam/Meenakshi_Memudam.taniSegKNN,Meenakshi_Memudam.taniSegKNN,.tanisegknn,18
Carnatic,db085e26-665d-4f4c-a2a5-95251c22b69e/Nithyasree_Mahadevan/Memorable_Concerts_From_Rfas_September_Season_2009/Meenakshi_Memudam/Meenakshi_Memudam.tonicFine,Meenakshi_Memudam.tonicFine,.tonicfine,25
Carnatic,db085e26-665d-4f4c-a2a5-95251c22b69e/Nithyasree_Mahadevan/December_Season_2000/Parama_Pavana_Rama/Parama_Pavana_Rama.pitchSilIntrpPP,Parama_Pavana_Rama.pitchSilIntrpPP,.pitchsilintrppp,14801200
Carnatic,db085e26-665d-4f4c-a2a5-95251c22b69e/Nithyasree_Mahadevan/December_Season_2000/Parama_Pavana_Rama/Parama_Pavana_Rama.flatSegNyas,Parama_Pavana_Rama.flatSegNyas,.flatsegnyas,15602
Carnatic,db085e26-665d-4f4c-a2a5-95251c22b69e/Nithyasree_Mahadevan/December_Season_2000/Parama_Pavana_Rama/Parama_Pavana_Rama.pitch,Parama_Pavana_Rama.pitch,.pitch,6995159
Carnatic,db085e26-665d-4f4c-a2a5-95251c22b69e/Nithyasree_Mahadevan/December_Season_2000/Parama_Pavana_Rama/Parama_Pavana_Rama.tonicFine,Parama_Pavana_Rama.tonicFine,.tonicfine,25
Carnatic,db085e26-665d-4f4c-a2a5-95251c22b69e/Nithyasree_Mahadevan/December_Season_2000/Parama_Pavana_Rama/Parama_Pavana_Rama.taniSegKNN,Parama_Pavana_Rama.taniSegKNN,.tanisegknn,16
Carnatic,db085e26-665d-4f4c-a2a5-95251c22b69e/Nithyasree_Mahadevan/December_Season_2000/Parama_Pavana_Rama/Parama_Pavana_Rama.tonic,Parama_Pavana_Rama.tonic,.tonic,10
Carnatic,db085e26-665d-4f4c-a2a5-95251c22b69e/Dr_Pantula_Rama/December_Season_2011/Ananda_Natamaduvar_Tillai/Ananda_Natamaduvar_Tillai.pitch,Ananda_Natamaduvar_Tillai.pitch,.pitch,2102638
Carnatic,db085e26-665d-4f4c-a2a5-95251c22b69e/Dr_Pantula_Rama/December_Season_2011/Ananda_Natamaduvar_Tillai/Ananda_Natamaduvar_Tillai.tonic,Ananda_Natamaduvar_Tillai.tonic,.tonic,10
Carnatic,db085e26-665d-4f4c-a2a5-95251c22b69e/Dr_Pantula_Rama/December_Season_2011/Ananda_Natamaduvar_Tillai/Ananda_Natamaduvar_Tillai.flatSegNyas,Ananda_Natamaduvar_Tillai.flatSegNyas,.flatsegnyas,4386
Carnatic,db085e26-665d-4f4c-a2a5-95251c22b69e/Dr_Pantula_Rama/December_Season_2011/Ananda_Natamaduvar_Tillai/Ananda_Natamaduvar_Tillai.tonicFine,Ananda_Natamaduvar_Tillai.tonicFine,.tonicfine,25
Carnatic,db085e26-665d-4f4c-a2a5-95251c22b69e/Dr_Pantula_Rama/December_Season_2011/Ananda_Natamaduvar_Tillai/Ananda_Natamaduvar_Tillai.pitchSilIntrpPP,Ananda_Natamaduvar_Tillai.pitchSilIntrpPP,.pitchsilintrppp,4529000
Carnatic,db085e26-665d-4f4c-a2a5-95251c22b69e/Dr_Pantula_Rama/December_Season_2011/Ananda_Natamaduvar_Tillai/Ananda_Natamaduvar_Tillai.taniSegKNN,Ananda_Natamaduvar_Tillai.taniSegKNN,.tanisegknn,0
Carnatic,df85a0a5-b1a8-42f1-a87b-3d7c7ee33fb4/G__N__Balasubramaniam/Sangeethamrutham/Innamum_Oru_daram/Innamum_Oru_daram.taniSegKNN,Innamum_Oru_daram.taniSegKNN,.tanisegknn,0
Carnatic,df85a0a5-b1a8-42f1-a87b-3d7c7ee33fb4/G__N__Balasubramaniam/Sangeethamrutham/Innamum_Oru_daram/Innamum_Oru_daram.flatSegNyas,Innamum_Oru_daram.flatSegNyas,.flatsegnyas,2193
Carnatic,df85a0a5-b1a8-42f1-a87b-3d7c7ee33fb4/G__N__Balasubramaniam/Sangeethamrutham/Innamum_Oru_daram/Innamum_Oru_daram.pitch,Innamum_Oru_daram.pitch,.pitch,1024794
Carnatic,df85a0a5-b1a8-42f1-a87b-3d7c7ee33fb4/G__N__Balasubramaniam/Sangeethamrutham/Innamum_Oru_daram/Innamum_Oru_daram.pitchSilIntrpPP,Innamum_Oru_daram.pitchSilIntrpPP,.pitchsilintrppp,2236800
Carnatic,df85a0a5-b1a8-42f1-a87b-3d7c7ee33fb4/G__N__Balasubramaniam/Sangeethamrutham/Innamum_Oru_daram/Innamum_Oru_daram.tonic,Innamum_Oru_daram.tonic,.tonic,10
Carnatic,df85a0a5-b1a8-42f1-a87b-3d7c7ee33fb4/G__N__Balasubramaniam/Sangeethamrutham/Innamum_Oru_daram/Innamum_Oru_daram.tonicFine,Innamum_Oru_daram.tonicFine,.tonicfine,25
Carnatic,df85a0a5-b1a8-42f1-a87b-3d7c7ee33fb4/T__M__Krishna/December_Season_1999/Saraguna_Paalimpa/Saraguna_Paalimpa.pitch,Saraguna_Paalimpa.pitch,.pitch,12787264
Carnatic,df85a0a5-b1a8-42f1-a87b-3d7c7ee33fb4/T__M__Krishna/December_Season_1999/Saraguna_Paalimpa/Saraguna_Paalimpa.tonic,Saraguna_Paalimpa.tonic,.tonic,10
Carnatic,df85a0a5-b1a8-42f1-a87b-3d7c7ee33fb4/T__M__Krishna/December_Season_1999/Saraguna_Paalimpa/Saraguna_Paalimpa.tonicFine,Saraguna_Paalimpa.tonicFine,.tonicfine,25
Carnatic,df85a0a5-b1a8-42f1-a87b-3d7c7ee33fb4/T__M__Krishna/December_Season_1999/Saraguna_Paalimpa/Saraguna_Paalimpa.taniSegKNN,Saraguna_Paalimpa.taniSegKNN,.tanisegknn,18
Carnatic,df85a0a5-b1a8-42f1-a87b-3d7c7ee33fb4/T__M__Krishna/December_Season_1999/Saraguna_Paalimpa/Saraguna_Paalimpa.pitchSilIntrpPP,Saraguna_Paalimpa.pitchSilIntrpPP,.pitchsilintrppp,26523700
Carnatic,df85a0a5-b1a8-42f1-a87b-3d7c7ee33fb4/T__M__Krishna/December_Season_1999/Saraguna_Paalimpa/Saraguna_Paalimpa.flatSegNyas,Saraguna_Paalimpa.flatSegNyas,.flatsegnyas,40426
Carnatic,df85a0a5-b1a8-42f1-a87b-3d7c7ee33fb4/T__M__Krishna/December_Season_1999/Kedaragaula_-_Ragam_-_Vocal_-_Violin/Kedaragaula_-_Ragam_-_Vocal_-_Violin.tonicFine,Kedaragaula_-_Ragam_-_Vocal_-_Violin.tonicFine,.tonicfine,25
Carnatic,df85a0a5-b1a8-42f1-a87b-3d7c7ee33fb4/T__M__Krishna/December_Season_1999/Kedaragaula_-_Ragam_-_Vocal_-_Violin/Kedaragaula_-_Ragam_-_Vocal_-_Violin.flatSegNyas,Kedaragaula_-_Ragam_-_Vocal_-_Violin.flatSegNyas,.flatsegnyas,14323
Carnatic,df85a0a5-b1a8-42f1-a87b-3d7c7ee33fb4/T__M__Krishna/December_Season_1999/Kedaragaula_-_Ragam_-_Vocal_-_Violin/Kedaragaula_-_Ragam_-_Vocal_-_Violin.pitch,Kedaragaula_-_Ragam_-_Vocal_-_Violin.pitch,.pitch,5811673
Carnatic,df85a0a5-b1a8-42f1-a87b-3d7c7ee33fb4/T__M__Krishna/December_Season_1999/Kedaragaula_-_Ragam_-_Vocal_-_Violin/Kedaragaula_-_Ragam_-_Vocal_-_Violin.tonic,Kedaragaula_-_Ragam_-_Vocal_-_Violin.tonic,.tonic,10
Carnatic,df85a0a5-b1a8-42f1-a87b-3d7c7ee33fb4/T__M__Krishna/December_Season_1999/Kedaragaula_-_Ragam_-_Vocal_-_Violin/Kedaragaula_-_Ragam_-_Vocal_-_Violin.pitchSilIntrpPP,Kedaragaula_-_Ragam_-_Vocal_-_Violin.pitchSilIntrpPP,.pitchsilintrppp,12394350
Carnatic,df85a0a5-b1a8-42f1-a87b-3d7c7ee33fb4/T__M__Krishna/December_Season_1999/Kedaragaula_-_Ragam_-_Vocal_-_Violin/Kedaragaula_-_Ragam_-_Vocal_-_Violin.taniSegKNN,Kedaragaula_-_Ragam_-_Vocal_-_Violin.taniSegKNN,.tanisegknn,0
Carnatic,df85a0a5-b1a8-42f1-a87b-3d7c7ee33fb4/Unnikrishnan/December_Season_2005/Sami_Daya_Juda/Sami_Daya_Juda.taniSegKNN,Sami_Daya_Juda.taniSegKNN,.tanisegknn,0
Carnatic,df85a0a5-b1a8-42f1-a87b-3d7c7ee33fb4/Unnikrishnan/December_Season_2005/Sami_Daya_Juda/Sami_Daya_Juda.flatSegNyas,Sami_Daya_Juda.flatSegNyas,.flatsegnyas,3756
Carnatic,df85a0a5-b1a8-42f1-a87b-3d7c7ee33fb4/Unnikrishnan/December_Season_2005/Sami_Daya_Juda/Sami_Daya_Juda.pitch,Sami_Daya_Juda.pitch,.pitch,1519492
Carnatic,df85a0a5-b1a8-42f1-a87b-3d7c7ee33fb4/Unnikrishnan/December_Season_2005/Sami_Daya_Juda/Sami_Daya_Juda.pitchSilIntrpPP,Sami_Daya_Juda.pitchSilIntrpPP,.pitchsilintrppp,3307350
Carnatic,df85a0a5-b1a8-42f1-a87b-3d7c7ee33fb4/Unnikrishnan/December_Season_2005/Sami_Daya_Juda/Sami_Daya_Juda.tonicFine,Sami_Daya_Juda.tonicFine,.tonicfine,25
Carnatic,df85a0a5-b1a8-42f1-a87b-3d7c7ee33fb4/Unnikrishnan/December_Season_2005/Sami_Daya_Juda/Sami_Daya_Juda.tonic,Sami_Daya_Juda.tonic,.tonic,10
Carnatic,df85a0a5-b1a8-42f1-a87b-3d7c7ee33fb4/Cherthala_Ranganatha_Sharma/Cherthala_Ranganatha_Sharma_at_Arkay/Tulasi_Bilva/Tulasi_Bilva.tonic,Tulasi_Bilva.tonic,.tonic,10
Carnatic,df85a0a5-b1a8-42f1-a87b-3d7c7ee33fb4/Cherthala_Ranganatha_Sharma/Cherthala_Ranganatha_Sharma_at_Arkay/Tulasi_Bilva/Tulasi_Bilva.flatSegNyas,Tulasi_Bilva.flatSegNyas,.flatsegnyas,9256
Carnatic,df85a0a5-b1a8-42f1-a87b-3d7c7ee33fb4/Cherthala_Ranganatha_Sharma/Cherthala_Ranganatha_Sharma_at_Arkay/Tulasi_Bilva/Tulasi_Bilva.tonicFine,Tulasi_Bilva.tonicFine,.tonicfine,25
Carnatic,df85a0a5-b1a8-42f1-a87b-3d7c7ee33fb4/Cherthala_Ranganatha_Sharma/Cherthala_Ranganatha_Sharma_at_Arkay/Tulasi_Bilva/Tulasi_Bilva.pitchSilIntrpPP,Tulasi_Bilva.pitchSilIntrpPP,.pitchsilintrppp,6647600
Carnatic,df85a0a5-b1a8-42f1-a87b-3d7c7ee33fb4/Cherthala_Ranganatha_Sharma/Cherthala_Ranganatha_Sharma_at_Arkay/Tulasi_Bilva/Tulasi_Bilva.taniSegKNN,Tulasi_Bilva.taniSegKNN,.tanisegknn,0
Carnatic,df85a0a5-b1a8-42f1-a87b-3d7c7ee33fb4/Cherthala_Ranganatha_Sharma/Cherthala_Ranganatha_Sharma_at_Arkay/Tulasi_Bilva/Tulasi_Bilva.pitch,Tulasi_Bilva.pitch,.pitch,3077486
Carnatic,df85a0a5-b1a8-42f1-a87b-3d7c7ee33fb4/Rithvik_Raja/Rithvik_Raja_at_Arkay/Saraguna_Palimpa/Saraguna_Palimpa.tonic,Saraguna_Palimpa.tonic,.tonic,10
Carnatic,df85a0a5-b1a8-42f1-a87b-3d7c7ee33fb4/Rithvik_Raja/Rithvik_Raja_at_Arkay/Saraguna_Palimpa/Saraguna_Palimpa.pitchSilIntrpPP,Saraguna_Palimpa.pitchSilIntrpPP,.pitchsilintrppp,26799650
Carnatic,df85a0a5-b1a8-42f1-a87b-3d7c7ee33fb4/Rithvik_Raja/Rithvik_Raja_at_Arkay/Saraguna_Palimpa/Saraguna_Palimpa.tonicFine,Saraguna_Palimpa.tonicFine,.tonicfine,25
Carnatic,df85a0a5-b1a8-42f1-a87b-3d7c7ee33fb4/Rithvik_Raja/Rithvik_Raja_at_Arkay/Saraguna_Palimpa/Saraguna_Palimpa.taniSegKNN,Saraguna_Palimpa.taniSegKNN,.tanisegknn,187
Carnatic,df85a0a5-b1a8-42f1-a87b-3d7c7ee33fb4/Rithvik_Raja/Rithvik_Raja_at_Arkay/Saraguna_Palimpa/Saraguna_Palimpa.pitch,Saraguna_Palimpa.pitch,.pitch,12869293
Carnatic,df85a0a5-b1a8-42f1-a87b-3d7c7ee33fb4/Rithvik_Raja/Rithvik_Raja_at_Arkay/Saraguna_Palimpa/Saraguna_Palimpa.flatSegNyas,Saraguna_Palimpa.flatSegNyas,.flatsegnyas,32174
Carnatic,df85a0a5-b1a8-42f1-a87b-3d7c7ee33fb4/K__V__Narayanaswami/K__V__Narayanaswami_concert_at_Ohio_1998/Andarama_Soundarya/Andarama_Soundarya.taniSegKNN,Andarama_Soundarya.taniSegKNN,.tanisegknn,0
Carnatic,df85a0a5-b1a8-42f1-a87b-3d7c7ee33fb4/K__V__Narayanaswami/K__V__Narayanaswami_concert_at_Ohio_1998/Andarama_Soundarya/Andarama_Soundarya.flatSegNyas,Andarama_Soundarya.flatSegNyas,.flatsegnyas,5509
Carnatic,df85a0a5-b1a8-42f1-a87b-3d7c7ee33fb4/K__V__Narayanaswami/K__V__Narayanaswami_concert_at_Ohio_1998/Andarama_Soundarya/Andarama_Soundarya.tonic,Andarama_Soundarya.tonic,.tonic,10
Carnatic,df85a0a5-b1a8-42f1-a87b-3d7c7ee33fb4/K__V__Narayanaswami/K__V__Narayanaswami_concert_at_Ohio_1998/Andarama_Soundarya/Andarama_Soundarya.pitchSilIntrpPP,Andarama_Soundarya.pitchSilIntrpPP,.pitchsilintrppp,4497650
Carnatic,df85a0a5-b1a8-42f1-a87b-3d7c7ee33fb4/K__V__Narayanaswami/K__V__Narayanaswami_concert_at_Ohio_1998/Andarama_Soundarya/Andarama_Soundarya.pitch,Andarama_Soundarya.pitch,.pitch,2085421
Carnatic,df85a0a5-b1a8-42f1-a87b-3d7c7ee33fb4/K__V__Narayanaswami/K__V__Narayanaswami_concert_at_Ohio_1998/Andarama_Soundarya/Andarama_Soundarya.tonicFine,Andarama_Soundarya.tonicFine,.tonicfine,25
Carnatic,df85a0a5-b1a8-42f1-a87b-3d7c7ee33fb4/Gayathri_Venkataraghavan/December_Season_2006/Parakela_Nannu/Parakela_Nannu.flatSegNyas,Parakela_Nannu.flatSegNyas,.flatsegnyas,20198
Carnatic,df85a0a5-b1a8-42f1-a87b-3d7c7ee33fb4/Gayathri_Venkataraghavan/December_Season_2006/Parakela_Nannu/Parakela_Nannu.taniSegKNN,Parakela_Nannu.taniSegKNN,.tanisegknn,32
Carnatic,df85a0a5-b1a8-42f1-a87b-3d7c7ee33fb4/Gayathri_Venkataraghavan/December_Season_2006/Parakela_Nannu/Parakela_Nannu.pitchSilIntrpPP,Parakela_Nannu.pitchSilIntrpPP,.pitchsilintrppp,15990850
Carnatic,df85a0a5-b1a8-42f1-a87b-3d7c7ee33fb4/Gayathri_Venkataraghavan/December_Season_2006/Parakela_Nannu/Parakela_Nannu.pitch,Parakela_Nannu.pitch,.pitch,7589857
Carnatic,df85a0a5-b1a8-42f1-a87b-3d7c7ee33fb4/Gayathri_Venkataraghavan/December_Season_2006/Parakela_Nannu/Parakela_Nannu.tonicFine,Parakela_Nannu.tonicFine,.tonicfine,25
Carnatic,df85a0a5-b1a8-42f1-a87b-3d7c7ee33fb4/Gayathri_Venkataraghavan/December_Season_2006/Parakela_Nannu/Parakela_Nannu.tonic,Parakela_Nannu.tonic,.tonic,10
Carnatic,df85a0a5-b1a8-42f1-a87b-3d7c7ee33fb4/Sanjay_Subrahmanyan/December_Season_2010/Venugana_Loluni/Venugana_Loluni.pitch,Venugana_Loluni.pitch,.pitch,9343810
Carnatic,df85a0a5-b1a8-42f1-a87b-3d7c7ee33fb4/Sanjay_Subrahmanyan/December_Season_2010/Venugana_Loluni/Venugana_Loluni.tonicFine,Venugana_Loluni.tonicFine,.tonicfine,25
Carnatic,df85a0a5-b1a8-42f1-a87b-3d7c7ee33fb4/Sanjay_Subrahmanyan/December_Season_2010/Venugana_Loluni/Venugana_Loluni.tonic,Venugana_Loluni.tonic,.tonic,10
Carnatic,df85a0a5-b1a8-42f1-a87b-3d7c7ee33fb4/Sanjay_Subrahmanyan/December_Season_2010/Venugana_Loluni/Venugana_Loluni.pitchSilIntrpPP,Venugana_Loluni.pitchSilIntrpPP,.pitchsilintrppp,19544100
Carnatic,df85a0a5-b1a8-42f1-a87b-3d7c7ee33fb4/Sanjay_Subrahmanyan/December_Season_2010/Venugana_Loluni/Venugana_Loluni.taniSegKNN,Venugana_Loluni.taniSegKNN,.tanisegknn,54
Carnatic,df85a0a5-b1a8-42f1-a87b-3d7c7ee33fb4/Sanjay_Subrahmanyan/December_Season_2010/Venugana_Loluni/Venugana_Loluni.flatSegNyas,Venugana_Loluni.flatSegNyas,.flatsegnyas,23743
Carnatic,df85a0a5-b1a8-42f1-a87b-3d7c7ee33fb4/Nithyasree_Mahadevan/December_Season_2000/Sami_Daya_Juda_-_Varnam/Sami_Daya_Juda_-_Varnam.pitchSilIntrpPP,Sami_Daya_Juda_-_Varnam.pitchSilIntrpPP,.pitchsilintrppp,3285900
Carnatic,df85a0a5-b1a8-42f1-a87b-3d7c7ee33fb4/Nithyasree_Mahadevan/December_Season_2000/Sami_Daya_Juda_-_Varnam/Sami_Daya_Juda_-_Varnam.tonicFine,Sami_Daya_Juda_-_Varnam.tonicFine,.tonicfine,25
Carnatic,df85a0a5-b1a8-42f1-a87b-3d7c7ee33fb4/Nithyasree_Mahadevan/December_Season_2000/Sami_Daya_Juda_-_Varnam/Sami_Daya_Juda_-_Varnam.taniSegKNN,Sami_Daya_Juda_-_Varnam.taniSegKNN,.tanisegknn,16
Carnatic,df85a0a5-b1a8-42f1-a87b-3d7c7ee33fb4/Nithyasree_Mahadevan/December_Season_2000/Sami_Daya_Juda_-_Varnam/Sami_Daya_Juda_-_Varnam.pitch,Sami_Daya_Juda_-_Varnam.pitch,.pitch,1510358
Carnatic,df85a0a5-b1a8-42f1-a87b-3d7c7ee33fb4/Nithyasree_Mahadevan/December_Season_2000/Sami_Daya_Juda_-_Varnam/Sami_Daya_Juda_-_Varnam.tonic,Sami_Daya_Juda_-_Varnam.tonic,.tonic,10
Carnatic,df85a0a5-b1a8-42f1-a87b-3d7c7ee33fb4/Nithyasree_Mahadevan/December_Season_2000/Sami_Daya_Juda_-_Varnam/Sami_Daya_Juda_-_Varnam.flatSegNyas,Sami_Daya_Juda_-_Varnam.flatSegNyas,.flatsegnyas,4273
Carnatic,df85a0a5-b1a8-42f1-a87b-3d7c7ee33fb4/Prasanna_Venkataraman/December_Season_2008/Saragunapalimpa/Saragunapalimpa.tonic,Saragunapalimpa.tonic,.tonic,10
Carnatic,df85a0a5-b1a8-42f1-a87b-3d7c7ee33fb4/Prasanna_Venkataraman/December_Season_2008/Saragunapalimpa/Saragunapalimpa.tonicFine,Saragunapalimpa.tonicFine,.tonicfine,25
Carnatic,df85a0a5-b1a8-42f1-a87b-3d7c7ee33fb4/Prasanna_Venkataraman/December_Season_2008/Saragunapalimpa/Saragunapalimpa.pitchSilIntrpPP,Saragunapalimpa.pitchSilIntrpPP,.pitchsilintrppp,31144900
Carnatic,df85a0a5-b1a8-42f1-a87b-3d7c7ee33fb4/Prasanna_Venkataraman/December_Season_2008/Saragunapalimpa/Saragunapalimpa.taniSegKNN,Saragunapalimpa.taniSegKNN,.tanisegknn,18
Carnatic,df85a0a5-b1a8-42f1-a87b-3d7c7ee33fb4/Prasanna_Venkataraman/December_Season_2008/Saragunapalimpa/Saragunapalimpa.flatSegNyas,Saragunapalimpa.flatSegNyas,.flatsegnyas,38882
Carnatic,df85a0a5-b1a8-42f1-a87b-3d7c7ee33fb4/Prasanna_Venkataraman/December_Season_2008/Saragunapalimpa/Saragunapalimpa.pitch,Saragunapalimpa.pitch,.pitch,14994628
Carnatic,df85a0a5-b1a8-42f1-a87b-3d7c7ee33fb4/Tanjore_S__Kalyanaraman/Live_Concert_1974/Venuganaloluni/Venuganaloluni.flatSegNyas,Venuganaloluni.flatSegNyas,.flatsegnyas,18560
Carnatic,df85a0a5-b1a8-42f1-a87b-3d7c7ee33fb4/Tanjore_S__Kalyanaraman/Live_Concert_1974/Venuganaloluni/Venuganaloluni.tonic,Venuganaloluni.tonic,.tonic,10
Carnatic,df85a0a5-b1a8-42f1-a87b-3d7c7ee33fb4/Tanjore_S__Kalyanaraman/Live_Concert_1974/Venuganaloluni/Venuganaloluni.pitch,Venuganaloluni.pitch,.pitch,6089744
Carnatic,df85a0a5-b1a8-42f1-a87b-3d7c7ee33fb4/Tanjore_S__Kalyanaraman/Live_Concert_1974/Venuganaloluni/Venuganaloluni.taniSegKNN,Venuganaloluni.taniSegKNN,.tanisegknn,0
Carnatic,df85a0a5-b1a8-42f1-a87b-3d7c7ee33fb4/Tanjore_S__Kalyanaraman/Live_Concert_1974/Venuganaloluni/Venuganaloluni.pitchSilIntrpPP,Venuganaloluni.pitchSilIntrpPP,.pitchsilintrppp,12998950
Carnatic,df85a0a5-b1a8-42f1-a87b-3d7c7ee33fb4/Tanjore_S__Kalyanaraman/Live_Concert_1974/Venuganaloluni/Venuganaloluni.tonicFine,Venuganaloluni.tonicFine,.tonicfine,25
Carnatic,defad4cc-48aa-4372-a31a-c43624930713/T__M__Krishna/December_Season_2005/Sithavara_Sangita/Sithavara_Sangita.tonic,Sithavara_Sangita.tonic,.tonic,10
Carnatic,defad4cc-48aa-4372-a31a-c43624930713/T__M__Krishna/December_Season_2005/Sithavara_Sangita/Sithavara_Sangita.flatSegNyas,Sithavara_Sangita.flatSegNyas,.flatsegnyas,10519
Carnatic,defad4cc-48aa-4372-a31a-c43624930713/T__M__Krishna/December_Season_2005/Sithavara_Sangita/Sithavara_Sangita.tonicFine,Sithavara_Sangita.tonicFine,.tonicfine,25
Carnatic,defad4cc-48aa-4372-a31a-c43624930713/T__M__Krishna/December_Season_2005/Sithavara_Sangita/Sithavara_Sangita.taniSegKNN,Sithavara_Sangita.taniSegKNN,.tanisegknn,0
Carnatic,defad4cc-48aa-4372-a31a-c43624930713/T__M__Krishna/December_Season_2005/Sithavara_Sangita/Sithavara_Sangita.pitch,Sithavara_Sangita.pitch,.pitch,4498066
Carnatic,defad4cc-48aa-4372-a31a-c43624930713/T__M__Krishna/December_Season_2005/Sithavara_Sangita/Sithavara_Sangita.pitchSilIntrpPP,Sithavara_Sangita.pitchSilIntrpPP,.pitchsilintrppp,9615450
Carnatic,defad4cc-48aa-4372-a31a-c43624930713/T__M__Krishna/Vaishnava_Ksetra/Tiruvadidarisanam-Tirupati/Tiruvadidarisanam-Tirupati.pitchSilIntrpPP,Tiruvadidarisanam-Tirupati.pitchSilIntrpPP,.pitchsilintrppp,9983400
Carnatic,defad4cc-48aa-4372-a31a-c43624930713/T__M__Krishna/Vaishnava_Ksetra/Tiruvadidarisanam-Tirupati/Tiruvadidarisanam-Tirupati.flatSegNyas,Tiruvadidarisanam-Tirupati.flatSegNyas,.flatsegnyas,12441
Carnatic,defad4cc-48aa-4372-a31a-c43624930713/T__M__Krishna/Vaishnava_Ksetra/Tiruvadidarisanam-Tirupati/Tiruvadidarisanam-Tirupati.pitch,Tiruvadidarisanam-Tirupati.pitch,.pitch,4712035
Carnatic,defad4cc-48aa-4372-a31a-c43624930713/T__M__Krishna/Vaishnava_Ksetra/Tiruvadidarisanam-Tirupati/Tiruvadidarisanam-Tirupati.tonic,Tiruvadidarisanam-Tirupati.tonic,.tonic,10
Carnatic,defad4cc-48aa-4372-a31a-c43624930713/T__M__Krishna/Vaishnava_Ksetra/Tiruvadidarisanam-Tirupati/Tiruvadidarisanam-Tirupati.tonicFine,Tiruvadidarisanam-Tirupati.tonicFine,.tonicfine,25
Carnatic,defad4cc-48aa-4372-a31a-c43624930713/T__M__Krishna/Vaishnava_Ksetra/Tiruvadidarisanam-Tirupati/Tiruvadidarisanam-Tirupati.taniSegKNN,Tiruvadidarisanam-Tirupati.taniSegKNN,.tanisegknn,16
Carnatic,defad4cc-48aa-4372-a31a-c43624930713/Sanjay_Subrahmanyan/December_Season_2010/Enneramum/Enneramum.tonic,Enneramum.tonic,.tonic,10
Carnatic,defad4cc-48aa-4372-a31a-c43624930713/Sanjay_Subrahmanyan/December_Season_2010/Enneramum/Enneramum.pitch,Enneramum.pitch,.pitch,2264717
Carnatic,defad4cc-48aa-4372-a31a-c43624930713/Sanjay_Subrahmanyan/December_Season_2010/Enneramum/Enneramum.tonicFine,Enneramum.tonicFine,.tonicfine,25
Carnatic,defad4cc-48aa-4372-a31a-c43624930713/Sanjay_Subrahmanyan/December_Season_2010/Enneramum/Enneramum.pitchSilIntrpPP,Enneramum.pitchSilIntrpPP,.pitchsilintrppp,4877550
Carnatic,defad4cc-48aa-4372-a31a-c43624930713/Sanjay_Subrahmanyan/December_Season_2010/Enneramum/Enneramum.taniSegKNN,Enneramum.taniSegKNN,.tanisegknn,16
Carnatic,defad4cc-48aa-4372-a31a-c43624930713/Sanjay_Subrahmanyan/December_Season_2010/Enneramum/Enneramum.flatSegNyas,Enneramum.flatSegNyas,.flatsegnyas,5654
Carnatic,defad4cc-48aa-4372-a31a-c43624930713/Sikkil_Gurucharan/December_Season_2011/Kaya_Roha/Kaya_Roha.pitchSilIntrpPP,Kaya_Roha.pitchSilIntrpPP,.pitchsilintrppp,22286000
Carnatic,defad4cc-48aa-4372-a31a-c43624930713/Sikkil_Gurucharan/December_Season_2011/Kaya_Roha/Kaya_Roha.tonic,Kaya_Roha.tonic,.tonic,10
Carnatic,defad4cc-48aa-4372-a31a-c43624930713/Sikkil_Gurucharan/December_Season_2011/Kaya_Roha/Kaya_Roha.pitch,Kaya_Roha.pitch,.pitch,10668027
Carnatic,defad4cc-48aa-4372-a31a-c43624930713/Sikkil_Gurucharan/December_Season_2011/Kaya_Roha/Kaya_Roha.tonicFine,Kaya_Roha.tonicFine,.tonicfine,25
Carnatic,defad4cc-48aa-4372-a31a-c43624930713/Sikkil_Gurucharan/December_Season_2011/Kaya_Roha/Kaya_Roha.taniSegKNN,Kaya_Roha.taniSegKNN,.tanisegknn,0
Carnatic,defad4cc-48aa-4372-a31a-c43624930713/Sikkil_Gurucharan/December_Season_2011/Kaya_Roha/Kaya_Roha.flatSegNyas,Kaya_Roha.flatSegNyas,.flatsegnyas,26518
Carnatic,defad4cc-48aa-4372-a31a-c43624930713/Modhumudi_Sudhakar/Modhumudi_Sudhakar_at_Arkay/Koluvaiyunnade/Koluvaiyunnade.pitchSilIntrpPP,Koluvaiyunnade.pitchSilIntrpPP,.pitchsilintrppp,3403450
Carnatic,defad4cc-48aa-4372-a31a-c43624930713/Modhumudi_Sudhakar/Modhumudi_Sudhakar_at_Arkay/Koluvaiyunnade/Koluvaiyunnade.flatSegNyas,Koluvaiyunnade.flatSegNyas,.flatsegnyas,3060
Carnatic,defad4cc-48aa-4372-a31a-c43624930713/Modhumudi_Sudhakar/Modhumudi_Sudhakar_at_Arkay/Koluvaiyunnade/Koluvaiyunnade.pitch,Koluvaiyunnade.pitch,.pitch,1576791
Carnatic,defad4cc-48aa-4372-a31a-c43624930713/Modhumudi_Sudhakar/Modhumudi_Sudhakar_at_Arkay/Koluvaiyunnade/Koluvaiyunnade.taniSegKNN,Koluvaiyunnade.taniSegKNN,.tanisegknn,0
Carnatic,defad4cc-48aa-4372-a31a-c43624930713/Modhumudi_Sudhakar/Modhumudi_Sudhakar_at_Arkay/Koluvaiyunnade/Koluvaiyunnade.tonicFine,Koluvaiyunnade.tonicFine,.tonicfine,25
Carnatic,defad4cc-48aa-4372-a31a-c43624930713/Modhumudi_Sudhakar/Modhumudi_Sudhakar_at_Arkay/Koluvaiyunnade/Koluvaiyunnade.tonic,Koluvaiyunnade.tonic,.tonic,10
Carnatic,defad4cc-48aa-4372-a31a-c43624930713/Nithyasree_Mahadevan/December_Season_2009/Vidalaguma/Vidalaguma.tonic,Vidalaguma.tonic,.tonic,10
Carnatic,defad4cc-48aa-4372-a31a-c43624930713/Nithyasree_Mahadevan/December_Season_2009/Vidalaguma/Vidalaguma.flatSegNyas,Vidalaguma.flatSegNyas,.flatsegnyas,6706
Carnatic,defad4cc-48aa-4372-a31a-c43624930713/Nithyasree_Mahadevan/December_Season_2009/Vidalaguma/Vidalaguma.pitchSilIntrpPP,Vidalaguma.pitchSilIntrpPP,.pitchsilintrppp,5312800
Carnatic,defad4cc-48aa-4372-a31a-c43624930713/Nithyasree_Mahadevan/December_Season_2009/Vidalaguma/Vidalaguma.taniSegKNN,Vidalaguma.taniSegKNN,.tanisegknn,0
Carnatic,defad4cc-48aa-4372-a31a-c43624930713/Nithyasree_Mahadevan/December_Season_2009/Vidalaguma/Vidalaguma.pitch,Vidalaguma.pitch,.pitch,2487372
Carnatic,defad4cc-48aa-4372-a31a-c43624930713/Nithyasree_Mahadevan/December_Season_2009/Vidalaguma/Vidalaguma.tonicFine,Vidalaguma.tonicFine,.tonicfine,25
Carnatic,defad4cc-48aa-4372-a31a-c43624930713/S__Ramanathan/Tyagarajas_Utsava_Sampradaya_Kritis/Koluvaiyunnaade/Koluvaiyunnaade.flatSegNyas,Koluvaiyunnaade.flatSegNyas,.flatsegnyas,3000
Carnatic,defad4cc-48aa-4372-a31a-c43624930713/S__Ramanathan/Tyagarajas_Utsava_Sampradaya_Kritis/Koluvaiyunnaade/Koluvaiyunnaade.tonicFine,Koluvaiyunnaade.tonicFine,.tonicfine,25
Carnatic,defad4cc-48aa-4372-a31a-c43624930713/S__Ramanathan/Tyagarajas_Utsava_Sampradaya_Kritis/Koluvaiyunnaade/Koluvaiyunnaade.tonic,Koluvaiyunnaade.tonic,.tonic,10
Carnatic,defad4cc-48aa-4372-a31a-c43624930713/S__Ramanathan/Tyagarajas_Utsava_Sampradaya_Kritis/Koluvaiyunnaade/Koluvaiyunnaade.pitchSilIntrpPP,Koluvaiyunnaade.pitchSilIntrpPP,.pitchsilintrppp,2677900
Carnatic,defad4cc-48aa-4372-a31a-c43624930713/S__Ramanathan/Tyagarajas_Utsava_Sampradaya_Kritis/Koluvaiyunnaade/Koluvaiyunnaade.pitch,Koluvaiyunnaade.pitch,.pitch,1229946
Carnatic,defad4cc-48aa-4372-a31a-c43624930713/S__Ramanathan/Tyagarajas_Utsava_Sampradaya_Kritis/Koluvaiyunnaade/Koluvaiyunnaade.taniSegKNN,Koluvaiyunnaade.taniSegKNN,.tanisegknn,13
Carnatic,defad4cc-48aa-4372-a31a-c43624930713/Malladi_Brothers/December_Season_2000/Vinaradana_Manavee/Vinaradana_Manavee.flatSegNyas,Vinaradana_Manavee.flatSegNyas,.flatsegnyas,6600
Carnatic,defad4cc-48aa-4372-a31a-c43624930713/Malladi_Brothers/December_Season_2000/Vinaradana_Manavee/Vinaradana_Manavee.pitchSilIntrpPP,Vinaradana_Manavee.pitchSilIntrpPP,.pitchsilintrppp,6304900
Carnatic,defad4cc-48aa-4372-a31a-c43624930713/Malladi_Brothers/December_Season_2000/Vinaradana_Manavee/Vinaradana_Manavee.tonicFine,Vinaradana_Manavee.tonicFine,.tonicfine,25
Carnatic,defad4cc-48aa-4372-a31a-c43624930713/Malladi_Brothers/December_Season_2000/Vinaradana_Manavee/Vinaradana_Manavee.taniSegKNN,Vinaradana_Manavee.taniSegKNN,.tanisegknn,0
Carnatic,defad4cc-48aa-4372-a31a-c43624930713/Malladi_Brothers/December_Season_2000/Vinaradana_Manavee/Vinaradana_Manavee.pitch,Vinaradana_Manavee.pitch,.pitch,2930292
Carnatic,defad4cc-48aa-4372-a31a-c43624930713/Malladi_Brothers/December_Season_2000/Vinaradana_Manavee/Vinaradana_Manavee.tonic,Vinaradana_Manavee.tonic,.tonic,10
Carnatic,defad4cc-48aa-4372-a31a-c43624930713/Prasanna_Venkataraman/December_Season_2007/Kshitija_Ramanam/Kshitija_Ramanam.tonicFine,Kshitija_Ramanam.tonicFine,.tonicfine,25
Carnatic,defad4cc-48aa-4372-a31a-c43624930713/Prasanna_Venkataraman/December_Season_2007/Kshitija_Ramanam/Kshitija_Ramanam.flatSegNyas,Kshitija_Ramanam.flatSegNyas,.flatsegnyas,5033
Carnatic,defad4cc-48aa-4372-a31a-c43624930713/Prasanna_Venkataraman/December_Season_2007/Kshitija_Ramanam/Kshitija_Ramanam.pitch,Kshitija_Ramanam.pitch,.pitch,1706336
Carnatic,defad4cc-48aa-4372-a31a-c43624930713/Prasanna_Venkataraman/December_Season_2007/Kshitija_Ramanam/Kshitija_Ramanam.tonic,Kshitija_Ramanam.tonic,.tonic,10
Carnatic,defad4cc-48aa-4372-a31a-c43624930713/Prasanna_Venkataraman/December_Season_2007/Kshitija_Ramanam/Kshitija_Ramanam.pitchSilIntrpPP,Kshitija_Ramanam.pitchSilIntrpPP,.pitchsilintrppp,3683250
Carnatic,defad4cc-48aa-4372-a31a-c43624930713/Prasanna_Venkataraman/December_Season_2007/Kshitija_Ramanam/Kshitija_Ramanam.taniSegKNN,Kshitija_Ramanam.taniSegKNN,.tanisegknn,0
Carnatic,defad4cc-48aa-4372-a31a-c43624930713/Nedunuri_Krishnamurthy/Paddhatti/Koluvai_Yunnade/Koluvai_Yunnade.pitch,Koluvai_Yunnade.pitch,.pitch,1165452
Carnatic,defad4cc-48aa-4372-a31a-c43624930713/Nedunuri_Krishnamurthy/Paddhatti/Koluvai_Yunnade/Koluvai_Yunnade.taniSegKNN,Koluvai_Yunnade.taniSegKNN,.tanisegknn,16
Carnatic,defad4cc-48aa-4372-a31a-c43624930713/Nedunuri_Krishnamurthy/Paddhatti/Koluvai_Yunnade/Koluvai_Yunnade.tonic,Koluvai_Yunnade.tonic,.tonic,10
Carnatic,defad4cc-48aa-4372-a31a-c43624930713/Nedunuri_Krishnamurthy/Paddhatti/Koluvai_Yunnade/Koluvai_Yunnade.pitchSilIntrpPP,Koluvai_Yunnade.pitchSilIntrpPP,.pitchsilintrppp,2524500
Carnatic,defad4cc-48aa-4372-a31a-c43624930713/Nedunuri_Krishnamurthy/Paddhatti/Koluvai_Yunnade/Koluvai_Yunnade.tonicFine,Koluvai_Yunnade.tonicFine,.tonicfine,25
Carnatic,defad4cc-48aa-4372-a31a-c43624930713/Nedunuri_Krishnamurthy/Paddhatti/Koluvai_Yunnade/Koluvai_Yunnade.flatSegNyas,Koluvai_Yunnade.flatSegNyas,.flatsegnyas,2936
Carnatic,defad4cc-48aa-4372-a31a-c43624930713/Voleti_Venkateshwarlu/Paddhatti/Kshitija_Ramanam/Kshitija_Ramanam.tonicFine,Kshitija_Ramanam.tonicFine,.tonicfine,25
Carnatic,defad4cc-48aa-4372-a31a-c43624930713/Voleti_Venkateshwarlu/Paddhatti/Kshitija_Ramanam/Kshitija_Ramanam.flatSegNyas,Kshitija_Ramanam.flatSegNyas,.flatsegnyas,6315
Carnatic,defad4cc-48aa-4372-a31a-c43624930713/Voleti_Venkateshwarlu/Paddhatti/Kshitija_Ramanam/Kshitija_Ramanam.pitch,Kshitija_Ramanam.pitch,.pitch,3957674
Carnatic,defad4cc-48aa-4372-a31a-c43624930713/Voleti_Venkateshwarlu/Paddhatti/Kshitija_Ramanam/Kshitija_Ramanam.tonic,Kshitija_Ramanam.tonic,.tonic,10
Carnatic,defad4cc-48aa-4372-a31a-c43624930713/Voleti_Venkateshwarlu/Paddhatti/Kshitija_Ramanam/Kshitija_Ramanam.pitchSilIntrpPP,Kshitija_Ramanam.pitchSilIntrpPP,.pitchsilintrppp,8555750
Carnatic,defad4cc-48aa-4372-a31a-c43624930713/Voleti_Venkateshwarlu/Paddhatti/Kshitija_Ramanam/Kshitija_Ramanam.taniSegKNN,Kshitija_Ramanam.taniSegKNN,.tanisegknn,0
Carnatic,defad4cc-48aa-4372-a31a-c43624930713/Amrutha_Venkatesh/December_Season_2010/Namoraalakimpavemi/Namoraalakimpavemi.pitchSilIntrpPP,Namoraalakimpavemi.pitchSilIntrpPP,.pitchsilintrppp,10966400
Carnatic,defad4cc-48aa-4372-a31a-c43624930713/Amrutha_Venkatesh/December_Season_2010/Namoraalakimpavemi/Namoraalakimpavemi.tonic,Namoraalakimpavemi.tonic,.tonic,10
Carnatic,defad4cc-48aa-4372-a31a-c43624930713/Amrutha_Venkatesh/December_Season_2010/Namoraalakimpavemi/Namoraalakimpavemi.taniSegKNN,Namoraalakimpavemi.taniSegKNN,.tanisegknn,0
Carnatic,defad4cc-48aa-4372-a31a-c43624930713/Amrutha_Venkatesh/December_Season_2010/Namoraalakimpavemi/Namoraalakimpavemi.flatSegNyas,Namoraalakimpavemi.flatSegNyas,.flatsegnyas,11923
Carnatic,defad4cc-48aa-4372-a31a-c43624930713/Amrutha_Venkatesh/December_Season_2010/Namoraalakimpavemi/Namoraalakimpavemi.tonicFine,Namoraalakimpavemi.tonicFine,.tonicfine,25
Carnatic,defad4cc-48aa-4372-a31a-c43624930713/Amrutha_Venkatesh/December_Season_2010/Namoraalakimpavemi/Namoraalakimpavemi.pitch,Namoraalakimpavemi.pitch,.pitch,5145287
Carnatic,993d6cf6-dc89-4d23-9a9f-8eeed1524872/T__Brinda/All_Time_Favourites_-_Vol_4/Emanadichevo/Emanadichevo.flatSegNyas,Emanadichevo.flatSegNyas,.flatsegnyas,8324
Carnatic,993d6cf6-dc89-4d23-9a9f-8eeed1524872/T__Brinda/All_Time_Favourites_-_Vol_4/Emanadichevo/Emanadichevo.pitchSilIntrpPP,Emanadichevo.pitchSilIntrpPP,.pitchsilintrppp,7567150
Carnatic,993d6cf6-dc89-4d23-9a9f-8eeed1524872/T__Brinda/All_Time_Favourites_-_Vol_4/Emanadichevo/Emanadichevo.pitch,Emanadichevo.pitch,.pitch,3542952
Carnatic,993d6cf6-dc89-4d23-9a9f-8eeed1524872/T__Brinda/All_Time_Favourites_-_Vol_4/Emanadichevo/Emanadichevo.tonic,Emanadichevo.tonic,.tonic,10
Carnatic,993d6cf6-dc89-4d23-9a9f-8eeed1524872/T__Brinda/All_Time_Favourites_-_Vol_4/Emanadichevo/Emanadichevo.taniSegKNN,Emanadichevo.taniSegKNN,.tanisegknn,0
Carnatic,993d6cf6-dc89-4d23-9a9f-8eeed1524872/T__Brinda/All_Time_Favourites_-_Vol_4/Emanadichevo/Emanadichevo.tonicFine,Emanadichevo.tonicFine,.tonicfine,25
Carnatic,993d6cf6-dc89-4d23-9a9f-8eeed1524872/Maharajapuram_Santhanam/Paddhatti/Sri_Vatapi/Sri_Vatapi.taniSegKNN,Sri_Vatapi.taniSegKNN,.tanisegknn,0
Carnatic,993d6cf6-dc89-4d23-9a9f-8eeed1524872/Maharajapuram_Santhanam/Paddhatti/Sri_Vatapi/Sri_Vatapi.pitch,Sri_Vatapi.pitch,.pitch,3850714
Carnatic,993d6cf6-dc89-4d23-9a9f-8eeed1524872/Maharajapuram_Santhanam/Paddhatti/Sri_Vatapi/Sri_Vatapi.flatSegNyas,Sri_Vatapi.flatSegNyas,.flatsegnyas,8408
Carnatic,993d6cf6-dc89-4d23-9a9f-8eeed1524872/Maharajapuram_Santhanam/Paddhatti/Sri_Vatapi/Sri_Vatapi.tonicFine,Sri_Vatapi.tonicFine,.tonicfine,25
Carnatic,993d6cf6-dc89-4d23-9a9f-8eeed1524872/Maharajapuram_Santhanam/Paddhatti/Sri_Vatapi/Sri_Vatapi.pitchSilIntrpPP,Sri_Vatapi.pitchSilIntrpPP,.pitchsilintrppp,8258600
Carnatic,993d6cf6-dc89-4d23-9a9f-8eeed1524872/Maharajapuram_Santhanam/Paddhatti/Sri_Vatapi/Sri_Vatapi.tonic,Sri_Vatapi.tonic,.tonic,10
Carnatic,993d6cf6-dc89-4d23-9a9f-8eeed1524872/Amritha_Murali/December_Season_2010/Raghupate_Rama/Raghupate_Rama.pitch,Raghupate_Rama.pitch,.pitch,8390654
Carnatic,993d6cf6-dc89-4d23-9a9f-8eeed1524872/Amritha_Murali/December_Season_2010/Raghupate_Rama/Raghupate_Rama.tonic,Raghupate_Rama.tonic,.tonic,10
Carnatic,993d6cf6-dc89-4d23-9a9f-8eeed1524872/Amritha_Murali/December_Season_2010/Raghupate_Rama/Raghupate_Rama.tonicFine,Raghupate_Rama.tonicFine,.tonicfine,25
Carnatic,993d6cf6-dc89-4d23-9a9f-8eeed1524872/Amritha_Murali/December_Season_2010/Raghupate_Rama/Raghupate_Rama.taniSegKNN,Raghupate_Rama.taniSegKNN,.tanisegknn,36
Carnatic,993d6cf6-dc89-4d23-9a9f-8eeed1524872/Amritha_Murali/December_Season_2010/Raghupate_Rama/Raghupate_Rama.pitchSilIntrpPP,Raghupate_Rama.pitchSilIntrpPP,.pitchsilintrppp,17623900
Carnatic,993d6cf6-dc89-4d23-9a9f-8eeed1524872/Amritha_Murali/December_Season_2010/Raghupate_Rama/Raghupate_Rama.flatSegNyas,Raghupate_Rama.flatSegNyas,.flatsegnyas,22106
Carnatic,993d6cf6-dc89-4d23-9a9f-8eeed1524872/Sanjay_Subrahmanyan/Live_Waves_from_Melbourne/Sri_Kamalambikayam/Sri_Kamalambikayam.pitchSilIntrpPP,Sri_Kamalambikayam.pitchSilIntrpPP,.pitchsilintrppp,17679150
Carnatic,993d6cf6-dc89-4d23-9a9f-8eeed1524872/Sanjay_Subrahmanyan/Live_Waves_from_Melbourne/Sri_Kamalambikayam/Sri_Kamalambikayam.tonic,Sri_Kamalambikayam.tonic,.tonic,10
Carnatic,993d6cf6-dc89-4d23-9a9f-8eeed1524872/Sanjay_Subrahmanyan/Live_Waves_from_Melbourne/Sri_Kamalambikayam/Sri_Kamalambikayam.flatSegNyas,Sri_Kamalambikayam.flatSegNyas,.flatsegnyas,20855
Carnatic,993d6cf6-dc89-4d23-9a9f-8eeed1524872/Sanjay_Subrahmanyan/Live_Waves_from_Melbourne/Sri_Kamalambikayam/Sri_Kamalambikayam.tonicFine,Sri_Kamalambikayam.tonicFine,.tonicfine,25
Carnatic,993d6cf6-dc89-4d23-9a9f-8eeed1524872/Sanjay_Subrahmanyan/Live_Waves_from_Melbourne/Sri_Kamalambikayam/Sri_Kamalambikayam.pitch,Sri_Kamalambikayam.pitch,.pitch,8409119
Carnatic,993d6cf6-dc89-4d23-9a9f-8eeed1524872/Sanjay_Subrahmanyan/Live_Waves_from_Melbourne/Sri_Kamalambikayam/Sri_Kamalambikayam.taniSegKNN,Sri_Kamalambikayam.taniSegKNN,.tanisegknn,0
Carnatic,993d6cf6-dc89-4d23-9a9f-8eeed1524872/Sanjay_Subrahmanyan/December_Season_2010/Varnam_-_Evvaremi/Varnam_-_Evvaremi.taniSegKNN,Varnam_-_Evvaremi.taniSegKNN,.tanisegknn,16
Carnatic,993d6cf6-dc89-4d23-9a9f-8eeed1524872/Sanjay_Subrahmanyan/December_Season_2010/Varnam_-_Evvaremi/Varnam_-_Evvaremi.pitchSilIntrpPP,Varnam_-_Evvaremi.pitchSilIntrpPP,.pitchsilintrppp,4742650
Carnatic,993d6cf6-dc89-4d23-9a9f-8eeed1524872/Sanjay_Subrahmanyan/December_Season_2010/Varnam_-_Evvaremi/Varnam_-_Evvaremi.tonicFine,Varnam_-_Evvaremi.tonicFine,.tonicfine,25
Carnatic,993d6cf6-dc89-4d23-9a9f-8eeed1524872/Sanjay_Subrahmanyan/December_Season_2010/Varnam_-_Evvaremi/Varnam_-_Evvaremi.pitch,Varnam_-_Evvaremi.pitch,.pitch,2206726
Carnatic,993d6cf6-dc89-4d23-9a9f-8eeed1524872/Sanjay_Subrahmanyan/December_Season_2010/Varnam_-_Evvaremi/Varnam_-_Evvaremi.flatSegNyas,Varnam_-_Evvaremi.flatSegNyas,.flatsegnyas,5007
Carnatic,993d6cf6-dc89-4d23-9a9f-8eeed1524872/Sanjay_Subrahmanyan/December_Season_2010/Varnam_-_Evvaremi/Varnam_-_Evvaremi.tonic,Varnam_-_Evvaremi.tonic,.tonic,10
Carnatic,993d6cf6-dc89-4d23-9a9f-8eeed1524872/Nisha_P_Rajagopal/December_Season_2003/Karunimpa_Idi_Manchi/Karunimpa_Idi_Manchi.pitch,Karunimpa_Idi_Manchi.pitch,.pitch,1379428
Carnatic,993d6cf6-dc89-4d23-9a9f-8eeed1524872/Nisha_P_Rajagopal/December_Season_2003/Karunimpa_Idi_Manchi/Karunimpa_Idi_Manchi.flatSegNyas,Karunimpa_Idi_Manchi.flatSegNyas,.flatsegnyas,3116
Carnatic,993d6cf6-dc89-4d23-9a9f-8eeed1524872/Nisha_P_Rajagopal/December_Season_2003/Karunimpa_Idi_Manchi/Karunimpa_Idi_Manchi.pitchSilIntrpPP,Karunimpa_Idi_Manchi.pitchSilIntrpPP,.pitchsilintrppp,3007900
Carnatic,993d6cf6-dc89-4d23-9a9f-8eeed1524872/Nisha_P_Rajagopal/December_Season_2003/Karunimpa_Idi_Manchi/Karunimpa_Idi_Manchi.tonicFine,Karunimpa_Idi_Manchi.tonicFine,.tonicfine,25
Carnatic,993d6cf6-dc89-4d23-9a9f-8eeed1524872/Nisha_P_Rajagopal/December_Season_2003/Karunimpa_Idi_Manchi/Karunimpa_Idi_Manchi.tonic,Karunimpa_Idi_Manchi.tonic,.tonic,10
Carnatic,993d6cf6-dc89-4d23-9a9f-8eeed1524872/Nisha_P_Rajagopal/December_Season_2003/Karunimpa_Idi_Manchi/Karunimpa_Idi_Manchi.taniSegKNN,Karunimpa_Idi_Manchi.taniSegKNN,.tanisegknn,32
Carnatic,993d6cf6-dc89-4d23-9a9f-8eeed1524872/Sikkil_Gurucharan/December_Season_2005/Chittam_Irrangadenaiyya/Chittam_Irrangadenaiyya.flatSegNyas,Chittam_Irrangadenaiyya.flatSegNyas,.flatsegnyas,17245
Carnatic,993d6cf6-dc89-4d23-9a9f-8eeed1524872/Sikkil_Gurucharan/December_Season_2005/Chittam_Irrangadenaiyya/Chittam_Irrangadenaiyya.tonic,Chittam_Irrangadenaiyya.tonic,.tonic,10
Carnatic,993d6cf6-dc89-4d23-9a9f-8eeed1524872/Sikkil_Gurucharan/December_Season_2005/Chittam_Irrangadenaiyya/Chittam_Irrangadenaiyya.taniSegKNN,Chittam_Irrangadenaiyya.taniSegKNN,.tanisegknn,0
Carnatic,993d6cf6-dc89-4d23-9a9f-8eeed1524872/Sikkil_Gurucharan/December_Season_2005/Chittam_Irrangadenaiyya/Chittam_Irrangadenaiyya.pitchSilIntrpPP,Chittam_Irrangadenaiyya.pitchSilIntrpPP,.pitchsilintrppp,17224550
Carnatic,993d6cf6-dc89-4d23-9a9f-8eeed1524872/Sikkil_Gurucharan/December_Season_2005/Chittam_Irrangadenaiyya/Chittam_Irrangadenaiyya.pitch,Chittam_Irrangadenaiyya.pitch,.pitch,8192939
Carnatic,993d6cf6-dc89-4d23-9a9f-8eeed1524872/Sikkil_Gurucharan/December_Season_2005/Chittam_Irrangadenaiyya/Chittam_Irrangadenaiyya.tonicFine,Chittam_Irrangadenaiyya.tonicFine,.tonicfine,25
Carnatic,993d6cf6-dc89-4d23-9a9f-8eeed1524872/Aruna_Sairam/December_Season_2006/Karunimpa_Idi_Manchi/Karunimpa_Idi_Manchi.pitch,Karunimpa_Idi_Manchi.pitch,.pitch,1671646
Carnatic,993d6cf6-dc89-4d23-9a9f-8eeed1524872/Aruna_Sairam/December_Season_2006/Karunimpa_Idi_Manchi/Karunimpa_Idi_Manchi.flatSegNyas,Karunimpa_Idi_Manchi.flatSegNyas,.flatsegnyas,3990
Carnatic,993d6cf6-dc89-4d23-9a9f-8eeed1524872/Aruna_Sairam/December_Season_2006/Karunimpa_Idi_Manchi/Karunimpa_Idi_Manchi.pitchSilIntrpPP,Karunimpa_Idi_Manchi.pitchSilIntrpPP,.pitchsilintrppp,3605650
Carnatic,993d6cf6-dc89-4d23-9a9f-8eeed1524872/Aruna_Sairam/December_Season_2006/Karunimpa_Idi_Manchi/Karunimpa_Idi_Manchi.tonicFine,Karunimpa_Idi_Manchi.tonicFine,.tonicfine,25
Carnatic,993d6cf6-dc89-4d23-9a9f-8eeed1524872/Aruna_Sairam/December_Season_2006/Karunimpa_Idi_Manchi/Karunimpa_Idi_Manchi.tonic,Karunimpa_Idi_Manchi.tonic,.tonic,10
Carnatic,993d6cf6-dc89-4d23-9a9f-8eeed1524872/Aruna_Sairam/December_Season_2006/Karunimpa_Idi_Manchi/Karunimpa_Idi_Manchi.taniSegKNN,Karunimpa_Idi_Manchi.taniSegKNN,.tanisegknn,0
Carnatic,993d6cf6-dc89-4d23-9a9f-8eeed1524872/Ramnad_Krishnan/Ramnad_Krishnan_concert_at_Music_Academy_1960/Rama_Ika_Nannu/Rama_Ika_Nannu.pitchSilIntrpPP,Rama_Ika_Nannu.pitchSilIntrpPP,.pitchsilintrppp,5097950
Carnatic,993d6cf6-dc89-4d23-9a9f-8eeed1524872/Ramnad_Krishnan/Ramnad_Krishnan_concert_at_Music_Academy_1960/Rama_Ika_Nannu/Rama_Ika_Nannu.flatSegNyas,Rama_Ika_Nannu.flatSegNyas,.flatsegnyas,5114
Carnatic,993d6cf6-dc89-4d23-9a9f-8eeed1524872/Ramnad_Krishnan/Ramnad_Krishnan_concert_at_Music_Academy_1960/Rama_Ika_Nannu/Rama_Ika_Nannu.taniSegKNN,Rama_Ika_Nannu.taniSegKNN,.tanisegknn,0
Carnatic,993d6cf6-dc89-4d23-9a9f-8eeed1524872/Ramnad_Krishnan/Ramnad_Krishnan_concert_at_Music_Academy_1960/Rama_Ika_Nannu/Rama_Ika_Nannu.tonic,Rama_Ika_Nannu.tonic,.tonic,10
Carnatic,993d6cf6-dc89-4d23-9a9f-8eeed1524872/Ramnad_Krishnan/Ramnad_Krishnan_concert_at_Music_Academy_1960/Rama_Ika_Nannu/Rama_Ika_Nannu.pitch,Rama_Ika_Nannu.pitch,.pitch,2366778
Carnatic,993d6cf6-dc89-4d23-9a9f-8eeed1524872/Ramnad_Krishnan/Ramnad_Krishnan_concert_at_Music_Academy_1960/Rama_Ika_Nannu/Rama_Ika_Nannu.tonicFine,Rama_Ika_Nannu.tonicFine,.tonicfine,25
Carnatic,"993d6cf6-dc89-4d23-9a9f-8eeed1524872/O__S__Thyagarajan/Live_At_Sree_Rama_Seva_Mandali,_Bangalore/Vandanamu/Vandanamu.taniSegKNN",Vandanamu.taniSegKNN,.tanisegknn,0
Carnatic,"993d6cf6-dc89-4d23-9a9f-8eeed1524872/O__S__Thyagarajan/Live_At_Sree_Rama_Seva_Mandali,_Bangalore/Vandanamu/Vandanamu.flatSegNyas",Vandanamu.flatSegNyas,.flatsegnyas,15105
Carnatic,"993d6cf6-dc89-4d23-9a9f-8eeed1524872/O__S__Thyagarajan/Live_At_Sree_Rama_Seva_Mandali,_Bangalore/Vandanamu/Vandanamu.tonicFine",Vandanamu.tonicFine,.tonicfine,25
Carnatic,"993d6cf6-dc89-4d23-9a9f-8eeed1524872/O__S__Thyagarajan/Live_At_Sree_Rama_Seva_Mandali,_Bangalore/Vandanamu/Vandanamu.pitch",Vandanamu.pitch,.pitch,6240798
Carnatic,"993d6cf6-dc89-4d23-9a9f-8eeed1524872/O__S__Thyagarajan/Live_At_Sree_Rama_Seva_Mandali,_Bangalore/Vandanamu/Vandanamu.tonic",Vandanamu.tonic,.tonic,10
Carnatic,"993d6cf6-dc89-4d23-9a9f-8eeed1524872/O__S__Thyagarajan/Live_At_Sree_Rama_Seva_Mandali,_Bangalore/Vandanamu/Vandanamu.pitchSilIntrpPP",Vandanamu.pitchSilIntrpPP,.pitchsilintrppp,13218700
Carnatic,993d6cf6-dc89-4d23-9a9f-8eeed1524872/Prasanna_Venkataraman/December_Season_2011/Karunimpa_Idi_Manchi/Karunimpa_Idi_Manchi.pitch,Karunimpa_Idi_Manchi.pitch,.pitch,1443006
Carnatic,993d6cf6-dc89-4d23-9a9f-8eeed1524872/Prasanna_Venkataraman/December_Season_2011/Karunimpa_Idi_Manchi/Karunimpa_Idi_Manchi.flatSegNyas,Karunimpa_Idi_Manchi.flatSegNyas,.flatsegnyas,3290
Carnatic,993d6cf6-dc89-4d23-9a9f-8eeed1524872/Prasanna_Venkataraman/December_Season_2011/Karunimpa_Idi_Manchi/Karunimpa_Idi_Manchi.pitchSilIntrpPP,Karunimpa_Idi_Manchi.pitchSilIntrpPP,.pitchsilintrppp,3139000
Carnatic,993d6cf6-dc89-4d23-9a9f-8eeed1524872/Prasanna_Venkataraman/December_Season_2011/Karunimpa_Idi_Manchi/Karunimpa_Idi_Manchi.tonicFine,Karunimpa_Idi_Manchi.tonicFine,.tonicfine,25
Carnatic,993d6cf6-dc89-4d23-9a9f-8eeed1524872/Prasanna_Venkataraman/December_Season_2011/Karunimpa_Idi_Manchi/Karunimpa_Idi_Manchi.tonic,Karunimpa_Idi_Manchi.tonic,.tonic,10
Carnatic,993d6cf6-dc89-4d23-9a9f-8eeed1524872/Prasanna_Venkataraman/December_Season_2011/Karunimpa_Idi_Manchi/Karunimpa_Idi_Manchi.taniSegKNN,Karunimpa_Idi_Manchi.taniSegKNN,.tanisegknn,0
Carnatic,993d6cf6-dc89-4d23-9a9f-8eeed1524872/Amrutha_Venkatesh/December_Season_2007/Karunimpa_Idi_Manchi/Karunimpa_Idi_Manchi.pitch,Karunimpa_Idi_Manchi.pitch,.pitch,2458800
Carnatic,993d6cf6-dc89-4d23-9a9f-8eeed1524872/Amrutha_Venkatesh/December_Season_2007/Karunimpa_Idi_Manchi/Karunimpa_Idi_Manchi.flatSegNyas,Karunimpa_Idi_Manchi.flatSegNyas,.flatsegnyas,6543
Carnatic,993d6cf6-dc89-4d23-9a9f-8eeed1524872/Amrutha_Venkatesh/December_Season_2007/Karunimpa_Idi_Manchi/Karunimpa_Idi_Manchi.pitchSilIntrpPP,Karunimpa_Idi_Manchi.pitchSilIntrpPP,.pitchsilintrppp,5278100
Carnatic,993d6cf6-dc89-4d23-9a9f-8eeed1524872/Amrutha_Venkatesh/December_Season_2007/Karunimpa_Idi_Manchi/Karunimpa_Idi_Manchi.tonicFine,Karunimpa_Idi_Manchi.tonicFine,.tonicfine,25
Carnatic,993d6cf6-dc89-4d23-9a9f-8eeed1524872/Amrutha_Venkatesh/December_Season_2007/Karunimpa_Idi_Manchi/Karunimpa_Idi_Manchi.tonic,Karunimpa_Idi_Manchi.tonic,.tonic,10
Carnatic,993d6cf6-dc89-4d23-9a9f-8eeed1524872/Amrutha_Venkatesh/December_Season_2007/Karunimpa_Idi_Manchi/Karunimpa_Idi_Manchi.taniSegKNN,Karunimpa_Idi_Manchi.taniSegKNN,.tanisegknn,0
Carnatic,"bdd80890-44f1-4a93-8d93-06a418781f97/D__K__Jayaraman/D__K__Jayaraman_concert_at_Shanmukhanantha_Hall,_1985/Srivaralakshmi/Srivaralakshmi.taniSegKNN",Srivaralakshmi.taniSegKNN,.tanisegknn,0
Carnatic,"bdd80890-44f1-4a93-8d93-06a418781f97/D__K__Jayaraman/D__K__Jayaraman_concert_at_Shanmukhanantha_Hall,_1985/Srivaralakshmi/Srivaralakshmi.pitchSilIntrpPP",Srivaralakshmi.pitchSilIntrpPP,.pitchsilintrppp,11296850
Carnatic,"bdd80890-44f1-4a93-8d93-06a418781f97/D__K__Jayaraman/D__K__Jayaraman_concert_at_Shanmukhanantha_Hall,_1985/Srivaralakshmi/Srivaralakshmi.pitch",Srivaralakshmi.pitch,.pitch,5285534
Carnatic,"bdd80890-44f1-4a93-8d93-06a418781f97/D__K__Jayaraman/D__K__Jayaraman_concert_at_Shanmukhanantha_Hall,_1985/Srivaralakshmi/Srivaralakshmi.tonicFine",Srivaralakshmi.tonicFine,.tonicfine,25
Carnatic,"bdd80890-44f1-4a93-8d93-06a418781f97/D__K__Jayaraman/D__K__Jayaraman_concert_at_Shanmukhanantha_Hall,_1985/Srivaralakshmi/Srivaralakshmi.tonic",Srivaralakshmi.tonic,.tonic,10
Carnatic,"bdd80890-44f1-4a93-8d93-06a418781f97/D__K__Jayaraman/D__K__Jayaraman_concert_at_Shanmukhanantha_Hall,_1985/Srivaralakshmi/Srivaralakshmi.flatSegNyas",Srivaralakshmi.flatSegNyas,.flatsegnyas,14015
Carnatic,bdd80890-44f1-4a93-8d93-06a418781f97/T__Brinda/All_Time_Favourites_-_Vol_5/Karunajooda/Karunajooda.pitchSilIntrpPP,Karunajooda.pitchSilIntrpPP,.pitchsilintrppp,2097500
Carnatic,bdd80890-44f1-4a93-8d93-06a418781f97/T__Brinda/All_Time_Favourites_-_Vol_5/Karunajooda/Karunajooda.pitch,Karunajooda.pitch,.pitch,963656
Carnatic,bdd80890-44f1-4a93-8d93-06a418781f97/T__Brinda/All_Time_Favourites_-_Vol_5/Karunajooda/Karunajooda.tonic,Karunajooda.tonic,.tonic,10
Carnatic,bdd80890-44f1-4a93-8d93-06a418781f97/T__Brinda/All_Time_Favourites_-_Vol_5/Karunajooda/Karunajooda.flatSegNyas,Karunajooda.flatSegNyas,.flatsegnyas,2120
Carnatic,bdd80890-44f1-4a93-8d93-06a418781f97/T__Brinda/All_Time_Favourites_-_Vol_5/Karunajooda/Karunajooda.tonicFine,Karunajooda.tonicFine,.tonicfine,25
Carnatic,bdd80890-44f1-4a93-8d93-06a418781f97/T__Brinda/All_Time_Favourites_-_Vol_5/Karunajooda/Karunajooda.taniSegKNN,Karunajooda.taniSegKNN,.tanisegknn,0
Carnatic,bdd80890-44f1-4a93-8d93-06a418781f97/M_S__Subbulakshmi/M_S__Subbulakshmi_concert_at_Naradaganasabha_1969/Endaromahanubhavulu/Endaromahanubhavulu.taniSegKNN,Endaromahanubhavulu.taniSegKNN,.tanisegknn,61
Carnatic,bdd80890-44f1-4a93-8d93-06a418781f97/M_S__Subbulakshmi/M_S__Subbulakshmi_concert_at_Naradaganasabha_1969/Endaromahanubhavulu/Endaromahanubhavulu.flatSegNyas,Endaromahanubhavulu.flatSegNyas,.flatsegnyas,9569
Carnatic,bdd80890-44f1-4a93-8d93-06a418781f97/M_S__Subbulakshmi/M_S__Subbulakshmi_concert_at_Naradaganasabha_1969/Endaromahanubhavulu/Endaromahanubhavulu.pitchSilIntrpPP,Endaromahanubhavulu.pitchSilIntrpPP,.pitchsilintrppp,8374100
Carnatic,bdd80890-44f1-4a93-8d93-06a418781f97/M_S__Subbulakshmi/M_S__Subbulakshmi_concert_at_Naradaganasabha_1969/Endaromahanubhavulu/Endaromahanubhavulu.pitch,Endaromahanubhavulu.pitch,.pitch,3926614
Carnatic,bdd80890-44f1-4a93-8d93-06a418781f97/M_S__Subbulakshmi/M_S__Subbulakshmi_concert_at_Naradaganasabha_1969/Endaromahanubhavulu/Endaromahanubhavulu.tonicFine,Endaromahanubhavulu.tonicFine,.tonicfine,25
Carnatic,bdd80890-44f1-4a93-8d93-06a418781f97/M_S__Subbulakshmi/M_S__Subbulakshmi_concert_at_Naradaganasabha_1969/Endaromahanubhavulu/Endaromahanubhavulu.tonic,Endaromahanubhavulu.tonic,.tonic,4
Carnatic,bdd80890-44f1-4a93-8d93-06a418781f97/Gayathri_Venkataraghavan/December_Season_2011/Samininne_Kori/Samininne_Kori.tonicFine,Samininne_Kori.tonicFine,.tonicfine,25
Carnatic,bdd80890-44f1-4a93-8d93-06a418781f97/Gayathri_Venkataraghavan/December_Season_2011/Samininne_Kori/Samininne_Kori.taniSegKNN,Samininne_Kori.taniSegKNN,.tanisegknn,16
Carnatic,bdd80890-44f1-4a93-8d93-06a418781f97/Gayathri_Venkataraghavan/December_Season_2011/Samininne_Kori/Samininne_Kori.flatSegNyas,Samininne_Kori.flatSegNyas,.flatsegnyas,4577
Carnatic,bdd80890-44f1-4a93-8d93-06a418781f97/Gayathri_Venkataraghavan/December_Season_2011/Samininne_Kori/Samininne_Kori.pitch,Samininne_Kori.pitch,.pitch,1894467
Carnatic,bdd80890-44f1-4a93-8d93-06a418781f97/Gayathri_Venkataraghavan/December_Season_2011/Samininne_Kori/Samininne_Kori.tonic,Samininne_Kori.tonic,.tonic,10
Carnatic,bdd80890-44f1-4a93-8d93-06a418781f97/Gayathri_Venkataraghavan/December_Season_2011/Samininne_Kori/Samininne_Kori.pitchSilIntrpPP,Samininne_Kori.pitchSilIntrpPP,.pitchsilintrppp,4103300
Carnatic,bdd80890-44f1-4a93-8d93-06a418781f97/Amritha_Murali/December_Season_2009/Karunajudu_Ninna_Nammina/Karunajudu_Ninna_Nammina.flatSegNyas,Karunajudu_Ninna_Nammina.flatSegNyas,.flatsegnyas,3647
Carnatic,bdd80890-44f1-4a93-8d93-06a418781f97/Amritha_Murali/December_Season_2009/Karunajudu_Ninna_Nammina/Karunajudu_Ninna_Nammina.pitch,Karunajudu_Ninna_Nammina.pitch,.pitch,1061914
Carnatic,bdd80890-44f1-4a93-8d93-06a418781f97/Amritha_Murali/December_Season_2009/Karunajudu_Ninna_Nammina/Karunajudu_Ninna_Nammina.tonicFine,Karunajudu_Ninna_Nammina.tonicFine,.tonicfine,25
Carnatic,bdd80890-44f1-4a93-8d93-06a418781f97/Amritha_Murali/December_Season_2009/Karunajudu_Ninna_Nammina/Karunajudu_Ninna_Nammina.tonic,Karunajudu_Ninna_Nammina.tonic,.tonic,10
Carnatic,bdd80890-44f1-4a93-8d93-06a418781f97/Amritha_Murali/December_Season_2009/Karunajudu_Ninna_Nammina/Karunajudu_Ninna_Nammina.taniSegKNN,Karunajudu_Ninna_Nammina.taniSegKNN,.tanisegknn,16
Carnatic,bdd80890-44f1-4a93-8d93-06a418781f97/Amritha_Murali/December_Season_2009/Karunajudu_Ninna_Nammina/Karunajudu_Ninna_Nammina.pitchSilIntrpPP,Karunajudu_Ninna_Nammina.pitchSilIntrpPP,.pitchsilintrppp,2305550
Carnatic,bdd80890-44f1-4a93-8d93-06a418781f97/Amritha_Murali/December_Season_2008/Tyagarajamahadhwajaroha/Tyagarajamahadhwajaroha.tonic,Tyagarajamahadhwajaroha.tonic,.tonic,10
Carnatic,bdd80890-44f1-4a93-8d93-06a418781f97/Amritha_Murali/December_Season_2008/Tyagarajamahadhwajaroha/Tyagarajamahadhwajaroha.pitch,Tyagarajamahadhwajaroha.pitch,.pitch,3383926
Carnatic,bdd80890-44f1-4a93-8d93-06a418781f97/Amritha_Murali/December_Season_2008/Tyagarajamahadhwajaroha/Tyagarajamahadhwajaroha.flatSegNyas,Tyagarajamahadhwajaroha.flatSegNyas,.flatsegnyas,10270
Carnatic,bdd80890-44f1-4a93-8d93-06a418781f97/Amritha_Murali/December_Season_2008/Tyagarajamahadhwajaroha/Tyagarajamahadhwajaroha.taniSegKNN,Tyagarajamahadhwajaroha.taniSegKNN,.tanisegknn,0
Carnatic,bdd80890-44f1-4a93-8d93-06a418781f97/Amritha_Murali/December_Season_2008/Tyagarajamahadhwajaroha/Tyagarajamahadhwajaroha.pitchSilIntrpPP,Tyagarajamahadhwajaroha.pitchSilIntrpPP,.pitchsilintrppp,7228850
Carnatic,bdd80890-44f1-4a93-8d93-06a418781f97/Amritha_Murali/December_Season_2008/Tyagarajamahadhwajaroha/Tyagarajamahadhwajaroha.tonicFine,Tyagarajamahadhwajaroha.tonicFine,.tonicfine,25
Carnatic,bdd80890-44f1-4a93-8d93-06a418781f97/Sanjay_Subrahmanyan/December_Season_2007/Sri_Parvati/Sri_Parvati.flatSegNyas,Sri_Parvati.flatSegNyas,.flatsegnyas,4001
Carnatic,bdd80890-44f1-4a93-8d93-06a418781f97/Sanjay_Subrahmanyan/December_Season_2007/Sri_Parvati/Sri_Parvati.pitchSilIntrpPP,Sri_Parvati.pitchSilIntrpPP,.pitchsilintrppp,3543050
Carnatic,bdd80890-44f1-4a93-8d93-06a418781f97/Sanjay_Subrahmanyan/December_Season_2007/Sri_Parvati/Sri_Parvati.pitch,Sri_Parvati.pitch,.pitch,1633029
Carnatic,bdd80890-44f1-4a93-8d93-06a418781f97/Sanjay_Subrahmanyan/December_Season_2007/Sri_Parvati/Sri_Parvati.tonicFine,Sri_Parvati.tonicFine,.tonicfine,25
Carnatic,bdd80890-44f1-4a93-8d93-06a418781f97/Sanjay_Subrahmanyan/December_Season_2007/Sri_Parvati/Sri_Parvati.taniSegKNN,Sri_Parvati.taniSegKNN,.tanisegknn,0
Carnatic,bdd80890-44f1-4a93-8d93-06a418781f97/Sanjay_Subrahmanyan/December_Season_2007/Sri_Parvati/Sri_Parvati.tonic,Sri_Parvati.tonic,.tonic,10
Carnatic,bdd80890-44f1-4a93-8d93-06a418781f97/Sanjay_Subrahmanyan/December_Season_2010/Sami_Ninne_Kori-Varnam/Sami_Ninne_Kori-Varnam.tonicFine,Sami_Ninne_Kori-Varnam.tonicFine,.tonicfine,25
Carnatic,bdd80890-44f1-4a93-8d93-06a418781f97/Sanjay_Subrahmanyan/December_Season_2010/Sami_Ninne_Kori-Varnam/Sami_Ninne_Kori-Varnam.taniSegKNN,Sami_Ninne_Kori-Varnam.taniSegKNN,.tanisegknn,0
Carnatic,bdd80890-44f1-4a93-8d93-06a418781f97/Sanjay_Subrahmanyan/December_Season_2010/Sami_Ninne_Kori-Varnam/Sami_Ninne_Kori-Varnam.flatSegNyas,Sami_Ninne_Kori-Varnam.flatSegNyas,.flatsegnyas,4186
Carnatic,bdd80890-44f1-4a93-8d93-06a418781f97/Sanjay_Subrahmanyan/December_Season_2010/Sami_Ninne_Kori-Varnam/Sami_Ninne_Kori-Varnam.pitchSilIntrpPP,Sami_Ninne_Kori-Varnam.pitchSilIntrpPP,.pitchsilintrppp,3550700
Carnatic,bdd80890-44f1-4a93-8d93-06a418781f97/Sanjay_Subrahmanyan/December_Season_2010/Sami_Ninne_Kori-Varnam/Sami_Ninne_Kori-Varnam.pitch,Sami_Ninne_Kori-Varnam.pitch,.pitch,1640804
Carnatic,bdd80890-44f1-4a93-8d93-06a418781f97/Sanjay_Subrahmanyan/December_Season_2010/Sami_Ninne_Kori-Varnam/Sami_Ninne_Kori-Varnam.tonic,Sami_Ninne_Kori-Varnam.tonic,.tonic,9
Carnatic,bdd80890-44f1-4a93-8d93-06a418781f97/Sikkil_Gurucharan/December_Season_2006/Sri_Varalakshmi/Sri_Varalakshmi.pitch,Sri_Varalakshmi.pitch,.pitch,2379242
Carnatic,bdd80890-44f1-4a93-8d93-06a418781f97/Sikkil_Gurucharan/December_Season_2006/Sri_Varalakshmi/Sri_Varalakshmi.flatSegNyas,Sri_Varalakshmi.flatSegNyas,.flatsegnyas,5600
Carnatic,bdd80890-44f1-4a93-8d93-06a418781f97/Sikkil_Gurucharan/December_Season_2006/Sri_Varalakshmi/Sri_Varalakshmi.taniSegKNN,Sri_Varalakshmi.taniSegKNN,.tanisegknn,0
Carnatic,bdd80890-44f1-4a93-8d93-06a418781f97/Sikkil_Gurucharan/December_Season_2006/Sri_Varalakshmi/Sri_Varalakshmi.tonic,Sri_Varalakshmi.tonic,.tonic,10
Carnatic,bdd80890-44f1-4a93-8d93-06a418781f97/Sikkil_Gurucharan/December_Season_2006/Sri_Varalakshmi/Sri_Varalakshmi.pitchSilIntrpPP,Sri_Varalakshmi.pitchSilIntrpPP,.pitchsilintrppp,5115900
Carnatic,bdd80890-44f1-4a93-8d93-06a418781f97/Sikkil_Gurucharan/December_Season_2006/Sri_Varalakshmi/Sri_Varalakshmi.tonicFine,Sri_Varalakshmi.tonicFine,.tonicfine,25
Carnatic,bdd80890-44f1-4a93-8d93-06a418781f97/Ramnad_Krishnan/Music_Academy_1964_-_Ramnad_Krishnan/Naamakusumamula/Naamakusumamula.taniSegKNN,Naamakusumamula.taniSegKNN,.tanisegknn,0
Carnatic,bdd80890-44f1-4a93-8d93-06a418781f97/Ramnad_Krishnan/Music_Academy_1964_-_Ramnad_Krishnan/Naamakusumamula/Naamakusumamula.tonicFine,Naamakusumamula.tonicFine,.tonicfine,25
Carnatic,bdd80890-44f1-4a93-8d93-06a418781f97/Ramnad_Krishnan/Music_Academy_1964_-_Ramnad_Krishnan/Naamakusumamula/Naamakusumamula.flatSegNyas,Naamakusumamula.flatSegNyas,.flatsegnyas,7150
Carnatic,bdd80890-44f1-4a93-8d93-06a418781f97/Ramnad_Krishnan/Music_Academy_1964_-_Ramnad_Krishnan/Naamakusumamula/Naamakusumamula.pitchSilIntrpPP,Naamakusumamula.pitchSilIntrpPP,.pitchsilintrppp,6491950
Carnatic,bdd80890-44f1-4a93-8d93-06a418781f97/Ramnad_Krishnan/Music_Academy_1964_-_Ramnad_Krishnan/Naamakusumamula/Naamakusumamula.tonic,Naamakusumamula.tonic,.tonic,9
Carnatic,bdd80890-44f1-4a93-8d93-06a418781f97/Ramnad_Krishnan/Music_Academy_1964_-_Ramnad_Krishnan/Naamakusumamula/Naamakusumamula.pitch,Naamakusumamula.pitch,.pitch,3020683
Carnatic,bdd80890-44f1-4a93-8d93-06a418781f97/O__S__Thyagarajan/December_Season_2003/Sami_Ninne_Koriyunnanu/Sami_Ninne_Koriyunnanu.pitch,Sami_Ninne_Koriyunnanu.pitch,.pitch,2033789
Carnatic,bdd80890-44f1-4a93-8d93-06a418781f97/O__S__Thyagarajan/December_Season_2003/Sami_Ninne_Koriyunnanu/Sami_Ninne_Koriyunnanu.tonic,Sami_Ninne_Koriyunnanu.tonic,.tonic,9
Carnatic,bdd80890-44f1-4a93-8d93-06a418781f97/O__S__Thyagarajan/December_Season_2003/Sami_Ninne_Koriyunnanu/Sami_Ninne_Koriyunnanu.taniSegKNN,Sami_Ninne_Koriyunnanu.taniSegKNN,.tanisegknn,0
Carnatic,bdd80890-44f1-4a93-8d93-06a418781f97/O__S__Thyagarajan/December_Season_2003/Sami_Ninne_Koriyunnanu/Sami_Ninne_Koriyunnanu.flatSegNyas,Sami_Ninne_Koriyunnanu.flatSegNyas,.flatsegnyas,4230
Carnatic,bdd80890-44f1-4a93-8d93-06a418781f97/O__S__Thyagarajan/December_Season_2003/Sami_Ninne_Koriyunnanu/Sami_Ninne_Koriyunnanu.pitchSilIntrpPP,Sami_Ninne_Koriyunnanu.pitchSilIntrpPP,.pitchsilintrppp,4391500
Carnatic,bdd80890-44f1-4a93-8d93-06a418781f97/O__S__Thyagarajan/December_Season_2003/Sami_Ninne_Koriyunnanu/Sami_Ninne_Koriyunnanu.tonicFine,Sami_Ninne_Koriyunnanu.tonicFine,.tonicfine,25
Carnatic,bdd80890-44f1-4a93-8d93-06a418781f97/R_Vedavalli/Kutcheri/Kanakavela_karunalavala/Kanakavela_karunalavala.flatSegNyas,Kanakavela_karunalavala.flatSegNyas,.flatsegnyas,2666
Carnatic,bdd80890-44f1-4a93-8d93-06a418781f97/R_Vedavalli/Kutcheri/Kanakavela_karunalavala/Kanakavela_karunalavala.pitchSilIntrpPP,Kanakavela_karunalavala.pitchSilIntrpPP,.pitchsilintrppp,2899050
Carnatic,bdd80890-44f1-4a93-8d93-06a418781f97/R_Vedavalli/Kutcheri/Kanakavela_karunalavala/Kanakavela_karunalavala.tonic,Kanakavela_karunalavala.tonic,.tonic,10
Carnatic,bdd80890-44f1-4a93-8d93-06a418781f97/R_Vedavalli/Kutcheri/Kanakavela_karunalavala/Kanakavela_karunalavala.pitch,Kanakavela_karunalavala.pitch,.pitch,1329920
Carnatic,bdd80890-44f1-4a93-8d93-06a418781f97/R_Vedavalli/Kutcheri/Kanakavela_karunalavala/Kanakavela_karunalavala.tonicFine,Kanakavela_karunalavala.tonicFine,.tonicfine,25
Carnatic,bdd80890-44f1-4a93-8d93-06a418781f97/R_Vedavalli/Kutcheri/Kanakavela_karunalavala/Kanakavela_karunalavala.taniSegKNN,Kanakavela_karunalavala.taniSegKNN,.tanisegknn,0
Carnatic,aa5f376f-06cd-4a69-9cc9-b1077104e0b0/Kunnakkudi_M_Balamuralikrishna/December_Season_2009/Nadopasana/Nadopasana.pitch,Nadopasana.pitch,.pitch,13179908
Carnatic,aa5f376f-06cd-4a69-9cc9-b1077104e0b0/Kunnakkudi_M_Balamuralikrishna/December_Season_2009/Nadopasana/Nadopasana.tonicFine,Nadopasana.tonicFine,.tonicfine,25
Carnatic,aa5f376f-06cd-4a69-9cc9-b1077104e0b0/Kunnakkudi_M_Balamuralikrishna/December_Season_2009/Nadopasana/Nadopasana.tonic,Nadopasana.tonic,.tonic,10
Carnatic,aa5f376f-06cd-4a69-9cc9-b1077104e0b0/Kunnakkudi_M_Balamuralikrishna/December_Season_2009/Nadopasana/Nadopasana.taniSegKNN,Nadopasana.taniSegKNN,.tanisegknn,18
Carnatic,aa5f376f-06cd-4a69-9cc9-b1077104e0b0/Kunnakkudi_M_Balamuralikrishna/December_Season_2009/Nadopasana/Nadopasana.flatSegNyas,Nadopasana.flatSegNyas,.flatsegnyas,31819
Carnatic,aa5f376f-06cd-4a69-9cc9-b1077104e0b0/Kunnakkudi_M_Balamuralikrishna/December_Season_2009/Nadopasana/Nadopasana.pitchSilIntrpPP,Nadopasana.pitchSilIntrpPP,.pitchsilintrppp,27435900
Carnatic,aa5f376f-06cd-4a69-9cc9-b1077104e0b0/S__Sowmya/Bharat_Sangeet_Utsav/Yarukkahilum/Yarukkahilum.pitchSilIntrpPP,Yarukkahilum.pitchSilIntrpPP,.pitchsilintrppp,5158800
Carnatic,aa5f376f-06cd-4a69-9cc9-b1077104e0b0/S__Sowmya/Bharat_Sangeet_Utsav/Yarukkahilum/Yarukkahilum.flatSegNyas,Yarukkahilum.flatSegNyas,.flatsegnyas,7753
Carnatic,aa5f376f-06cd-4a69-9cc9-b1077104e0b0/S__Sowmya/Bharat_Sangeet_Utsav/Yarukkahilum/Yarukkahilum.pitch,Yarukkahilum.pitch,.pitch,2409619
Carnatic,aa5f376f-06cd-4a69-9cc9-b1077104e0b0/S__Sowmya/Bharat_Sangeet_Utsav/Yarukkahilum/Yarukkahilum.tonicFine,Yarukkahilum.tonicFine,.tonicfine,25
Carnatic,aa5f376f-06cd-4a69-9cc9-b1077104e0b0/S__Sowmya/Bharat_Sangeet_Utsav/Yarukkahilum/Yarukkahilum.taniSegKNN,Yarukkahilum.taniSegKNN,.tanisegknn,0
Carnatic,aa5f376f-06cd-4a69-9cc9-b1077104e0b0/S__Sowmya/Bharat_Sangeet_Utsav/Yarukkahilum/Yarukkahilum.tonic,Yarukkahilum.tonic,.tonic,10
Carnatic,aa5f376f-06cd-4a69-9cc9-b1077104e0b0/Bombay_Jayashri/December_Season_2008/Shankari_Neeve/Shankari_Neeve.taniSegKNN,Shankari_Neeve.taniSegKNN,.tanisegknn,0
Carnatic,aa5f376f-06cd-4a69-9cc9-b1077104e0b0/Bombay_Jayashri/December_Season_2008/Shankari_Neeve/Shankari_Neeve.pitch,Shankari_Neeve.pitch,.pitch,7172567
Carnatic,aa5f376f-06cd-4a69-9cc9-b1077104e0b0/Bombay_Jayashri/December_Season_2008/Shankari_Neeve/Shankari_Neeve.tonicFine,Shankari_Neeve.tonicFine,.tonicfine,25
Carnatic,aa5f376f-06cd-4a69-9cc9-b1077104e0b0/Bombay_Jayashri/December_Season_2008/Shankari_Neeve/Shankari_Neeve.flatSegNyas,Shankari_Neeve.flatSegNyas,.flatsegnyas,18374
Carnatic,aa5f376f-06cd-4a69-9cc9-b1077104e0b0/Bombay_Jayashri/December_Season_2008/Shankari_Neeve/Shankari_Neeve.tonic,Shankari_Neeve.tonic,.tonic,10
Carnatic,aa5f376f-06cd-4a69-9cc9-b1077104e0b0/Bombay_Jayashri/December_Season_2008/Shankari_Neeve/Shankari_Neeve.pitchSilIntrpPP,Shankari_Neeve.pitchSilIntrpPP,.pitchsilintrppp,15168550
Carnatic,aa5f376f-06cd-4a69-9cc9-b1077104e0b0/Gayathri_Venkataraghavan/December_Season_2005/Dayanidhe/Dayanidhe.pitch,Dayanidhe.pitch,.pitch,1648508
Carnatic,aa5f376f-06cd-4a69-9cc9-b1077104e0b0/Gayathri_Venkataraghavan/December_Season_2005/Dayanidhe/Dayanidhe.tonic,Dayanidhe.tonic,.tonic,9
Carnatic,aa5f376f-06cd-4a69-9cc9-b1077104e0b0/Gayathri_Venkataraghavan/December_Season_2005/Dayanidhe/Dayanidhe.pitchSilIntrpPP,Dayanidhe.pitchSilIntrpPP,.pitchsilintrppp,3564200
Carnatic,aa5f376f-06cd-4a69-9cc9-b1077104e0b0/Gayathri_Venkataraghavan/December_Season_2005/Dayanidhe/Dayanidhe.tonicFine,Dayanidhe.tonicFine,.tonicfine,25
Carnatic,aa5f376f-06cd-4a69-9cc9-b1077104e0b0/Gayathri_Venkataraghavan/December_Season_2005/Dayanidhe/Dayanidhe.flatSegNyas,Dayanidhe.flatSegNyas,.flatsegnyas,4656
Carnatic,aa5f376f-06cd-4a69-9cc9-b1077104e0b0/Gayathri_Venkataraghavan/December_Season_2005/Dayanidhe/Dayanidhe.taniSegKNN,Dayanidhe.taniSegKNN,.tanisegknn,0
Carnatic,aa5f376f-06cd-4a69-9cc9-b1077104e0b0/Amritha_Murali/December_Season_2005/Vallabha_Nayakasya/Vallabha_Nayakasya.flatSegNyas,Vallabha_Nayakasya.flatSegNyas,.flatsegnyas,6301
Carnatic,aa5f376f-06cd-4a69-9cc9-b1077104e0b0/Amritha_Murali/December_Season_2005/Vallabha_Nayakasya/Vallabha_Nayakasya.taniSegKNN,Vallabha_Nayakasya.taniSegKNN,.tanisegknn,16
Carnatic,aa5f376f-06cd-4a69-9cc9-b1077104e0b0/Amritha_Murali/December_Season_2005/Vallabha_Nayakasya/Vallabha_Nayakasya.pitch,Vallabha_Nayakasya.pitch,.pitch,2090436
Carnatic,aa5f376f-06cd-4a69-9cc9-b1077104e0b0/Amritha_Murali/December_Season_2005/Vallabha_Nayakasya/Vallabha_Nayakasya.tonic,Vallabha_Nayakasya.tonic,.tonic,10
Carnatic,aa5f376f-06cd-4a69-9cc9-b1077104e0b0/Amritha_Murali/December_Season_2005/Vallabha_Nayakasya/Vallabha_Nayakasya.tonicFine,Vallabha_Nayakasya.tonicFine,.tonicfine,25
Carnatic,aa5f376f-06cd-4a69-9cc9-b1077104e0b0/Amritha_Murali/December_Season_2005/Vallabha_Nayakasya/Vallabha_Nayakasya.pitchSilIntrpPP,Vallabha_Nayakasya.pitchSilIntrpPP,.pitchsilintrppp,4504650
Carnatic,"aa5f376f-06cd-4a69-9cc9-b1077104e0b0/Sanjay_Subrahmanyan/Kutcheri,_Live_at_Gokhale_Hall/Vallabha_Nayakasya/Vallabha_Nayakasya.flatSegNyas",Vallabha_Nayakasya.flatSegNyas,.flatsegnyas,5955
Carnatic,"aa5f376f-06cd-4a69-9cc9-b1077104e0b0/Sanjay_Subrahmanyan/Kutcheri,_Live_at_Gokhale_Hall/Vallabha_Nayakasya/Vallabha_Nayakasya.taniSegKNN",Vallabha_Nayakasya.taniSegKNN,.tanisegknn,0
Carnatic,"aa5f376f-06cd-4a69-9cc9-b1077104e0b0/Sanjay_Subrahmanyan/Kutcheri,_Live_at_Gokhale_Hall/Vallabha_Nayakasya/Vallabha_Nayakasya.pitch",Vallabha_Nayakasya.pitch,.pitch,2329965
Carnatic,"aa5f376f-06cd-4a69-9cc9-b1077104e0b0/Sanjay_Subrahmanyan/Kutcheri,_Live_at_Gokhale_Hall/Vallabha_Nayakasya/Vallabha_Nayakasya.tonic",Vallabha_Nayakasya.tonic,.tonic,10
Carnatic,"aa5f376f-06cd-4a69-9cc9-b1077104e0b0/Sanjay_Subrahmanyan/Kutcheri,_Live_at_Gokhale_Hall/Vallabha_Nayakasya/Vallabha_Nayakasya.tonicFine",Vallabha_Nayakasya.tonicFine,.tonicfine,25
Carnatic,"aa5f376f-06cd-4a69-9cc9-b1077104e0b0/Sanjay_Subrahmanyan/Kutcheri,_Live_at_Gokhale_Hall/Vallabha_Nayakasya/Vallabha_Nayakasya.pitchSilIntrpPP",Vallabha_Nayakasya.pitchSilIntrpPP,.pitchsilintrppp,5060650
Carnatic,aa5f376f-06cd-4a69-9cc9-b1077104e0b0/Sanjay_Subrahmanyan/December_Season_2003/Vallabha_Nayakasya/Vallabha_Nayakasya.flatSegNyas,Vallabha_Nayakasya.flatSegNyas,.flatsegnyas,7720
Carnatic,aa5f376f-06cd-4a69-9cc9-b1077104e0b0/Sanjay_Subrahmanyan/December_Season_2003/Vallabha_Nayakasya/Vallabha_Nayakasya.taniSegKNN,Vallabha_Nayakasya.taniSegKNN,.tanisegknn,0
Carnatic,aa5f376f-06cd-4a69-9cc9-b1077104e0b0/Sanjay_Subrahmanyan/December_Season_2003/Vallabha_Nayakasya/Vallabha_Nayakasya.pitch,Vallabha_Nayakasya.pitch,.pitch,3401487
Carnatic,aa5f376f-06cd-4a69-9cc9-b1077104e0b0/Sanjay_Subrahmanyan/December_Season_2003/Vallabha_Nayakasya/Vallabha_Nayakasya.tonic,Vallabha_Nayakasya.tonic,.tonic,10
Carnatic,aa5f376f-06cd-4a69-9cc9-b1077104e0b0/Sanjay_Subrahmanyan/December_Season_2003/Vallabha_Nayakasya/Vallabha_Nayakasya.tonicFine,Vallabha_Nayakasya.tonicFine,.tonicfine,25
Carnatic,aa5f376f-06cd-4a69-9cc9-b1077104e0b0/Sanjay_Subrahmanyan/December_Season_2003/Vallabha_Nayakasya/Vallabha_Nayakasya.pitchSilIntrpPP,Vallabha_Nayakasya.pitchSilIntrpPP,.pitchsilintrppp,7340250
Carnatic,aa5f376f-06cd-4a69-9cc9-b1077104e0b0/Sanjay_Subrahmanyan/December_Season_2002/Abhimanamennadu/Abhimanamennadu.pitchSilIntrpPP,Abhimanamennadu.pitchSilIntrpPP,.pitchsilintrppp,5346300
Carnatic,aa5f376f-06cd-4a69-9cc9-b1077104e0b0/Sanjay_Subrahmanyan/December_Season_2002/Abhimanamennadu/Abhimanamennadu.tonicFine,Abhimanamennadu.tonicFine,.tonicfine,25
Carnatic,aa5f376f-06cd-4a69-9cc9-b1077104e0b0/Sanjay_Subrahmanyan/December_Season_2002/Abhimanamennadu/Abhimanamennadu.pitch,Abhimanamennadu.pitch,.pitch,2470727
Carnatic,aa5f376f-06cd-4a69-9cc9-b1077104e0b0/Sanjay_Subrahmanyan/December_Season_2002/Abhimanamennadu/Abhimanamennadu.tonic,Abhimanamennadu.tonic,.tonic,10
Carnatic,aa5f376f-06cd-4a69-9cc9-b1077104e0b0/Sanjay_Subrahmanyan/December_Season_2002/Abhimanamennadu/Abhimanamennadu.flatSegNyas,Abhimanamennadu.flatSegNyas,.flatsegnyas,5585
Carnatic,aa5f376f-06cd-4a69-9cc9-b1077104e0b0/Sanjay_Subrahmanyan/December_Season_2002/Abhimanamennadu/Abhimanamennadu.taniSegKNN,Abhimanamennadu.taniSegKNN,.tanisegknn,16
Carnatic,"aa5f376f-06cd-4a69-9cc9-b1077104e0b0/O__S__Thyagarajan/Live_At_Sree_Rama_Seva_Mandali,_Bangalore/Varnnam_Intachalamu/Varnnam_Intachalamu.pitchSilIntrpPP",Varnnam_Intachalamu.pitchSilIntrpPP,.pitchsilintrppp,4862300
Carnatic,"aa5f376f-06cd-4a69-9cc9-b1077104e0b0/O__S__Thyagarajan/Live_At_Sree_Rama_Seva_Mandali,_Bangalore/Varnnam_Intachalamu/Varnnam_Intachalamu.pitch",Varnnam_Intachalamu.pitch,.pitch,2262538
Carnatic,"aa5f376f-06cd-4a69-9cc9-b1077104e0b0/O__S__Thyagarajan/Live_At_Sree_Rama_Seva_Mandali,_Bangalore/Varnnam_Intachalamu/Varnnam_Intachalamu.flatSegNyas",Varnnam_Intachalamu.flatSegNyas,.flatsegnyas,6116
Carnatic,"aa5f376f-06cd-4a69-9cc9-b1077104e0b0/O__S__Thyagarajan/Live_At_Sree_Rama_Seva_Mandali,_Bangalore/Varnnam_Intachalamu/Varnnam_Intachalamu.tonicFine",Varnnam_Intachalamu.tonicFine,.tonicfine,25
Carnatic,"aa5f376f-06cd-4a69-9cc9-b1077104e0b0/O__S__Thyagarajan/Live_At_Sree_Rama_Seva_Mandali,_Bangalore/Varnnam_Intachalamu/Varnnam_Intachalamu.tonic",Varnnam_Intachalamu.tonic,.tonic,10
Carnatic,"aa5f376f-06cd-4a69-9cc9-b1077104e0b0/O__S__Thyagarajan/Live_At_Sree_Rama_Seva_Mandali,_Bangalore/Varnnam_Intachalamu/Varnnam_Intachalamu.taniSegKNN",Varnnam_Intachalamu.taniSegKNN,.tanisegknn,0
Carnatic,aa5f376f-06cd-4a69-9cc9-b1077104e0b0/Nithyasree_Mahadevan/December_Season_2009/Tyagarajaya_Namaste/Tyagarajaya_Namaste.taniSegKNN,Tyagarajaya_Namaste.taniSegKNN,.tanisegknn,0
Carnatic,aa5f376f-06cd-4a69-9cc9-b1077104e0b0/Nithyasree_Mahadevan/December_Season_2009/Tyagarajaya_Namaste/Tyagarajaya_Namaste.tonicFine,Tyagarajaya_Namaste.tonicFine,.tonicfine,25
Carnatic,aa5f376f-06cd-4a69-9cc9-b1077104e0b0/Nithyasree_Mahadevan/December_Season_2009/Tyagarajaya_Namaste/Tyagarajaya_Namaste.pitchSilIntrpPP,Tyagarajaya_Namaste.pitchSilIntrpPP,.pitchsilintrppp,16136300
Carnatic,aa5f376f-06cd-4a69-9cc9-b1077104e0b0/Nithyasree_Mahadevan/December_Season_2009/Tyagarajaya_Namaste/Tyagarajaya_Namaste.tonic,Tyagarajaya_Namaste.tonic,.tonic,10
Carnatic,aa5f376f-06cd-4a69-9cc9-b1077104e0b0/Nithyasree_Mahadevan/December_Season_2009/Tyagarajaya_Namaste/Tyagarajaya_Namaste.pitch,Tyagarajaya_Namaste.pitch,.pitch,7674113
Carnatic,aa5f376f-06cd-4a69-9cc9-b1077104e0b0/Nithyasree_Mahadevan/December_Season_2009/Tyagarajaya_Namaste/Tyagarajaya_Namaste.flatSegNyas,Tyagarajaya_Namaste.flatSegNyas,.flatsegnyas,22258
Carnatic,aa5f376f-06cd-4a69-9cc9-b1077104e0b0/Nithyasree_Mahadevan/December_Season_2008/Va_Muruga_Va/Va_Muruga_Va.pitchSilIntrpPP,Va_Muruga_Va.pitchSilIntrpPP,.pitchsilintrppp,5023300
Carnatic,aa5f376f-06cd-4a69-9cc9-b1077104e0b0/Nithyasree_Mahadevan/December_Season_2008/Va_Muruga_Va/Va_Muruga_Va.tonic,Va_Muruga_Va.tonic,.tonic,10
Carnatic,aa5f376f-06cd-4a69-9cc9-b1077104e0b0/Nithyasree_Mahadevan/December_Season_2008/Va_Muruga_Va/Va_Muruga_Va.tonicFine,Va_Muruga_Va.tonicFine,.tonicfine,25
Carnatic,aa5f376f-06cd-4a69-9cc9-b1077104e0b0/Nithyasree_Mahadevan/December_Season_2008/Va_Muruga_Va/Va_Muruga_Va.taniSegKNN,Va_Muruga_Va.taniSegKNN,.tanisegknn,0
Carnatic,aa5f376f-06cd-4a69-9cc9-b1077104e0b0/Nithyasree_Mahadevan/December_Season_2008/Va_Muruga_Va/Va_Muruga_Va.pitch,Va_Muruga_Va.pitch,.pitch,2345634
Carnatic,aa5f376f-06cd-4a69-9cc9-b1077104e0b0/Nithyasree_Mahadevan/December_Season_2008/Va_Muruga_Va/Va_Muruga_Va.flatSegNyas,Va_Muruga_Va.flatSegNyas,.flatsegnyas,5840
Carnatic,aa5f376f-06cd-4a69-9cc9-b1077104e0b0/Ranjani_Guruprasad/December_Season_2010/Nadopasana/Nadopasana.pitch,Nadopasana.pitch,.pitch,9276738
Carnatic,aa5f376f-06cd-4a69-9cc9-b1077104e0b0/Ranjani_Guruprasad/December_Season_2010/Nadopasana/Nadopasana.tonicFine,Nadopasana.tonicFine,.tonicfine,25
Carnatic,aa5f376f-06cd-4a69-9cc9-b1077104e0b0/Ranjani_Guruprasad/December_Season_2010/Nadopasana/Nadopasana.tonic,Nadopasana.tonic,.tonic,10
Carnatic,aa5f376f-06cd-4a69-9cc9-b1077104e0b0/Ranjani_Guruprasad/December_Season_2010/Nadopasana/Nadopasana.taniSegKNN,Nadopasana.taniSegKNN,.tanisegknn,18
Carnatic,aa5f376f-06cd-4a69-9cc9-b1077104e0b0/Ranjani_Guruprasad/December_Season_2010/Nadopasana/Nadopasana.flatSegNyas,Nadopasana.flatSegNyas,.flatsegnyas,26756
Carnatic,aa5f376f-06cd-4a69-9cc9-b1077104e0b0/Ranjani_Guruprasad/December_Season_2010/Nadopasana/Nadopasana.pitchSilIntrpPP,Nadopasana.pitchSilIntrpPP,.pitchsilintrppp,19471250
Carnatic,50bd048f-4482-4c5b-850c-9ad5e5ec46f1/S_Sundar/Dr_S_Sundar_at_Arkay/Eppadi_Manam_Thunindhadho/Eppadi_Manam_Thunindhadho.taniSegKNN,Eppadi_Manam_Thunindhadho.taniSegKNN,.tanisegknn,0
Carnatic,50bd048f-4482-4c5b-850c-9ad5e5ec46f1/S_Sundar/Dr_S_Sundar_at_Arkay/Eppadi_Manam_Thunindhadho/Eppadi_Manam_Thunindhadho.tonicFine,Eppadi_Manam_Thunindhadho.tonicFine,.tonicfine,25
Carnatic,50bd048f-4482-4c5b-850c-9ad5e5ec46f1/S_Sundar/Dr_S_Sundar_at_Arkay/Eppadi_Manam_Thunindhadho/Eppadi_Manam_Thunindhadho.pitch,Eppadi_Manam_Thunindhadho.pitch,.pitch,2358208
Carnatic,50bd048f-4482-4c5b-850c-9ad5e5ec46f1/S_Sundar/Dr_S_Sundar_at_Arkay/Eppadi_Manam_Thunindhadho/Eppadi_Manam_Thunindhadho.tonic,Eppadi_Manam_Thunindhadho.tonic,.tonic,10
Carnatic,50bd048f-4482-4c5b-850c-9ad5e5ec46f1/S_Sundar/Dr_S_Sundar_at_Arkay/Eppadi_Manam_Thunindhadho/Eppadi_Manam_Thunindhadho.flatSegNyas,Eppadi_Manam_Thunindhadho.flatSegNyas,.flatsegnyas,5794
Carnatic,50bd048f-4482-4c5b-850c-9ad5e5ec46f1/S_Sundar/Dr_S_Sundar_at_Arkay/Eppadi_Manam_Thunindhadho/Eppadi_Manam_Thunindhadho.pitchSilIntrpPP,Eppadi_Manam_Thunindhadho.pitchSilIntrpPP,.pitchsilintrppp,5098550
Carnatic,50bd048f-4482-4c5b-850c-9ad5e5ec46f1/K__V__Narayanaswami/K__V__Narayanaswami_concert_at_Ghatkopar_Bombay_1971/Eppadimanam/Eppadimanam.flatSegNyas,Eppadimanam.flatSegNyas,.flatsegnyas,4122
Carnatic,50bd048f-4482-4c5b-850c-9ad5e5ec46f1/K__V__Narayanaswami/K__V__Narayanaswami_concert_at_Ghatkopar_Bombay_1971/Eppadimanam/Eppadimanam.taniSegKNN,Eppadimanam.taniSegKNN,.tanisegknn,13
Carnatic,50bd048f-4482-4c5b-850c-9ad5e5ec46f1/K__V__Narayanaswami/K__V__Narayanaswami_concert_at_Ghatkopar_Bombay_1971/Eppadimanam/Eppadimanam.pitchSilIntrpPP,Eppadimanam.pitchSilIntrpPP,.pitchsilintrppp,3423450
Carnatic,50bd048f-4482-4c5b-850c-9ad5e5ec46f1/K__V__Narayanaswami/K__V__Narayanaswami_concert_at_Ghatkopar_Bombay_1971/Eppadimanam/Eppadimanam.pitch,Eppadimanam.pitch,.pitch,1582084
Carnatic,50bd048f-4482-4c5b-850c-9ad5e5ec46f1/K__V__Narayanaswami/K__V__Narayanaswami_concert_at_Ghatkopar_Bombay_1971/Eppadimanam/Eppadimanam.tonicFine,Eppadimanam.tonicFine,.tonicfine,25
Carnatic,50bd048f-4482-4c5b-850c-9ad5e5ec46f1/K__V__Narayanaswami/K__V__Narayanaswami_concert_at_Ghatkopar_Bombay_1971/Eppadimanam/Eppadimanam.tonic,Eppadimanam.tonic,.tonic,9
Carnatic,50bd048f-4482-4c5b-850c-9ad5e5ec46f1/K__V__Narayanaswami/Paddhatti/Pahimam_Brihannayike/Pahimam_Brihannayike.pitchSilIntrpPP,Pahimam_Brihannayike.pitchSilIntrpPP,.pitchsilintrppp,5038900
Carnatic,50bd048f-4482-4c5b-850c-9ad5e5ec46f1/K__V__Narayanaswami/Paddhatti/Pahimam_Brihannayike/Pahimam_Brihannayike.flatSegNyas,Pahimam_Brihannayike.flatSegNyas,.flatsegnyas,5244
Carnatic,50bd048f-4482-4c5b-850c-9ad5e5ec46f1/K__V__Narayanaswami/Paddhatti/Pahimam_Brihannayike/Pahimam_Brihannayike.tonicFine,Pahimam_Brihannayike.tonicFine,.tonicfine,25
Carnatic,50bd048f-4482-4c5b-850c-9ad5e5ec46f1/K__V__Narayanaswami/Paddhatti/Pahimam_Brihannayike/Pahimam_Brihannayike.tonic,Pahimam_Brihannayike.tonic,.tonic,10
Carnatic,50bd048f-4482-4c5b-850c-9ad5e5ec46f1/K__V__Narayanaswami/Paddhatti/Pahimam_Brihannayike/Pahimam_Brihannayike.taniSegKNN,Pahimam_Brihannayike.taniSegKNN,.tanisegknn,0
Carnatic,50bd048f-4482-4c5b-850c-9ad5e5ec46f1/K__V__Narayanaswami/Paddhatti/Pahimam_Brihannayike/Pahimam_Brihannayike.pitch,Pahimam_Brihannayike.pitch,.pitch,2325548
Carnatic,50bd048f-4482-4c5b-850c-9ad5e5ec46f1/Bombay_Jayashri/December_Season_2008/Eppadi_Manam/Eppadi_Manam.tonicFine,Eppadi_Manam.tonicFine,.tonicfine,25
Carnatic,50bd048f-4482-4c5b-850c-9ad5e5ec46f1/Bombay_Jayashri/December_Season_2008/Eppadi_Manam/Eppadi_Manam.pitchSilIntrpPP,Eppadi_Manam.pitchSilIntrpPP,.pitchsilintrppp,4005650
Carnatic,50bd048f-4482-4c5b-850c-9ad5e5ec46f1/Bombay_Jayashri/December_Season_2008/Eppadi_Manam/Eppadi_Manam.taniSegKNN,Eppadi_Manam.taniSegKNN,.tanisegknn,0
Carnatic,50bd048f-4482-4c5b-850c-9ad5e5ec46f1/Bombay_Jayashri/December_Season_2008/Eppadi_Manam/Eppadi_Manam.flatSegNyas,Eppadi_Manam.flatSegNyas,.flatsegnyas,5468
Carnatic,50bd048f-4482-4c5b-850c-9ad5e5ec46f1/Bombay_Jayashri/December_Season_2008/Eppadi_Manam/Eppadi_Manam.tonic,Eppadi_Manam.tonic,.tonic,10
Carnatic,50bd048f-4482-4c5b-850c-9ad5e5ec46f1/Bombay_Jayashri/December_Season_2008/Eppadi_Manam/Eppadi_Manam.pitch,Eppadi_Manam.pitch,.pitch,1865374
Carnatic,50bd048f-4482-4c5b-850c-9ad5e5ec46f1/Semmangudi_Srinivasa_Iyer/Paddhatti/Emani_Vegintune/Emani_Vegintune.tonicFine,Emani_Vegintune.tonicFine,.tonicfine,25
Carnatic,50bd048f-4482-4c5b-850c-9ad5e5ec46f1/Semmangudi_Srinivasa_Iyer/Paddhatti/Emani_Vegintune/Emani_Vegintune.tonic,Emani_Vegintune.tonic,.tonic,10
Carnatic,50bd048f-4482-4c5b-850c-9ad5e5ec46f1/Semmangudi_Srinivasa_Iyer/Paddhatti/Emani_Vegintune/Emani_Vegintune.flatSegNyas,Emani_Vegintune.flatSegNyas,.flatsegnyas,3032
Carnatic,50bd048f-4482-4c5b-850c-9ad5e5ec46f1/Semmangudi_Srinivasa_Iyer/Paddhatti/Emani_Vegintune/Emani_Vegintune.pitch,Emani_Vegintune.pitch,.pitch,1113270
Carnatic,50bd048f-4482-4c5b-850c-9ad5e5ec46f1/Semmangudi_Srinivasa_Iyer/Paddhatti/Emani_Vegintune/Emani_Vegintune.pitchSilIntrpPP,Emani_Vegintune.pitchSilIntrpPP,.pitchsilintrppp,2426350
Carnatic,50bd048f-4482-4c5b-850c-9ad5e5ec46f1/Semmangudi_Srinivasa_Iyer/Paddhatti/Emani_Vegintune/Emani_Vegintune.taniSegKNN,Emani_Vegintune.taniSegKNN,.tanisegknn,0
Carnatic,"50bd048f-4482-4c5b-850c-9ad5e5ec46f1/Sanjay_Subrahmanyan/Kutcheri,_Live_in_Kalaksetra/Eppadi_Manam/Eppadi_Manam.tonicFine",Eppadi_Manam.tonicFine,.tonicfine,25
Carnatic,"50bd048f-4482-4c5b-850c-9ad5e5ec46f1/Sanjay_Subrahmanyan/Kutcheri,_Live_in_Kalaksetra/Eppadi_Manam/Eppadi_Manam.pitchSilIntrpPP",Eppadi_Manam.pitchSilIntrpPP,.pitchsilintrppp,9931350
Carnatic,"50bd048f-4482-4c5b-850c-9ad5e5ec46f1/Sanjay_Subrahmanyan/Kutcheri,_Live_in_Kalaksetra/Eppadi_Manam/Eppadi_Manam.taniSegKNN",Eppadi_Manam.taniSegKNN,.tanisegknn,16
Carnatic,"50bd048f-4482-4c5b-850c-9ad5e5ec46f1/Sanjay_Subrahmanyan/Kutcheri,_Live_in_Kalaksetra/Eppadi_Manam/Eppadi_Manam.flatSegNyas",Eppadi_Manam.flatSegNyas,.flatsegnyas,10846
Carnatic,"50bd048f-4482-4c5b-850c-9ad5e5ec46f1/Sanjay_Subrahmanyan/Kutcheri,_Live_in_Kalaksetra/Eppadi_Manam/Eppadi_Manam.tonic",Eppadi_Manam.tonic,.tonic,10
Carnatic,"50bd048f-4482-4c5b-850c-9ad5e5ec46f1/Sanjay_Subrahmanyan/Kutcheri,_Live_in_Kalaksetra/Eppadi_Manam/Eppadi_Manam.pitch",Eppadi_Manam.pitch,.pitch,4607443
Carnatic,50bd048f-4482-4c5b-850c-9ad5e5ec46f1/Sanjay_Subrahmanyan/December_Season_2011/Eppadi_Manam/Eppadi_Manam.tonicFine,Eppadi_Manam.tonicFine,.tonicfine,25
Carnatic,50bd048f-4482-4c5b-850c-9ad5e5ec46f1/Sanjay_Subrahmanyan/December_Season_2011/Eppadi_Manam/Eppadi_Manam.pitchSilIntrpPP,Eppadi_Manam.pitchSilIntrpPP,.pitchsilintrppp,3640050
Carnatic,50bd048f-4482-4c5b-850c-9ad5e5ec46f1/Sanjay_Subrahmanyan/December_Season_2011/Eppadi_Manam/Eppadi_Manam.taniSegKNN,Eppadi_Manam.taniSegKNN,.tanisegknn,0
Carnatic,50bd048f-4482-4c5b-850c-9ad5e5ec46f1/Sanjay_Subrahmanyan/December_Season_2011/Eppadi_Manam/Eppadi_Manam.flatSegNyas,Eppadi_Manam.flatSegNyas,.flatsegnyas,4587
Carnatic,50bd048f-4482-4c5b-850c-9ad5e5ec46f1/Sanjay_Subrahmanyan/December_Season_2011/Eppadi_Manam/Eppadi_Manam.tonic,Eppadi_Manam.tonic,.tonic,10
Carnatic,50bd048f-4482-4c5b-850c-9ad5e5ec46f1/Sanjay_Subrahmanyan/December_Season_2011/Eppadi_Manam/Eppadi_Manam.pitch,Eppadi_Manam.pitch,.pitch,1684483
Carnatic,50bd048f-4482-4c5b-850c-9ad5e5ec46f1/Sikkil_Gurucharan/December_Season_2009/Emani_Vegintune/Emani_Vegintune.tonicFine,Emani_Vegintune.tonicFine,.tonicfine,25
Carnatic,50bd048f-4482-4c5b-850c-9ad5e5ec46f1/Sikkil_Gurucharan/December_Season_2009/Emani_Vegintune/Emani_Vegintune.tonic,Emani_Vegintune.tonic,.tonic,10
Carnatic,50bd048f-4482-4c5b-850c-9ad5e5ec46f1/Sikkil_Gurucharan/December_Season_2009/Emani_Vegintune/Emani_Vegintune.flatSegNyas,Emani_Vegintune.flatSegNyas,.flatsegnyas,3774
Carnatic,50bd048f-4482-4c5b-850c-9ad5e5ec46f1/Sikkil_Gurucharan/December_Season_2009/Emani_Vegintune/Emani_Vegintune.pitch,Emani_Vegintune.pitch,.pitch,1613073
Carnatic,50bd048f-4482-4c5b-850c-9ad5e5ec46f1/Sikkil_Gurucharan/December_Season_2009/Emani_Vegintune/Emani_Vegintune.pitchSilIntrpPP,Emani_Vegintune.pitchSilIntrpPP,.pitchsilintrppp,3483100
Carnatic,50bd048f-4482-4c5b-850c-9ad5e5ec46f1/Sikkil_Gurucharan/December_Season_2009/Emani_Vegintune/Emani_Vegintune.taniSegKNN,Emani_Vegintune.taniSegKNN,.tanisegknn,16
Carnatic,50bd048f-4482-4c5b-850c-9ad5e5ec46f1/Aruna_Sairam/Madrasil_Margazhi_2006/Raghuveera/Raghuveera.taniSegKNN,Raghuveera.taniSegKNN,.tanisegknn,0
Carnatic,50bd048f-4482-4c5b-850c-9ad5e5ec46f1/Aruna_Sairam/Madrasil_Margazhi_2006/Raghuveera/Raghuveera.flatSegNyas,Raghuveera.flatSegNyas,.flatsegnyas,3236
Carnatic,50bd048f-4482-4c5b-850c-9ad5e5ec46f1/Aruna_Sairam/Madrasil_Margazhi_2006/Raghuveera/Raghuveera.pitchSilIntrpPP,Raghuveera.pitchSilIntrpPP,.pitchsilintrppp,2880950
Carnatic,50bd048f-4482-4c5b-850c-9ad5e5ec46f1/Aruna_Sairam/Madrasil_Margazhi_2006/Raghuveera/Raghuveera.pitch,Raghuveera.pitch,.pitch,1325340
Carnatic,50bd048f-4482-4c5b-850c-9ad5e5ec46f1/Aruna_Sairam/Madrasil_Margazhi_2006/Raghuveera/Raghuveera.tonic,Raghuveera.tonic,.tonic,9
Carnatic,50bd048f-4482-4c5b-850c-9ad5e5ec46f1/Aruna_Sairam/Madrasil_Margazhi_2006/Raghuveera/Raghuveera.tonicFine,Raghuveera.tonicFine,.tonicfine,25
Carnatic,50bd048f-4482-4c5b-850c-9ad5e5ec46f1/Ramnad_Krishnan/Ramnad_Krishnan_concert_at_Music_Academy_1969/Enna_Punniyam/Enna_Punniyam.flatSegNyas,Enna_Punniyam.flatSegNyas,.flatsegnyas,3966
Carnatic,50bd048f-4482-4c5b-850c-9ad5e5ec46f1/Ramnad_Krishnan/Ramnad_Krishnan_concert_at_Music_Academy_1969/Enna_Punniyam/Enna_Punniyam.tonic,Enna_Punniyam.tonic,.tonic,10
Carnatic,50bd048f-4482-4c5b-850c-9ad5e5ec46f1/Ramnad_Krishnan/Ramnad_Krishnan_concert_at_Music_Academy_1969/Enna_Punniyam/Enna_Punniyam.pitchSilIntrpPP,Enna_Punniyam.pitchSilIntrpPP,.pitchsilintrppp,3743500
Carnatic,50bd048f-4482-4c5b-850c-9ad5e5ec46f1/Ramnad_Krishnan/Ramnad_Krishnan_concert_at_Music_Academy_1969/Enna_Punniyam/Enna_Punniyam.pitch,Enna_Punniyam.pitch,.pitch,1741793
Carnatic,50bd048f-4482-4c5b-850c-9ad5e5ec46f1/Ramnad_Krishnan/Ramnad_Krishnan_concert_at_Music_Academy_1969/Enna_Punniyam/Enna_Punniyam.taniSegKNN,Enna_Punniyam.taniSegKNN,.tanisegknn,12
Carnatic,50bd048f-4482-4c5b-850c-9ad5e5ec46f1/Ramnad_Krishnan/Ramnad_Krishnan_concert_at_Music_Academy_1969/Enna_Punniyam/Enna_Punniyam.tonicFine,Enna_Punniyam.tonicFine,.tonicfine,25
Carnatic,50bd048f-4482-4c5b-850c-9ad5e5ec46f1/Nithyasree_Mahadevan/December_Season_2007/RaghuveeraRanadheera/RaghuveeraRanadheera.pitchSilIntrpPP,RaghuveeraRanadheera.pitchSilIntrpPP,.pitchsilintrppp,4098500
Carnatic,50bd048f-4482-4c5b-850c-9ad5e5ec46f1/Nithyasree_Mahadevan/December_Season_2007/RaghuveeraRanadheera/RaghuveeraRanadheera.taniSegKNN,RaghuveeraRanadheera.taniSegKNN,.tanisegknn,0
Carnatic,50bd048f-4482-4c5b-850c-9ad5e5ec46f1/Nithyasree_Mahadevan/December_Season_2007/RaghuveeraRanadheera/RaghuveeraRanadheera.flatSegNyas,RaghuveeraRanadheera.flatSegNyas,.flatsegnyas,4295
Carnatic,50bd048f-4482-4c5b-850c-9ad5e5ec46f1/Nithyasree_Mahadevan/December_Season_2007/RaghuveeraRanadheera/RaghuveeraRanadheera.tonic,RaghuveeraRanadheera.tonic,.tonic,10
Carnatic,50bd048f-4482-4c5b-850c-9ad5e5ec46f1/Nithyasree_Mahadevan/December_Season_2007/RaghuveeraRanadheera/RaghuveeraRanadheera.pitch,RaghuveeraRanadheera.pitch,.pitch,1906388
Carnatic,50bd048f-4482-4c5b-850c-9ad5e5ec46f1/Nithyasree_Mahadevan/December_Season_2007/RaghuveeraRanadheera/RaghuveeraRanadheera.tonicFine,RaghuveeraRanadheera.tonicFine,.tonicfine,25
Carnatic,50bd048f-4482-4c5b-850c-9ad5e5ec46f1/Nedunuri_Krishnamurthy/Paddhatti/Emani_Vegintune/Emani_Vegintune.tonicFine,Emani_Vegintune.tonicFine,.tonicfine,25
Carnatic,50bd048f-4482-4c5b-850c-9ad5e5ec46f1/Nedunuri_Krishnamurthy/Paddhatti/Emani_Vegintune/Emani_Vegintune.tonic,Emani_Vegintune.tonic,.tonic,10
Carnatic,50bd048f-4482-4c5b-850c-9ad5e5ec46f1/Nedunuri_Krishnamurthy/Paddhatti/Emani_Vegintune/Emani_Vegintune.flatSegNyas,Emani_Vegintune.flatSegNyas,.flatsegnyas,3991
Carnatic,50bd048f-4482-4c5b-850c-9ad5e5ec46f1/Nedunuri_Krishnamurthy/Paddhatti/Emani_Vegintune/Emani_Vegintune.pitch,Emani_Vegintune.pitch,.pitch,1234586
Carnatic,50bd048f-4482-4c5b-850c-9ad5e5ec46f1/Nedunuri_Krishnamurthy/Paddhatti/Emani_Vegintune/Emani_Vegintune.pitchSilIntrpPP,Emani_Vegintune.pitchSilIntrpPP,.pitchsilintrppp,2663800
Carnatic,50bd048f-4482-4c5b-850c-9ad5e5ec46f1/Nedunuri_Krishnamurthy/Paddhatti/Emani_Vegintune/Emani_Vegintune.taniSegKNN,Emani_Vegintune.taniSegKNN,.tanisegknn,16
Carnatic,39821826-3327-41d7-9cd5-e22fe7b08360/Kunnakkudi_M_Balamuralikrishna/December_Season_2007/Nannu_Palimpa/Nannu_Palimpa.tonicFine,Nannu_Palimpa.tonicFine,.tonicfine,25
Carnatic,39821826-3327-41d7-9cd5-e22fe7b08360/Kunnakkudi_M_Balamuralikrishna/December_Season_2007/Nannu_Palimpa/Nannu_Palimpa.pitch,Nannu_Palimpa.pitch,.pitch,8197401
Carnatic,39821826-3327-41d7-9cd5-e22fe7b08360/Kunnakkudi_M_Balamuralikrishna/December_Season_2007/Nannu_Palimpa/Nannu_Palimpa.taniSegKNN,Nannu_Palimpa.taniSegKNN,.tanisegknn,17
Carnatic,39821826-3327-41d7-9cd5-e22fe7b08360/Kunnakkudi_M_Balamuralikrishna/December_Season_2007/Nannu_Palimpa/Nannu_Palimpa.pitchSilIntrpPP,Nannu_Palimpa.pitchSilIntrpPP,.pitchsilintrppp,17285950
Carnatic,39821826-3327-41d7-9cd5-e22fe7b08360/Kunnakkudi_M_Balamuralikrishna/December_Season_2007/Nannu_Palimpa/Nannu_Palimpa.tonic,Nannu_Palimpa.tonic,.tonic,10
Carnatic,39821826-3327-41d7-9cd5-e22fe7b08360/Kunnakkudi_M_Balamuralikrishna/December_Season_2007/Nannu_Palimpa/Nannu_Palimpa.flatSegNyas,Nannu_Palimpa.flatSegNyas,.flatsegnyas,16510
Carnatic,39821826-3327-41d7-9cd5-e22fe7b08360/Sumithra_Vasudev/Sumitra_Vasudev_at_Arkay/Mati_Matiki/Mati_Matiki.tonicFine,Mati_Matiki.tonicFine,.tonicfine,25
Carnatic,39821826-3327-41d7-9cd5-e22fe7b08360/Sumithra_Vasudev/Sumitra_Vasudev_at_Arkay/Mati_Matiki/Mati_Matiki.pitch,Mati_Matiki.pitch,.pitch,14037624
Carnatic,39821826-3327-41d7-9cd5-e22fe7b08360/Sumithra_Vasudev/Sumitra_Vasudev_at_Arkay/Mati_Matiki/Mati_Matiki.pitchSilIntrpPP,Mati_Matiki.pitchSilIntrpPP,.pitchsilintrppp,29214750
Carnatic,39821826-3327-41d7-9cd5-e22fe7b08360/Sumithra_Vasudev/Sumitra_Vasudev_at_Arkay/Mati_Matiki/Mati_Matiki.tonic,Mati_Matiki.tonic,.tonic,10
Carnatic,39821826-3327-41d7-9cd5-e22fe7b08360/Sumithra_Vasudev/Sumitra_Vasudev_at_Arkay/Mati_Matiki/Mati_Matiki.flatSegNyas,Mati_Matiki.flatSegNyas,.flatsegnyas,40898
Carnatic,39821826-3327-41d7-9cd5-e22fe7b08360/Sumithra_Vasudev/Sumitra_Vasudev_at_Arkay/Mati_Matiki/Mati_Matiki.taniSegKNN,Mati_Matiki.taniSegKNN,.tanisegknn,36
Carnatic,39821826-3327-41d7-9cd5-e22fe7b08360/K__V__Narayanaswami/Collectors_Choice/Evarura/Evarura.taniSegKNN,Evarura.taniSegKNN,.tanisegknn,0
Carnatic,39821826-3327-41d7-9cd5-e22fe7b08360/K__V__Narayanaswami/Collectors_Choice/Evarura/Evarura.tonicFine,Evarura.tonicFine,.tonicfine,25
Carnatic,39821826-3327-41d7-9cd5-e22fe7b08360/K__V__Narayanaswami/Collectors_Choice/Evarura/Evarura.tonic,Evarura.tonic,.tonic,10
Carnatic,39821826-3327-41d7-9cd5-e22fe7b08360/K__V__Narayanaswami/Collectors_Choice/Evarura/Evarura.pitchSilIntrpPP,Evarura.pitchSilIntrpPP,.pitchsilintrppp,5379800
Carnatic,39821826-3327-41d7-9cd5-e22fe7b08360/K__V__Narayanaswami/Collectors_Choice/Evarura/Evarura.pitch,Evarura.pitch,.pitch,2496344
Carnatic,39821826-3327-41d7-9cd5-e22fe7b08360/K__V__Narayanaswami/Collectors_Choice/Evarura/Evarura.flatSegNyas,Evarura.flatSegNyas,.flatsegnyas,6104
Carnatic,39821826-3327-41d7-9cd5-e22fe7b08360/Chaitra_Sairam/Chaitra_Sairam_at_Arkay/Rakta_Ganapatim/Rakta_Ganapatim.pitch,Rakta_Ganapatim.pitch,.pitch,2202093
Carnatic,39821826-3327-41d7-9cd5-e22fe7b08360/Chaitra_Sairam/Chaitra_Sairam_at_Arkay/Rakta_Ganapatim/Rakta_Ganapatim.flatSegNyas,Rakta_Ganapatim.flatSegNyas,.flatsegnyas,5167
Carnatic,39821826-3327-41d7-9cd5-e22fe7b08360/Chaitra_Sairam/Chaitra_Sairam_at_Arkay/Rakta_Ganapatim/Rakta_Ganapatim.tonic,Rakta_Ganapatim.tonic,.tonic,10
Carnatic,39821826-3327-41d7-9cd5-e22fe7b08360/Chaitra_Sairam/Chaitra_Sairam_at_Arkay/Rakta_Ganapatim/Rakta_Ganapatim.pitchSilIntrpPP,Rakta_Ganapatim.pitchSilIntrpPP,.pitchsilintrppp,4726800
Carnatic,39821826-3327-41d7-9cd5-e22fe7b08360/Chaitra_Sairam/Chaitra_Sairam_at_Arkay/Rakta_Ganapatim/Rakta_Ganapatim.tonicFine,Rakta_Ganapatim.tonicFine,.tonicfine,25
Carnatic,39821826-3327-41d7-9cd5-e22fe7b08360/Chaitra_Sairam/Chaitra_Sairam_at_Arkay/Rakta_Ganapatim/Rakta_Ganapatim.taniSegKNN,Rakta_Ganapatim.taniSegKNN,.tanisegknn,0
Carnatic,"39821826-3327-41d7-9cd5-e22fe7b08360/Sanjay_Subrahmanyan/Kutcheri,_Live_at_Gokhale_Hall/Kapali/Kapali.taniSegKNN",Kapali.taniSegKNN,.tanisegknn,18
Carnatic,"39821826-3327-41d7-9cd5-e22fe7b08360/Sanjay_Subrahmanyan/Kutcheri,_Live_at_Gokhale_Hall/Kapali/Kapali.tonic",Kapali.tonic,.tonic,10
Carnatic,"39821826-3327-41d7-9cd5-e22fe7b08360/Sanjay_Subrahmanyan/Kutcheri,_Live_at_Gokhale_Hall/Kapali/Kapali.flatSegNyas",Kapali.flatSegNyas,.flatsegnyas,15612
Carnatic,"39821826-3327-41d7-9cd5-e22fe7b08360/Sanjay_Subrahmanyan/Kutcheri,_Live_at_Gokhale_Hall/Kapali/Kapali.pitch",Kapali.pitch,.pitch,6958817
Carnatic,"39821826-3327-41d7-9cd5-e22fe7b08360/Sanjay_Subrahmanyan/Kutcheri,_Live_at_Gokhale_Hall/Kapali/Kapali.tonicFine",Kapali.tonicFine,.tonicfine,25
Carnatic,"39821826-3327-41d7-9cd5-e22fe7b08360/Sanjay_Subrahmanyan/Kutcheri,_Live_at_Gokhale_Hall/Kapali/Kapali.pitchSilIntrpPP",Kapali.pitchSilIntrpPP,.pitchsilintrppp,14792400
Carnatic,39821826-3327-41d7-9cd5-e22fe7b08360/Sanjay_Subrahmanyan/December_Season_2001/Mohana_Rama/Mohana_Rama.flatSegNyas,Mohana_Rama.flatSegNyas,.flatsegnyas,27478
Carnatic,39821826-3327-41d7-9cd5-e22fe7b08360/Sanjay_Subrahmanyan/December_Season_2001/Mohana_Rama/Mohana_Rama.tonicFine,Mohana_Rama.tonicFine,.tonicfine,25
Carnatic,39821826-3327-41d7-9cd5-e22fe7b08360/Sanjay_Subrahmanyan/December_Season_2001/Mohana_Rama/Mohana_Rama.tonic,Mohana_Rama.tonic,.tonic,10
Carnatic,39821826-3327-41d7-9cd5-e22fe7b08360/Sanjay_Subrahmanyan/December_Season_2001/Mohana_Rama/Mohana_Rama.pitchSilIntrpPP,Mohana_Rama.pitchSilIntrpPP,.pitchsilintrppp,21223900
Carnatic,39821826-3327-41d7-9cd5-e22fe7b08360/Sanjay_Subrahmanyan/December_Season_2001/Mohana_Rama/Mohana_Rama.pitch,Mohana_Rama.pitch,.pitch,10162751
Carnatic,39821826-3327-41d7-9cd5-e22fe7b08360/Sanjay_Subrahmanyan/December_Season_2001/Mohana_Rama/Mohana_Rama.taniSegKNN,Mohana_Rama.taniSegKNN,.tanisegknn,36
Carnatic,39821826-3327-41d7-9cd5-e22fe7b08360/Prasanna_Venkataraman/December_Season_2009/Nannupalimpa/Nannupalimpa.tonicFine,Nannupalimpa.tonicFine,.tonicfine,25
Carnatic,39821826-3327-41d7-9cd5-e22fe7b08360/Prasanna_Venkataraman/December_Season_2009/Nannupalimpa/Nannupalimpa.pitchSilIntrpPP,Nannupalimpa.pitchSilIntrpPP,.pitchsilintrppp,32128850
Carnatic,39821826-3327-41d7-9cd5-e22fe7b08360/Prasanna_Venkataraman/December_Season_2009/Nannupalimpa/Nannupalimpa.flatSegNyas,Nannupalimpa.flatSegNyas,.flatsegnyas,42827
Carnatic,39821826-3327-41d7-9cd5-e22fe7b08360/Prasanna_Venkataraman/December_Season_2009/Nannupalimpa/Nannupalimpa.taniSegKNN,Nannupalimpa.taniSegKNN,.tanisegknn,36
Carnatic,39821826-3327-41d7-9cd5-e22fe7b08360/Prasanna_Venkataraman/December_Season_2009/Nannupalimpa/Nannupalimpa.pitch,Nannupalimpa.pitch,.pitch,15491551
Carnatic,39821826-3327-41d7-9cd5-e22fe7b08360/Prasanna_Venkataraman/December_Season_2009/Nannupalimpa/Nannupalimpa.tonic,Nannupalimpa.tonic,.tonic,10
Carnatic,39821826-3327-41d7-9cd5-e22fe7b08360/Prasanna_Venkataraman/December_Season_2007/Rama_Ninne/Rama_Ninne.tonic,Rama_Ninne.tonic,.tonic,10
Carnatic,39821826-3327-41d7-9cd5-e22fe7b08360/Prasanna_Venkataraman/December_Season_2007/Rama_Ninne/Rama_Ninne.flatSegNyas,Rama_Ninne.flatSegNyas,.flatsegnyas,9768
Carnatic,39821826-3327-41d7-9cd5-e22fe7b08360/Prasanna_Venkataraman/December_Season_2007/Rama_Ninne/Rama_Ninne.pitch,Rama_Ninne.pitch,.pitch,3231359
Carnatic,39821826-3327-41d7-9cd5-e22fe7b08360/Prasanna_Venkataraman/December_Season_2007/Rama_Ninne/Rama_Ninne.pitchSilIntrpPP,Rama_Ninne.pitchSilIntrpPP,.pitchsilintrppp,6960000
Carnatic,39821826-3327-41d7-9cd5-e22fe7b08360/Prasanna_Venkataraman/December_Season_2007/Rama_Ninne/Rama_Ninne.taniSegKNN,Rama_Ninne.taniSegKNN,.tanisegknn,0
Carnatic,39821826-3327-41d7-9cd5-e22fe7b08360/Prasanna_Venkataraman/December_Season_2007/Rama_Ninne/Rama_Ninne.tonicFine,Rama_Ninne.tonicFine,.tonicfine,25
Carnatic,39821826-3327-41d7-9cd5-e22fe7b08360/Prasanna_Venkataraman/December_Season_2011/Narayana_Divya_namam/Narayana_Divya_namam.taniSegKNN,Narayana_Divya_namam.taniSegKNN,.tanisegknn,18
Carnatic,39821826-3327-41d7-9cd5-e22fe7b08360/Prasanna_Venkataraman/December_Season_2011/Narayana_Divya_namam/Narayana_Divya_namam.pitchSilIntrpPP,Narayana_Divya_namam.pitchSilIntrpPP,.pitchsilintrppp,29846550
Carnatic,39821826-3327-41d7-9cd5-e22fe7b08360/Prasanna_Venkataraman/December_Season_2011/Narayana_Divya_namam/Narayana_Divya_namam.pitch,Narayana_Divya_namam.pitch,.pitch,14345210
Carnatic,39821826-3327-41d7-9cd5-e22fe7b08360/Prasanna_Venkataraman/December_Season_2011/Narayana_Divya_namam/Narayana_Divya_namam.tonic,Narayana_Divya_namam.tonic,.tonic,10
Carnatic,39821826-3327-41d7-9cd5-e22fe7b08360/Prasanna_Venkataraman/December_Season_2011/Narayana_Divya_namam/Narayana_Divya_namam.tonicFine,Narayana_Divya_namam.tonicFine,.tonicfine,25
Carnatic,39821826-3327-41d7-9cd5-e22fe7b08360/Prasanna_Venkataraman/December_Season_2011/Narayana_Divya_namam/Narayana_Divya_namam.flatSegNyas,Narayana_Divya_namam.flatSegNyas,.flatsegnyas,36120
Carnatic,39821826-3327-41d7-9cd5-e22fe7b08360/Prasanna_Venkataraman/December_Season_2008/Maruvakadaya/Maruvakadaya.tonic,Maruvakadaya.tonic,.tonic,10
Carnatic,39821826-3327-41d7-9cd5-e22fe7b08360/Prasanna_Venkataraman/December_Season_2008/Maruvakadaya/Maruvakadaya.pitchSilIntrpPP,Maruvakadaya.pitchSilIntrpPP,.pitchsilintrppp,6268500
Carnatic,39821826-3327-41d7-9cd5-e22fe7b08360/Prasanna_Venkataraman/December_Season_2008/Maruvakadaya/Maruvakadaya.tonicFine,Maruvakadaya.tonicFine,.tonicfine,25
Carnatic,39821826-3327-41d7-9cd5-e22fe7b08360/Prasanna_Venkataraman/December_Season_2008/Maruvakadaya/Maruvakadaya.taniSegKNN,Maruvakadaya.taniSegKNN,.tanisegknn,0
Carnatic,39821826-3327-41d7-9cd5-e22fe7b08360/Prasanna_Venkataraman/December_Season_2008/Maruvakadaya/Maruvakadaya.pitch,Maruvakadaya.pitch,.pitch,2895943
Carnatic,39821826-3327-41d7-9cd5-e22fe7b08360/Prasanna_Venkataraman/December_Season_2008/Maruvakadaya/Maruvakadaya.flatSegNyas,Maruvakadaya.flatSegNyas,.flatsegnyas,6897
Carnatic,39821826-3327-41d7-9cd5-e22fe7b08360/Sangeetha_Swaminathan/December_Season_2011/Pahimam_Parvati/Pahimam_Parvati.tonic,Pahimam_Parvati.tonic,.tonic,10
Carnatic,39821826-3327-41d7-9cd5-e22fe7b08360/Sangeetha_Swaminathan/December_Season_2011/Pahimam_Parvati/Pahimam_Parvati.tonicFine,Pahimam_Parvati.tonicFine,.tonicfine,25
Carnatic,39821826-3327-41d7-9cd5-e22fe7b08360/Sangeetha_Swaminathan/December_Season_2011/Pahimam_Parvati/Pahimam_Parvati.taniSegKNN,Pahimam_Parvati.taniSegKNN,.tanisegknn,0
Carnatic,39821826-3327-41d7-9cd5-e22fe7b08360/Sangeetha_Swaminathan/December_Season_2011/Pahimam_Parvati/Pahimam_Parvati.pitchSilIntrpPP,Pahimam_Parvati.pitchSilIntrpPP,.pitchsilintrppp,10322800
Carnatic,39821826-3327-41d7-9cd5-e22fe7b08360/Sangeetha_Swaminathan/December_Season_2011/Pahimam_Parvati/Pahimam_Parvati.flatSegNyas,Pahimam_Parvati.flatSegNyas,.flatsegnyas,10662
Carnatic,39821826-3327-41d7-9cd5-e22fe7b08360/Sangeetha_Swaminathan/December_Season_2011/Pahimam_Parvati/Pahimam_Parvati.pitch,Pahimam_Parvati.pitch,.pitch,4823732
Carnatic,39821826-3327-41d7-9cd5-e22fe7b08360/Amrutha_Venkatesh/December_Season_2010/Vandaan_Vandaan_Bharatha/Vandaan_Vandaan_Bharatha.flatSegNyas,Vandaan_Vandaan_Bharatha.flatSegNyas,.flatsegnyas,13038
Carnatic,39821826-3327-41d7-9cd5-e22fe7b08360/Amrutha_Venkatesh/December_Season_2010/Vandaan_Vandaan_Bharatha/Vandaan_Vandaan_Bharatha.pitchSilIntrpPP,Vandaan_Vandaan_Bharatha.pitchSilIntrpPP,.pitchsilintrppp,10900300
Carnatic,39821826-3327-41d7-9cd5-e22fe7b08360/Amrutha_Venkatesh/December_Season_2010/Vandaan_Vandaan_Bharatha/Vandaan_Vandaan_Bharatha.taniSegKNN,Vandaan_Vandaan_Bharatha.taniSegKNN,.tanisegknn,16
Carnatic,39821826-3327-41d7-9cd5-e22fe7b08360/Amrutha_Venkatesh/December_Season_2010/Vandaan_Vandaan_Bharatha/Vandaan_Vandaan_Bharatha.tonicFine,Vandaan_Vandaan_Bharatha.tonicFine,.tonicfine,25
Carnatic,39821826-3327-41d7-9cd5-e22fe7b08360/Amrutha_Venkatesh/December_Season_2010/Vandaan_Vandaan_Bharatha/Vandaan_Vandaan_Bharatha.pitch,Vandaan_Vandaan_Bharatha.pitch,.pitch,5095942
Carnatic,39821826-3327-41d7-9cd5-e22fe7b08360/Amrutha_Venkatesh/December_Season_2010/Vandaan_Vandaan_Bharatha/Vandaan_Vandaan_Bharatha.tonic,Vandaan_Vandaan_Bharatha.tonic,.tonic,10
Carnatic,123b09bd-9901-4e64-a65a-10b02c9e0597/D__K__Jayaraman/Paddhatti_Live_In_Concert_1990/Thaye_Ezhai/Thaye_Ezhai.tonic,Thaye_Ezhai.tonic,.tonic,10
Carnatic,123b09bd-9901-4e64-a65a-10b02c9e0597/D__K__Jayaraman/Paddhatti_Live_In_Concert_1990/Thaye_Ezhai/Thaye_Ezhai.tonicFine,Thaye_Ezhai.tonicFine,.tonicfine,25
Carnatic,123b09bd-9901-4e64-a65a-10b02c9e0597/D__K__Jayaraman/Paddhatti_Live_In_Concert_1990/Thaye_Ezhai/Thaye_Ezhai.pitchSilIntrpPP,Thaye_Ezhai.pitchSilIntrpPP,.pitchsilintrppp,4592800
Carnatic,123b09bd-9901-4e64-a65a-10b02c9e0597/D__K__Jayaraman/Paddhatti_Live_In_Concert_1990/Thaye_Ezhai/Thaye_Ezhai.taniSegKNN,Thaye_Ezhai.taniSegKNN,.tanisegknn,27
Carnatic,123b09bd-9901-4e64-a65a-10b02c9e0597/D__K__Jayaraman/Paddhatti_Live_In_Concert_1990/Thaye_Ezhai/Thaye_Ezhai.flatSegNyas,Thaye_Ezhai.flatSegNyas,.flatsegnyas,3472
Carnatic,123b09bd-9901-4e64-a65a-10b02c9e0597/D__K__Jayaraman/Paddhatti_Live_In_Concert_1990/Thaye_Ezhai/Thaye_Ezhai.pitch,Thaye_Ezhai.pitch,.pitch,2116640
Carnatic,123b09bd-9901-4e64-a65a-10b02c9e0597/T__M__Krishna/December_Season_2009/Balagopala_Special_Note_by_T_M_Krishna/Balagopala_Special_Note_by_T_M_Krishna.tonicFine,Balagopala_Special_Note_by_T_M_Krishna.tonicFine,.tonicfine,25
Carnatic,123b09bd-9901-4e64-a65a-10b02c9e0597/T__M__Krishna/December_Season_2009/Balagopala_Special_Note_by_T_M_Krishna/Balagopala_Special_Note_by_T_M_Krishna.flatSegNyas,Balagopala_Special_Note_by_T_M_Krishna.flatSegNyas,.flatsegnyas,42086
Carnatic,123b09bd-9901-4e64-a65a-10b02c9e0597/T__M__Krishna/December_Season_2009/Balagopala_Special_Note_by_T_M_Krishna/Balagopala_Special_Note_by_T_M_Krishna.tonic,Balagopala_Special_Note_by_T_M_Krishna.tonic,.tonic,9
Carnatic,123b09bd-9901-4e64-a65a-10b02c9e0597/T__M__Krishna/December_Season_2009/Balagopala_Special_Note_by_T_M_Krishna/Balagopala_Special_Note_by_T_M_Krishna.taniSegKNN,Balagopala_Special_Note_by_T_M_Krishna.taniSegKNN,.tanisegknn,18
Carnatic,123b09bd-9901-4e64-a65a-10b02c9e0597/T__M__Krishna/December_Season_2009/Balagopala_Special_Note_by_T_M_Krishna/Balagopala_Special_Note_by_T_M_Krishna.pitchSilIntrpPP,Balagopala_Special_Note_by_T_M_Krishna.pitchSilIntrpPP,.pitchsilintrppp,32045350
Carnatic,123b09bd-9901-4e64-a65a-10b02c9e0597/T__M__Krishna/December_Season_2009/Balagopala_Special_Note_by_T_M_Krishna/Balagopala_Special_Note_by_T_M_Krishna.pitch,Balagopala_Special_Note_by_T_M_Krishna.pitch,.pitch,15410933
Carnatic,123b09bd-9901-4e64-a65a-10b02c9e0597/T__M__Krishna/December_Season_1999/Viriboni/Viriboni.taniSegKNN,Viriboni.taniSegKNN,.tanisegknn,16
Carnatic,123b09bd-9901-4e64-a65a-10b02c9e0597/T__M__Krishna/December_Season_1999/Viriboni/Viriboni.flatSegNyas,Viriboni.flatSegNyas,.flatsegnyas,5236
Carnatic,123b09bd-9901-4e64-a65a-10b02c9e0597/T__M__Krishna/December_Season_1999/Viriboni/Viriboni.tonicFine,Viriboni.tonicFine,.tonicfine,25
Carnatic,123b09bd-9901-4e64-a65a-10b02c9e0597/T__M__Krishna/December_Season_1999/Viriboni/Viriboni.pitch,Viriboni.pitch,.pitch,2501981
Carnatic,123b09bd-9901-4e64-a65a-10b02c9e0597/T__M__Krishna/December_Season_1999/Viriboni/Viriboni.tonic,Viriboni.tonic,.tonic,10
Carnatic,123b09bd-9901-4e64-a65a-10b02c9e0597/T__M__Krishna/December_Season_1999/Viriboni/Viriboni.pitchSilIntrpPP,Viriboni.pitchSilIntrpPP,.pitchsilintrppp,5419200
Carnatic,123b09bd-9901-4e64-a65a-10b02c9e0597/Rithvik_Raja/Rithvik_Raja_at_Arkay/Chintayama_Kanda/Chintayama_Kanda.tonic,Chintayama_Kanda.tonic,.tonic,10
Carnatic,123b09bd-9901-4e64-a65a-10b02c9e0597/Rithvik_Raja/Rithvik_Raja_at_Arkay/Chintayama_Kanda/Chintayama_Kanda.flatSegNyas,Chintayama_Kanda.flatSegNyas,.flatsegnyas,16883
Carnatic,123b09bd-9901-4e64-a65a-10b02c9e0597/Rithvik_Raja/Rithvik_Raja_at_Arkay/Chintayama_Kanda/Chintayama_Kanda.taniSegKNN,Chintayama_Kanda.taniSegKNN,.tanisegknn,147
Carnatic,123b09bd-9901-4e64-a65a-10b02c9e0597/Rithvik_Raja/Rithvik_Raja_at_Arkay/Chintayama_Kanda/Chintayama_Kanda.pitchSilIntrpPP,Chintayama_Kanda.pitchSilIntrpPP,.pitchsilintrppp,13303050
Carnatic,123b09bd-9901-4e64-a65a-10b02c9e0597/Rithvik_Raja/Rithvik_Raja_at_Arkay/Chintayama_Kanda/Chintayama_Kanda.tonicFine,Chintayama_Kanda.tonicFine,.tonicfine,25
Carnatic,123b09bd-9901-4e64-a65a-10b02c9e0597/Rithvik_Raja/Rithvik_Raja_at_Arkay/Chintayama_Kanda/Chintayama_Kanda.pitch,Chintayama_Kanda.pitch,.pitch,6245947
Carnatic,123b09bd-9901-4e64-a65a-10b02c9e0597/Bombay_Jayashri/Madrasil_Margazhi_2006/Sri_Raghuvara_Sugunalaya/Sri_Raghuvara_Sugunalaya.pitchSilIntrpPP,Sri_Raghuvara_Sugunalaya.pitchSilIntrpPP,.pitchsilintrppp,22975150
Carnatic,123b09bd-9901-4e64-a65a-10b02c9e0597/Bombay_Jayashri/Madrasil_Margazhi_2006/Sri_Raghuvara_Sugunalaya/Sri_Raghuvara_Sugunalaya.pitch,Sri_Raghuvara_Sugunalaya.pitch,.pitch,11030731
Carnatic,123b09bd-9901-4e64-a65a-10b02c9e0597/Bombay_Jayashri/Madrasil_Margazhi_2006/Sri_Raghuvara_Sugunalaya/Sri_Raghuvara_Sugunalaya.flatSegNyas,Sri_Raghuvara_Sugunalaya.flatSegNyas,.flatsegnyas,28267
Carnatic,123b09bd-9901-4e64-a65a-10b02c9e0597/Bombay_Jayashri/Madrasil_Margazhi_2006/Sri_Raghuvara_Sugunalaya/Sri_Raghuvara_Sugunalaya.taniSegKNN,Sri_Raghuvara_Sugunalaya.taniSegKNN,.tanisegknn,36
Carnatic,123b09bd-9901-4e64-a65a-10b02c9e0597/Bombay_Jayashri/Madrasil_Margazhi_2006/Sri_Raghuvara_Sugunalaya/Sri_Raghuvara_Sugunalaya.tonicFine,Sri_Raghuvara_Sugunalaya.tonicFine,.tonicfine,25
Carnatic,123b09bd-9901-4e64-a65a-10b02c9e0597/Bombay_Jayashri/Madrasil_Margazhi_2006/Sri_Raghuvara_Sugunalaya/Sri_Raghuvara_Sugunalaya.tonic,Sri_Raghuvara_Sugunalaya.tonic,.tonic,10
Carnatic,123b09bd-9901-4e64-a65a-10b02c9e0597/Gayathri_Venkataraghavan/December_Season_2001/Sariyevaramma/Sariyevaramma.taniSegKNN,Sariyevaramma.taniSegKNN,.tanisegknn,18
Carnatic,123b09bd-9901-4e64-a65a-10b02c9e0597/Gayathri_Venkataraghavan/December_Season_2001/Sariyevaramma/Sariyevaramma.flatSegNyas,Sariyevaramma.flatSegNyas,.flatsegnyas,25120
Carnatic,123b09bd-9901-4e64-a65a-10b02c9e0597/Gayathri_Venkataraghavan/December_Season_2001/Sariyevaramma/Sariyevaramma.pitch,Sariyevaramma.pitch,.pitch,9466299
Carnatic,123b09bd-9901-4e64-a65a-10b02c9e0597/Gayathri_Venkataraghavan/December_Season_2001/Sariyevaramma/Sariyevaramma.tonicFine,Sariyevaramma.tonicFine,.tonicfine,25
Carnatic,123b09bd-9901-4e64-a65a-10b02c9e0597/Gayathri_Venkataraghavan/December_Season_2001/Sariyevaramma/Sariyevaramma.pitchSilIntrpPP,Sariyevaramma.pitchSilIntrpPP,.pitchsilintrppp,19839750
Carnatic,123b09bd-9901-4e64-a65a-10b02c9e0597/Gayathri_Venkataraghavan/December_Season_2001/Sariyevaramma/Sariyevaramma.tonic,Sariyevaramma.tonic,.tonic,10
Carnatic,123b09bd-9901-4e64-a65a-10b02c9e0597/Gayathri_Venkataraghavan/December_Season_2008/Ni_Pada_Mule/Ni_Pada_Mule.pitchSilIntrpPP,Ni_Pada_Mule.pitchSilIntrpPP,.pitchsilintrppp,40835250
Carnatic,123b09bd-9901-4e64-a65a-10b02c9e0597/Gayathri_Venkataraghavan/December_Season_2008/Ni_Pada_Mule/Ni_Pada_Mule.flatSegNyas,Ni_Pada_Mule.flatSegNyas,.flatsegnyas,55556
Carnatic,123b09bd-9901-4e64-a65a-10b02c9e0597/Gayathri_Venkataraghavan/December_Season_2008/Ni_Pada_Mule/Ni_Pada_Mule.tonic,Ni_Pada_Mule.tonic,.tonic,9
Carnatic,123b09bd-9901-4e64-a65a-10b02c9e0597/Gayathri_Venkataraghavan/December_Season_2008/Ni_Pada_Mule/Ni_Pada_Mule.taniSegKNN,Ni_Pada_Mule.taniSegKNN,.tanisegknn,70
Carnatic,123b09bd-9901-4e64-a65a-10b02c9e0597/Gayathri_Venkataraghavan/December_Season_2008/Ni_Pada_Mule/Ni_Pada_Mule.pitch,Ni_Pada_Mule.pitch,.pitch,19859410
Carnatic,123b09bd-9901-4e64-a65a-10b02c9e0597/Gayathri_Venkataraghavan/December_Season_2008/Ni_Pada_Mule/Ni_Pada_Mule.tonicFine,Ni_Pada_Mule.tonicFine,.tonicfine,25
Carnatic,123b09bd-9901-4e64-a65a-10b02c9e0597/Amritha_Murali/December_Season_2009/Enati_Nomu_Phalamu/Enati_Nomu_Phalamu.pitchSilIntrpPP,Enati_Nomu_Phalamu.pitchSilIntrpPP,.pitchsilintrppp,16473100
Carnatic,123b09bd-9901-4e64-a65a-10b02c9e0597/Amritha_Murali/December_Season_2009/Enati_Nomu_Phalamu/Enati_Nomu_Phalamu.taniSegKNN,Enati_Nomu_Phalamu.taniSegKNN,.tanisegknn,18
Carnatic,123b09bd-9901-4e64-a65a-10b02c9e0597/Amritha_Murali/December_Season_2009/Enati_Nomu_Phalamu/Enati_Nomu_Phalamu.tonic,Enati_Nomu_Phalamu.tonic,.tonic,10
Carnatic,123b09bd-9901-4e64-a65a-10b02c9e0597/Amritha_Murali/December_Season_2009/Enati_Nomu_Phalamu/Enati_Nomu_Phalamu.tonicFine,Enati_Nomu_Phalamu.tonicFine,.tonicfine,25
Carnatic,123b09bd-9901-4e64-a65a-10b02c9e0597/Amritha_Murali/December_Season_2009/Enati_Nomu_Phalamu/Enati_Nomu_Phalamu.pitch,Enati_Nomu_Phalamu.pitch,.pitch,7846786
Carnatic,123b09bd-9901-4e64-a65a-10b02c9e0597/Amritha_Murali/December_Season_2009/Enati_Nomu_Phalamu/Enati_Nomu_Phalamu.flatSegNyas,Enati_Nomu_Phalamu.flatSegNyas,.flatsegnyas,22486
Carnatic,123b09bd-9901-4e64-a65a-10b02c9e0597/Amritha_Murali/December_Season_2008/Upacharamu/Upacharamu.pitchSilIntrpPP,Upacharamu.pitchSilIntrpPP,.pitchsilintrppp,6667850
Carnatic,123b09bd-9901-4e64-a65a-10b02c9e0597/Amritha_Murali/December_Season_2008/Upacharamu/Upacharamu.pitch,Upacharamu.pitch,.pitch,3110993
Carnatic,123b09bd-9901-4e64-a65a-10b02c9e0597/Amritha_Murali/December_Season_2008/Upacharamu/Upacharamu.tonic,Upacharamu.tonic,.tonic,10
Carnatic,123b09bd-9901-4e64-a65a-10b02c9e0597/Amritha_Murali/December_Season_2008/Upacharamu/Upacharamu.tonicFine,Upacharamu.tonicFine,.tonicfine,25
Carnatic,123b09bd-9901-4e64-a65a-10b02c9e0597/Amritha_Murali/December_Season_2008/Upacharamu/Upacharamu.flatSegNyas,Upacharamu.flatSegNyas,.flatsegnyas,9626
Carnatic,123b09bd-9901-4e64-a65a-10b02c9e0597/Amritha_Murali/December_Season_2008/Upacharamu/Upacharamu.taniSegKNN,Upacharamu.taniSegKNN,.tanisegknn,0
Carnatic,123b09bd-9901-4e64-a65a-10b02c9e0597/Sanjay_Subrahmanyan/Live_at_Kamarajar_Hall/Kamakshi/Kamakshi.flatSegNyas,Kamakshi.flatSegNyas,.flatsegnyas,17036
Carnatic,123b09bd-9901-4e64-a65a-10b02c9e0597/Sanjay_Subrahmanyan/Live_at_Kamarajar_Hall/Kamakshi/Kamakshi.pitch,Kamakshi.pitch,.pitch,6426462
Carnatic,123b09bd-9901-4e64-a65a-10b02c9e0597/Sanjay_Subrahmanyan/Live_at_Kamarajar_Hall/Kamakshi/Kamakshi.taniSegKNN,Kamakshi.taniSegKNN,.tanisegknn,0
Carnatic,123b09bd-9901-4e64-a65a-10b02c9e0597/Sanjay_Subrahmanyan/Live_at_Kamarajar_Hall/Kamakshi/Kamakshi.tonic,Kamakshi.tonic,.tonic,10
Carnatic,123b09bd-9901-4e64-a65a-10b02c9e0597/Sanjay_Subrahmanyan/Live_at_Kamarajar_Hall/Kamakshi/Kamakshi.pitchSilIntrpPP,Kamakshi.pitchSilIntrpPP,.pitchsilintrppp,13769400
Carnatic,123b09bd-9901-4e64-a65a-10b02c9e0597/Sanjay_Subrahmanyan/Live_at_Kamarajar_Hall/Kamakshi/Kamakshi.tonicFine,Kamakshi.tonicFine,.tonicfine,25
Carnatic,123b09bd-9901-4e64-a65a-10b02c9e0597/Nisha_P_Rajagopal/December_Season_2009/Raksha_Bettare/Raksha_Bettare.pitch,Raksha_Bettare.pitch,.pitch,16853569
Carnatic,123b09bd-9901-4e64-a65a-10b02c9e0597/Nisha_P_Rajagopal/December_Season_2009/Raksha_Bettare/Raksha_Bettare.flatSegNyas,Raksha_Bettare.flatSegNyas,.flatsegnyas,47980
Carnatic,123b09bd-9901-4e64-a65a-10b02c9e0597/Nisha_P_Rajagopal/December_Season_2009/Raksha_Bettare/Raksha_Bettare.taniSegKNN,Raksha_Bettare.taniSegKNN,.tanisegknn,18
Carnatic,123b09bd-9901-4e64-a65a-10b02c9e0597/Nisha_P_Rajagopal/December_Season_2009/Raksha_Bettare/Raksha_Bettare.tonic,Raksha_Bettare.tonic,.tonic,10
Carnatic,123b09bd-9901-4e64-a65a-10b02c9e0597/Nisha_P_Rajagopal/December_Season_2009/Raksha_Bettare/Raksha_Bettare.pitchSilIntrpPP,Raksha_Bettare.pitchSilIntrpPP,.pitchsilintrppp,35037050
Carnatic,123b09bd-9901-4e64-a65a-10b02c9e0597/Nisha_P_Rajagopal/December_Season_2009/Raksha_Bettare/Raksha_Bettare.tonicFine,Raksha_Bettare.tonicFine,.tonicfine,25
Carnatic,123b09bd-9901-4e64-a65a-10b02c9e0597/Sikkil_Gurucharan/December_Season_2006/Keechu_Keechu/Keechu_Keechu.flatSegNyas,Keechu_Keechu.flatSegNyas,.flatsegnyas,4380
Carnatic,123b09bd-9901-4e64-a65a-10b02c9e0597/Sikkil_Gurucharan/December_Season_2006/Keechu_Keechu/Keechu_Keechu.pitch,Keechu_Keechu.pitch,.pitch,1817800
Carnatic,123b09bd-9901-4e64-a65a-10b02c9e0597/Sikkil_Gurucharan/December_Season_2006/Keechu_Keechu/Keechu_Keechu.pitchSilIntrpPP,Keechu_Keechu.pitchSilIntrpPP,.pitchsilintrppp,3918350
Carnatic,123b09bd-9901-4e64-a65a-10b02c9e0597/Sikkil_Gurucharan/December_Season_2006/Keechu_Keechu/Keechu_Keechu.tonic,Keechu_Keechu.tonic,.tonic,10
Carnatic,123b09bd-9901-4e64-a65a-10b02c9e0597/Sikkil_Gurucharan/December_Season_2006/Keechu_Keechu/Keechu_Keechu.taniSegKNN,Keechu_Keechu.taniSegKNN,.tanisegknn,0
Carnatic,123b09bd-9901-4e64-a65a-10b02c9e0597/Sikkil_Gurucharan/December_Season_2006/Keechu_Keechu/Keechu_Keechu.tonicFine,Keechu_Keechu.tonicFine,.tonicfine,25
Carnatic,a47e9d22-847a-46e8-b589-2a3537789f5f/T__Brinda/All_Time_Favourites_-_Vol_5/Daritapu/Daritapu.pitch,Daritapu.pitch,.pitch,5497873
Carnatic,a47e9d22-847a-46e8-b589-2a3537789f5f/T__Brinda/All_Time_Favourites_-_Vol_5/Daritapu/Daritapu.flatSegNyas,Daritapu.flatSegNyas,.flatsegnyas,12034
Carnatic,a47e9d22-847a-46e8-b589-2a3537789f5f/T__Brinda/All_Time_Favourites_-_Vol_5/Daritapu/Daritapu.pitchSilIntrpPP,Daritapu.pitchSilIntrpPP,.pitchsilintrppp,11708450
Carnatic,a47e9d22-847a-46e8-b589-2a3537789f5f/T__Brinda/All_Time_Favourites_-_Vol_5/Daritapu/Daritapu.taniSegKNN,Daritapu.taniSegKNN,.tanisegknn,0
Carnatic,a47e9d22-847a-46e8-b589-2a3537789f5f/T__Brinda/All_Time_Favourites_-_Vol_5/Daritapu/Daritapu.tonic,Daritapu.tonic,.tonic,10
Carnatic,a47e9d22-847a-46e8-b589-2a3537789f5f/T__Brinda/All_Time_Favourites_-_Vol_5/Daritapu/Daritapu.tonicFine,Daritapu.tonicFine,.tonicfine,25
Carnatic,a47e9d22-847a-46e8-b589-2a3537789f5f/Sumithra_Vasudev/December_Season_2010/Velaiyya/Velaiyya.taniSegKNN,Velaiyya.taniSegKNN,.tanisegknn,0
Carnatic,a47e9d22-847a-46e8-b589-2a3537789f5f/Sumithra_Vasudev/December_Season_2010/Velaiyya/Velaiyya.pitchSilIntrpPP,Velaiyya.pitchSilIntrpPP,.pitchsilintrppp,4565150
Carnatic,a47e9d22-847a-46e8-b589-2a3537789f5f/Sumithra_Vasudev/December_Season_2010/Velaiyya/Velaiyya.flatSegNyas,Velaiyya.flatSegNyas,.flatsegnyas,5530
Carnatic,a47e9d22-847a-46e8-b589-2a3537789f5f/Sumithra_Vasudev/December_Season_2010/Velaiyya/Velaiyya.tonicFine,Velaiyya.tonicFine,.tonicfine,25
Carnatic,a47e9d22-847a-46e8-b589-2a3537789f5f/Sumithra_Vasudev/December_Season_2010/Velaiyya/Velaiyya.pitch,Velaiyya.pitch,.pitch,2121190
Carnatic,a47e9d22-847a-46e8-b589-2a3537789f5f/Sumithra_Vasudev/December_Season_2010/Velaiyya/Velaiyya.tonic,Velaiyya.tonic,.tonic,10
Carnatic,a47e9d22-847a-46e8-b589-2a3537789f5f/Sumithra_Vasudev/December_Season_2011/Daridaapuleka/Daridaapuleka.flatSegNyas,Daridaapuleka.flatSegNyas,.flatsegnyas,20474
Carnatic,a47e9d22-847a-46e8-b589-2a3537789f5f/Sumithra_Vasudev/December_Season_2011/Daridaapuleka/Daridaapuleka.tonicFine,Daridaapuleka.tonicFine,.tonicfine,25
Carnatic,a47e9d22-847a-46e8-b589-2a3537789f5f/Sumithra_Vasudev/December_Season_2011/Daridaapuleka/Daridaapuleka.tonic,Daridaapuleka.tonic,.tonic,10
Carnatic,a47e9d22-847a-46e8-b589-2a3537789f5f/Sumithra_Vasudev/December_Season_2011/Daridaapuleka/Daridaapuleka.pitch,Daridaapuleka.pitch,.pitch,8988172
Carnatic,a47e9d22-847a-46e8-b589-2a3537789f5f/Sumithra_Vasudev/December_Season_2011/Daridaapuleka/Daridaapuleka.taniSegKNN,Daridaapuleka.taniSegKNN,.tanisegknn,0
Carnatic,a47e9d22-847a-46e8-b589-2a3537789f5f/Sumithra_Vasudev/December_Season_2011/Daridaapuleka/Daridaapuleka.pitchSilIntrpPP,Daridaapuleka.pitchSilIntrpPP,.pitchsilintrppp,18830000
Carnatic,a47e9d22-847a-46e8-b589-2a3537789f5f/T__M__Krishna/December_Season_2005/Sarasuda_Ninne/Sarasuda_Ninne.taniSegKNN,Sarasuda_Ninne.taniSegKNN,.tanisegknn,12
Carnatic,a47e9d22-847a-46e8-b589-2a3537789f5f/T__M__Krishna/December_Season_2005/Sarasuda_Ninne/Sarasuda_Ninne.flatSegNyas,Sarasuda_Ninne.flatSegNyas,.flatsegnyas,3069
Carnatic,a47e9d22-847a-46e8-b589-2a3537789f5f/T__M__Krishna/December_Season_2005/Sarasuda_Ninne/Sarasuda_Ninne.tonicFine,Sarasuda_Ninne.tonicFine,.tonicfine,25
Carnatic,a47e9d22-847a-46e8-b589-2a3537789f5f/T__M__Krishna/December_Season_2005/Sarasuda_Ninne/Sarasuda_Ninne.pitchSilIntrpPP,Sarasuda_Ninne.pitchSilIntrpPP,.pitchsilintrppp,3601550
Carnatic,a47e9d22-847a-46e8-b589-2a3537789f5f/T__M__Krishna/December_Season_2005/Sarasuda_Ninne/Sarasuda_Ninne.tonic,Sarasuda_Ninne.tonic,.tonic,10
Carnatic,a47e9d22-847a-46e8-b589-2a3537789f5f/T__M__Krishna/December_Season_2005/Sarasuda_Ninne/Sarasuda_Ninne.pitch,Sarasuda_Ninne.pitch,.pitch,1668714
Carnatic,a47e9d22-847a-46e8-b589-2a3537789f5f/M_S__Subbulakshmi/Paddhatti/Sri_Kamakoti_Peethasthite/Sri_Kamakoti_Peethasthite.taniSegKNN,Sri_Kamakoti_Peethasthite.taniSegKNN,.tanisegknn,0
Carnatic,a47e9d22-847a-46e8-b589-2a3537789f5f/M_S__Subbulakshmi/Paddhatti/Sri_Kamakoti_Peethasthite/Sri_Kamakoti_Peethasthite.tonic,Sri_Kamakoti_Peethasthite.tonic,.tonic,10
Carnatic,a47e9d22-847a-46e8-b589-2a3537789f5f/M_S__Subbulakshmi/Paddhatti/Sri_Kamakoti_Peethasthite/Sri_Kamakoti_Peethasthite.pitchSilIntrpPP,Sri_Kamakoti_Peethasthite.pitchSilIntrpPP,.pitchsilintrppp,14003650
Carnatic,a47e9d22-847a-46e8-b589-2a3537789f5f/M_S__Subbulakshmi/Paddhatti/Sri_Kamakoti_Peethasthite/Sri_Kamakoti_Peethasthite.pitch,Sri_Kamakoti_Peethasthite.pitch,.pitch,6628993
Carnatic,a47e9d22-847a-46e8-b589-2a3537789f5f/M_S__Subbulakshmi/Paddhatti/Sri_Kamakoti_Peethasthite/Sri_Kamakoti_Peethasthite.flatSegNyas,Sri_Kamakoti_Peethasthite.flatSegNyas,.flatsegnyas,15764
Carnatic,a47e9d22-847a-46e8-b589-2a3537789f5f/M_S__Subbulakshmi/Paddhatti/Sri_Kamakoti_Peethasthite/Sri_Kamakoti_Peethasthite.tonicFine,Sri_Kamakoti_Peethasthite.tonicFine,.tonicfine,25
Carnatic,a47e9d22-847a-46e8-b589-2a3537789f5f/S__Sowmya/Bharat_Sangeet_Utsav/Sarasuda/Sarasuda.taniSegKNN,Sarasuda.taniSegKNN,.tanisegknn,0
Carnatic,a47e9d22-847a-46e8-b589-2a3537789f5f/S__Sowmya/Bharat_Sangeet_Utsav/Sarasuda/Sarasuda.pitch,Sarasuda.pitch,.pitch,2229754
Carnatic,a47e9d22-847a-46e8-b589-2a3537789f5f/S__Sowmya/Bharat_Sangeet_Utsav/Sarasuda/Sarasuda.flatSegNyas,Sarasuda.flatSegNyas,.flatsegnyas,4319
Carnatic,a47e9d22-847a-46e8-b589-2a3537789f5f/S__Sowmya/Bharat_Sangeet_Utsav/Sarasuda/Sarasuda.pitchSilIntrpPP,Sarasuda.pitchSilIntrpPP,.pitchsilintrppp,4799400
Carnatic,a47e9d22-847a-46e8-b589-2a3537789f5f/S__Sowmya/Bharat_Sangeet_Utsav/Sarasuda/Sarasuda.tonic,Sarasuda.tonic,.tonic,10
Carnatic,a47e9d22-847a-46e8-b589-2a3537789f5f/S__Sowmya/Bharat_Sangeet_Utsav/Sarasuda/Sarasuda.tonicFine,Sarasuda.tonicFine,.tonicfine,25
Carnatic,a47e9d22-847a-46e8-b589-2a3537789f5f/Bombay_Jayashri/Classical_Vocal/Muruga_Muruga/Muruga_Muruga.pitchSilIntrpPP,Muruga_Muruga.pitchSilIntrpPP,.pitchsilintrppp,5820900
Carnatic,a47e9d22-847a-46e8-b589-2a3537789f5f/Bombay_Jayashri/Classical_Vocal/Muruga_Muruga/Muruga_Muruga.taniSegKNN,Muruga_Muruga.taniSegKNN,.tanisegknn,0
Carnatic,a47e9d22-847a-46e8-b589-2a3537789f5f/Bombay_Jayashri/Classical_Vocal/Muruga_Muruga/Muruga_Muruga.pitch,Muruga_Muruga.pitch,.pitch,2731920
Carnatic,a47e9d22-847a-46e8-b589-2a3537789f5f/Bombay_Jayashri/Classical_Vocal/Muruga_Muruga/Muruga_Muruga.tonic,Muruga_Muruga.tonic,.tonic,10
Carnatic,a47e9d22-847a-46e8-b589-2a3537789f5f/Bombay_Jayashri/Classical_Vocal/Muruga_Muruga/Muruga_Muruga.flatSegNyas,Muruga_Muruga.flatSegNyas,.flatsegnyas,7241
Carnatic,a47e9d22-847a-46e8-b589-2a3537789f5f/Bombay_Jayashri/Classical_Vocal/Muruga_Muruga/Muruga_Muruga.tonicFine,Muruga_Muruga.tonicFine,.tonicfine,25
Carnatic,a47e9d22-847a-46e8-b589-2a3537789f5f/Sanjay_Subrahmanyan/December_Season_2010/Muruga_Muzhumadi/Muruga_Muzhumadi.pitch,Muruga_Muzhumadi.pitch,.pitch,7607846
Carnatic,a47e9d22-847a-46e8-b589-2a3537789f5f/Sanjay_Subrahmanyan/December_Season_2010/Muruga_Muzhumadi/Muruga_Muzhumadi.taniSegKNN,Muruga_Muzhumadi.taniSegKNN,.tanisegknn,0
Carnatic,a47e9d22-847a-46e8-b589-2a3537789f5f/Sanjay_Subrahmanyan/December_Season_2010/Muruga_Muzhumadi/Muruga_Muzhumadi.pitchSilIntrpPP,Muruga_Muzhumadi.pitchSilIntrpPP,.pitchsilintrppp,16104850
Carnatic,a47e9d22-847a-46e8-b589-2a3537789f5f/Sanjay_Subrahmanyan/December_Season_2010/Muruga_Muzhumadi/Muruga_Muzhumadi.tonic,Muruga_Muzhumadi.tonic,.tonic,10
Carnatic,a47e9d22-847a-46e8-b589-2a3537789f5f/Sanjay_Subrahmanyan/December_Season_2010/Muruga_Muzhumadi/Muruga_Muzhumadi.flatSegNyas,Muruga_Muzhumadi.flatSegNyas,.flatsegnyas,14805
Carnatic,a47e9d22-847a-46e8-b589-2a3537789f5f/Sanjay_Subrahmanyan/December_Season_2010/Muruga_Muzhumadi/Muruga_Muzhumadi.tonicFine,Muruga_Muzhumadi.tonicFine,.tonicfine,25
Carnatic,a47e9d22-847a-46e8-b589-2a3537789f5f/Sanjay_Subrahmanyan/December_Season_2000/Sri_Raja_Gopala/Sri_Raja_Gopala.flatSegNyas,Sri_Raja_Gopala.flatSegNyas,.flatsegnyas,22103
Carnatic,a47e9d22-847a-46e8-b589-2a3537789f5f/Sanjay_Subrahmanyan/December_Season_2000/Sri_Raja_Gopala/Sri_Raja_Gopala.tonicFine,Sri_Raja_Gopala.tonicFine,.tonicfine,25
Carnatic,a47e9d22-847a-46e8-b589-2a3537789f5f/Sanjay_Subrahmanyan/December_Season_2000/Sri_Raja_Gopala/Sri_Raja_Gopala.tonic,Sri_Raja_Gopala.tonic,.tonic,9
Carnatic,a47e9d22-847a-46e8-b589-2a3537789f5f/Sanjay_Subrahmanyan/December_Season_2000/Sri_Raja_Gopala/Sri_Raja_Gopala.taniSegKNN,Sri_Raja_Gopala.taniSegKNN,.tanisegknn,18
Carnatic,a47e9d22-847a-46e8-b589-2a3537789f5f/Sanjay_Subrahmanyan/December_Season_2000/Sri_Raja_Gopala/Sri_Raja_Gopala.pitch,Sri_Raja_Gopala.pitch,.pitch,10251522
Carnatic,a47e9d22-847a-46e8-b589-2a3537789f5f/Sanjay_Subrahmanyan/December_Season_2000/Sri_Raja_Gopala/Sri_Raja_Gopala.pitchSilIntrpPP,Sri_Raja_Gopala.pitchSilIntrpPP,.pitchsilintrppp,21469300
Carnatic,a47e9d22-847a-46e8-b589-2a3537789f5f/Kuldeep_Pai/Kuldeep_Pai_at_Arkay/Kari_Kalabha_Mukham/Kari_Kalabha_Mukham.tonic,Kari_Kalabha_Mukham.tonic,.tonic,10
Carnatic,a47e9d22-847a-46e8-b589-2a3537789f5f/Kuldeep_Pai/Kuldeep_Pai_at_Arkay/Kari_Kalabha_Mukham/Kari_Kalabha_Mukham.taniSegKNN,Kari_Kalabha_Mukham.taniSegKNN,.tanisegknn,0
Carnatic,a47e9d22-847a-46e8-b589-2a3537789f5f/Kuldeep_Pai/Kuldeep_Pai_at_Arkay/Kari_Kalabha_Mukham/Kari_Kalabha_Mukham.pitch,Kari_Kalabha_Mukham.pitch,.pitch,5548650
Carnatic,a47e9d22-847a-46e8-b589-2a3537789f5f/Kuldeep_Pai/Kuldeep_Pai_at_Arkay/Kari_Kalabha_Mukham/Kari_Kalabha_Mukham.pitchSilIntrpPP,Kari_Kalabha_Mukham.pitchSilIntrpPP,.pitchsilintrppp,5548650
Carnatic,a47e9d22-847a-46e8-b589-2a3537789f5f/Kuldeep_Pai/Kuldeep_Pai_at_Arkay/Kari_Kalabha_Mukham/Kari_Kalabha_Mukham.flatSegNyas,Kari_Kalabha_Mukham.flatSegNyas,.flatsegnyas,6433
Carnatic,a47e9d22-847a-46e8-b589-2a3537789f5f/Kuldeep_Pai/Kuldeep_Pai_at_Arkay/Kari_Kalabha_Mukham/Kari_Kalabha_Mukham.tonicFine,Kari_Kalabha_Mukham.tonicFine,.tonicfine,25
Carnatic,a47e9d22-847a-46e8-b589-2a3537789f5f/Aruna_Sairam/December_Season_2000/Duru_Suga_Kripa/Duru_Suga_Kripa.flatSegNyas,Duru_Suga_Kripa.flatSegNyas,.flatsegnyas,8952
Carnatic,a47e9d22-847a-46e8-b589-2a3537789f5f/Aruna_Sairam/December_Season_2000/Duru_Suga_Kripa/Duru_Suga_Kripa.pitch,Duru_Suga_Kripa.pitch,.pitch,4954220
Carnatic,a47e9d22-847a-46e8-b589-2a3537789f5f/Aruna_Sairam/December_Season_2000/Duru_Suga_Kripa/Duru_Suga_Kripa.pitchSilIntrpPP,Duru_Suga_Kripa.pitchSilIntrpPP,.pitchsilintrppp,10631400
Carnatic,a47e9d22-847a-46e8-b589-2a3537789f5f/Aruna_Sairam/December_Season_2000/Duru_Suga_Kripa/Duru_Suga_Kripa.tonic,Duru_Suga_Kripa.tonic,.tonic,10
Carnatic,a47e9d22-847a-46e8-b589-2a3537789f5f/Aruna_Sairam/December_Season_2000/Duru_Suga_Kripa/Duru_Suga_Kripa.taniSegKNN,Duru_Suga_Kripa.taniSegKNN,.tanisegknn,16
Carnatic,a47e9d22-847a-46e8-b589-2a3537789f5f/Aruna_Sairam/December_Season_2000/Duru_Suga_Kripa/Duru_Suga_Kripa.tonicFine,Duru_Suga_Kripa.tonicFine,.tonicfine,25
Carnatic,a47e9d22-847a-46e8-b589-2a3537789f5f/Prasanna_Venkataraman/December_Season_2009/Velaiya_Dayavillaiya/Velaiya_Dayavillaiya.pitchSilIntrpPP,Velaiya_Dayavillaiya.pitchSilIntrpPP,.pitchsilintrppp,3490750
Carnatic,a47e9d22-847a-46e8-b589-2a3537789f5f/Prasanna_Venkataraman/December_Season_2009/Velaiya_Dayavillaiya/Velaiya_Dayavillaiya.pitch,Velaiya_Dayavillaiya.pitch,.pitch,1613208
Carnatic,a47e9d22-847a-46e8-b589-2a3537789f5f/Prasanna_Venkataraman/December_Season_2009/Velaiya_Dayavillaiya/Velaiya_Dayavillaiya.tonic,Velaiya_Dayavillaiya.tonic,.tonic,10
Carnatic,a47e9d22-847a-46e8-b589-2a3537789f5f/Prasanna_Venkataraman/December_Season_2009/Velaiya_Dayavillaiya/Velaiya_Dayavillaiya.tonicFine,Velaiya_Dayavillaiya.tonicFine,.tonicfine,25
Carnatic,a47e9d22-847a-46e8-b589-2a3537789f5f/Prasanna_Venkataraman/December_Season_2009/Velaiya_Dayavillaiya/Velaiya_Dayavillaiya.flatSegNyas,Velaiya_Dayavillaiya.flatSegNyas,.flatsegnyas,3969
Carnatic,a47e9d22-847a-46e8-b589-2a3537789f5f/Prasanna_Venkataraman/December_Season_2009/Velaiya_Dayavillaiya/Velaiya_Dayavillaiya.taniSegKNN,Velaiya_Dayavillaiya.taniSegKNN,.tanisegknn,0
Carnatic,978f4c3c-6a12-43fd-8427-c414ee17b252/Kunnakkudi_M_Balamuralikrishna/December_Season_2008/Arivaar_Yaar_Unnai/Arivaar_Yaar_Unnai.pitchSilIntrpPP,Arivaar_Yaar_Unnai.pitchSilIntrpPP,.pitchsilintrppp,4722700
Carnatic,978f4c3c-6a12-43fd-8427-c414ee17b252/Kunnakkudi_M_Balamuralikrishna/December_Season_2008/Arivaar_Yaar_Unnai/Arivaar_Yaar_Unnai.pitch,Arivaar_Yaar_Unnai.pitch,.pitch,2196052
Carnatic,978f4c3c-6a12-43fd-8427-c414ee17b252/Kunnakkudi_M_Balamuralikrishna/December_Season_2008/Arivaar_Yaar_Unnai/Arivaar_Yaar_Unnai.tonic,Arivaar_Yaar_Unnai.tonic,.tonic,10
Carnatic,978f4c3c-6a12-43fd-8427-c414ee17b252/Kunnakkudi_M_Balamuralikrishna/December_Season_2008/Arivaar_Yaar_Unnai/Arivaar_Yaar_Unnai.flatSegNyas,Arivaar_Yaar_Unnai.flatSegNyas,.flatsegnyas,5814
Carnatic,978f4c3c-6a12-43fd-8427-c414ee17b252/Kunnakkudi_M_Balamuralikrishna/December_Season_2008/Arivaar_Yaar_Unnai/Arivaar_Yaar_Unnai.taniSegKNN,Arivaar_Yaar_Unnai.taniSegKNN,.tanisegknn,0
Carnatic,978f4c3c-6a12-43fd-8427-c414ee17b252/Kunnakkudi_M_Balamuralikrishna/December_Season_2008/Arivaar_Yaar_Unnai/Arivaar_Yaar_Unnai.tonicFine,Arivaar_Yaar_Unnai.tonicFine,.tonicfine,25
Carnatic,978f4c3c-6a12-43fd-8427-c414ee17b252/T__Brinda/All_Time_Favourites_-_Vol_2/Emanine/Emanine.flatSegNyas,Emanine.flatSegNyas,.flatsegnyas,8314
Carnatic,978f4c3c-6a12-43fd-8427-c414ee17b252/T__Brinda/All_Time_Favourites_-_Vol_2/Emanine/Emanine.taniSegKNN,Emanine.taniSegKNN,.tanisegknn,0
Carnatic,978f4c3c-6a12-43fd-8427-c414ee17b252/T__Brinda/All_Time_Favourites_-_Vol_2/Emanine/Emanine.pitchSilIntrpPP,Emanine.pitchSilIntrpPP,.pitchsilintrppp,9643950
Carnatic,978f4c3c-6a12-43fd-8427-c414ee17b252/T__Brinda/All_Time_Favourites_-_Vol_2/Emanine/Emanine.pitch,Emanine.pitch,.pitch,4502094
Carnatic,978f4c3c-6a12-43fd-8427-c414ee17b252/T__Brinda/All_Time_Favourites_-_Vol_2/Emanine/Emanine.tonic,Emanine.tonic,.tonic,10
Carnatic,978f4c3c-6a12-43fd-8427-c414ee17b252/T__Brinda/All_Time_Favourites_-_Vol_2/Emanine/Emanine.tonicFine,Emanine.tonicFine,.tonicfine,25
Carnatic,978f4c3c-6a12-43fd-8427-c414ee17b252/Ranjani_and_Gayathri/Gems_Of_Carnatic_Music_-_Live_In_Concert_2004/Endraikku_Sivakrupai/Endraikku_Sivakrupai.pitch,Endraikku_Sivakrupai.pitch,.pitch,2426834
Carnatic,978f4c3c-6a12-43fd-8427-c414ee17b252/Ranjani_and_Gayathri/Gems_Of_Carnatic_Music_-_Live_In_Concert_2004/Endraikku_Sivakrupai/Endraikku_Sivakrupai.taniSegKNN,Endraikku_Sivakrupai.taniSegKNN,.tanisegknn,0
Carnatic,978f4c3c-6a12-43fd-8427-c414ee17b252/Ranjani_and_Gayathri/Gems_Of_Carnatic_Music_-_Live_In_Concert_2004/Endraikku_Sivakrupai/Endraikku_Sivakrupai.tonic,Endraikku_Sivakrupai.tonic,.tonic,11
Carnatic,978f4c3c-6a12-43fd-8427-c414ee17b252/Ranjani_and_Gayathri/Gems_Of_Carnatic_Music_-_Live_In_Concert_2004/Endraikku_Sivakrupai/Endraikku_Sivakrupai.flatSegNyas,Endraikku_Sivakrupai.flatSegNyas,.flatsegnyas,6827
Carnatic,978f4c3c-6a12-43fd-8427-c414ee17b252/Ranjani_and_Gayathri/Gems_Of_Carnatic_Music_-_Live_In_Concert_2004/Endraikku_Sivakrupai/Endraikku_Sivakrupai.pitchSilIntrpPP,Endraikku_Sivakrupai.pitchSilIntrpPP,.pitchsilintrppp,5229350
Carnatic,978f4c3c-6a12-43fd-8427-c414ee17b252/Ranjani_and_Gayathri/Gems_Of_Carnatic_Music_-_Live_In_Concert_2004/Endraikku_Sivakrupai/Endraikku_Sivakrupai.tonicFine,Endraikku_Sivakrupai.tonicFine,.tonicfine,25
Carnatic,978f4c3c-6a12-43fd-8427-c414ee17b252/M_S__Subbulakshmi/Paddhatti_-_M_S_Subbulakshmi_-_Live_In_Concert_1956/Ksheenamai/Ksheenamai.taniSegKNN,Ksheenamai.taniSegKNN,.tanisegknn,0
Carnatic,978f4c3c-6a12-43fd-8427-c414ee17b252/M_S__Subbulakshmi/Paddhatti_-_M_S_Subbulakshmi_-_Live_In_Concert_1956/Ksheenamai/Ksheenamai.pitchSilIntrpPP,Ksheenamai.pitchSilIntrpPP,.pitchsilintrppp,6894750
Carnatic,978f4c3c-6a12-43fd-8427-c414ee17b252/M_S__Subbulakshmi/Paddhatti_-_M_S_Subbulakshmi_-_Live_In_Concert_1956/Ksheenamai/Ksheenamai.flatSegNyas,Ksheenamai.flatSegNyas,.flatsegnyas,9935
Carnatic,978f4c3c-6a12-43fd-8427-c414ee17b252/M_S__Subbulakshmi/Paddhatti_-_M_S_Subbulakshmi_-_Live_In_Concert_1956/Ksheenamai/Ksheenamai.pitch,Ksheenamai.pitch,.pitch,3223308
Carnatic,978f4c3c-6a12-43fd-8427-c414ee17b252/M_S__Subbulakshmi/Paddhatti_-_M_S_Subbulakshmi_-_Live_In_Concert_1956/Ksheenamai/Ksheenamai.tonic,Ksheenamai.tonic,.tonic,10
Carnatic,978f4c3c-6a12-43fd-8427-c414ee17b252/M_S__Subbulakshmi/Paddhatti_-_M_S_Subbulakshmi_-_Live_In_Concert_1956/Ksheenamai/Ksheenamai.tonicFine,Ksheenamai.tonicFine,.tonicfine,25
Carnatic,978f4c3c-6a12-43fd-8427-c414ee17b252/Semmangudi_Srinivasa_Iyer/Paddhatti/Kshinamai_Tiruga/Kshinamai_Tiruga.taniSegKNN,Kshinamai_Tiruga.taniSegKNN,.tanisegknn,0
Carnatic,978f4c3c-6a12-43fd-8427-c414ee17b252/Semmangudi_Srinivasa_Iyer/Paddhatti/Kshinamai_Tiruga/Kshinamai_Tiruga.pitch,Kshinamai_Tiruga.pitch,.pitch,7353576
Carnatic,978f4c3c-6a12-43fd-8427-c414ee17b252/Semmangudi_Srinivasa_Iyer/Paddhatti/Kshinamai_Tiruga/Kshinamai_Tiruga.flatSegNyas,Kshinamai_Tiruga.flatSegNyas,.flatsegnyas,19196
Carnatic,978f4c3c-6a12-43fd-8427-c414ee17b252/Semmangudi_Srinivasa_Iyer/Paddhatti/Kshinamai_Tiruga/Kshinamai_Tiruga.pitchSilIntrpPP,Kshinamai_Tiruga.pitchSilIntrpPP,.pitchsilintrppp,15566750
Carnatic,978f4c3c-6a12-43fd-8427-c414ee17b252/Semmangudi_Srinivasa_Iyer/Paddhatti/Kshinamai_Tiruga/Kshinamai_Tiruga.tonicFine,Kshinamai_Tiruga.tonicFine,.tonicfine,25
Carnatic,978f4c3c-6a12-43fd-8427-c414ee17b252/Semmangudi_Srinivasa_Iyer/Paddhatti/Kshinamai_Tiruga/Kshinamai_Tiruga.tonic,Kshinamai_Tiruga.tonic,.tonic,10
Carnatic,978f4c3c-6a12-43fd-8427-c414ee17b252/Nisha_P_Rajagopal/December_Season_2011/Karu_Baru/Karu_Baru.tonic,Karu_Baru.tonic,.tonic,10
Carnatic,978f4c3c-6a12-43fd-8427-c414ee17b252/Nisha_P_Rajagopal/December_Season_2011/Karu_Baru/Karu_Baru.pitch,Karu_Baru.pitch,.pitch,2906470
Carnatic,978f4c3c-6a12-43fd-8427-c414ee17b252/Nisha_P_Rajagopal/December_Season_2011/Karu_Baru/Karu_Baru.tonicFine,Karu_Baru.tonicFine,.tonicfine,25
Carnatic,978f4c3c-6a12-43fd-8427-c414ee17b252/Nisha_P_Rajagopal/December_Season_2011/Karu_Baru/Karu_Baru.flatSegNyas,Karu_Baru.flatSegNyas,.flatsegnyas,8725
Carnatic,978f4c3c-6a12-43fd-8427-c414ee17b252/Nisha_P_Rajagopal/December_Season_2011/Karu_Baru/Karu_Baru.taniSegKNN,Karu_Baru.taniSegKNN,.tanisegknn,0
Carnatic,978f4c3c-6a12-43fd-8427-c414ee17b252/Nisha_P_Rajagopal/December_Season_2011/Karu_Baru/Karu_Baru.pitchSilIntrpPP,Karu_Baru.pitchSilIntrpPP,.pitchsilintrppp,6255850
Carnatic,978f4c3c-6a12-43fd-8427-c414ee17b252/Sikkil_Gurucharan/December_Season_2004/Kshinamai_Tiruga/Kshinamai_Tiruga.taniSegKNN,Kshinamai_Tiruga.taniSegKNN,.tanisegknn,0
Carnatic,978f4c3c-6a12-43fd-8427-c414ee17b252/Sikkil_Gurucharan/December_Season_2004/Kshinamai_Tiruga/Kshinamai_Tiruga.pitch,Kshinamai_Tiruga.pitch,.pitch,2789292
Carnatic,978f4c3c-6a12-43fd-8427-c414ee17b252/Sikkil_Gurucharan/December_Season_2004/Kshinamai_Tiruga/Kshinamai_Tiruga.flatSegNyas,Kshinamai_Tiruga.flatSegNyas,.flatsegnyas,6004
Carnatic,978f4c3c-6a12-43fd-8427-c414ee17b252/Sikkil_Gurucharan/December_Season_2004/Kshinamai_Tiruga/Kshinamai_Tiruga.pitchSilIntrpPP,Kshinamai_Tiruga.pitchSilIntrpPP,.pitchsilintrppp,6021050
Carnatic,978f4c3c-6a12-43fd-8427-c414ee17b252/Sikkil_Gurucharan/December_Season_2004/Kshinamai_Tiruga/Kshinamai_Tiruga.tonicFine,Kshinamai_Tiruga.tonicFine,.tonicfine,25
Carnatic,978f4c3c-6a12-43fd-8427-c414ee17b252/Sikkil_Gurucharan/December_Season_2004/Kshinamai_Tiruga/Kshinamai_Tiruga.tonic,Kshinamai_Tiruga.tonic,.tonic,10
Carnatic,978f4c3c-6a12-43fd-8427-c414ee17b252/Vijay_Siva/Madrasil_Margazhi_2006/Enta_ninne/Enta_ninne.flatSegNyas,Enta_ninne.flatSegNyas,.flatsegnyas,21884
Carnatic,978f4c3c-6a12-43fd-8427-c414ee17b252/Vijay_Siva/Madrasil_Margazhi_2006/Enta_ninne/Enta_ninne.pitchSilIntrpPP,Enta_ninne.pitchSilIntrpPP,.pitchsilintrppp,14984300
Carnatic,978f4c3c-6a12-43fd-8427-c414ee17b252/Vijay_Siva/Madrasil_Margazhi_2006/Enta_ninne/Enta_ninne.pitch,Enta_ninne.pitch,.pitch,7100026
Carnatic,978f4c3c-6a12-43fd-8427-c414ee17b252/Vijay_Siva/Madrasil_Margazhi_2006/Enta_ninne/Enta_ninne.tonic,Enta_ninne.tonic,.tonic,10
Carnatic,978f4c3c-6a12-43fd-8427-c414ee17b252/Vijay_Siva/Madrasil_Margazhi_2006/Enta_ninne/Enta_ninne.tonicFine,Enta_ninne.tonicFine,.tonicfine,25
Carnatic,978f4c3c-6a12-43fd-8427-c414ee17b252/Vijay_Siva/Madrasil_Margazhi_2006/Enta_ninne/Enta_ninne.taniSegKNN,Enta_ninne.taniSegKNN,.tanisegknn,0
Carnatic,978f4c3c-6a12-43fd-8427-c414ee17b252/Nithyasree_Mahadevan/December_Season_2008/Karu_Baru/Karu_Baru.tonic,Karu_Baru.tonic,.tonic,10
Carnatic,978f4c3c-6a12-43fd-8427-c414ee17b252/Nithyasree_Mahadevan/December_Season_2008/Karu_Baru/Karu_Baru.pitch,Karu_Baru.pitch,.pitch,5405772
Carnatic,978f4c3c-6a12-43fd-8427-c414ee17b252/Nithyasree_Mahadevan/December_Season_2008/Karu_Baru/Karu_Baru.tonicFine,Karu_Baru.tonicFine,.tonicfine,25
Carnatic,978f4c3c-6a12-43fd-8427-c414ee17b252/Nithyasree_Mahadevan/December_Season_2008/Karu_Baru/Karu_Baru.flatSegNyas,Karu_Baru.flatSegNyas,.flatsegnyas,14784
Carnatic,978f4c3c-6a12-43fd-8427-c414ee17b252/Nithyasree_Mahadevan/December_Season_2008/Karu_Baru/Karu_Baru.taniSegKNN,Karu_Baru.taniSegKNN,.tanisegknn,0
Carnatic,978f4c3c-6a12-43fd-8427-c414ee17b252/Nithyasree_Mahadevan/December_Season_2008/Karu_Baru/Karu_Baru.pitchSilIntrpPP,Karu_Baru.pitchSilIntrpPP,.pitchsilintrppp,11549550
Carnatic,978f4c3c-6a12-43fd-8427-c414ee17b252/Prasanna_Venkataraman/December_Season_2008/Sivakama_Sundari/Sivakama_Sundari.flatSegNyas,Sivakama_Sundari.flatSegNyas,.flatsegnyas,5611
Carnatic,978f4c3c-6a12-43fd-8427-c414ee17b252/Prasanna_Venkataraman/December_Season_2008/Sivakama_Sundari/Sivakama_Sundari.taniSegKNN,Sivakama_Sundari.taniSegKNN,.tanisegknn,0
Carnatic,978f4c3c-6a12-43fd-8427-c414ee17b252/Prasanna_Venkataraman/December_Season_2008/Sivakama_Sundari/Sivakama_Sundari.tonicFine,Sivakama_Sundari.tonicFine,.tonicfine,25
Carnatic,978f4c3c-6a12-43fd-8427-c414ee17b252/Prasanna_Venkataraman/December_Season_2008/Sivakama_Sundari/Sivakama_Sundari.tonic,Sivakama_Sundari.tonic,.tonic,10
Carnatic,978f4c3c-6a12-43fd-8427-c414ee17b252/Prasanna_Venkataraman/December_Season_2008/Sivakama_Sundari/Sivakama_Sundari.pitchSilIntrpPP,Sivakama_Sundari.pitchSilIntrpPP,.pitchsilintrppp,3935700
Carnatic,978f4c3c-6a12-43fd-8427-c414ee17b252/Prasanna_Venkataraman/December_Season_2008/Sivakama_Sundari/Sivakama_Sundari.pitch,Sivakama_Sundari.pitch,.pitch,1822828
Carnatic,978f4c3c-6a12-43fd-8427-c414ee17b252/Sangeetha_Swaminathan/December_Season_2011/Emanine/Emanine.flatSegNyas,Emanine.flatSegNyas,.flatsegnyas,48273
Carnatic,978f4c3c-6a12-43fd-8427-c414ee17b252/Sangeetha_Swaminathan/December_Season_2011/Emanine/Emanine.taniSegKNN,Emanine.taniSegKNN,.tanisegknn,36
Carnatic,978f4c3c-6a12-43fd-8427-c414ee17b252/Sangeetha_Swaminathan/December_Season_2011/Emanine/Emanine.pitchSilIntrpPP,Emanine.pitchSilIntrpPP,.pitchsilintrppp,30632100
Carnatic,978f4c3c-6a12-43fd-8427-c414ee17b252/Sangeetha_Swaminathan/December_Season_2011/Emanine/Emanine.pitch,Emanine.pitch,.pitch,14818093
Carnatic,978f4c3c-6a12-43fd-8427-c414ee17b252/Sangeetha_Swaminathan/December_Season_2011/Emanine/Emanine.tonic,Emanine.tonic,.tonic,10
Carnatic,978f4c3c-6a12-43fd-8427-c414ee17b252/Sangeetha_Swaminathan/December_Season_2011/Emanine/Emanine.tonicFine,Emanine.tonicFine,.tonicfine,25
Carnatic,978f4c3c-6a12-43fd-8427-c414ee17b252/Amrutha_Venkatesh/December_Season_2009/Entha_Ninne/Entha_Ninne.taniSegKNN,Entha_Ninne.taniSegKNN,.tanisegknn,0
Carnatic,978f4c3c-6a12-43fd-8427-c414ee17b252/Amrutha_Venkatesh/December_Season_2009/Entha_Ninne/Entha_Ninne.tonicFine,Entha_Ninne.tonicFine,.tonicfine,25
Carnatic,978f4c3c-6a12-43fd-8427-c414ee17b252/Amrutha_Venkatesh/December_Season_2009/Entha_Ninne/Entha_Ninne.tonic,Entha_Ninne.tonic,.tonic,10
Carnatic,978f4c3c-6a12-43fd-8427-c414ee17b252/Amrutha_Venkatesh/December_Season_2009/Entha_Ninne/Entha_Ninne.pitchSilIntrpPP,Entha_Ninne.pitchSilIntrpPP,.pitchsilintrppp,18191100
Carnatic,978f4c3c-6a12-43fd-8427-c414ee17b252/Amrutha_Venkatesh/December_Season_2009/Entha_Ninne/Entha_Ninne.pitch,Entha_Ninne.pitch,.pitch,8664416
Carnatic,978f4c3c-6a12-43fd-8427-c414ee17b252/Amrutha_Venkatesh/December_Season_2009/Entha_Ninne/Entha_Ninne.flatSegNyas,Entha_Ninne.flatSegNyas,.flatsegnyas,25379
Carnatic,85ccf631-4cdf-4f6c-a841-0edfcf4255d1/Kunnakkudi_M_Balamuralikrishna/December_Season_2006/Shambho_Mahadeva/Shambho_Mahadeva.flatSegNyas,Shambho_Mahadeva.flatSegNyas,.flatsegnyas,14390
Carnatic,85ccf631-4cdf-4f6c-a841-0edfcf4255d1/Kunnakkudi_M_Balamuralikrishna/December_Season_2006/Shambho_Mahadeva/Shambho_Mahadeva.tonic,Shambho_Mahadeva.tonic,.tonic,10
Carnatic,85ccf631-4cdf-4f6c-a841-0edfcf4255d1/Kunnakkudi_M_Balamuralikrishna/December_Season_2006/Shambho_Mahadeva/Shambho_Mahadeva.taniSegKNN,Shambho_Mahadeva.taniSegKNN,.tanisegknn,0
Carnatic,85ccf631-4cdf-4f6c-a841-0edfcf4255d1/Kunnakkudi_M_Balamuralikrishna/December_Season_2006/Shambho_Mahadeva/Shambho_Mahadeva.tonicFine,Shambho_Mahadeva.tonicFine,.tonicfine,25
Carnatic,85ccf631-4cdf-4f6c-a841-0edfcf4255d1/Kunnakkudi_M_Balamuralikrishna/December_Season_2006/Shambho_Mahadeva/Shambho_Mahadeva.pitch,Shambho_Mahadeva.pitch,.pitch,9196899
Carnatic,85ccf631-4cdf-4f6c-a841-0edfcf4255d1/Kunnakkudi_M_Balamuralikrishna/December_Season_2006/Shambho_Mahadeva/Shambho_Mahadeva.pitchSilIntrpPP,Shambho_Mahadeva.pitchSilIntrpPP,.pitchsilintrppp,19247100
Carnatic,85ccf631-4cdf-4f6c-a841-0edfcf4255d1/Sumithra_Vasudev/Tasmai_Sri_Gurave_Namaha/Sri_Gurupadanakha/Sri_Gurupadanakha.pitchSilIntrpPP,Sri_Gurupadanakha.pitchSilIntrpPP,.pitchsilintrppp,2487150
Carnatic,85ccf631-4cdf-4f6c-a841-0edfcf4255d1/Sumithra_Vasudev/Tasmai_Sri_Gurave_Namaha/Sri_Gurupadanakha/Sri_Gurupadanakha.tonic,Sri_Gurupadanakha.tonic,.tonic,10
Carnatic,85ccf631-4cdf-4f6c-a841-0edfcf4255d1/Sumithra_Vasudev/Tasmai_Sri_Gurave_Namaha/Sri_Gurupadanakha/Sri_Gurupadanakha.flatSegNyas,Sri_Gurupadanakha.flatSegNyas,.flatsegnyas,1958
Carnatic,85ccf631-4cdf-4f6c-a841-0edfcf4255d1/Sumithra_Vasudev/Tasmai_Sri_Gurave_Namaha/Sri_Gurupadanakha/Sri_Gurupadanakha.tonicFine,Sri_Gurupadanakha.tonicFine,.tonicfine,25
Carnatic,85ccf631-4cdf-4f6c-a841-0edfcf4255d1/Sumithra_Vasudev/Tasmai_Sri_Gurave_Namaha/Sri_Gurupadanakha/Sri_Gurupadanakha.pitch,Sri_Gurupadanakha.pitch,.pitch,1146238
Carnatic,85ccf631-4cdf-4f6c-a841-0edfcf4255d1/Sumithra_Vasudev/Tasmai_Sri_Gurave_Namaha/Sri_Gurupadanakha/Sri_Gurupadanakha.taniSegKNN,Sri_Gurupadanakha.taniSegKNN,.tanisegknn,0
Carnatic,85ccf631-4cdf-4f6c-a841-0edfcf4255d1/Neyveli_R_Santhanagopalan/December_Season_2005/Ramanatham_Bhajeham/Ramanatham_Bhajeham.pitchSilIntrpPP,Ramanatham_Bhajeham.pitchSilIntrpPP,.pitchsilintrppp,24802550
Carnatic,85ccf631-4cdf-4f6c-a841-0edfcf4255d1/Neyveli_R_Santhanagopalan/December_Season_2005/Ramanatham_Bhajeham/Ramanatham_Bhajeham.taniSegKNN,Ramanatham_Bhajeham.taniSegKNN,.tanisegknn,18
Carnatic,85ccf631-4cdf-4f6c-a841-0edfcf4255d1/Neyveli_R_Santhanagopalan/December_Season_2005/Ramanatham_Bhajeham/Ramanatham_Bhajeham.pitch,Ramanatham_Bhajeham.pitch,.pitch,11900525
Carnatic,85ccf631-4cdf-4f6c-a841-0edfcf4255d1/Neyveli_R_Santhanagopalan/December_Season_2005/Ramanatham_Bhajeham/Ramanatham_Bhajeham.tonic,Ramanatham_Bhajeham.tonic,.tonic,10
Carnatic,85ccf631-4cdf-4f6c-a841-0edfcf4255d1/Neyveli_R_Santhanagopalan/December_Season_2005/Ramanatham_Bhajeham/Ramanatham_Bhajeham.tonicFine,Ramanatham_Bhajeham.tonicFine,.tonicfine,25
Carnatic,85ccf631-4cdf-4f6c-a841-0edfcf4255d1/Neyveli_R_Santhanagopalan/December_Season_2005/Ramanatham_Bhajeham/Ramanatham_Bhajeham.flatSegNyas,Ramanatham_Bhajeham.flatSegNyas,.flatsegnyas,29634
Carnatic,85ccf631-4cdf-4f6c-a841-0edfcf4255d1/M_S__Subbulakshmi/Paddhatti_-_M_S_Subbulakshmi_-_Live_In_Concert_1956/Sarasaaksha/Sarasaaksha.taniSegKNN,Sarasaaksha.taniSegKNN,.tanisegknn,0
Carnatic,85ccf631-4cdf-4f6c-a841-0edfcf4255d1/M_S__Subbulakshmi/Paddhatti_-_M_S_Subbulakshmi_-_Live_In_Concert_1956/Sarasaaksha/Sarasaaksha.tonicFine,Sarasaaksha.tonicFine,.tonicfine,25
Carnatic,85ccf631-4cdf-4f6c-a841-0edfcf4255d1/M_S__Subbulakshmi/Paddhatti_-_M_S_Subbulakshmi_-_Live_In_Concert_1956/Sarasaaksha/Sarasaaksha.pitchSilIntrpPP,Sarasaaksha.pitchSilIntrpPP,.pitchsilintrppp,14757150
Carnatic,85ccf631-4cdf-4f6c-a841-0edfcf4255d1/M_S__Subbulakshmi/Paddhatti_-_M_S_Subbulakshmi_-_Live_In_Concert_1956/Sarasaaksha/Sarasaaksha.pitch,Sarasaaksha.pitch,.pitch,6984891
Carnatic,85ccf631-4cdf-4f6c-a841-0edfcf4255d1/M_S__Subbulakshmi/Paddhatti_-_M_S_Subbulakshmi_-_Live_In_Concert_1956/Sarasaaksha/Sarasaaksha.tonic,Sarasaaksha.tonic,.tonic,10
Carnatic,85ccf631-4cdf-4f6c-a841-0edfcf4255d1/M_S__Subbulakshmi/Paddhatti_-_M_S_Subbulakshmi_-_Live_In_Concert_1956/Sarasaaksha/Sarasaaksha.flatSegNyas,Sarasaaksha.flatSegNyas,.flatsegnyas,12611
Carnatic,85ccf631-4cdf-4f6c-a841-0edfcf4255d1/M_S__Subbulakshmi/Paddhatti/Ramanatham_Bhajeham/Ramanatham_Bhajeham.pitchSilIntrpPP,Ramanatham_Bhajeham.pitchSilIntrpPP,.pitchsilintrppp,10573200
Carnatic,85ccf631-4cdf-4f6c-a841-0edfcf4255d1/M_S__Subbulakshmi/Paddhatti/Ramanatham_Bhajeham/Ramanatham_Bhajeham.taniSegKNN,Ramanatham_Bhajeham.taniSegKNN,.tanisegknn,0
Carnatic,85ccf631-4cdf-4f6c-a841-0edfcf4255d1/M_S__Subbulakshmi/Paddhatti/Ramanatham_Bhajeham/Ramanatham_Bhajeham.pitch,Ramanatham_Bhajeham.pitch,.pitch,4953116
Carnatic,85ccf631-4cdf-4f6c-a841-0edfcf4255d1/M_S__Subbulakshmi/Paddhatti/Ramanatham_Bhajeham/Ramanatham_Bhajeham.tonic,Ramanatham_Bhajeham.tonic,.tonic,10
Carnatic,85ccf631-4cdf-4f6c-a841-0edfcf4255d1/M_S__Subbulakshmi/Paddhatti/Ramanatham_Bhajeham/Ramanatham_Bhajeham.tonicFine,Ramanatham_Bhajeham.tonicFine,.tonicfine,25
Carnatic,85ccf631-4cdf-4f6c-a841-0edfcf4255d1/M_S__Subbulakshmi/Paddhatti/Ramanatham_Bhajeham/Ramanatham_Bhajeham.flatSegNyas,Ramanatham_Bhajeham.flatSegNyas,.flatsegnyas,8381
Carnatic,85ccf631-4cdf-4f6c-a841-0edfcf4255d1/Unnikrishnan/Madrasil_Margazhi_2007_-_The_Music_Academy_Concerts/Sami_Ni/Sami_Ni.pitch,Sami_Ni.pitch,.pitch,2293193
Carnatic,85ccf631-4cdf-4f6c-a841-0edfcf4255d1/Unnikrishnan/Madrasil_Margazhi_2007_-_The_Music_Academy_Concerts/Sami_Ni/Sami_Ni.pitchSilIntrpPP,Sami_Ni.pitchSilIntrpPP,.pitchsilintrppp,4963750
Carnatic,85ccf631-4cdf-4f6c-a841-0edfcf4255d1/Unnikrishnan/Madrasil_Margazhi_2007_-_The_Music_Academy_Concerts/Sami_Ni/Sami_Ni.flatSegNyas,Sami_Ni.flatSegNyas,.flatsegnyas,4106
Carnatic,85ccf631-4cdf-4f6c-a841-0edfcf4255d1/Unnikrishnan/Madrasil_Margazhi_2007_-_The_Music_Academy_Concerts/Sami_Ni/Sami_Ni.tonic,Sami_Ni.tonic,.tonic,10
Carnatic,85ccf631-4cdf-4f6c-a841-0edfcf4255d1/Unnikrishnan/Madrasil_Margazhi_2007_-_The_Music_Academy_Concerts/Sami_Ni/Sami_Ni.tonicFine,Sami_Ni.tonicFine,.tonicfine,25
Carnatic,85ccf631-4cdf-4f6c-a841-0edfcf4255d1/Unnikrishnan/Madrasil_Margazhi_2007_-_The_Music_Academy_Concerts/Sami_Ni/Sami_Ni.taniSegKNN,Sami_Ni.taniSegKNN,.tanisegknn,0
Carnatic,85ccf631-4cdf-4f6c-a841-0edfcf4255d1/Amritha_Murali/December_Season_2011/Raghuvara_nannu/Raghuvara_nannu.pitchSilIntrpPP,Raghuvara_nannu.pitchSilIntrpPP,.pitchsilintrppp,13814950
Carnatic,85ccf631-4cdf-4f6c-a841-0edfcf4255d1/Amritha_Murali/December_Season_2011/Raghuvara_nannu/Raghuvara_nannu.tonicFine,Raghuvara_nannu.tonicFine,.tonicfine,25
Carnatic,85ccf631-4cdf-4f6c-a841-0edfcf4255d1/Amritha_Murali/December_Season_2011/Raghuvara_nannu/Raghuvara_nannu.tonic,Raghuvara_nannu.tonic,.tonic,10
Carnatic,85ccf631-4cdf-4f6c-a841-0edfcf4255d1/Amritha_Murali/December_Season_2011/Raghuvara_nannu/Raghuvara_nannu.flatSegNyas,Raghuvara_nannu.flatSegNyas,.flatsegnyas,13884
Carnatic,85ccf631-4cdf-4f6c-a841-0edfcf4255d1/Amritha_Murali/December_Season_2011/Raghuvara_nannu/Raghuvara_nannu.pitch,Raghuvara_nannu.pitch,.pitch,6522647
Carnatic,85ccf631-4cdf-4f6c-a841-0edfcf4255d1/Amritha_Murali/December_Season_2011/Raghuvara_nannu/Raghuvara_nannu.taniSegKNN,Raghuvara_nannu.taniSegKNN,.tanisegknn,65
Carnatic,85ccf631-4cdf-4f6c-a841-0edfcf4255d1/Sanjay_Subrahmanyan/December_Season_2010/RTP_-_Pantuvarali_-_Raagam/RTP_-_Pantuvarali_-_Raagam.pitchSilIntrpPP,RTP_-_Pantuvarali_-_Raagam.pitchSilIntrpPP,.pitchsilintrppp,14112650
Carnatic,85ccf631-4cdf-4f6c-a841-0edfcf4255d1/Sanjay_Subrahmanyan/December_Season_2010/RTP_-_Pantuvarali_-_Raagam/RTP_-_Pantuvarali_-_Raagam.tonicFine,RTP_-_Pantuvarali_-_Raagam.tonicFine,.tonicfine,25
Carnatic,85ccf631-4cdf-4f6c-a841-0edfcf4255d1/Sanjay_Subrahmanyan/December_Season_2010/RTP_-_Pantuvarali_-_Raagam/RTP_-_Pantuvarali_-_Raagam.pitch,RTP_-_Pantuvarali_-_Raagam.pitch,.pitch,6706686
Carnatic,85ccf631-4cdf-4f6c-a841-0edfcf4255d1/Sanjay_Subrahmanyan/December_Season_2010/RTP_-_Pantuvarali_-_Raagam/RTP_-_Pantuvarali_-_Raagam.flatSegNyas,RTP_-_Pantuvarali_-_Raagam.flatSegNyas,.flatsegnyas,15140
Carnatic,85ccf631-4cdf-4f6c-a841-0edfcf4255d1/Sanjay_Subrahmanyan/December_Season_2010/RTP_-_Pantuvarali_-_Raagam/RTP_-_Pantuvarali_-_Raagam.tonic,RTP_-_Pantuvarali_-_Raagam.tonic,.tonic,10
Carnatic,85ccf631-4cdf-4f6c-a841-0edfcf4255d1/Sanjay_Subrahmanyan/December_Season_2010/RTP_-_Pantuvarali_-_Raagam/RTP_-_Pantuvarali_-_Raagam.taniSegKNN,RTP_-_Pantuvarali_-_Raagam.taniSegKNN,.tanisegknn,0
Carnatic,85ccf631-4cdf-4f6c-a841-0edfcf4255d1/Sikkil_Gurucharan/December_Season_2006/Enna_Gaanu/Enna_Gaanu.tonicFine,Enna_Gaanu.tonicFine,.tonicfine,25
Carnatic,85ccf631-4cdf-4f6c-a841-0edfcf4255d1/Sikkil_Gurucharan/December_Season_2006/Enna_Gaanu/Enna_Gaanu.tonic,Enna_Gaanu.tonic,.tonic,10
Carnatic,85ccf631-4cdf-4f6c-a841-0edfcf4255d1/Sikkil_Gurucharan/December_Season_2006/Enna_Gaanu/Enna_Gaanu.pitch,Enna_Gaanu.pitch,.pitch,5326054
Carnatic,85ccf631-4cdf-4f6c-a841-0edfcf4255d1/Sikkil_Gurucharan/December_Season_2006/Enna_Gaanu/Enna_Gaanu.pitchSilIntrpPP,Enna_Gaanu.pitchSilIntrpPP,.pitchsilintrppp,11417500
Carnatic,85ccf631-4cdf-4f6c-a841-0edfcf4255d1/Sikkil_Gurucharan/December_Season_2006/Enna_Gaanu/Enna_Gaanu.taniSegKNN,Enna_Gaanu.taniSegKNN,.tanisegknn,0
Carnatic,85ccf631-4cdf-4f6c-a841-0edfcf4255d1/Sikkil_Gurucharan/December_Season_2006/Enna_Gaanu/Enna_Gaanu.flatSegNyas,Enna_Gaanu.flatSegNyas,.flatsegnyas,8431
Carnatic,85ccf631-4cdf-4f6c-a841-0edfcf4255d1/O__S__Thyagarajan/December_Season_2003/Ninnu_Nera_Nammi/Ninnu_Nera_Nammi.tonicFine,Ninnu_Nera_Nammi.tonicFine,.tonicfine,25
Carnatic,85ccf631-4cdf-4f6c-a841-0edfcf4255d1/O__S__Thyagarajan/December_Season_2003/Ninnu_Nera_Nammi/Ninnu_Nera_Nammi.pitch,Ninnu_Nera_Nammi.pitch,.pitch,3101108
Carnatic,85ccf631-4cdf-4f6c-a841-0edfcf4255d1/O__S__Thyagarajan/December_Season_2003/Ninnu_Nera_Nammi/Ninnu_Nera_Nammi.flatSegNyas,Ninnu_Nera_Nammi.flatSegNyas,.flatsegnyas,6144
Carnatic,85ccf631-4cdf-4f6c-a841-0edfcf4255d1/O__S__Thyagarajan/December_Season_2003/Ninnu_Nera_Nammi/Ninnu_Nera_Nammi.tonic,Ninnu_Nera_Nammi.tonic,.tonic,9
Carnatic,85ccf631-4cdf-4f6c-a841-0edfcf4255d1/O__S__Thyagarajan/December_Season_2003/Ninnu_Nera_Nammi/Ninnu_Nera_Nammi.pitchSilIntrpPP,Ninnu_Nera_Nammi.pitchSilIntrpPP,.pitchsilintrppp,6684600
Carnatic,85ccf631-4cdf-4f6c-a841-0edfcf4255d1/O__S__Thyagarajan/December_Season_2003/Ninnu_Nera_Nammi/Ninnu_Nera_Nammi.taniSegKNN,Ninnu_Nera_Nammi.taniSegKNN,.tanisegknn,0
Carnatic,85ccf631-4cdf-4f6c-a841-0edfcf4255d1/Prasanna_Venkataraman/December_Season_2009/Vaderadeivamu/Vaderadeivamu.pitchSilIntrpPP,Vaderadeivamu.pitchSilIntrpPP,.pitchsilintrppp,5064150
Carnatic,85ccf631-4cdf-4f6c-a841-0edfcf4255d1/Prasanna_Venkataraman/December_Season_2009/Vaderadeivamu/Vaderadeivamu.flatSegNyas,Vaderadeivamu.flatSegNyas,.flatsegnyas,5582
Carnatic,85ccf631-4cdf-4f6c-a841-0edfcf4255d1/Prasanna_Venkataraman/December_Season_2009/Vaderadeivamu/Vaderadeivamu.pitch,Vaderadeivamu.pitch,.pitch,2358570
Carnatic,85ccf631-4cdf-4f6c-a841-0edfcf4255d1/Prasanna_Venkataraman/December_Season_2009/Vaderadeivamu/Vaderadeivamu.taniSegKNN,Vaderadeivamu.taniSegKNN,.tanisegknn,0
Carnatic,85ccf631-4cdf-4f6c-a841-0edfcf4255d1/Prasanna_Venkataraman/December_Season_2009/Vaderadeivamu/Vaderadeivamu.tonic,Vaderadeivamu.tonic,.tonic,10
Carnatic,85ccf631-4cdf-4f6c-a841-0edfcf4255d1/Prasanna_Venkataraman/December_Season_2009/Vaderadeivamu/Vaderadeivamu.tonicFine,Vaderadeivamu.tonicFine,.tonicfine,25
Carnatic,85ccf631-4cdf-4f6c-a841-0edfcf4255d1/Amrutha_Venkatesh/December_Season_2008/Kunjida_Padattai/Kunjida_Padattai.pitchSilIntrpPP,Kunjida_Padattai.pitchSilIntrpPP,.pitchsilintrppp,14455050
Carnatic,85ccf631-4cdf-4f6c-a841-0edfcf4255d1/Amrutha_Venkatesh/December_Season_2008/Kunjida_Padattai/Kunjida_Padattai.flatSegNyas,Kunjida_Padattai.flatSegNyas,.flatsegnyas,13202
Carnatic,85ccf631-4cdf-4f6c-a841-0edfcf4255d1/Amrutha_Venkatesh/December_Season_2008/Kunjida_Padattai/Kunjida_Padattai.tonicFine,Kunjida_Padattai.tonicFine,.tonicfine,25
Carnatic,85ccf631-4cdf-4f6c-a841-0edfcf4255d1/Amrutha_Venkatesh/December_Season_2008/Kunjida_Padattai/Kunjida_Padattai.tonic,Kunjida_Padattai.tonic,.tonic,10
Carnatic,85ccf631-4cdf-4f6c-a841-0edfcf4255d1/Amrutha_Venkatesh/December_Season_2008/Kunjida_Padattai/Kunjida_Padattai.pitch,Kunjida_Padattai.pitch,.pitch,6868514
Carnatic,85ccf631-4cdf-4f6c-a841-0edfcf4255d1/Amrutha_Venkatesh/December_Season_2008/Kunjida_Padattai/Kunjida_Padattai.taniSegKNN,Kunjida_Padattai.taniSegKNN,.tanisegknn,0
Carnatic,9a071e54-3eed-48b2-83a3-1a3fd683b8e0/Ranjani_and_Gayathri/Memorable_Concerts_From_Rfas_September_Season_2009/Balambikayam/Balambikayam.pitchSilIntrpPP,Balambikayam.pitchSilIntrpPP,.pitchsilintrppp,4029450
Carnatic,9a071e54-3eed-48b2-83a3-1a3fd683b8e0/Ranjani_and_Gayathri/Memorable_Concerts_From_Rfas_September_Season_2009/Balambikayam/Balambikayam.taniSegKNN,Balambikayam.taniSegKNN,.tanisegknn,0
Carnatic,9a071e54-3eed-48b2-83a3-1a3fd683b8e0/Ranjani_and_Gayathri/Memorable_Concerts_From_Rfas_September_Season_2009/Balambikayam/Balambikayam.flatSegNyas,Balambikayam.flatSegNyas,.flatsegnyas,4356
Carnatic,9a071e54-3eed-48b2-83a3-1a3fd683b8e0/Ranjani_and_Gayathri/Memorable_Concerts_From_Rfas_September_Season_2009/Balambikayam/Balambikayam.pitch,Balambikayam.pitch,.pitch,1866892
Carnatic,9a071e54-3eed-48b2-83a3-1a3fd683b8e0/Ranjani_and_Gayathri/Memorable_Concerts_From_Rfas_September_Season_2009/Balambikayam/Balambikayam.tonic,Balambikayam.tonic,.tonic,11
Carnatic,9a071e54-3eed-48b2-83a3-1a3fd683b8e0/Ranjani_and_Gayathri/Memorable_Concerts_From_Rfas_September_Season_2009/Balambikayam/Balambikayam.tonicFine,Balambikayam.tonicFine,.tonicfine,25
Carnatic,"9a071e54-3eed-48b2-83a3-1a3fd683b8e0/K__V__Narayanaswami/K__V__Narayanaswami_concert_at_Dayton,_1997/Neranammiti/Neranammiti.pitch",Neranammiti.pitch,.pitch,1760600
Carnatic,"9a071e54-3eed-48b2-83a3-1a3fd683b8e0/K__V__Narayanaswami/K__V__Narayanaswami_concert_at_Dayton,_1997/Neranammiti/Neranammiti.taniSegKNN",Neranammiti.taniSegKNN,.tanisegknn,0
Carnatic,"9a071e54-3eed-48b2-83a3-1a3fd683b8e0/K__V__Narayanaswami/K__V__Narayanaswami_concert_at_Dayton,_1997/Neranammiti/Neranammiti.pitchSilIntrpPP",Neranammiti.pitchSilIntrpPP,.pitchsilintrppp,3815500
Carnatic,"9a071e54-3eed-48b2-83a3-1a3fd683b8e0/K__V__Narayanaswami/K__V__Narayanaswami_concert_at_Dayton,_1997/Neranammiti/Neranammiti.flatSegNyas",Neranammiti.flatSegNyas,.flatsegnyas,5780
Carnatic,"9a071e54-3eed-48b2-83a3-1a3fd683b8e0/K__V__Narayanaswami/K__V__Narayanaswami_concert_at_Dayton,_1997/Neranammiti/Neranammiti.tonicFine",Neranammiti.tonicFine,.tonicfine,25
Carnatic,"9a071e54-3eed-48b2-83a3-1a3fd683b8e0/K__V__Narayanaswami/K__V__Narayanaswami_concert_at_Dayton,_1997/Neranammiti/Neranammiti.tonic",Neranammiti.tonic,.tonic,10
Carnatic,9a071e54-3eed-48b2-83a3-1a3fd683b8e0/Amritha_Murali/December_Season_2009/Saketaniketana/Saketaniketana.flatSegNyas,Saketaniketana.flatSegNyas,.flatsegnyas,14408
Carnatic,9a071e54-3eed-48b2-83a3-1a3fd683b8e0/Amritha_Murali/December_Season_2009/Saketaniketana/Saketaniketana.taniSegKNN,Saketaniketana.taniSegKNN,.tanisegknn,0
Carnatic,9a071e54-3eed-48b2-83a3-1a3fd683b8e0/Amritha_Murali/December_Season_2009/Saketaniketana/Saketaniketana.pitch,Saketaniketana.pitch,.pitch,5245527
Carnatic,9a071e54-3eed-48b2-83a3-1a3fd683b8e0/Amritha_Murali/December_Season_2009/Saketaniketana/Saketaniketana.tonicFine,Saketaniketana.tonicFine,.tonicfine,25
Carnatic,9a071e54-3eed-48b2-83a3-1a3fd683b8e0/Amritha_Murali/December_Season_2009/Saketaniketana/Saketaniketana.tonic,Saketaniketana.tonic,.tonic,10
Carnatic,9a071e54-3eed-48b2-83a3-1a3fd683b8e0/Amritha_Murali/December_Season_2009/Saketaniketana/Saketaniketana.pitchSilIntrpPP,Saketaniketana.pitchSilIntrpPP,.pitchsilintrppp,11176250
Carnatic,9a071e54-3eed-48b2-83a3-1a3fd683b8e0/Sanjay_Subrahmanyan/December_Season_2006/Sukhi_Evvaro/Sukhi_Evvaro.pitch,Sukhi_Evvaro.pitch,.pitch,10145566
Carnatic,9a071e54-3eed-48b2-83a3-1a3fd683b8e0/Sanjay_Subrahmanyan/December_Season_2006/Sukhi_Evvaro/Sukhi_Evvaro.taniSegKNN,Sukhi_Evvaro.taniSegKNN,.tanisegknn,18
Carnatic,9a071e54-3eed-48b2-83a3-1a3fd683b8e0/Sanjay_Subrahmanyan/December_Season_2006/Sukhi_Evvaro/Sukhi_Evvaro.pitchSilIntrpPP,Sukhi_Evvaro.pitchSilIntrpPP,.pitchsilintrppp,21134550
Carnatic,9a071e54-3eed-48b2-83a3-1a3fd683b8e0/Sanjay_Subrahmanyan/December_Season_2006/Sukhi_Evvaro/Sukhi_Evvaro.tonic,Sukhi_Evvaro.tonic,.tonic,10
Carnatic,9a071e54-3eed-48b2-83a3-1a3fd683b8e0/Sanjay_Subrahmanyan/December_Season_2006/Sukhi_Evvaro/Sukhi_Evvaro.flatSegNyas,Sukhi_Evvaro.flatSegNyas,.flatsegnyas,21840
Carnatic,9a071e54-3eed-48b2-83a3-1a3fd683b8e0/Sanjay_Subrahmanyan/December_Season_2006/Sukhi_Evvaro/Sukhi_Evvaro.tonicFine,Sukhi_Evvaro.tonicFine,.tonicfine,25
Carnatic,9a071e54-3eed-48b2-83a3-1a3fd683b8e0/Sanjay_Subrahmanyan/December_Season_2002/Ka_va_va_Velava_Ten_Pazhani_Malai_Muruga_Va/Ka_va_va_Velava_Ten_Pazhani_Malai_Muruga_Va.tonic,Ka_va_va_Velava_Ten_Pazhani_Malai_Muruga_Va.tonic,.tonic,10
Carnatic,9a071e54-3eed-48b2-83a3-1a3fd683b8e0/Sanjay_Subrahmanyan/December_Season_2002/Ka_va_va_Velava_Ten_Pazhani_Malai_Muruga_Va/Ka_va_va_Velava_Ten_Pazhani_Malai_Muruga_Va.flatSegNyas,Ka_va_va_Velava_Ten_Pazhani_Malai_Muruga_Va.flatSegNyas,.flatsegnyas,35009
Carnatic,9a071e54-3eed-48b2-83a3-1a3fd683b8e0/Sanjay_Subrahmanyan/December_Season_2002/Ka_va_va_Velava_Ten_Pazhani_Malai_Muruga_Va/Ka_va_va_Velava_Ten_Pazhani_Malai_Muruga_Va.pitch,Ka_va_va_Velava_Ten_Pazhani_Malai_Muruga_Va.pitch,.pitch,12087337
Carnatic,9a071e54-3eed-48b2-83a3-1a3fd683b8e0/Sanjay_Subrahmanyan/December_Season_2002/Ka_va_va_Velava_Ten_Pazhani_Malai_Muruga_Va/Ka_va_va_Velava_Ten_Pazhani_Malai_Muruga_Va.pitchSilIntrpPP,Ka_va_va_Velava_Ten_Pazhani_Malai_Muruga_Va.pitchSilIntrpPP,.pitchsilintrppp,25215950
Carnatic,9a071e54-3eed-48b2-83a3-1a3fd683b8e0/Sanjay_Subrahmanyan/December_Season_2002/Ka_va_va_Velava_Ten_Pazhani_Malai_Muruga_Va/Ka_va_va_Velava_Ten_Pazhani_Malai_Muruga_Va.taniSegKNN,Ka_va_va_Velava_Ten_Pazhani_Malai_Muruga_Va.taniSegKNN,.tanisegknn,18
Carnatic,9a071e54-3eed-48b2-83a3-1a3fd683b8e0/Sanjay_Subrahmanyan/December_Season_2002/Ka_va_va_Velava_Ten_Pazhani_Malai_Muruga_Va/Ka_va_va_Velava_Ten_Pazhani_Malai_Muruga_Va.tonicFine,Ka_va_va_Velava_Ten_Pazhani_Malai_Muruga_Va.tonicFine,.tonicfine,25
Carnatic,9a071e54-3eed-48b2-83a3-1a3fd683b8e0/Sanjay_Subrahmanyan/Sanjay_at_Sastri_Hall/Ganta_mani_aadudhu/Ganta_mani_aadudhu.pitchSilIntrpPP,Ganta_mani_aadudhu.pitchSilIntrpPP,.pitchsilintrppp,2741350
Carnatic,9a071e54-3eed-48b2-83a3-1a3fd683b8e0/Sanjay_Subrahmanyan/Sanjay_at_Sastri_Hall/Ganta_mani_aadudhu/Ganta_mani_aadudhu.taniSegKNN,Ganta_mani_aadudhu.taniSegKNN,.tanisegknn,0
Carnatic,9a071e54-3eed-48b2-83a3-1a3fd683b8e0/Sanjay_Subrahmanyan/Sanjay_at_Sastri_Hall/Ganta_mani_aadudhu/Ganta_mani_aadudhu.tonicFine,Ganta_mani_aadudhu.tonicFine,.tonicfine,25
Carnatic,9a071e54-3eed-48b2-83a3-1a3fd683b8e0/Sanjay_Subrahmanyan/Sanjay_at_Sastri_Hall/Ganta_mani_aadudhu/Ganta_mani_aadudhu.tonic,Ganta_mani_aadudhu.tonic,.tonic,9
Carnatic,9a071e54-3eed-48b2-83a3-1a3fd683b8e0/Sanjay_Subrahmanyan/Sanjay_at_Sastri_Hall/Ganta_mani_aadudhu/Ganta_mani_aadudhu.pitch,Ganta_mani_aadudhu.pitch,.pitch,1248310
Carnatic,9a071e54-3eed-48b2-83a3-1a3fd683b8e0/Sanjay_Subrahmanyan/Sanjay_at_Sastri_Hall/Ganta_mani_aadudhu/Ganta_mani_aadudhu.flatSegNyas,Ganta_mani_aadudhu.flatSegNyas,.flatsegnyas,2849
Carnatic,9a071e54-3eed-48b2-83a3-1a3fd683b8e0/Nisha_P_Rajagopal/December_Season_2011/Srikanta_Enagishtu/Srikanta_Enagishtu.tonicFine,Srikanta_Enagishtu.tonicFine,.tonicfine,25
Carnatic,9a071e54-3eed-48b2-83a3-1a3fd683b8e0/Nisha_P_Rajagopal/December_Season_2011/Srikanta_Enagishtu/Srikanta_Enagishtu.tonic,Srikanta_Enagishtu.tonic,.tonic,10
Carnatic,9a071e54-3eed-48b2-83a3-1a3fd683b8e0/Nisha_P_Rajagopal/December_Season_2011/Srikanta_Enagishtu/Srikanta_Enagishtu.taniSegKNN,Srikanta_Enagishtu.taniSegKNN,.tanisegknn,0
Carnatic,9a071e54-3eed-48b2-83a3-1a3fd683b8e0/Nisha_P_Rajagopal/December_Season_2011/Srikanta_Enagishtu/Srikanta_Enagishtu.pitch,Srikanta_Enagishtu.pitch,.pitch,1778904
Carnatic,9a071e54-3eed-48b2-83a3-1a3fd683b8e0/Nisha_P_Rajagopal/December_Season_2011/Srikanta_Enagishtu/Srikanta_Enagishtu.flatSegNyas,Srikanta_Enagishtu.flatSegNyas,.flatsegnyas,5389
Carnatic,9a071e54-3eed-48b2-83a3-1a3fd683b8e0/Nisha_P_Rajagopal/December_Season_2011/Srikanta_Enagishtu/Srikanta_Enagishtu.pitchSilIntrpPP,Srikanta_Enagishtu.pitchSilIntrpPP,.pitchsilintrppp,3842800
Carnatic,9a071e54-3eed-48b2-83a3-1a3fd683b8e0/Sikkil_Gurucharan/December_Season_2007/Sukhi_Evvaro/Sukhi_Evvaro.pitch,Sukhi_Evvaro.pitch,.pitch,11352970
Carnatic,9a071e54-3eed-48b2-83a3-1a3fd683b8e0/Sikkil_Gurucharan/December_Season_2007/Sukhi_Evvaro/Sukhi_Evvaro.taniSegKNN,Sukhi_Evvaro.taniSegKNN,.tanisegknn,18
Carnatic,9a071e54-3eed-48b2-83a3-1a3fd683b8e0/Sikkil_Gurucharan/December_Season_2007/Sukhi_Evvaro/Sukhi_Evvaro.pitchSilIntrpPP,Sukhi_Evvaro.pitchSilIntrpPP,.pitchsilintrppp,23797700
Carnatic,9a071e54-3eed-48b2-83a3-1a3fd683b8e0/Sikkil_Gurucharan/December_Season_2007/Sukhi_Evvaro/Sukhi_Evvaro.tonic,Sukhi_Evvaro.tonic,.tonic,10
Carnatic,9a071e54-3eed-48b2-83a3-1a3fd683b8e0/Sikkil_Gurucharan/December_Season_2007/Sukhi_Evvaro/Sukhi_Evvaro.flatSegNyas,Sukhi_Evvaro.flatSegNyas,.flatsegnyas,26494
Carnatic,9a071e54-3eed-48b2-83a3-1a3fd683b8e0/Sikkil_Gurucharan/December_Season_2007/Sukhi_Evvaro/Sukhi_Evvaro.tonicFine,Sukhi_Evvaro.tonicFine,.tonicfine,25
Carnatic,9a071e54-3eed-48b2-83a3-1a3fd683b8e0/Aruna_Sairam/December_Season_2005/Nera_Nammiti/Nera_Nammiti.pitch,Nera_Nammiti.pitch,.pitch,1898955
Carnatic,9a071e54-3eed-48b2-83a3-1a3fd683b8e0/Aruna_Sairam/December_Season_2005/Nera_Nammiti/Nera_Nammiti.taniSegKNN,Nera_Nammiti.taniSegKNN,.tanisegknn,0
Carnatic,9a071e54-3eed-48b2-83a3-1a3fd683b8e0/Aruna_Sairam/December_Season_2005/Nera_Nammiti/Nera_Nammiti.flatSegNyas,Nera_Nammiti.flatSegNyas,.flatsegnyas,4429
Carnatic,9a071e54-3eed-48b2-83a3-1a3fd683b8e0/Aruna_Sairam/December_Season_2005/Nera_Nammiti/Nera_Nammiti.tonic,Nera_Nammiti.tonic,.tonic,10
Carnatic,9a071e54-3eed-48b2-83a3-1a3fd683b8e0/Aruna_Sairam/December_Season_2005/Nera_Nammiti/Nera_Nammiti.pitchSilIntrpPP,Nera_Nammiti.pitchSilIntrpPP,.pitchsilintrppp,4109750
Carnatic,9a071e54-3eed-48b2-83a3-1a3fd683b8e0/Aruna_Sairam/December_Season_2005/Nera_Nammiti/Nera_Nammiti.tonicFine,Nera_Nammiti.tonicFine,.tonicfine,25
Carnatic,9a071e54-3eed-48b2-83a3-1a3fd683b8e0/Prasanna_Venkataraman/December_Season_2008/Nera_Nammiti/Nera_Nammiti.pitch,Nera_Nammiti.pitch,.pitch,2201733
Carnatic,9a071e54-3eed-48b2-83a3-1a3fd683b8e0/Prasanna_Venkataraman/December_Season_2008/Nera_Nammiti/Nera_Nammiti.taniSegKNN,Nera_Nammiti.taniSegKNN,.tanisegknn,0
Carnatic,9a071e54-3eed-48b2-83a3-1a3fd683b8e0/Prasanna_Venkataraman/December_Season_2008/Nera_Nammiti/Nera_Nammiti.flatSegNyas,Nera_Nammiti.flatSegNyas,.flatsegnyas,7126
Carnatic,9a071e54-3eed-48b2-83a3-1a3fd683b8e0/Prasanna_Venkataraman/December_Season_2008/Nera_Nammiti/Nera_Nammiti.tonic,Nera_Nammiti.tonic,.tonic,10
Carnatic,9a071e54-3eed-48b2-83a3-1a3fd683b8e0/Prasanna_Venkataraman/December_Season_2008/Nera_Nammiti/Nera_Nammiti.pitchSilIntrpPP,Nera_Nammiti.pitchSilIntrpPP,.pitchsilintrppp,4743550
Carnatic,9a071e54-3eed-48b2-83a3-1a3fd683b8e0/Prasanna_Venkataraman/December_Season_2008/Nera_Nammiti/Nera_Nammiti.tonicFine,Nera_Nammiti.tonicFine,.tonicfine,25
Carnatic,9a071e54-3eed-48b2-83a3-1a3fd683b8e0/Amrutha_Venkatesh/December_Season_2009/Sri_Matru_Bhootam/Sri_Matru_Bhootam.tonicFine,Sri_Matru_Bhootam.tonicFine,.tonicfine,25
Carnatic,9a071e54-3eed-48b2-83a3-1a3fd683b8e0/Amrutha_Venkatesh/December_Season_2009/Sri_Matru_Bhootam/Sri_Matru_Bhootam.flatSegNyas,Sri_Matru_Bhootam.flatSegNyas,.flatsegnyas,7846
Carnatic,9a071e54-3eed-48b2-83a3-1a3fd683b8e0/Amrutha_Venkatesh/December_Season_2009/Sri_Matru_Bhootam/Sri_Matru_Bhootam.taniSegKNN,Sri_Matru_Bhootam.taniSegKNN,.tanisegknn,0
Carnatic,9a071e54-3eed-48b2-83a3-1a3fd683b8e0/Amrutha_Venkatesh/December_Season_2009/Sri_Matru_Bhootam/Sri_Matru_Bhootam.tonic,Sri_Matru_Bhootam.tonic,.tonic,10
Carnatic,9a071e54-3eed-48b2-83a3-1a3fd683b8e0/Amrutha_Venkatesh/December_Season_2009/Sri_Matru_Bhootam/Sri_Matru_Bhootam.pitchSilIntrpPP,Sri_Matru_Bhootam.pitchSilIntrpPP,.pitchsilintrppp,5790350
Carnatic,9a071e54-3eed-48b2-83a3-1a3fd683b8e0/Amrutha_Venkatesh/December_Season_2009/Sri_Matru_Bhootam/Sri_Matru_Bhootam.pitch,Sri_Matru_Bhootam.pitch,.pitch,2697338
Carnatic,9a071e54-3eed-48b2-83a3-1a3fd683b8e0/Amrutha_Venkatesh/December_Season_2007/Mamavasada_Janani/Mamavasada_Janani.taniSegKNN,Mamavasada_Janani.taniSegKNN,.tanisegknn,0
Carnatic,9a071e54-3eed-48b2-83a3-1a3fd683b8e0/Amrutha_Venkatesh/December_Season_2007/Mamavasada_Janani/Mamavasada_Janani.pitchSilIntrpPP,Mamavasada_Janani.pitchSilIntrpPP,.pitchsilintrppp,3943600
Carnatic,9a071e54-3eed-48b2-83a3-1a3fd683b8e0/Amrutha_Venkatesh/December_Season_2007/Mamavasada_Janani/Mamavasada_Janani.flatSegNyas,Mamavasada_Janani.flatSegNyas,.flatsegnyas,5576
Carnatic,9a071e54-3eed-48b2-83a3-1a3fd683b8e0/Amrutha_Venkatesh/December_Season_2007/Mamavasada_Janani/Mamavasada_Janani.tonicFine,Mamavasada_Janani.tonicFine,.tonicfine,25
Carnatic,9a071e54-3eed-48b2-83a3-1a3fd683b8e0/Amrutha_Venkatesh/December_Season_2007/Mamavasada_Janani/Mamavasada_Janani.pitch,Mamavasada_Janani.pitch,.pitch,1834574
Carnatic,9a071e54-3eed-48b2-83a3-1a3fd683b8e0/Amrutha_Venkatesh/December_Season_2007/Mamavasada_Janani/Mamavasada_Janani.tonic,Mamavasada_Janani.tonic,.tonic,10
Carnatic,18b1acb9-dff6-47ec-873a-b2086c8d268d/T__M__Krishna/Madrasil_Margazhi_2006/Alakalella/Alakalella.pitch,Alakalella.pitch,.pitch,1987404
Carnatic,18b1acb9-dff6-47ec-873a-b2086c8d268d/T__M__Krishna/Madrasil_Margazhi_2006/Alakalella/Alakalella.tonicFine,Alakalella.tonicFine,.tonicfine,25
Carnatic,18b1acb9-dff6-47ec-873a-b2086c8d268d/T__M__Krishna/Madrasil_Margazhi_2006/Alakalella/Alakalella.taniSegKNN,Alakalella.taniSegKNN,.tanisegknn,0
Carnatic,18b1acb9-dff6-47ec-873a-b2086c8d268d/T__M__Krishna/Madrasil_Margazhi_2006/Alakalella/Alakalella.flatSegNyas,Alakalella.flatSegNyas,.flatsegnyas,4800
Carnatic,18b1acb9-dff6-47ec-873a-b2086c8d268d/T__M__Krishna/Madrasil_Margazhi_2006/Alakalella/Alakalella.pitchSilIntrpPP,Alakalella.pitchSilIntrpPP,.pitchsilintrppp,4313900
Carnatic,18b1acb9-dff6-47ec-873a-b2086c8d268d/T__M__Krishna/Madrasil_Margazhi_2006/Alakalella/Alakalella.tonic,Alakalella.tonic,.tonic,10
Carnatic,18b1acb9-dff6-47ec-873a-b2086c8d268d/T__M__Krishna/December_Season_2000/Ramakathasudha/Ramakathasudha.taniSegKNN,Ramakathasudha.taniSegKNN,.tanisegknn,18
Carnatic,18b1acb9-dff6-47ec-873a-b2086c8d268d/T__M__Krishna/December_Season_2000/Ramakathasudha/Ramakathasudha.flatSegNyas,Ramakathasudha.flatSegNyas,.flatsegnyas,48362
Carnatic,18b1acb9-dff6-47ec-873a-b2086c8d268d/T__M__Krishna/December_Season_2000/Ramakathasudha/Ramakathasudha.tonicFine,Ramakathasudha.tonicFine,.tonicfine,25
Carnatic,18b1acb9-dff6-47ec-873a-b2086c8d268d/T__M__Krishna/December_Season_2000/Ramakathasudha/Ramakathasudha.tonic,Ramakathasudha.tonic,.tonic,10
Carnatic,18b1acb9-dff6-47ec-873a-b2086c8d268d/T__M__Krishna/December_Season_2000/Ramakathasudha/Ramakathasudha.pitch,Ramakathasudha.pitch,.pitch,14483325
Carnatic,18b1acb9-dff6-47ec-873a-b2086c8d268d/T__M__Krishna/December_Season_2000/Ramakathasudha/Ramakathasudha.pitchSilIntrpPP,Ramakathasudha.pitchSilIntrpPP,.pitchsilintrppp,29858350
Carnatic,18b1acb9-dff6-47ec-873a-b2086c8d268d/Cherthala_Ranganatha_Sharma/Cherthala_Ranganatha_Sharma_at_Arkay/Shlokam_-_Shivah_Shaktyayukto/Shlokam_-_Shivah_Shaktyayukto.taniSegKNN,Shlokam_-_Shivah_Shaktyayukto.taniSegKNN,.tanisegknn,0
Carnatic,18b1acb9-dff6-47ec-873a-b2086c8d268d/Cherthala_Ranganatha_Sharma/Cherthala_Ranganatha_Sharma_at_Arkay/Shlokam_-_Shivah_Shaktyayukto/Shlokam_-_Shivah_Shaktyayukto.tonicFine,Shlokam_-_Shivah_Shaktyayukto.tonicFine,.tonicfine,25
Carnatic,18b1acb9-dff6-47ec-873a-b2086c8d268d/Cherthala_Ranganatha_Sharma/Cherthala_Ranganatha_Sharma_at_Arkay/Shlokam_-_Shivah_Shaktyayukto/Shlokam_-_Shivah_Shaktyayukto.tonic,Shlokam_-_Shivah_Shaktyayukto.tonic,.tonic,10
Carnatic,18b1acb9-dff6-47ec-873a-b2086c8d268d/Cherthala_Ranganatha_Sharma/Cherthala_Ranganatha_Sharma_at_Arkay/Shlokam_-_Shivah_Shaktyayukto/Shlokam_-_Shivah_Shaktyayukto.pitch,Shlokam_-_Shivah_Shaktyayukto.pitch,.pitch,468560
Carnatic,18b1acb9-dff6-47ec-873a-b2086c8d268d/Cherthala_Ranganatha_Sharma/Cherthala_Ranganatha_Sharma_at_Arkay/Shlokam_-_Shivah_Shaktyayukto/Shlokam_-_Shivah_Shaktyayukto.flatSegNyas,Shlokam_-_Shivah_Shaktyayukto.flatSegNyas,.flatsegnyas,934
Carnatic,18b1acb9-dff6-47ec-873a-b2086c8d268d/Cherthala_Ranganatha_Sharma/Cherthala_Ranganatha_Sharma_at_Arkay/Shlokam_-_Shivah_Shaktyayukto/Shlokam_-_Shivah_Shaktyayukto.pitchSilIntrpPP,Shlokam_-_Shivah_Shaktyayukto.pitchSilIntrpPP,.pitchsilintrppp,1044200
Carnatic,18b1acb9-dff6-47ec-873a-b2086c8d268d/Lalgudi_GJR_Krishnan/December_Season_2004/Sharavanabhava_Guhane/Sharavanabhava_Guhane.flatSegNyas,Sharavanabhava_Guhane.flatSegNyas,.flatsegnyas,31395
Carnatic,18b1acb9-dff6-47ec-873a-b2086c8d268d/Lalgudi_GJR_Krishnan/December_Season_2004/Sharavanabhava_Guhane/Sharavanabhava_Guhane.tonic,Sharavanabhava_Guhane.tonic,.tonic,11
Carnatic,18b1acb9-dff6-47ec-873a-b2086c8d268d/Lalgudi_GJR_Krishnan/December_Season_2004/Sharavanabhava_Guhane/Sharavanabhava_Guhane.taniSegKNN,Sharavanabhava_Guhane.taniSegKNN,.tanisegknn,31
Carnatic,18b1acb9-dff6-47ec-873a-b2086c8d268d/Lalgudi_GJR_Krishnan/December_Season_2004/Sharavanabhava_Guhane/Sharavanabhava_Guhane.pitch,Sharavanabhava_Guhane.pitch,.pitch,11604514
Carnatic,18b1acb9-dff6-47ec-873a-b2086c8d268d/Lalgudi_GJR_Krishnan/December_Season_2004/Sharavanabhava_Guhane/Sharavanabhava_Guhane.tonicFine,Sharavanabhava_Guhane.tonicFine,.tonicfine,25
Carnatic,18b1acb9-dff6-47ec-873a-b2086c8d268d/Lalgudi_GJR_Krishnan/December_Season_2004/Sharavanabhava_Guhane/Sharavanabhava_Guhane.pitchSilIntrpPP,Sharavanabhava_Guhane.pitchSilIntrpPP,.pitchsilintrppp,24119800
Carnatic,18b1acb9-dff6-47ec-873a-b2086c8d268d/S__Sowmya/December_Season_1999/Karpagame/Karpagame.pitchSilIntrpPP,Karpagame.pitchSilIntrpPP,.pitchsilintrppp,2389600
Carnatic,18b1acb9-dff6-47ec-873a-b2086c8d268d/S__Sowmya/December_Season_1999/Karpagame/Karpagame.flatSegNyas,Karpagame.flatSegNyas,.flatsegnyas,2386
Carnatic,18b1acb9-dff6-47ec-873a-b2086c8d268d/S__Sowmya/December_Season_1999/Karpagame/Karpagame.taniSegKNN,Karpagame.taniSegKNN,.tanisegknn,0
Carnatic,18b1acb9-dff6-47ec-873a-b2086c8d268d/S__Sowmya/December_Season_1999/Karpagame/Karpagame.tonicFine,Karpagame.tonicFine,.tonicfine,25
Carnatic,18b1acb9-dff6-47ec-873a-b2086c8d268d/S__Sowmya/December_Season_1999/Karpagame/Karpagame.pitch,Karpagame.pitch,.pitch,1096728
Carnatic,18b1acb9-dff6-47ec-873a-b2086c8d268d/S__Sowmya/December_Season_1999/Karpagame/Karpagame.tonic,Karpagame.tonic,.tonic,10
Carnatic,18b1acb9-dff6-47ec-873a-b2086c8d268d/Gayathri_Venkataraghavan/December_Season_2010/Adum_Mayilai_-_Karpagame/Adum_Mayilai_-_Karpagame.tonicFine,Adum_Mayilai_-_Karpagame.tonicFine,.tonicfine,25
Carnatic,18b1acb9-dff6-47ec-873a-b2086c8d268d/Gayathri_Venkataraghavan/December_Season_2010/Adum_Mayilai_-_Karpagame/Adum_Mayilai_-_Karpagame.pitch,Adum_Mayilai_-_Karpagame.pitch,.pitch,2185375
Carnatic,18b1acb9-dff6-47ec-873a-b2086c8d268d/Gayathri_Venkataraghavan/December_Season_2010/Adum_Mayilai_-_Karpagame/Adum_Mayilai_-_Karpagame.tonic,Adum_Mayilai_-_Karpagame.tonic,.tonic,10
Carnatic,18b1acb9-dff6-47ec-873a-b2086c8d268d/Gayathri_Venkataraghavan/December_Season_2010/Adum_Mayilai_-_Karpagame/Adum_Mayilai_-_Karpagame.pitchSilIntrpPP,Adum_Mayilai_-_Karpagame.pitchSilIntrpPP,.pitchsilintrppp,4687150
Carnatic,18b1acb9-dff6-47ec-873a-b2086c8d268d/Gayathri_Venkataraghavan/December_Season_2010/Adum_Mayilai_-_Karpagame/Adum_Mayilai_-_Karpagame.taniSegKNN,Adum_Mayilai_-_Karpagame.taniSegKNN,.tanisegknn,0
Carnatic,18b1acb9-dff6-47ec-873a-b2086c8d268d/Gayathri_Venkataraghavan/December_Season_2010/Adum_Mayilai_-_Karpagame/Adum_Mayilai_-_Karpagame.flatSegNyas,Adum_Mayilai_-_Karpagame.flatSegNyas,.flatsegnyas,5278
Carnatic,18b1acb9-dff6-47ec-873a-b2086c8d268d/Abhishek_Raghuram/Pravrddha_Sri_Lalgudi_Pancharatna_Kritis/Deva_Shri/Deva_Shri.tonic,Deva_Shri.tonic,.tonic,10
Carnatic,18b1acb9-dff6-47ec-873a-b2086c8d268d/Abhishek_Raghuram/Pravrddha_Sri_Lalgudi_Pancharatna_Kritis/Deva_Shri/Deva_Shri.tonicFine,Deva_Shri.tonicFine,.tonicfine,25
Carnatic,18b1acb9-dff6-47ec-873a-b2086c8d268d/Abhishek_Raghuram/Pravrddha_Sri_Lalgudi_Pancharatna_Kritis/Deva_Shri/Deva_Shri.pitch,Deva_Shri.pitch,.pitch,8277081
Carnatic,18b1acb9-dff6-47ec-873a-b2086c8d268d/Abhishek_Raghuram/Pravrddha_Sri_Lalgudi_Pancharatna_Kritis/Deva_Shri/Deva_Shri.pitchSilIntrpPP,Deva_Shri.pitchSilIntrpPP,.pitchsilintrppp,17462000
Carnatic,18b1acb9-dff6-47ec-873a-b2086c8d268d/Abhishek_Raghuram/Pravrddha_Sri_Lalgudi_Pancharatna_Kritis/Deva_Shri/Deva_Shri.taniSegKNN,Deva_Shri.taniSegKNN,.tanisegknn,18
Carnatic,18b1acb9-dff6-47ec-873a-b2086c8d268d/Abhishek_Raghuram/Pravrddha_Sri_Lalgudi_Pancharatna_Kritis/Deva_Shri/Deva_Shri.flatSegNyas,Deva_Shri.flatSegNyas,.flatsegnyas,18260
Carnatic,18b1acb9-dff6-47ec-873a-b2086c8d268d/Modhumudi_Sudhakar/Modhumudi_Sudhakar_at_Arkay/Rama_Namam_Bhajare/Rama_Namam_Bhajare.flatSegNyas,Rama_Namam_Bhajare.flatSegNyas,.flatsegnyas,2884
Carnatic,18b1acb9-dff6-47ec-873a-b2086c8d268d/Modhumudi_Sudhakar/Modhumudi_Sudhakar_at_Arkay/Rama_Namam_Bhajare/Rama_Namam_Bhajare.tonic,Rama_Namam_Bhajare.tonic,.tonic,10
Carnatic,18b1acb9-dff6-47ec-873a-b2086c8d268d/Modhumudi_Sudhakar/Modhumudi_Sudhakar_at_Arkay/Rama_Namam_Bhajare/Rama_Namam_Bhajare.pitchSilIntrpPP,Rama_Namam_Bhajare.pitchSilIntrpPP,.pitchsilintrppp,2346400
Carnatic,18b1acb9-dff6-47ec-873a-b2086c8d268d/Modhumudi_Sudhakar/Modhumudi_Sudhakar_at_Arkay/Rama_Namam_Bhajare/Rama_Namam_Bhajare.taniSegKNN,Rama_Namam_Bhajare.taniSegKNN,.tanisegknn,0
Carnatic,18b1acb9-dff6-47ec-873a-b2086c8d268d/Modhumudi_Sudhakar/Modhumudi_Sudhakar_at_Arkay/Rama_Namam_Bhajare/Rama_Namam_Bhajare.tonicFine,Rama_Namam_Bhajare.tonicFine,.tonicfine,25
Carnatic,18b1acb9-dff6-47ec-873a-b2086c8d268d/Modhumudi_Sudhakar/Modhumudi_Sudhakar_at_Arkay/Rama_Namam_Bhajare/Rama_Namam_Bhajare.pitch,Rama_Namam_Bhajare.pitch,.pitch,1079325
Carnatic,18b1acb9-dff6-47ec-873a-b2086c8d268d/Aruna_Sairam/Madrasil_Margazhi_2006/Nadupai/Nadupai.pitchSilIntrpPP,Nadupai.pitchSilIntrpPP,.pitchsilintrppp,15731350
Carnatic,18b1acb9-dff6-47ec-873a-b2086c8d268d/Aruna_Sairam/Madrasil_Margazhi_2006/Nadupai/Nadupai.pitch,Nadupai.pitch,.pitch,7435756
Carnatic,18b1acb9-dff6-47ec-873a-b2086c8d268d/Aruna_Sairam/Madrasil_Margazhi_2006/Nadupai/Nadupai.flatSegNyas,Nadupai.flatSegNyas,.flatsegnyas,15894
Carnatic,18b1acb9-dff6-47ec-873a-b2086c8d268d/Aruna_Sairam/Madrasil_Margazhi_2006/Nadupai/Nadupai.taniSegKNN,Nadupai.taniSegKNN,.tanisegknn,0
Carnatic,18b1acb9-dff6-47ec-873a-b2086c8d268d/Aruna_Sairam/Madrasil_Margazhi_2006/Nadupai/Nadupai.tonic,Nadupai.tonic,.tonic,9
Carnatic,18b1acb9-dff6-47ec-873a-b2086c8d268d/Aruna_Sairam/Madrasil_Margazhi_2006/Nadupai/Nadupai.tonicFine,Nadupai.tonicFine,.tonicfine,25
Carnatic,18b1acb9-dff6-47ec-873a-b2086c8d268d/Ramnad_Krishnan/Ramnad_Krishnan_concert_at_Music_Academy_1969/Ramakatha_Sudarasa/Ramakatha_Sudarasa.pitch,Ramakatha_Sudarasa.pitch,.pitch,14823684
Carnatic,18b1acb9-dff6-47ec-873a-b2086c8d268d/Ramnad_Krishnan/Ramnad_Krishnan_concert_at_Music_Academy_1969/Ramakatha_Sudarasa/Ramakatha_Sudarasa.tonic,Ramakatha_Sudarasa.tonic,.tonic,10
Carnatic,18b1acb9-dff6-47ec-873a-b2086c8d268d/Ramnad_Krishnan/Ramnad_Krishnan_concert_at_Music_Academy_1969/Ramakatha_Sudarasa/Ramakatha_Sudarasa.taniSegKNN,Ramakatha_Sudarasa.taniSegKNN,.tanisegknn,0
Carnatic,18b1acb9-dff6-47ec-873a-b2086c8d268d/Ramnad_Krishnan/Ramnad_Krishnan_concert_at_Music_Academy_1969/Ramakatha_Sudarasa/Ramakatha_Sudarasa.flatSegNyas,Ramakatha_Sudarasa.flatSegNyas,.flatsegnyas,35873
Carnatic,18b1acb9-dff6-47ec-873a-b2086c8d268d/Ramnad_Krishnan/Ramnad_Krishnan_concert_at_Music_Academy_1969/Ramakatha_Sudarasa/Ramakatha_Sudarasa.tonicFine,Ramakatha_Sudarasa.tonicFine,.tonicfine,25
Carnatic,18b1acb9-dff6-47ec-873a-b2086c8d268d/Ramnad_Krishnan/Ramnad_Krishnan_concert_at_Music_Academy_1969/Ramakatha_Sudarasa/Ramakatha_Sudarasa.pitchSilIntrpPP,Ramakatha_Sudarasa.pitchSilIntrpPP,.pitchsilintrppp,30563950
Carnatic,18b1acb9-dff6-47ec-873a-b2086c8d268d/O__S__Thyagarajan/December_Season_2003/Nadupai/Nadupai.pitchSilIntrpPP,Nadupai.pitchSilIntrpPP,.pitchsilintrppp,890250
Carnatic,18b1acb9-dff6-47ec-873a-b2086c8d268d/O__S__Thyagarajan/December_Season_2003/Nadupai/Nadupai.pitch,Nadupai.pitch,.pitch,395482
Carnatic,18b1acb9-dff6-47ec-873a-b2086c8d268d/O__S__Thyagarajan/December_Season_2003/Nadupai/Nadupai.flatSegNyas,Nadupai.flatSegNyas,.flatsegnyas,1008
Carnatic,18b1acb9-dff6-47ec-873a-b2086c8d268d/O__S__Thyagarajan/December_Season_2003/Nadupai/Nadupai.taniSegKNN,Nadupai.taniSegKNN,.tanisegknn,0
Carnatic,18b1acb9-dff6-47ec-873a-b2086c8d268d/O__S__Thyagarajan/December_Season_2003/Nadupai/Nadupai.tonic,Nadupai.tonic,.tonic,10
Carnatic,18b1acb9-dff6-47ec-873a-b2086c8d268d/O__S__Thyagarajan/December_Season_2003/Nadupai/Nadupai.tonicFine,Nadupai.tonicFine,.tonicfine,25
Carnatic,18b1acb9-dff6-47ec-873a-b2086c8d268d/S__Somasundaram/Madurai_Somasundaram/Rama_Namamu/Rama_Namamu.tonicFine,Rama_Namamu.tonicFine,.tonicfine,25
Carnatic,18b1acb9-dff6-47ec-873a-b2086c8d268d/S__Somasundaram/Madurai_Somasundaram/Rama_Namamu/Rama_Namamu.taniSegKNN,Rama_Namamu.taniSegKNN,.tanisegknn,0
Carnatic,18b1acb9-dff6-47ec-873a-b2086c8d268d/S__Somasundaram/Madurai_Somasundaram/Rama_Namamu/Rama_Namamu.pitch,Rama_Namamu.pitch,.pitch,2971899
Carnatic,18b1acb9-dff6-47ec-873a-b2086c8d268d/S__Somasundaram/Madurai_Somasundaram/Rama_Namamu/Rama_Namamu.tonic,Rama_Namamu.tonic,.tonic,10
Carnatic,18b1acb9-dff6-47ec-873a-b2086c8d268d/S__Somasundaram/Madurai_Somasundaram/Rama_Namamu/Rama_Namamu.pitchSilIntrpPP,Rama_Namamu.pitchSilIntrpPP,.pitchsilintrppp,6376050
Carnatic,18b1acb9-dff6-47ec-873a-b2086c8d268d/S__Somasundaram/Madurai_Somasundaram/Rama_Namamu/Rama_Namamu.flatSegNyas,Rama_Namamu.flatSegNyas,.flatsegnyas,7521
Carnatic,b08475a2-1049-433a-be8f-105bf14718fb/Ranjani_and_Gayathri/Memorable_Concerts_From_Rfas_September_Season_2009/Undedi_Ramudu/Undedi_Ramudu.tonicFine,Undedi_Ramudu.tonicFine,.tonicfine,25
Carnatic,b08475a2-1049-433a-be8f-105bf14718fb/Ranjani_and_Gayathri/Memorable_Concerts_From_Rfas_September_Season_2009/Undedi_Ramudu/Undedi_Ramudu.taniSegKNN,Undedi_Ramudu.taniSegKNN,.tanisegknn,0
Carnatic,b08475a2-1049-433a-be8f-105bf14718fb/Ranjani_and_Gayathri/Memorable_Concerts_From_Rfas_September_Season_2009/Undedi_Ramudu/Undedi_Ramudu.tonic,Undedi_Ramudu.tonic,.tonic,11
Carnatic,b08475a2-1049-433a-be8f-105bf14718fb/Ranjani_and_Gayathri/Memorable_Concerts_From_Rfas_September_Season_2009/Undedi_Ramudu/Undedi_Ramudu.pitchSilIntrpPP,Undedi_Ramudu.pitchSilIntrpPP,.pitchsilintrppp,12818150
Carnatic,b08475a2-1049-433a-be8f-105bf14718fb/Ranjani_and_Gayathri/Memorable_Concerts_From_Rfas_September_Season_2009/Undedi_Ramudu/Undedi_Ramudu.pitch,Undedi_Ramudu.pitch,.pitch,6053910
Carnatic,b08475a2-1049-433a-be8f-105bf14718fb/Ranjani_and_Gayathri/Memorable_Concerts_From_Rfas_September_Season_2009/Undedi_Ramudu/Undedi_Ramudu.flatSegNyas,Undedi_Ramudu.flatSegNyas,.flatsegnyas,17574
Carnatic,b08475a2-1049-433a-be8f-105bf14718fb/T__M__Krishna/December_Season_2005/Enduku_Nirdaya/Enduku_Nirdaya.tonicFine,Enduku_Nirdaya.tonicFine,.tonicfine,25
Carnatic,b08475a2-1049-433a-be8f-105bf14718fb/T__M__Krishna/December_Season_2005/Enduku_Nirdaya/Enduku_Nirdaya.flatSegNyas,Enduku_Nirdaya.flatSegNyas,.flatsegnyas,32980
Carnatic,b08475a2-1049-433a-be8f-105bf14718fb/T__M__Krishna/December_Season_2005/Enduku_Nirdaya/Enduku_Nirdaya.pitchSilIntrpPP,Enduku_Nirdaya.pitchSilIntrpPP,.pitchsilintrppp,25788100
Carnatic,b08475a2-1049-433a-be8f-105bf14718fb/T__M__Krishna/December_Season_2005/Enduku_Nirdaya/Enduku_Nirdaya.tonic,Enduku_Nirdaya.tonic,.tonic,10
Carnatic,b08475a2-1049-433a-be8f-105bf14718fb/T__M__Krishna/December_Season_2005/Enduku_Nirdaya/Enduku_Nirdaya.taniSegKNN,Enduku_Nirdaya.taniSegKNN,.tanisegknn,36
Carnatic,b08475a2-1049-433a-be8f-105bf14718fb/T__M__Krishna/December_Season_2005/Enduku_Nirdaya/Enduku_Nirdaya.pitch,Enduku_Nirdaya.pitch,.pitch,12372506
Carnatic,b08475a2-1049-433a-be8f-105bf14718fb/M_S__Subbulakshmi/Paddhatti/Dinamani_Vamsha/Dinamani_Vamsha.pitchSilIntrpPP,Dinamani_Vamsha.pitchSilIntrpPP,.pitchsilintrppp,7602100
Carnatic,b08475a2-1049-433a-be8f-105bf14718fb/M_S__Subbulakshmi/Paddhatti/Dinamani_Vamsha/Dinamani_Vamsha.tonicFine,Dinamani_Vamsha.tonicFine,.tonicfine,25
Carnatic,b08475a2-1049-433a-be8f-105bf14718fb/M_S__Subbulakshmi/Paddhatti/Dinamani_Vamsha/Dinamani_Vamsha.pitch,Dinamani_Vamsha.pitch,.pitch,3566412
Carnatic,b08475a2-1049-433a-be8f-105bf14718fb/M_S__Subbulakshmi/Paddhatti/Dinamani_Vamsha/Dinamani_Vamsha.tonic,Dinamani_Vamsha.tonic,.tonic,10
Carnatic,b08475a2-1049-433a-be8f-105bf14718fb/M_S__Subbulakshmi/Paddhatti/Dinamani_Vamsha/Dinamani_Vamsha.taniSegKNN,Dinamani_Vamsha.taniSegKNN,.tanisegknn,0
Carnatic,b08475a2-1049-433a-be8f-105bf14718fb/M_S__Subbulakshmi/Paddhatti/Dinamani_Vamsha/Dinamani_Vamsha.flatSegNyas,Dinamani_Vamsha.flatSegNyas,.flatsegnyas,11306
Carnatic,"b08475a2-1049-433a-be8f-105bf14718fb/K__V__Narayanaswami/K__V__Narayanaswami_concert_at_Dayton,_1993/Dinamanivamsa/Dinamanivamsa.pitchSilIntrpPP",Dinamanivamsa.pitchSilIntrpPP,.pitchsilintrppp,5349650
Carnatic,"b08475a2-1049-433a-be8f-105bf14718fb/K__V__Narayanaswami/K__V__Narayanaswami_concert_at_Dayton,_1993/Dinamanivamsa/Dinamanivamsa.flatSegNyas",Dinamanivamsa.flatSegNyas,.flatsegnyas,5103
Carnatic,"b08475a2-1049-433a-be8f-105bf14718fb/K__V__Narayanaswami/K__V__Narayanaswami_concert_at_Dayton,_1993/Dinamanivamsa/Dinamanivamsa.tonic",Dinamanivamsa.tonic,.tonic,10
Carnatic,"b08475a2-1049-433a-be8f-105bf14718fb/K__V__Narayanaswami/K__V__Narayanaswami_concert_at_Dayton,_1993/Dinamanivamsa/Dinamanivamsa.pitch",Dinamanivamsa.pitch,.pitch,2469404
Carnatic,"b08475a2-1049-433a-be8f-105bf14718fb/K__V__Narayanaswami/K__V__Narayanaswami_concert_at_Dayton,_1993/Dinamanivamsa/Dinamanivamsa.taniSegKNN",Dinamanivamsa.taniSegKNN,.tanisegknn,0
Carnatic,"b08475a2-1049-433a-be8f-105bf14718fb/K__V__Narayanaswami/K__V__Narayanaswami_concert_at_Dayton,_1993/Dinamanivamsa/Dinamanivamsa.tonicFine",Dinamanivamsa.tonicFine,.tonicfine,25
Carnatic,b08475a2-1049-433a-be8f-105bf14718fb/K__V__Narayanaswami/December_Season_2001/Saketha/Saketha.tonicFine,Saketha.tonicFine,.tonicfine,25
Carnatic,b08475a2-1049-433a-be8f-105bf14718fb/K__V__Narayanaswami/December_Season_2001/Saketha/Saketha.flatSegNyas,Saketha.flatSegNyas,.flatsegnyas,4476
Carnatic,b08475a2-1049-433a-be8f-105bf14718fb/K__V__Narayanaswami/December_Season_2001/Saketha/Saketha.pitchSilIntrpPP,Saketha.pitchSilIntrpPP,.pitchsilintrppp,5385400
Carnatic,b08475a2-1049-433a-be8f-105bf14718fb/K__V__Narayanaswami/December_Season_2001/Saketha/Saketha.pitch,Saketha.pitch,.pitch,2501117
Carnatic,b08475a2-1049-433a-be8f-105bf14718fb/K__V__Narayanaswami/December_Season_2001/Saketha/Saketha.taniSegKNN,Saketha.taniSegKNN,.tanisegknn,0
Carnatic,b08475a2-1049-433a-be8f-105bf14718fb/K__V__Narayanaswami/December_Season_2001/Saketha/Saketha.tonic,Saketha.tonic,.tonic,10
Carnatic,b08475a2-1049-433a-be8f-105bf14718fb/Sanjay_Subrahmanyan/Live_at_Kamarajar_Hall/Entara_Nitana/Entara_Nitana.tonicFine,Entara_Nitana.tonicFine,.tonicfine,25
Carnatic,b08475a2-1049-433a-be8f-105bf14718fb/Sanjay_Subrahmanyan/Live_at_Kamarajar_Hall/Entara_Nitana/Entara_Nitana.flatSegNyas,Entara_Nitana.flatSegNyas,.flatsegnyas,39753
Carnatic,b08475a2-1049-433a-be8f-105bf14718fb/Sanjay_Subrahmanyan/Live_at_Kamarajar_Hall/Entara_Nitana/Entara_Nitana.pitch,Entara_Nitana.pitch,.pitch,14240883
Carnatic,b08475a2-1049-433a-be8f-105bf14718fb/Sanjay_Subrahmanyan/Live_at_Kamarajar_Hall/Entara_Nitana/Entara_Nitana.tonic,Entara_Nitana.tonic,.tonic,10
Carnatic,b08475a2-1049-433a-be8f-105bf14718fb/Sanjay_Subrahmanyan/Live_at_Kamarajar_Hall/Entara_Nitana/Entara_Nitana.pitchSilIntrpPP,Entara_Nitana.pitchSilIntrpPP,.pitchsilintrppp,29585300
Carnatic,b08475a2-1049-433a-be8f-105bf14718fb/Sanjay_Subrahmanyan/Live_at_Kamarajar_Hall/Entara_Nitana/Entara_Nitana.taniSegKNN,Entara_Nitana.taniSegKNN,.tanisegknn,0
Carnatic,b08475a2-1049-433a-be8f-105bf14718fb/Sanjay_Subrahmanyan/December_Season_2010/Yenduku_Nirdaya/Yenduku_Nirdaya.pitchSilIntrpPP,Yenduku_Nirdaya.pitchSilIntrpPP,.pitchsilintrppp,18849950
Carnatic,b08475a2-1049-433a-be8f-105bf14718fb/Sanjay_Subrahmanyan/December_Season_2010/Yenduku_Nirdaya/Yenduku_Nirdaya.taniSegKNN,Yenduku_Nirdaya.taniSegKNN,.tanisegknn,50
Carnatic,b08475a2-1049-433a-be8f-105bf14718fb/Sanjay_Subrahmanyan/December_Season_2010/Yenduku_Nirdaya/Yenduku_Nirdaya.tonic,Yenduku_Nirdaya.tonic,.tonic,10
Carnatic,b08475a2-1049-433a-be8f-105bf14718fb/Sanjay_Subrahmanyan/December_Season_2010/Yenduku_Nirdaya/Yenduku_Nirdaya.flatSegNyas,Yenduku_Nirdaya.flatSegNyas,.flatsegnyas,22192
Carnatic,b08475a2-1049-433a-be8f-105bf14718fb/Sanjay_Subrahmanyan/December_Season_2010/Yenduku_Nirdaya/Yenduku_Nirdaya.tonicFine,Yenduku_Nirdaya.tonicFine,.tonicfine,25
Carnatic,b08475a2-1049-433a-be8f-105bf14718fb/Sanjay_Subrahmanyan/December_Season_2010/Yenduku_Nirdaya/Yenduku_Nirdaya.pitch,Yenduku_Nirdaya.pitch,.pitch,8991605
Carnatic,b08475a2-1049-433a-be8f-105bf14718fb/Nisha_P_Rajagopal/December_Season_2009/Enadu_Manam/Enadu_Manam.flatSegNyas,Enadu_Manam.flatSegNyas,.flatsegnyas,9830
Carnatic,b08475a2-1049-433a-be8f-105bf14718fb/Nisha_P_Rajagopal/December_Season_2009/Enadu_Manam/Enadu_Manam.pitch,Enadu_Manam.pitch,.pitch,2866579
Carnatic,b08475a2-1049-433a-be8f-105bf14718fb/Nisha_P_Rajagopal/December_Season_2009/Enadu_Manam/Enadu_Manam.pitchSilIntrpPP,Enadu_Manam.pitchSilIntrpPP,.pitchsilintrppp,6162400
Carnatic,b08475a2-1049-433a-be8f-105bf14718fb/Nisha_P_Rajagopal/December_Season_2009/Enadu_Manam/Enadu_Manam.tonic,Enadu_Manam.tonic,.tonic,10
Carnatic,b08475a2-1049-433a-be8f-105bf14718fb/Nisha_P_Rajagopal/December_Season_2009/Enadu_Manam/Enadu_Manam.tonicFine,Enadu_Manam.tonicFine,.tonicfine,25
Carnatic,b08475a2-1049-433a-be8f-105bf14718fb/Nisha_P_Rajagopal/December_Season_2009/Enadu_Manam/Enadu_Manam.taniSegKNN,Enadu_Manam.taniSegKNN,.tanisegknn,48
Carnatic,b08475a2-1049-433a-be8f-105bf14718fb/Nisha_P_Rajagopal/December_Season_2008/Rama_Nannu_Brovaravu/Rama_Nannu_Brovaravu.flatSegNyas,Rama_Nannu_Brovaravu.flatSegNyas,.flatsegnyas,18223
Carnatic,b08475a2-1049-433a-be8f-105bf14718fb/Nisha_P_Rajagopal/December_Season_2008/Rama_Nannu_Brovaravu/Rama_Nannu_Brovaravu.pitch,Rama_Nannu_Brovaravu.pitch,.pitch,6801370
Carnatic,b08475a2-1049-433a-be8f-105bf14718fb/Nisha_P_Rajagopal/December_Season_2008/Rama_Nannu_Brovaravu/Rama_Nannu_Brovaravu.tonicFine,Rama_Nannu_Brovaravu.tonicFine,.tonicfine,25
Carnatic,b08475a2-1049-433a-be8f-105bf14718fb/Nisha_P_Rajagopal/December_Season_2008/Rama_Nannu_Brovaravu/Rama_Nannu_Brovaravu.tonic,Rama_Nannu_Brovaravu.tonic,.tonic,10
Carnatic,b08475a2-1049-433a-be8f-105bf14718fb/Nisha_P_Rajagopal/December_Season_2008/Rama_Nannu_Brovaravu/Rama_Nannu_Brovaravu.pitchSilIntrpPP,Rama_Nannu_Brovaravu.pitchSilIntrpPP,.pitchsilintrppp,14371850
Carnatic,b08475a2-1049-433a-be8f-105bf14718fb/Nisha_P_Rajagopal/December_Season_2008/Rama_Nannu_Brovaravu/Rama_Nannu_Brovaravu.taniSegKNN,Rama_Nannu_Brovaravu.taniSegKNN,.tanisegknn,0
Carnatic,b08475a2-1049-433a-be8f-105bf14718fb/Aruna_Sairam/December_Season_2005/Dinamani_Vamsha/Dinamani_Vamsha.pitchSilIntrpPP,Dinamani_Vamsha.pitchSilIntrpPP,.pitchsilintrppp,9418250
Carnatic,b08475a2-1049-433a-be8f-105bf14718fb/Aruna_Sairam/December_Season_2005/Dinamani_Vamsha/Dinamani_Vamsha.tonicFine,Dinamani_Vamsha.tonicFine,.tonicfine,25
Carnatic,b08475a2-1049-433a-be8f-105bf14718fb/Aruna_Sairam/December_Season_2005/Dinamani_Vamsha/Dinamani_Vamsha.pitch,Dinamani_Vamsha.pitch,.pitch,4411329
Carnatic,b08475a2-1049-433a-be8f-105bf14718fb/Aruna_Sairam/December_Season_2005/Dinamani_Vamsha/Dinamani_Vamsha.tonic,Dinamani_Vamsha.tonic,.tonic,9
Carnatic,b08475a2-1049-433a-be8f-105bf14718fb/Aruna_Sairam/December_Season_2005/Dinamani_Vamsha/Dinamani_Vamsha.taniSegKNN,Dinamani_Vamsha.taniSegKNN,.tanisegknn,0
Carnatic,b08475a2-1049-433a-be8f-105bf14718fb/Aruna_Sairam/December_Season_2005/Dinamani_Vamsha/Dinamani_Vamsha.flatSegNyas,Dinamani_Vamsha.flatSegNyas,.flatsegnyas,12292
Carnatic,b08475a2-1049-433a-be8f-105bf14718fb/S__Ramanathan/Paddhatti/Dinamani_Vamsha/Dinamani_Vamsha.pitchSilIntrpPP,Dinamani_Vamsha.pitchSilIntrpPP,.pitchsilintrppp,23331300
Carnatic,b08475a2-1049-433a-be8f-105bf14718fb/S__Ramanathan/Paddhatti/Dinamani_Vamsha/Dinamani_Vamsha.tonicFine,Dinamani_Vamsha.tonicFine,.tonicfine,25
Carnatic,b08475a2-1049-433a-be8f-105bf14718fb/S__Ramanathan/Paddhatti/Dinamani_Vamsha/Dinamani_Vamsha.pitch,Dinamani_Vamsha.pitch,.pitch,11117734
Carnatic,b08475a2-1049-433a-be8f-105bf14718fb/S__Ramanathan/Paddhatti/Dinamani_Vamsha/Dinamani_Vamsha.tonic,Dinamani_Vamsha.tonic,.tonic,10
Carnatic,b08475a2-1049-433a-be8f-105bf14718fb/S__Ramanathan/Paddhatti/Dinamani_Vamsha/Dinamani_Vamsha.taniSegKNN,Dinamani_Vamsha.taniSegKNN,.tanisegknn,54
Carnatic,b08475a2-1049-433a-be8f-105bf14718fb/S__Ramanathan/Paddhatti/Dinamani_Vamsha/Dinamani_Vamsha.flatSegNyas,Dinamani_Vamsha.flatSegNyas,.flatsegnyas,22332
Carnatic,b08475a2-1049-433a-be8f-105bf14718fb/Sandeep_Narayan/December_Season_2011/Paamalai/Paamalai.taniSegKNN,Paamalai.taniSegKNN,.tanisegknn,0
Carnatic,b08475a2-1049-433a-be8f-105bf14718fb/Sandeep_Narayan/December_Season_2011/Paamalai/Paamalai.tonicFine,Paamalai.tonicFine,.tonicfine,25
Carnatic,b08475a2-1049-433a-be8f-105bf14718fb/Sandeep_Narayan/December_Season_2011/Paamalai/Paamalai.pitch,Paamalai.pitch,.pitch,3395757
Carnatic,b08475a2-1049-433a-be8f-105bf14718fb/Sandeep_Narayan/December_Season_2011/Paamalai/Paamalai.tonic,Paamalai.tonic,.tonic,10
Carnatic,b08475a2-1049-433a-be8f-105bf14718fb/Sandeep_Narayan/December_Season_2011/Paamalai/Paamalai.flatSegNyas,Paamalai.flatSegNyas,.flatsegnyas,6895
Carnatic,b08475a2-1049-433a-be8f-105bf14718fb/Sandeep_Narayan/December_Season_2011/Paamalai/Paamalai.pitchSilIntrpPP,Paamalai.pitchSilIntrpPP,.pitchsilintrppp,7330350
Carnatic,700e1d92-7094-4c21-8a3b-d7b60c550edf/Kunnakkudi_M_Balamuralikrishna/December_Season_2007/Vagaladi/Vagaladi.flatSegNyas,Vagaladi.flatSegNyas,.flatsegnyas,3920
Carnatic,700e1d92-7094-4c21-8a3b-d7b60c550edf/Kunnakkudi_M_Balamuralikrishna/December_Season_2007/Vagaladi/Vagaladi.pitchSilIntrpPP,Vagaladi.pitchSilIntrpPP,.pitchsilintrppp,4298900
Carnatic,700e1d92-7094-4c21-8a3b-d7b60c550edf/Kunnakkudi_M_Balamuralikrishna/December_Season_2007/Vagaladi/Vagaladi.tonic,Vagaladi.tonic,.tonic,10
Carnatic,700e1d92-7094-4c21-8a3b-d7b60c550edf/Kunnakkudi_M_Balamuralikrishna/December_Season_2007/Vagaladi/Vagaladi.taniSegKNN,Vagaladi.taniSegKNN,.tanisegknn,0
Carnatic,700e1d92-7094-4c21-8a3b-d7b60c550edf/Kunnakkudi_M_Balamuralikrishna/December_Season_2007/Vagaladi/Vagaladi.pitch,Vagaladi.pitch,.pitch,2000942
Carnatic,700e1d92-7094-4c21-8a3b-d7b60c550edf/Kunnakkudi_M_Balamuralikrishna/December_Season_2007/Vagaladi/Vagaladi.tonicFine,Vagaladi.tonicFine,.tonicfine,25
Carnatic,700e1d92-7094-4c21-8a3b-d7b60c550edf/T__M__Krishna/December_Season_2001/Pahi_Krishna/Pahi_Krishna.tonicFine,Pahi_Krishna.tonicFine,.tonicfine,25
Carnatic,700e1d92-7094-4c21-8a3b-d7b60c550edf/T__M__Krishna/December_Season_2001/Pahi_Krishna/Pahi_Krishna.tonic,Pahi_Krishna.tonic,.tonic,10
Carnatic,700e1d92-7094-4c21-8a3b-d7b60c550edf/T__M__Krishna/December_Season_2001/Pahi_Krishna/Pahi_Krishna.pitch,Pahi_Krishna.pitch,.pitch,1469929
Carnatic,700e1d92-7094-4c21-8a3b-d7b60c550edf/T__M__Krishna/December_Season_2001/Pahi_Krishna/Pahi_Krishna.pitchSilIntrpPP,Pahi_Krishna.pitchSilIntrpPP,.pitchsilintrppp,3183350
Carnatic,700e1d92-7094-4c21-8a3b-d7b60c550edf/T__M__Krishna/December_Season_2001/Pahi_Krishna/Pahi_Krishna.taniSegKNN,Pahi_Krishna.taniSegKNN,.tanisegknn,0
Carnatic,700e1d92-7094-4c21-8a3b-d7b60c550edf/T__M__Krishna/December_Season_2001/Pahi_Krishna/Pahi_Krishna.flatSegNyas,Pahi_Krishna.flatSegNyas,.flatsegnyas,2973
Carnatic,700e1d92-7094-4c21-8a3b-d7b60c550edf/T__M__Krishna/December_Season_2000/Nirupamana/Nirupamana.pitch,Nirupamana.pitch,.pitch,1445716
Carnatic,700e1d92-7094-4c21-8a3b-d7b60c550edf/T__M__Krishna/December_Season_2000/Nirupamana/Nirupamana.pitchSilIntrpPP,Nirupamana.pitchSilIntrpPP,.pitchsilintrppp,3138500
Carnatic,700e1d92-7094-4c21-8a3b-d7b60c550edf/T__M__Krishna/December_Season_2000/Nirupamana/Nirupamana.flatSegNyas,Nirupamana.flatSegNyas,.flatsegnyas,3416
Carnatic,700e1d92-7094-4c21-8a3b-d7b60c550edf/T__M__Krishna/December_Season_2000/Nirupamana/Nirupamana.tonic,Nirupamana.tonic,.tonic,10
Carnatic,700e1d92-7094-4c21-8a3b-d7b60c550edf/T__M__Krishna/December_Season_2000/Nirupamana/Nirupamana.taniSegKNN,Nirupamana.taniSegKNN,.tanisegknn,0
Carnatic,700e1d92-7094-4c21-8a3b-d7b60c550edf/T__M__Krishna/December_Season_2000/Nirupamana/Nirupamana.tonicFine,Nirupamana.tonicFine,.tonicfine,25
Carnatic,700e1d92-7094-4c21-8a3b-d7b60c550edf/S__Sowmya/December_Season_1999/Angayarkanni/Angayarkanni.tonic,Angayarkanni.tonic,.tonic,10
Carnatic,700e1d92-7094-4c21-8a3b-d7b60c550edf/S__Sowmya/December_Season_1999/Angayarkanni/Angayarkanni.pitchSilIntrpPP,Angayarkanni.pitchSilIntrpPP,.pitchsilintrppp,3960650
Carnatic,700e1d92-7094-4c21-8a3b-d7b60c550edf/S__Sowmya/December_Season_1999/Angayarkanni/Angayarkanni.pitch,Angayarkanni.pitch,.pitch,1840770
Carnatic,700e1d92-7094-4c21-8a3b-d7b60c550edf/S__Sowmya/December_Season_1999/Angayarkanni/Angayarkanni.tonicFine,Angayarkanni.tonicFine,.tonicfine,25
Carnatic,700e1d92-7094-4c21-8a3b-d7b60c550edf/S__Sowmya/December_Season_1999/Angayarkanni/Angayarkanni.flatSegNyas,Angayarkanni.flatSegNyas,.flatsegnyas,5098
Carnatic,700e1d92-7094-4c21-8a3b-d7b60c550edf/S__Sowmya/December_Season_1999/Angayarkanni/Angayarkanni.taniSegKNN,Angayarkanni.taniSegKNN,.tanisegknn,16
Carnatic,700e1d92-7094-4c21-8a3b-d7b60c550edf/Abhishek_Raghuram/December_Season_2009/Muruganin_marupeyar/Muruganin_marupeyar.pitch,Muruganin_marupeyar.pitch,.pitch,2495483
Carnatic,700e1d92-7094-4c21-8a3b-d7b60c550edf/Abhishek_Raghuram/December_Season_2009/Muruganin_marupeyar/Muruganin_marupeyar.tonicFine,Muruganin_marupeyar.tonicFine,.tonicfine,25
Carnatic,700e1d92-7094-4c21-8a3b-d7b60c550edf/Abhishek_Raghuram/December_Season_2009/Muruganin_marupeyar/Muruganin_marupeyar.tonic,Muruganin_marupeyar.tonic,.tonic,10
Carnatic,700e1d92-7094-4c21-8a3b-d7b60c550edf/Abhishek_Raghuram/December_Season_2009/Muruganin_marupeyar/Muruganin_marupeyar.pitchSilIntrpPP,Muruganin_marupeyar.pitchSilIntrpPP,.pitchsilintrppp,5365100
Carnatic,700e1d92-7094-4c21-8a3b-d7b60c550edf/Abhishek_Raghuram/December_Season_2009/Muruganin_marupeyar/Muruganin_marupeyar.flatSegNyas,Muruganin_marupeyar.flatSegNyas,.flatsegnyas,6254
Carnatic,700e1d92-7094-4c21-8a3b-d7b60c550edf/Abhishek_Raghuram/December_Season_2009/Muruganin_marupeyar/Muruganin_marupeyar.taniSegKNN,Muruganin_marupeyar.taniSegKNN,.tanisegknn,0
Carnatic,700e1d92-7094-4c21-8a3b-d7b60c550edf/Abhishek_Raghuram/Gems_Of_Carnatic_Music_-_Live_In_Concert_2006/Saaramaina_Matalu/Saaramaina_Matalu.tonic,Saaramaina_Matalu.tonic,.tonic,10
Carnatic,700e1d92-7094-4c21-8a3b-d7b60c550edf/Abhishek_Raghuram/Gems_Of_Carnatic_Music_-_Live_In_Concert_2006/Saaramaina_Matalu/Saaramaina_Matalu.flatSegNyas,Saaramaina_Matalu.flatSegNyas,.flatsegnyas,3738
Carnatic,700e1d92-7094-4c21-8a3b-d7b60c550edf/Abhishek_Raghuram/Gems_Of_Carnatic_Music_-_Live_In_Concert_2006/Saaramaina_Matalu/Saaramaina_Matalu.pitch,Saaramaina_Matalu.pitch,.pitch,2650679
Carnatic,700e1d92-7094-4c21-8a3b-d7b60c550edf/Abhishek_Raghuram/Gems_Of_Carnatic_Music_-_Live_In_Concert_2006/Saaramaina_Matalu/Saaramaina_Matalu.taniSegKNN,Saaramaina_Matalu.taniSegKNN,.tanisegknn,0
Carnatic,700e1d92-7094-4c21-8a3b-d7b60c550edf/Abhishek_Raghuram/Gems_Of_Carnatic_Music_-_Live_In_Concert_2006/Saaramaina_Matalu/Saaramaina_Matalu.pitchSilIntrpPP,Saaramaina_Matalu.pitchSilIntrpPP,.pitchsilintrppp,5698350
Carnatic,700e1d92-7094-4c21-8a3b-d7b60c550edf/Abhishek_Raghuram/Gems_Of_Carnatic_Music_-_Live_In_Concert_2006/Saaramaina_Matalu/Saaramaina_Matalu.tonicFine,Saaramaina_Matalu.tonicFine,.tonicfine,25
Carnatic,700e1d92-7094-4c21-8a3b-d7b60c550edf/Sanjay_Subrahmanyan/December_Season_2010/Aadum_Mayilai_Karpagambikai_-_Viruttam/Aadum_Mayilai_Karpagambikai_-_Viruttam.tonicFine,Aadum_Mayilai_Karpagambikai_-_Viruttam.tonicFine,.tonicfine,25
Carnatic,700e1d92-7094-4c21-8a3b-d7b60c550edf/Sanjay_Subrahmanyan/December_Season_2010/Aadum_Mayilai_Karpagambikai_-_Viruttam/Aadum_Mayilai_Karpagambikai_-_Viruttam.pitchSilIntrpPP,Aadum_Mayilai_Karpagambikai_-_Viruttam.pitchSilIntrpPP,.pitchsilintrppp,4556650
Carnatic,700e1d92-7094-4c21-8a3b-d7b60c550edf/Sanjay_Subrahmanyan/December_Season_2010/Aadum_Mayilai_Karpagambikai_-_Viruttam/Aadum_Mayilai_Karpagambikai_-_Viruttam.tonic,Aadum_Mayilai_Karpagambikai_-_Viruttam.tonic,.tonic,10
Carnatic,700e1d92-7094-4c21-8a3b-d7b60c550edf/Sanjay_Subrahmanyan/December_Season_2010/Aadum_Mayilai_Karpagambikai_-_Viruttam/Aadum_Mayilai_Karpagambikai_-_Viruttam.flatSegNyas,Aadum_Mayilai_Karpagambikai_-_Viruttam.flatSegNyas,.flatsegnyas,4946
Carnatic,700e1d92-7094-4c21-8a3b-d7b60c550edf/Sanjay_Subrahmanyan/December_Season_2010/Aadum_Mayilai_Karpagambikai_-_Viruttam/Aadum_Mayilai_Karpagambikai_-_Viruttam.taniSegKNN,Aadum_Mayilai_Karpagambikai_-_Viruttam.taniSegKNN,.tanisegknn,0
Carnatic,700e1d92-7094-4c21-8a3b-d7b60c550edf/Sanjay_Subrahmanyan/December_Season_2010/Aadum_Mayilai_Karpagambikai_-_Viruttam/Aadum_Mayilai_Karpagambikai_-_Viruttam.pitch,Aadum_Mayilai_Karpagambikai_-_Viruttam.pitch,.pitch,2107470
Carnatic,700e1d92-7094-4c21-8a3b-d7b60c550edf/Nisha_P_Rajagopal/December_Season_2009/Parama_Purusham/Parama_Purusham.pitchSilIntrpPP,Parama_Purusham.pitchSilIntrpPP,.pitchsilintrppp,4690650
Carnatic,700e1d92-7094-4c21-8a3b-d7b60c550edf/Nisha_P_Rajagopal/December_Season_2009/Parama_Purusham/Parama_Purusham.flatSegNyas,Parama_Purusham.flatSegNyas,.flatsegnyas,6292
Carnatic,700e1d92-7094-4c21-8a3b-d7b60c550edf/Nisha_P_Rajagopal/December_Season_2009/Parama_Purusham/Parama_Purusham.pitch,Parama_Purusham.pitch,.pitch,2189158
Carnatic,700e1d92-7094-4c21-8a3b-d7b60c550edf/Nisha_P_Rajagopal/December_Season_2009/Parama_Purusham/Parama_Purusham.taniSegKNN,Parama_Purusham.taniSegKNN,.tanisegknn,0
Carnatic,700e1d92-7094-4c21-8a3b-d7b60c550edf/Nisha_P_Rajagopal/December_Season_2009/Parama_Purusham/Parama_Purusham.tonic,Parama_Purusham.tonic,.tonic,10
Carnatic,700e1d92-7094-4c21-8a3b-d7b60c550edf/Nisha_P_Rajagopal/December_Season_2009/Parama_Purusham/Parama_Purusham.tonicFine,Parama_Purusham.tonicFine,.tonicfine,25
Carnatic,700e1d92-7094-4c21-8a3b-d7b60c550edf/Gayathri_Girish/December_Season_2007/Sri_Madhava/Sri_Madhava.tonicFine,Sri_Madhava.tonicFine,.tonicfine,25
Carnatic,700e1d92-7094-4c21-8a3b-d7b60c550edf/Gayathri_Girish/December_Season_2007/Sri_Madhava/Sri_Madhava.taniSegKNN,Sri_Madhava.taniSegKNN,.tanisegknn,0
Carnatic,700e1d92-7094-4c21-8a3b-d7b60c550edf/Gayathri_Girish/December_Season_2007/Sri_Madhava/Sri_Madhava.flatSegNyas,Sri_Madhava.flatSegNyas,.flatsegnyas,3834
Carnatic,700e1d92-7094-4c21-8a3b-d7b60c550edf/Gayathri_Girish/December_Season_2007/Sri_Madhava/Sri_Madhava.pitch,Sri_Madhava.pitch,.pitch,1750849
Carnatic,700e1d92-7094-4c21-8a3b-d7b60c550edf/Gayathri_Girish/December_Season_2007/Sri_Madhava/Sri_Madhava.tonic,Sri_Madhava.tonic,.tonic,10
Carnatic,700e1d92-7094-4c21-8a3b-d7b60c550edf/Gayathri_Girish/December_Season_2007/Sri_Madhava/Sri_Madhava.pitchSilIntrpPP,Sri_Madhava.pitchSilIntrpPP,.pitchsilintrppp,3765650
Carnatic,700e1d92-7094-4c21-8a3b-d7b60c550edf/Sikkil_Gurucharan/December_Season_2005/Sri_Madhava/Sri_Madhava.tonicFine,Sri_Madhava.tonicFine,.tonicfine,25
Carnatic,700e1d92-7094-4c21-8a3b-d7b60c550edf/Sikkil_Gurucharan/December_Season_2005/Sri_Madhava/Sri_Madhava.taniSegKNN,Sri_Madhava.taniSegKNN,.tanisegknn,0
Carnatic,700e1d92-7094-4c21-8a3b-d7b60c550edf/Sikkil_Gurucharan/December_Season_2005/Sri_Madhava/Sri_Madhava.flatSegNyas,Sri_Madhava.flatSegNyas,.flatsegnyas,2690
Carnatic,700e1d92-7094-4c21-8a3b-d7b60c550edf/Sikkil_Gurucharan/December_Season_2005/Sri_Madhava/Sri_Madhava.pitch,Sri_Madhava.pitch,.pitch,1461996
Carnatic,700e1d92-7094-4c21-8a3b-d7b60c550edf/Sikkil_Gurucharan/December_Season_2005/Sri_Madhava/Sri_Madhava.tonic,Sri_Madhava.tonic,.tonic,10
Carnatic,700e1d92-7094-4c21-8a3b-d7b60c550edf/Sikkil_Gurucharan/December_Season_2005/Sri_Madhava/Sri_Madhava.pitchSilIntrpPP,Sri_Madhava.pitchSilIntrpPP,.pitchsilintrppp,3159850
Carnatic,700e1d92-7094-4c21-8a3b-d7b60c550edf/Sangeetha_Swaminathan/December_Season_1999/Vanajaksha/Vanajaksha.tonicFine,Vanajaksha.tonicFine,.tonicfine,25
Carnatic,700e1d92-7094-4c21-8a3b-d7b60c550edf/Sangeetha_Swaminathan/December_Season_1999/Vanajaksha/Vanajaksha.tonic,Vanajaksha.tonic,.tonic,10
Carnatic,700e1d92-7094-4c21-8a3b-d7b60c550edf/Sangeetha_Swaminathan/December_Season_1999/Vanajaksha/Vanajaksha.pitch,Vanajaksha.pitch,.pitch,1942098
Carnatic,700e1d92-7094-4c21-8a3b-d7b60c550edf/Sangeetha_Swaminathan/December_Season_1999/Vanajaksha/Vanajaksha.flatSegNyas,Vanajaksha.flatSegNyas,.flatsegnyas,4741
Carnatic,700e1d92-7094-4c21-8a3b-d7b60c550edf/Sangeetha_Swaminathan/December_Season_1999/Vanajaksha/Vanajaksha.pitchSilIntrpPP,Vanajaksha.pitchSilIntrpPP,.pitchsilintrppp,4163850
Carnatic,700e1d92-7094-4c21-8a3b-d7b60c550edf/Sangeetha_Swaminathan/December_Season_1999/Vanajaksha/Vanajaksha.taniSegKNN,Vanajaksha.taniSegKNN,.tanisegknn,0
Carnatic,700e1d92-7094-4c21-8a3b-d7b60c550edf/Amrutha_Venkatesh/December_Season_2010/Narayana_Te_Namo___/Narayana_Te_Namo___.flatSegNyas,Narayana_Te_Namo___.flatSegNyas,.flatsegnyas,5477
Carnatic,700e1d92-7094-4c21-8a3b-d7b60c550edf/Amrutha_Venkatesh/December_Season_2010/Narayana_Te_Namo___/Narayana_Te_Namo___.tonic,Narayana_Te_Namo___.tonic,.tonic,10
Carnatic,700e1d92-7094-4c21-8a3b-d7b60c550edf/Amrutha_Venkatesh/December_Season_2010/Narayana_Te_Namo___/Narayana_Te_Namo___.taniSegKNN,Narayana_Te_Namo___.taniSegKNN,.tanisegknn,0
Carnatic,700e1d92-7094-4c21-8a3b-d7b60c550edf/Amrutha_Venkatesh/December_Season_2010/Narayana_Te_Namo___/Narayana_Te_Namo___.pitchSilIntrpPP,Narayana_Te_Namo___.pitchSilIntrpPP,.pitchsilintrppp,3358500
Carnatic,700e1d92-7094-4c21-8a3b-d7b60c550edf/Amrutha_Venkatesh/December_Season_2010/Narayana_Te_Namo___/Narayana_Te_Namo___.tonicFine,Narayana_Te_Namo___.tonicFine,.tonicfine,25
Carnatic,700e1d92-7094-4c21-8a3b-d7b60c550edf/Amrutha_Venkatesh/December_Season_2010/Narayana_Te_Namo___/Narayana_Te_Namo___.pitch,Narayana_Te_Namo___.pitch,.pitch,1562262
Carnatic,f972db4d-5d16-4f9a-9841-f313e1601aaa/T__M__Krishna/Madrasil_Margazhi_2006/Navasiddhi_Petralum/Navasiddhi_Petralum.flatSegNyas,Navasiddhi_Petralum.flatSegNyas,.flatsegnyas,4758
Carnatic,f972db4d-5d16-4f9a-9841-f313e1601aaa/T__M__Krishna/Madrasil_Margazhi_2006/Navasiddhi_Petralum/Navasiddhi_Petralum.pitch,Navasiddhi_Petralum.pitch,.pitch,2028944
Carnatic,f972db4d-5d16-4f9a-9841-f313e1601aaa/T__M__Krishna/Madrasil_Margazhi_2006/Navasiddhi_Petralum/Navasiddhi_Petralum.pitchSilIntrpPP,Navasiddhi_Petralum.pitchSilIntrpPP,.pitchsilintrppp,4367100
Carnatic,f972db4d-5d16-4f9a-9841-f313e1601aaa/T__M__Krishna/Madrasil_Margazhi_2006/Navasiddhi_Petralum/Navasiddhi_Petralum.taniSegKNN,Navasiddhi_Petralum.taniSegKNN,.tanisegknn,0
Carnatic,f972db4d-5d16-4f9a-9841-f313e1601aaa/T__M__Krishna/Madrasil_Margazhi_2006/Navasiddhi_Petralum/Navasiddhi_Petralum.tonic,Navasiddhi_Petralum.tonic,.tonic,10
Carnatic,f972db4d-5d16-4f9a-9841-f313e1601aaa/T__M__Krishna/Madrasil_Margazhi_2006/Navasiddhi_Petralum/Navasiddhi_Petralum.tonicFine,Navasiddhi_Petralum.tonicFine,.tonicfine,25
Carnatic,f972db4d-5d16-4f9a-9841-f313e1601aaa/K__V__Narayanaswami/Paddhatti/Satatam_Tavaka/Satatam_Tavaka.pitch,Satatam_Tavaka.pitch,.pitch,9171931
Carnatic,f972db4d-5d16-4f9a-9841-f313e1601aaa/K__V__Narayanaswami/Paddhatti/Satatam_Tavaka/Satatam_Tavaka.flatSegNyas,Satatam_Tavaka.flatSegNyas,.flatsegnyas,21006
Carnatic,f972db4d-5d16-4f9a-9841-f313e1601aaa/K__V__Narayanaswami/Paddhatti/Satatam_Tavaka/Satatam_Tavaka.pitchSilIntrpPP,Satatam_Tavaka.pitchSilIntrpPP,.pitchsilintrppp,19313700
Carnatic,f972db4d-5d16-4f9a-9841-f313e1601aaa/K__V__Narayanaswami/Paddhatti/Satatam_Tavaka/Satatam_Tavaka.tonicFine,Satatam_Tavaka.tonicFine,.tonicfine,25
Carnatic,f972db4d-5d16-4f9a-9841-f313e1601aaa/K__V__Narayanaswami/Paddhatti/Satatam_Tavaka/Satatam_Tavaka.taniSegKNN,Satatam_Tavaka.taniSegKNN,.tanisegknn,36
Carnatic,f972db4d-5d16-4f9a-9841-f313e1601aaa/K__V__Narayanaswami/Paddhatti/Satatam_Tavaka/Satatam_Tavaka.tonic,Satatam_Tavaka.tonic,.tonic,10
Carnatic,f972db4d-5d16-4f9a-9841-f313e1601aaa/K__V__Narayanaswami/K__V__Narayanaswami_concert_at_Bangalore_1987/Sreenivasa_Thavacharanam/Sreenivasa_Thavacharanam.flatSegNyas,Sreenivasa_Thavacharanam.flatSegNyas,.flatsegnyas,30250
Carnatic,f972db4d-5d16-4f9a-9841-f313e1601aaa/K__V__Narayanaswami/K__V__Narayanaswami_concert_at_Bangalore_1987/Sreenivasa_Thavacharanam/Sreenivasa_Thavacharanam.pitch,Sreenivasa_Thavacharanam.pitch,.pitch,11185544
Carnatic,f972db4d-5d16-4f9a-9841-f313e1601aaa/K__V__Narayanaswami/K__V__Narayanaswami_concert_at_Bangalore_1987/Sreenivasa_Thavacharanam/Sreenivasa_Thavacharanam.taniSegKNN,Sreenivasa_Thavacharanam.taniSegKNN,.tanisegknn,0
Carnatic,f972db4d-5d16-4f9a-9841-f313e1601aaa/K__V__Narayanaswami/K__V__Narayanaswami_concert_at_Bangalore_1987/Sreenivasa_Thavacharanam/Sreenivasa_Thavacharanam.tonicFine,Sreenivasa_Thavacharanam.tonicFine,.tonicfine,25
Carnatic,f972db4d-5d16-4f9a-9841-f313e1601aaa/K__V__Narayanaswami/K__V__Narayanaswami_concert_at_Bangalore_1987/Sreenivasa_Thavacharanam/Sreenivasa_Thavacharanam.pitchSilIntrpPP,Sreenivasa_Thavacharanam.pitchSilIntrpPP,.pitchsilintrppp,23307800
Carnatic,f972db4d-5d16-4f9a-9841-f313e1601aaa/K__V__Narayanaswami/K__V__Narayanaswami_concert_at_Bangalore_1987/Sreenivasa_Thavacharanam/Sreenivasa_Thavacharanam.tonic,Sreenivasa_Thavacharanam.tonic,.tonic,10
Carnatic,f972db4d-5d16-4f9a-9841-f313e1601aaa/Gayathri_Venkataraghavan/December_Season_2011/Satatam_Tavaka/Satatam_Tavaka.pitch,Satatam_Tavaka.pitch,.pitch,21928515
Carnatic,f972db4d-5d16-4f9a-9841-f313e1601aaa/Gayathri_Venkataraghavan/December_Season_2011/Satatam_Tavaka/Satatam_Tavaka.flatSegNyas,Satatam_Tavaka.flatSegNyas,.flatsegnyas,53626
Carnatic,f972db4d-5d16-4f9a-9841-f313e1601aaa/Gayathri_Venkataraghavan/December_Season_2011/Satatam_Tavaka/Satatam_Tavaka.pitchSilIntrpPP,Satatam_Tavaka.pitchSilIntrpPP,.pitchsilintrppp,45259250
Carnatic,f972db4d-5d16-4f9a-9841-f313e1601aaa/Gayathri_Venkataraghavan/December_Season_2011/Satatam_Tavaka/Satatam_Tavaka.tonicFine,Satatam_Tavaka.tonicFine,.tonicfine,25
Carnatic,f972db4d-5d16-4f9a-9841-f313e1601aaa/Gayathri_Venkataraghavan/December_Season_2011/Satatam_Tavaka/Satatam_Tavaka.taniSegKNN,Satatam_Tavaka.taniSegKNN,.tanisegknn,54
Carnatic,f972db4d-5d16-4f9a-9841-f313e1601aaa/Gayathri_Venkataraghavan/December_Season_2011/Satatam_Tavaka/Satatam_Tavaka.tonic,Satatam_Tavaka.tonic,.tonic,10
Carnatic,f972db4d-5d16-4f9a-9841-f313e1601aaa/Semmangudi_Srinivasa_Iyer/Paramatmakam/Rama_Nee_Samanamevaru/Rama_Nee_Samanamevaru.tonic,Rama_Nee_Samanamevaru.tonic,.tonic,10
Carnatic,f972db4d-5d16-4f9a-9841-f313e1601aaa/Semmangudi_Srinivasa_Iyer/Paramatmakam/Rama_Nee_Samanamevaru/Rama_Nee_Samanamevaru.pitch,Rama_Nee_Samanamevaru.pitch,.pitch,8749914
Carnatic,f972db4d-5d16-4f9a-9841-f313e1601aaa/Semmangudi_Srinivasa_Iyer/Paramatmakam/Rama_Nee_Samanamevaru/Rama_Nee_Samanamevaru.pitchSilIntrpPP,Rama_Nee_Samanamevaru.pitchSilIntrpPP,.pitchsilintrppp,18403250
Carnatic,f972db4d-5d16-4f9a-9841-f313e1601aaa/Semmangudi_Srinivasa_Iyer/Paramatmakam/Rama_Nee_Samanamevaru/Rama_Nee_Samanamevaru.taniSegKNN,Rama_Nee_Samanamevaru.taniSegKNN,.tanisegknn,0
Carnatic,f972db4d-5d16-4f9a-9841-f313e1601aaa/Semmangudi_Srinivasa_Iyer/Paramatmakam/Rama_Nee_Samanamevaru/Rama_Nee_Samanamevaru.tonicFine,Rama_Nee_Samanamevaru.tonicFine,.tonicfine,25
Carnatic,f972db4d-5d16-4f9a-9841-f313e1601aaa/Semmangudi_Srinivasa_Iyer/Paramatmakam/Rama_Nee_Samanamevaru/Rama_Nee_Samanamevaru.flatSegNyas,Rama_Nee_Samanamevaru.flatSegNyas,.flatsegnyas,20539
Carnatic,f972db4d-5d16-4f9a-9841-f313e1601aaa/Amritha_Murali/December_Season_2010/Pakkala_Nilabadi/Pakkala_Nilabadi.tonic,Pakkala_Nilabadi.tonic,.tonic,10
Carnatic,f972db4d-5d16-4f9a-9841-f313e1601aaa/Amritha_Murali/December_Season_2010/Pakkala_Nilabadi/Pakkala_Nilabadi.pitchSilIntrpPP,Pakkala_Nilabadi.pitchSilIntrpPP,.pitchsilintrppp,29481600
Carnatic,f972db4d-5d16-4f9a-9841-f313e1601aaa/Amritha_Murali/December_Season_2010/Pakkala_Nilabadi/Pakkala_Nilabadi.flatSegNyas,Pakkala_Nilabadi.flatSegNyas,.flatsegnyas,32330
Carnatic,f972db4d-5d16-4f9a-9841-f313e1601aaa/Amritha_Murali/December_Season_2010/Pakkala_Nilabadi/Pakkala_Nilabadi.taniSegKNN,Pakkala_Nilabadi.taniSegKNN,.tanisegknn,72
Carnatic,f972db4d-5d16-4f9a-9841-f313e1601aaa/Amritha_Murali/December_Season_2010/Pakkala_Nilabadi/Pakkala_Nilabadi.pitch,Pakkala_Nilabadi.pitch,.pitch,14145409
Carnatic,f972db4d-5d16-4f9a-9841-f313e1601aaa/Amritha_Murali/December_Season_2010/Pakkala_Nilabadi/Pakkala_Nilabadi.tonicFine,Pakkala_Nilabadi.tonicFine,.tonicfine,25
Carnatic,f972db4d-5d16-4f9a-9841-f313e1601aaa/Sikkil_Gurucharan/December_Season_2008/Pakkala_Nilabadi/Pakkala_Nilabadi.tonic,Pakkala_Nilabadi.tonic,.tonic,10
Carnatic,f972db4d-5d16-4f9a-9841-f313e1601aaa/Sikkil_Gurucharan/December_Season_2008/Pakkala_Nilabadi/Pakkala_Nilabadi.pitchSilIntrpPP,Pakkala_Nilabadi.pitchSilIntrpPP,.pitchsilintrppp,31797350
Carnatic,f972db4d-5d16-4f9a-9841-f313e1601aaa/Sikkil_Gurucharan/December_Season_2008/Pakkala_Nilabadi/Pakkala_Nilabadi.flatSegNyas,Pakkala_Nilabadi.flatSegNyas,.flatsegnyas,38834
Carnatic,f972db4d-5d16-4f9a-9841-f313e1601aaa/Sikkil_Gurucharan/December_Season_2008/Pakkala_Nilabadi/Pakkala_Nilabadi.taniSegKNN,Pakkala_Nilabadi.taniSegKNN,.tanisegknn,18
Carnatic,f972db4d-5d16-4f9a-9841-f313e1601aaa/Sikkil_Gurucharan/December_Season_2008/Pakkala_Nilabadi/Pakkala_Nilabadi.pitch,Pakkala_Nilabadi.pitch,.pitch,15385041
Carnatic,f972db4d-5d16-4f9a-9841-f313e1601aaa/Sikkil_Gurucharan/December_Season_2008/Pakkala_Nilabadi/Pakkala_Nilabadi.tonicFine,Pakkala_Nilabadi.tonicFine,.tonicfine,25
Carnatic,f972db4d-5d16-4f9a-9841-f313e1601aaa/Aruna_Sairam/December_Season_2005/Chakkani_Raja/Chakkani_Raja.tonic,Chakkani_Raja.tonic,.tonic,10
Carnatic,f972db4d-5d16-4f9a-9841-f313e1601aaa/Aruna_Sairam/December_Season_2005/Chakkani_Raja/Chakkani_Raja.pitchSilIntrpPP,Chakkani_Raja.pitchSilIntrpPP,.pitchsilintrppp,35767900
Carnatic,f972db4d-5d16-4f9a-9841-f313e1601aaa/Aruna_Sairam/December_Season_2005/Chakkani_Raja/Chakkani_Raja.pitch,Chakkani_Raja.pitch,.pitch,17217181
Carnatic,f972db4d-5d16-4f9a-9841-f313e1601aaa/Aruna_Sairam/December_Season_2005/Chakkani_Raja/Chakkani_Raja.tonicFine,Chakkani_Raja.tonicFine,.tonicfine,25
Carnatic,f972db4d-5d16-4f9a-9841-f313e1601aaa/Aruna_Sairam/December_Season_2005/Chakkani_Raja/Chakkani_Raja.flatSegNyas,Chakkani_Raja.flatSegNyas,.flatsegnyas,43096
Carnatic,f972db4d-5d16-4f9a-9841-f313e1601aaa/Aruna_Sairam/December_Season_2005/Chakkani_Raja/Chakkani_Raja.taniSegKNN,Chakkani_Raja.taniSegKNN,.tanisegknn,18
Carnatic,f972db4d-5d16-4f9a-9841-f313e1601aaa/Prasanna_Venkataraman/December_Season_2009/Sivanar_Manam/Sivanar_Manam.tonicFine,Sivanar_Manam.tonicFine,.tonicfine,25
Carnatic,f972db4d-5d16-4f9a-9841-f313e1601aaa/Prasanna_Venkataraman/December_Season_2009/Sivanar_Manam/Sivanar_Manam.taniSegKNN,Sivanar_Manam.taniSegKNN,.tanisegknn,0
Carnatic,f972db4d-5d16-4f9a-9841-f313e1601aaa/Prasanna_Venkataraman/December_Season_2009/Sivanar_Manam/Sivanar_Manam.pitchSilIntrpPP,Sivanar_Manam.pitchSilIntrpPP,.pitchsilintrppp,3322050
Carnatic,f972db4d-5d16-4f9a-9841-f313e1601aaa/Prasanna_Venkataraman/December_Season_2009/Sivanar_Manam/Sivanar_Manam.tonic,Sivanar_Manam.tonic,.tonic,10
Carnatic,f972db4d-5d16-4f9a-9841-f313e1601aaa/Prasanna_Venkataraman/December_Season_2009/Sivanar_Manam/Sivanar_Manam.flatSegNyas,Sivanar_Manam.flatSegNyas,.flatsegnyas,4830
Carnatic,f972db4d-5d16-4f9a-9841-f313e1601aaa/Prasanna_Venkataraman/December_Season_2009/Sivanar_Manam/Sivanar_Manam.pitch,Sivanar_Manam.pitch,.pitch,1537236
Carnatic,f972db4d-5d16-4f9a-9841-f313e1601aaa/Nedunuri_Krishnamurthy/Paddhatti/Chakkani_Raja/Chakkani_Raja.tonic,Chakkani_Raja.tonic,.tonic,10
Carnatic,f972db4d-5d16-4f9a-9841-f313e1601aaa/Nedunuri_Krishnamurthy/Paddhatti/Chakkani_Raja/Chakkani_Raja.pitchSilIntrpPP,Chakkani_Raja.pitchSilIntrpPP,.pitchsilintrppp,40392950
Carnatic,f972db4d-5d16-4f9a-9841-f313e1601aaa/Nedunuri_Krishnamurthy/Paddhatti/Chakkani_Raja/Chakkani_Raja.pitch,Chakkani_Raja.pitch,.pitch,19537283
Carnatic,f972db4d-5d16-4f9a-9841-f313e1601aaa/Nedunuri_Krishnamurthy/Paddhatti/Chakkani_Raja/Chakkani_Raja.tonicFine,Chakkani_Raja.tonicFine,.tonicfine,25
Carnatic,f972db4d-5d16-4f9a-9841-f313e1601aaa/Nedunuri_Krishnamurthy/Paddhatti/Chakkani_Raja/Chakkani_Raja.flatSegNyas,Chakkani_Raja.flatSegNyas,.flatsegnyas,49372
Carnatic,f972db4d-5d16-4f9a-9841-f313e1601aaa/Nedunuri_Krishnamurthy/Paddhatti/Chakkani_Raja/Chakkani_Raja.taniSegKNN,Chakkani_Raja.taniSegKNN,.tanisegknn,36
Carnatic,f972db4d-5d16-4f9a-9841-f313e1601aaa/KP_Nandini/KP_Nandini_at_Arkay/Janakipathe_Jaya_Karunya_Jaladhe/Janakipathe_Jaya_Karunya_Jaladhe.flatSegNyas,Janakipathe_Jaya_Karunya_Jaladhe.flatSegNyas,.flatsegnyas,32955
Carnatic,f972db4d-5d16-4f9a-9841-f313e1601aaa/KP_Nandini/KP_Nandini_at_Arkay/Janakipathe_Jaya_Karunya_Jaladhe/Janakipathe_Jaya_Karunya_Jaladhe.pitchSilIntrpPP,Janakipathe_Jaya_Karunya_Jaladhe.pitchSilIntrpPP,.pitchsilintrppp,28595850
Carnatic,f972db4d-5d16-4f9a-9841-f313e1601aaa/KP_Nandini/KP_Nandini_at_Arkay/Janakipathe_Jaya_Karunya_Jaladhe/Janakipathe_Jaya_Karunya_Jaladhe.tonicFine,Janakipathe_Jaya_Karunya_Jaladhe.tonicFine,.tonicfine,25
Carnatic,f972db4d-5d16-4f9a-9841-f313e1601aaa/KP_Nandini/KP_Nandini_at_Arkay/Janakipathe_Jaya_Karunya_Jaladhe/Janakipathe_Jaya_Karunya_Jaladhe.pitch,Janakipathe_Jaya_Karunya_Jaladhe.pitch,.pitch,13820314
Carnatic,f972db4d-5d16-4f9a-9841-f313e1601aaa/KP_Nandini/KP_Nandini_at_Arkay/Janakipathe_Jaya_Karunya_Jaladhe/Janakipathe_Jaya_Karunya_Jaladhe.taniSegKNN,Janakipathe_Jaya_Karunya_Jaladhe.taniSegKNN,.tanisegknn,175
Carnatic,f972db4d-5d16-4f9a-9841-f313e1601aaa/KP_Nandini/KP_Nandini_at_Arkay/Janakipathe_Jaya_Karunya_Jaladhe/Janakipathe_Jaya_Karunya_Jaladhe.tonic,Janakipathe_Jaya_Karunya_Jaladhe.tonic,.tonic,10
Carnatic,f972db4d-5d16-4f9a-9841-f313e1601aaa/R_Vedavalli/Kutcheri/Oru_murai_darishanam/Oru_murai_darishanam.tonicFine,Oru_murai_darishanam.tonicFine,.tonicfine,25
Carnatic,f972db4d-5d16-4f9a-9841-f313e1601aaa/R_Vedavalli/Kutcheri/Oru_murai_darishanam/Oru_murai_darishanam.flatSegNyas,Oru_murai_darishanam.flatSegNyas,.flatsegnyas,13730
Carnatic,f972db4d-5d16-4f9a-9841-f313e1601aaa/R_Vedavalli/Kutcheri/Oru_murai_darishanam/Oru_murai_darishanam.pitch,Oru_murai_darishanam.pitch,.pitch,6919670
Carnatic,f972db4d-5d16-4f9a-9841-f313e1601aaa/R_Vedavalli/Kutcheri/Oru_murai_darishanam/Oru_murai_darishanam.tonic,Oru_murai_darishanam.tonic,.tonic,10
Carnatic,f972db4d-5d16-4f9a-9841-f313e1601aaa/R_Vedavalli/Kutcheri/Oru_murai_darishanam/Oru_murai_darishanam.taniSegKNN,Oru_murai_darishanam.taniSegKNN,.tanisegknn,17
Carnatic,f972db4d-5d16-4f9a-9841-f313e1601aaa/R_Vedavalli/Kutcheri/Oru_murai_darishanam/Oru_murai_darishanam.pitchSilIntrpPP,Oru_murai_darishanam.pitchSilIntrpPP,.pitchsilintrppp,14688900
Carnatic,e5c4d94a-b34a-42ef-acd7-f235612350e4/T__M__Krishna/Madrasil_Margazhi_2006/Celimikori_Varnam/Celimikori_Varnam.taniSegKNN,Celimikori_Varnam.taniSegKNN,.tanisegknn,32
Carnatic,e5c4d94a-b34a-42ef-acd7-f235612350e4/T__M__Krishna/Madrasil_Margazhi_2006/Celimikori_Varnam/Celimikori_Varnam.flatSegNyas,Celimikori_Varnam.flatSegNyas,.flatsegnyas,2798
Carnatic,e5c4d94a-b34a-42ef-acd7-f235612350e4/T__M__Krishna/Madrasil_Margazhi_2006/Celimikori_Varnam/Celimikori_Varnam.pitch,Celimikori_Varnam.pitch,.pitch,1191641
Carnatic,e5c4d94a-b34a-42ef-acd7-f235612350e4/T__M__Krishna/Madrasil_Margazhi_2006/Celimikori_Varnam/Celimikori_Varnam.tonic,Celimikori_Varnam.tonic,.tonic,10
Carnatic,e5c4d94a-b34a-42ef-acd7-f235612350e4/T__M__Krishna/Madrasil_Margazhi_2006/Celimikori_Varnam/Celimikori_Varnam.tonicFine,Celimikori_Varnam.tonicFine,.tonicfine,25
Carnatic,e5c4d94a-b34a-42ef-acd7-f235612350e4/T__M__Krishna/Madrasil_Margazhi_2006/Celimikori_Varnam/Celimikori_Varnam.pitchSilIntrpPP,Celimikori_Varnam.pitchSilIntrpPP,.pitchsilintrppp,2586200
Carnatic,e5c4d94a-b34a-42ef-acd7-f235612350e4/Sanjay_Subrahmanyan/December_Season_2006/Tyagaraja_Palayasumam/Tyagaraja_Palayasumam.flatSegNyas,Tyagaraja_Palayasumam.flatSegNyas,.flatsegnyas,11994
Carnatic,e5c4d94a-b34a-42ef-acd7-f235612350e4/Sanjay_Subrahmanyan/December_Season_2006/Tyagaraja_Palayasumam/Tyagaraja_Palayasumam.pitch,Tyagaraja_Palayasumam.pitch,.pitch,5390550
Carnatic,e5c4d94a-b34a-42ef-acd7-f235612350e4/Sanjay_Subrahmanyan/December_Season_2006/Tyagaraja_Palayasumam/Tyagaraja_Palayasumam.pitchSilIntrpPP,Tyagaraja_Palayasumam.pitchSilIntrpPP,.pitchsilintrppp,11538900
Carnatic,e5c4d94a-b34a-42ef-acd7-f235612350e4/Sanjay_Subrahmanyan/December_Season_2006/Tyagaraja_Palayasumam/Tyagaraja_Palayasumam.tonic,Tyagaraja_Palayasumam.tonic,.tonic,10
Carnatic,e5c4d94a-b34a-42ef-acd7-f235612350e4/Sanjay_Subrahmanyan/December_Season_2006/Tyagaraja_Palayasumam/Tyagaraja_Palayasumam.tonicFine,Tyagaraja_Palayasumam.tonicFine,.tonicfine,25
Carnatic,e5c4d94a-b34a-42ef-acd7-f235612350e4/Sanjay_Subrahmanyan/December_Season_2006/Tyagaraja_Palayasumam/Tyagaraja_Palayasumam.taniSegKNN,Tyagaraja_Palayasumam.taniSegKNN,.tanisegknn,0
Carnatic,e5c4d94a-b34a-42ef-acd7-f235612350e4/Sanjay_Subrahmanyan/Compositions_Of_Muthuswami_Dikshitar/Thyagaraja_Palayasumam/Thyagaraja_Palayasumam.tonic,Thyagaraja_Palayasumam.tonic,.tonic,10
Carnatic,e5c4d94a-b34a-42ef-acd7-f235612350e4/Sanjay_Subrahmanyan/Compositions_Of_Muthuswami_Dikshitar/Thyagaraja_Palayasumam/Thyagaraja_Palayasumam.flatSegNyas,Thyagaraja_Palayasumam.flatSegNyas,.flatsegnyas,5948
Carnatic,e5c4d94a-b34a-42ef-acd7-f235612350e4/Sanjay_Subrahmanyan/Compositions_Of_Muthuswami_Dikshitar/Thyagaraja_Palayasumam/Thyagaraja_Palayasumam.pitchSilIntrpPP,Thyagaraja_Palayasumam.pitchSilIntrpPP,.pitchsilintrppp,4548100
Carnatic,e5c4d94a-b34a-42ef-acd7-f235612350e4/Sanjay_Subrahmanyan/Compositions_Of_Muthuswami_Dikshitar/Thyagaraja_Palayasumam/Thyagaraja_Palayasumam.tonicFine,Thyagaraja_Palayasumam.tonicFine,.tonicfine,25
Carnatic,e5c4d94a-b34a-42ef-acd7-f235612350e4/Sanjay_Subrahmanyan/Compositions_Of_Muthuswami_Dikshitar/Thyagaraja_Palayasumam/Thyagaraja_Palayasumam.taniSegKNN,Thyagaraja_Palayasumam.taniSegKNN,.tanisegknn,0
Carnatic,e5c4d94a-b34a-42ef-acd7-f235612350e4/Sanjay_Subrahmanyan/Compositions_Of_Muthuswami_Dikshitar/Thyagaraja_Palayasumam/Thyagaraja_Palayasumam.pitch,Thyagaraja_Palayasumam.pitch,.pitch,2110460
Carnatic,e5c4d94a-b34a-42ef-acd7-f235612350e4/Sanjay_Subrahmanyan/December_Season_2001/Chelimi_Kori/Chelimi_Kori.taniSegKNN,Chelimi_Kori.taniSegKNN,.tanisegknn,16
Carnatic,e5c4d94a-b34a-42ef-acd7-f235612350e4/Sanjay_Subrahmanyan/December_Season_2001/Chelimi_Kori/Chelimi_Kori.tonicFine,Chelimi_Kori.tonicFine,.tonicfine,25
Carnatic,e5c4d94a-b34a-42ef-acd7-f235612350e4/Sanjay_Subrahmanyan/December_Season_2001/Chelimi_Kori/Chelimi_Kori.pitchSilIntrpPP,Chelimi_Kori.pitchSilIntrpPP,.pitchsilintrppp,2682300
Carnatic,e5c4d94a-b34a-42ef-acd7-f235612350e4/Sanjay_Subrahmanyan/December_Season_2001/Chelimi_Kori/Chelimi_Kori.tonic,Chelimi_Kori.tonic,.tonic,10
Carnatic,e5c4d94a-b34a-42ef-acd7-f235612350e4/Sanjay_Subrahmanyan/December_Season_2001/Chelimi_Kori/Chelimi_Kori.pitch,Chelimi_Kori.pitch,.pitch,1235254
Carnatic,e5c4d94a-b34a-42ef-acd7-f235612350e4/Sanjay_Subrahmanyan/December_Season_2001/Chelimi_Kori/Chelimi_Kori.flatSegNyas,Chelimi_Kori.flatSegNyas,.flatsegnyas,2391
Carnatic,e5c4d94a-b34a-42ef-acd7-f235612350e4/Sanjay_Subrahmanyan/December_Season_2010/Tyagaraja/Tyagaraja.taniSegKNN,Tyagaraja.taniSegKNN,.tanisegknn,0
Carnatic,e5c4d94a-b34a-42ef-acd7-f235612350e4/Sanjay_Subrahmanyan/December_Season_2010/Tyagaraja/Tyagaraja.flatSegNyas,Tyagaraja.flatSegNyas,.flatsegnyas,10039
Carnatic,e5c4d94a-b34a-42ef-acd7-f235612350e4/Sanjay_Subrahmanyan/December_Season_2010/Tyagaraja/Tyagaraja.tonicFine,Tyagaraja.tonicFine,.tonicfine,25
Carnatic,e5c4d94a-b34a-42ef-acd7-f235612350e4/Sanjay_Subrahmanyan/December_Season_2010/Tyagaraja/Tyagaraja.pitch,Tyagaraja.pitch,.pitch,4570072
Carnatic,e5c4d94a-b34a-42ef-acd7-f235612350e4/Sanjay_Subrahmanyan/December_Season_2010/Tyagaraja/Tyagaraja.tonic,Tyagaraja.tonic,.tonic,10
Carnatic,e5c4d94a-b34a-42ef-acd7-f235612350e4/Sanjay_Subrahmanyan/December_Season_2010/Tyagaraja/Tyagaraja.pitchSilIntrpPP,Tyagaraja.pitchSilIntrpPP,.pitchsilintrppp,9771500
Carnatic,e5c4d94a-b34a-42ef-acd7-f235612350e4/Sanjay_Subrahmanyan/December_Season_2010/Saamageeta_Priyan/Saamageeta_Priyan.pitchSilIntrpPP,Saamageeta_Priyan.pitchSilIntrpPP,.pitchsilintrppp,4416150
Carnatic,e5c4d94a-b34a-42ef-acd7-f235612350e4/Sanjay_Subrahmanyan/December_Season_2010/Saamageeta_Priyan/Saamageeta_Priyan.taniSegKNN,Saamageeta_Priyan.taniSegKNN,.tanisegknn,0
Carnatic,e5c4d94a-b34a-42ef-acd7-f235612350e4/Sanjay_Subrahmanyan/December_Season_2010/Saamageeta_Priyan/Saamageeta_Priyan.flatSegNyas,Saamageeta_Priyan.flatSegNyas,.flatsegnyas,4040
Carnatic,e5c4d94a-b34a-42ef-acd7-f235612350e4/Sanjay_Subrahmanyan/December_Season_2010/Saamageeta_Priyan/Saamageeta_Priyan.pitch,Saamageeta_Priyan.pitch,.pitch,2048200
Carnatic,e5c4d94a-b34a-42ef-acd7-f235612350e4/Sanjay_Subrahmanyan/December_Season_2010/Saamageeta_Priyan/Saamageeta_Priyan.tonicFine,Saamageeta_Priyan.tonicFine,.tonicfine,25
Carnatic,e5c4d94a-b34a-42ef-acd7-f235612350e4/Sanjay_Subrahmanyan/December_Season_2010/Saamageeta_Priyan/Saamageeta_Priyan.tonic,Saamageeta_Priyan.tonic,.tonic,10
Carnatic,e5c4d94a-b34a-42ef-acd7-f235612350e4/Sanjay_Subrahmanyan/Sanjay_at_Sastri_Hall/Sama_geeta_priyan/Sama_geeta_priyan.tonicFine,Sama_geeta_priyan.tonicFine,.tonicfine,25
Carnatic,e5c4d94a-b34a-42ef-acd7-f235612350e4/Sanjay_Subrahmanyan/Sanjay_at_Sastri_Hall/Sama_geeta_priyan/Sama_geeta_priyan.taniSegKNN,Sama_geeta_priyan.taniSegKNN,.tanisegknn,16
Carnatic,e5c4d94a-b34a-42ef-acd7-f235612350e4/Sanjay_Subrahmanyan/Sanjay_at_Sastri_Hall/Sama_geeta_priyan/Sama_geeta_priyan.pitch,Sama_geeta_priyan.pitch,.pitch,3910838
Carnatic,e5c4d94a-b34a-42ef-acd7-f235612350e4/Sanjay_Subrahmanyan/Sanjay_at_Sastri_Hall/Sama_geeta_priyan/Sama_geeta_priyan.flatSegNyas,Sama_geeta_priyan.flatSegNyas,.flatsegnyas,10463
Carnatic,e5c4d94a-b34a-42ef-acd7-f235612350e4/Sanjay_Subrahmanyan/Sanjay_at_Sastri_Hall/Sama_geeta_priyan/Sama_geeta_priyan.tonic,Sama_geeta_priyan.tonic,.tonic,10
Carnatic,e5c4d94a-b34a-42ef-acd7-f235612350e4/Sanjay_Subrahmanyan/Sanjay_at_Sastri_Hall/Sama_geeta_priyan/Sama_geeta_priyan.pitchSilIntrpPP,Sama_geeta_priyan.pitchSilIntrpPP,.pitchsilintrppp,8389100
Carnatic,e5c4d94a-b34a-42ef-acd7-f235612350e4/Modhumudi_Sudhakar/Modhumudi_Sudhakar_at_Arkay/Dudukugala/Dudukugala.pitchSilIntrpPP,Dudukugala.pitchSilIntrpPP,.pitchsilintrppp,9019750
Carnatic,e5c4d94a-b34a-42ef-acd7-f235612350e4/Modhumudi_Sudhakar/Modhumudi_Sudhakar_at_Arkay/Dudukugala/Dudukugala.pitch,Dudukugala.pitch,.pitch,4215064
Carnatic,e5c4d94a-b34a-42ef-acd7-f235612350e4/Modhumudi_Sudhakar/Modhumudi_Sudhakar_at_Arkay/Dudukugala/Dudukugala.tonic,Dudukugala.tonic,.tonic,10
Carnatic,e5c4d94a-b34a-42ef-acd7-f235612350e4/Modhumudi_Sudhakar/Modhumudi_Sudhakar_at_Arkay/Dudukugala/Dudukugala.tonicFine,Dudukugala.tonicFine,.tonicfine,25
Carnatic,e5c4d94a-b34a-42ef-acd7-f235612350e4/Modhumudi_Sudhakar/Modhumudi_Sudhakar_at_Arkay/Dudukugala/Dudukugala.flatSegNyas,Dudukugala.flatSegNyas,.flatsegnyas,10454
Carnatic,e5c4d94a-b34a-42ef-acd7-f235612350e4/Modhumudi_Sudhakar/Modhumudi_Sudhakar_at_Arkay/Dudukugala/Dudukugala.taniSegKNN,Dudukugala.taniSegKNN,.tanisegknn,0
Carnatic,e5c4d94a-b34a-42ef-acd7-f235612350e4/Prasanna_Venkataraman/December_Season_2011/Sharanagati_Enru_nambi/Sharanagati_Enru_nambi.tonicFine,Sharanagati_Enru_nambi.tonicFine,.tonicfine,25
Carnatic,e5c4d94a-b34a-42ef-acd7-f235612350e4/Prasanna_Venkataraman/December_Season_2011/Sharanagati_Enru_nambi/Sharanagati_Enru_nambi.pitchSilIntrpPP,Sharanagati_Enru_nambi.pitchSilIntrpPP,.pitchsilintrppp,5017150
Carnatic,e5c4d94a-b34a-42ef-acd7-f235612350e4/Prasanna_Venkataraman/December_Season_2011/Sharanagati_Enru_nambi/Sharanagati_Enru_nambi.taniSegKNN,Sharanagati_Enru_nambi.taniSegKNN,.tanisegknn,16
Carnatic,e5c4d94a-b34a-42ef-acd7-f235612350e4/Prasanna_Venkataraman/December_Season_2011/Sharanagati_Enru_nambi/Sharanagati_Enru_nambi.tonic,Sharanagati_Enru_nambi.tonic,.tonic,10
Carnatic,e5c4d94a-b34a-42ef-acd7-f235612350e4/Prasanna_Venkataraman/December_Season_2011/Sharanagati_Enru_nambi/Sharanagati_Enru_nambi.pitch,Sharanagati_Enru_nambi.pitch,.pitch,2324224
Carnatic,e5c4d94a-b34a-42ef-acd7-f235612350e4/Prasanna_Venkataraman/December_Season_2011/Sharanagati_Enru_nambi/Sharanagati_Enru_nambi.flatSegNyas,Sharanagati_Enru_nambi.flatSegNyas,.flatsegnyas,5598
Carnatic,e5c4d94a-b34a-42ef-acd7-f235612350e4/Sangeetha_Swaminathan/December_Season_2009/Srimaha_Ganapati/Srimaha_Ganapati.pitch,Srimaha_Ganapati.pitch,.pitch,3438556
Carnatic,e5c4d94a-b34a-42ef-acd7-f235612350e4/Sangeetha_Swaminathan/December_Season_2009/Srimaha_Ganapati/Srimaha_Ganapati.tonic,Srimaha_Ganapati.tonic,.tonic,10
Carnatic,e5c4d94a-b34a-42ef-acd7-f235612350e4/Sangeetha_Swaminathan/December_Season_2009/Srimaha_Ganapati/Srimaha_Ganapati.taniSegKNN,Srimaha_Ganapati.taniSegKNN,.tanisegknn,16
Carnatic,e5c4d94a-b34a-42ef-acd7-f235612350e4/Sangeetha_Swaminathan/December_Season_2009/Srimaha_Ganapati/Srimaha_Ganapati.tonicFine,Srimaha_Ganapati.tonicFine,.tonicfine,25
Carnatic,e5c4d94a-b34a-42ef-acd7-f235612350e4/Sangeetha_Swaminathan/December_Season_2009/Srimaha_Ganapati/Srimaha_Ganapati.flatSegNyas,Srimaha_Ganapati.flatSegNyas,.flatsegnyas,9264
Carnatic,e5c4d94a-b34a-42ef-acd7-f235612350e4/Sangeetha_Swaminathan/December_Season_2009/Srimaha_Ganapati/Srimaha_Ganapati.pitchSilIntrpPP,Srimaha_Ganapati.pitchSilIntrpPP,.pitchsilintrppp,7349750
Carnatic,e5c4d94a-b34a-42ef-acd7-f235612350e4/Sangeetha_Swaminathan/December_Season_2010/Gananadhaya/Gananadhaya.tonicFine,Gananadhaya.tonicFine,.tonicfine,25
Carnatic,e5c4d94a-b34a-42ef-acd7-f235612350e4/Sangeetha_Swaminathan/December_Season_2010/Gananadhaya/Gananadhaya.tonic,Gananadhaya.tonic,.tonic,10
Carnatic,e5c4d94a-b34a-42ef-acd7-f235612350e4/Sangeetha_Swaminathan/December_Season_2010/Gananadhaya/Gananadhaya.taniSegKNN,Gananadhaya.taniSegKNN,.tanisegknn,0
Carnatic,e5c4d94a-b34a-42ef-acd7-f235612350e4/Sangeetha_Swaminathan/December_Season_2010/Gananadhaya/Gananadhaya.flatSegNyas,Gananadhaya.flatSegNyas,.flatsegnyas,7610
Carnatic,e5c4d94a-b34a-42ef-acd7-f235612350e4/Sangeetha_Swaminathan/December_Season_2010/Gananadhaya/Gananadhaya.pitchSilIntrpPP,Gananadhaya.pitchSilIntrpPP,.pitchsilintrppp,5665150
Carnatic,e5c4d94a-b34a-42ef-acd7-f235612350e4/Sangeetha_Swaminathan/December_Season_2010/Gananadhaya/Gananadhaya.pitch,Gananadhaya.pitch,.pitch,2630220
Carnatic,e5c4d94a-b34a-42ef-acd7-f235612350e4/Amrutha_Venkatesh/December_Season_2010/Kaamajanaka/Kaamajanaka.pitchSilIntrpPP,Kaamajanaka.pitchSilIntrpPP,.pitchsilintrppp,10150000
Carnatic,e5c4d94a-b34a-42ef-acd7-f235612350e4/Amrutha_Venkatesh/December_Season_2010/Kaamajanaka/Kaamajanaka.tonic,Kaamajanaka.tonic,.tonic,10
Carnatic,e5c4d94a-b34a-42ef-acd7-f235612350e4/Amrutha_Venkatesh/December_Season_2010/Kaamajanaka/Kaamajanaka.tonicFine,Kaamajanaka.tonicFine,.tonicfine,25
Carnatic,e5c4d94a-b34a-42ef-acd7-f235612350e4/Amrutha_Venkatesh/December_Season_2010/Kaamajanaka/Kaamajanaka.taniSegKNN,Kaamajanaka.taniSegKNN,.tanisegknn,0
Carnatic,e5c4d94a-b34a-42ef-acd7-f235612350e4/Amrutha_Venkatesh/December_Season_2010/Kaamajanaka/Kaamajanaka.flatSegNyas,Kaamajanaka.flatSegNyas,.flatsegnyas,13248
Carnatic,e5c4d94a-b34a-42ef-acd7-f235612350e4/Amrutha_Venkatesh/December_Season_2010/Kaamajanaka/Kaamajanaka.pitch,Kaamajanaka.pitch,.pitch,4749731
Carnatic,bf4662d4-25c3-4cad-9249-4de2dc513c06/Tanjore_S_Kalyanaraman/Tanjore_S_KALYANARAMAN_Live_in_concert-1972-vol_I_and_vol_II/Talli_Ninnu_Nera/Talli_Ninnu_Nera.flatSegNyas,Talli_Ninnu_Nera.flatSegNyas,.flatsegnyas,45704
Carnatic,bf4662d4-25c3-4cad-9249-4de2dc513c06/Tanjore_S_Kalyanaraman/Tanjore_S_KALYANARAMAN_Live_in_concert-1972-vol_I_and_vol_II/Talli_Ninnu_Nera/Talli_Ninnu_Nera.pitchSilIntrpPP,Talli_Ninnu_Nera.pitchSilIntrpPP,.pitchsilintrppp,38363750
Carnatic,bf4662d4-25c3-4cad-9249-4de2dc513c06/Tanjore_S_Kalyanaraman/Tanjore_S_KALYANARAMAN_Live_in_concert-1972-vol_I_and_vol_II/Talli_Ninnu_Nera/Talli_Ninnu_Nera.tonicFine,Talli_Ninnu_Nera.tonicFine,.tonicfine,25
Carnatic,bf4662d4-25c3-4cad-9249-4de2dc513c06/Tanjore_S_Kalyanaraman/Tanjore_S_KALYANARAMAN_Live_in_concert-1972-vol_I_and_vol_II/Talli_Ninnu_Nera/Talli_Ninnu_Nera.taniSegKNN,Talli_Ninnu_Nera.taniSegKNN,.tanisegknn,54
Carnatic,bf4662d4-25c3-4cad-9249-4de2dc513c06/Tanjore_S_Kalyanaraman/Tanjore_S_KALYANARAMAN_Live_in_concert-1972-vol_I_and_vol_II/Talli_Ninnu_Nera/Talli_Ninnu_Nera.tonic,Talli_Ninnu_Nera.tonic,.tonic,10
Carnatic,bf4662d4-25c3-4cad-9249-4de2dc513c06/Tanjore_S_Kalyanaraman/Tanjore_S_KALYANARAMAN_Live_in_concert-1972-vol_I_and_vol_II/Talli_Ninnu_Nera/Talli_Ninnu_Nera.pitch,Talli_Ninnu_Nera.pitch,.pitch,18480219
Carnatic,bf4662d4-25c3-4cad-9249-4de2dc513c06/Gayathri_Venkataraghavan/December_Season_2008/Kanden_Kaliten/Kanden_Kaliten.pitchSilIntrpPP,Kanden_Kaliten.pitchSilIntrpPP,.pitchsilintrppp,2067200
Carnatic,bf4662d4-25c3-4cad-9249-4de2dc513c06/Gayathri_Venkataraghavan/December_Season_2008/Kanden_Kaliten/Kanden_Kaliten.taniSegKNN,Kanden_Kaliten.taniSegKNN,.tanisegknn,0
Carnatic,bf4662d4-25c3-4cad-9249-4de2dc513c06/Gayathri_Venkataraghavan/December_Season_2008/Kanden_Kaliten/Kanden_Kaliten.flatSegNyas,Kanden_Kaliten.flatSegNyas,.flatsegnyas,2074
Carnatic,bf4662d4-25c3-4cad-9249-4de2dc513c06/Gayathri_Venkataraghavan/December_Season_2008/Kanden_Kaliten/Kanden_Kaliten.pitch,Kanden_Kaliten.pitch,.pitch,949250
Carnatic,bf4662d4-25c3-4cad-9249-4de2dc513c06/Gayathri_Venkataraghavan/December_Season_2008/Kanden_Kaliten/Kanden_Kaliten.tonic,Kanden_Kaliten.tonic,.tonic,9
Carnatic,bf4662d4-25c3-4cad-9249-4de2dc513c06/Gayathri_Venkataraghavan/December_Season_2008/Kanden_Kaliten/Kanden_Kaliten.tonicFine,Kanden_Kaliten.tonicFine,.tonicfine,25
Carnatic,bf4662d4-25c3-4cad-9249-4de2dc513c06/Abhishek_Raghuram/Pravrddha_Sri_Lalgudi_Pancharatna_Kritis/Isha_Paahimam/Isha_Paahimam.tonicFine,Isha_Paahimam.tonicFine,.tonicfine,25
Carnatic,bf4662d4-25c3-4cad-9249-4de2dc513c06/Abhishek_Raghuram/Pravrddha_Sri_Lalgudi_Pancharatna_Kritis/Isha_Paahimam/Isha_Paahimam.tonic,Isha_Paahimam.tonic,.tonic,10
Carnatic,bf4662d4-25c3-4cad-9249-4de2dc513c06/Abhishek_Raghuram/Pravrddha_Sri_Lalgudi_Pancharatna_Kritis/Isha_Paahimam/Isha_Paahimam.pitch,Isha_Paahimam.pitch,.pitch,2382250
Carnatic,bf4662d4-25c3-4cad-9249-4de2dc513c06/Abhishek_Raghuram/Pravrddha_Sri_Lalgudi_Pancharatna_Kritis/Isha_Paahimam/Isha_Paahimam.taniSegKNN,Isha_Paahimam.taniSegKNN,.tanisegknn,0
Carnatic,bf4662d4-25c3-4cad-9249-4de2dc513c06/Abhishek_Raghuram/Pravrddha_Sri_Lalgudi_Pancharatna_Kritis/Isha_Paahimam/Isha_Paahimam.flatSegNyas,Isha_Paahimam.flatSegNyas,.flatsegnyas,4070
Carnatic,bf4662d4-25c3-4cad-9249-4de2dc513c06/Abhishek_Raghuram/Pravrddha_Sri_Lalgudi_Pancharatna_Kritis/Isha_Paahimam/Isha_Paahimam.pitchSilIntrpPP,Isha_Paahimam.pitchSilIntrpPP,.pitchsilintrppp,5154400
Carnatic,bf4662d4-25c3-4cad-9249-4de2dc513c06/Abhishek_Raghuram/December_Season_2008/Nidhi_Chala_Sukhama/Nidhi_Chala_Sukhama.tonicFine,Nidhi_Chala_Sukhama.tonicFine,.tonicfine,25
Carnatic,bf4662d4-25c3-4cad-9249-4de2dc513c06/Abhishek_Raghuram/December_Season_2008/Nidhi_Chala_Sukhama/Nidhi_Chala_Sukhama.tonic,Nidhi_Chala_Sukhama.tonic,.tonic,10
Carnatic,bf4662d4-25c3-4cad-9249-4de2dc513c06/Abhishek_Raghuram/December_Season_2008/Nidhi_Chala_Sukhama/Nidhi_Chala_Sukhama.pitch,Nidhi_Chala_Sukhama.pitch,.pitch,13455502
Carnatic,bf4662d4-25c3-4cad-9249-4de2dc513c06/Abhishek_Raghuram/December_Season_2008/Nidhi_Chala_Sukhama/Nidhi_Chala_Sukhama.taniSegKNN,Nidhi_Chala_Sukhama.taniSegKNN,.tanisegknn,49
Carnatic,bf4662d4-25c3-4cad-9249-4de2dc513c06/Abhishek_Raghuram/December_Season_2008/Nidhi_Chala_Sukhama/Nidhi_Chala_Sukhama.flatSegNyas,Nidhi_Chala_Sukhama.flatSegNyas,.flatsegnyas,31220
Carnatic,bf4662d4-25c3-4cad-9249-4de2dc513c06/Abhishek_Raghuram/December_Season_2008/Nidhi_Chala_Sukhama/Nidhi_Chala_Sukhama.pitchSilIntrpPP,Nidhi_Chala_Sukhama.pitchSilIntrpPP,.pitchsilintrppp,27878750
Carnatic,bf4662d4-25c3-4cad-9249-4de2dc513c06/Sanjay_Subrahmanyan/December_Season_2006/Ambarame_Tannire/Ambarame_Tannire.pitchSilIntrpPP,Ambarame_Tannire.pitchSilIntrpPP,.pitchsilintrppp,17716500
Carnatic,bf4662d4-25c3-4cad-9249-4de2dc513c06/Sanjay_Subrahmanyan/December_Season_2006/Ambarame_Tannire/Ambarame_Tannire.pitch,Ambarame_Tannire.pitch,.pitch,8394964
Carnatic,bf4662d4-25c3-4cad-9249-4de2dc513c06/Sanjay_Subrahmanyan/December_Season_2006/Ambarame_Tannire/Ambarame_Tannire.tonicFine,Ambarame_Tannire.tonicFine,.tonicfine,25
Carnatic,bf4662d4-25c3-4cad-9249-4de2dc513c06/Sanjay_Subrahmanyan/December_Season_2006/Ambarame_Tannire/Ambarame_Tannire.taniSegKNN,Ambarame_Tannire.taniSegKNN,.tanisegknn,0
Carnatic,bf4662d4-25c3-4cad-9249-4de2dc513c06/Sanjay_Subrahmanyan/December_Season_2006/Ambarame_Tannire/Ambarame_Tannire.flatSegNyas,Ambarame_Tannire.flatSegNyas,.flatsegnyas,17460
Carnatic,bf4662d4-25c3-4cad-9249-4de2dc513c06/Sanjay_Subrahmanyan/December_Season_2006/Ambarame_Tannire/Ambarame_Tannire.tonic,Ambarame_Tannire.tonic,.tonic,10
Carnatic,bf4662d4-25c3-4cad-9249-4de2dc513c06/Sanjay_Subrahmanyan/Live_at_Vani_Mahal/Paarengum/Paarengum.tonic,Paarengum.tonic,.tonic,10
Carnatic,bf4662d4-25c3-4cad-9249-4de2dc513c06/Sanjay_Subrahmanyan/Live_at_Vani_Mahal/Paarengum/Paarengum.flatSegNyas,Paarengum.flatSegNyas,.flatsegnyas,4257
Carnatic,bf4662d4-25c3-4cad-9249-4de2dc513c06/Sanjay_Subrahmanyan/Live_at_Vani_Mahal/Paarengum/Paarengum.tonicFine,Paarengum.tonicFine,.tonicfine,25
Carnatic,bf4662d4-25c3-4cad-9249-4de2dc513c06/Sanjay_Subrahmanyan/Live_at_Vani_Mahal/Paarengum/Paarengum.pitchSilIntrpPP,Paarengum.pitchSilIntrpPP,.pitchsilintrppp,3953300
Carnatic,bf4662d4-25c3-4cad-9249-4de2dc513c06/Sanjay_Subrahmanyan/Live_at_Vani_Mahal/Paarengum/Paarengum.taniSegKNN,Paarengum.taniSegKNN,.tanisegknn,0
Carnatic,bf4662d4-25c3-4cad-9249-4de2dc513c06/Sanjay_Subrahmanyan/Live_at_Vani_Mahal/Paarengum/Paarengum.pitch,Paarengum.pitch,.pitch,1830618
Carnatic,bf4662d4-25c3-4cad-9249-4de2dc513c06/Sanjay_Subrahmanyan/Sanjay_at_Sastri_Hall/Vanajakshi_-_Varnam/Vanajakshi_-_Varnam.tonicFine,Vanajakshi_-_Varnam.tonicFine,.tonicfine,25
Carnatic,bf4662d4-25c3-4cad-9249-4de2dc513c06/Sanjay_Subrahmanyan/Sanjay_at_Sastri_Hall/Vanajakshi_-_Varnam/Vanajakshi_-_Varnam.flatSegNyas,Vanajakshi_-_Varnam.flatSegNyas,.flatsegnyas,7534
Carnatic,bf4662d4-25c3-4cad-9249-4de2dc513c06/Sanjay_Subrahmanyan/Sanjay_at_Sastri_Hall/Vanajakshi_-_Varnam/Vanajakshi_-_Varnam.pitch,Vanajakshi_-_Varnam.pitch,.pitch,2947330
Carnatic,bf4662d4-25c3-4cad-9249-4de2dc513c06/Sanjay_Subrahmanyan/Sanjay_at_Sastri_Hall/Vanajakshi_-_Varnam/Vanajakshi_-_Varnam.pitchSilIntrpPP,Vanajakshi_-_Varnam.pitchSilIntrpPP,.pitchsilintrppp,6321950
Carnatic,bf4662d4-25c3-4cad-9249-4de2dc513c06/Sanjay_Subrahmanyan/Sanjay_at_Sastri_Hall/Vanajakshi_-_Varnam/Vanajakshi_-_Varnam.taniSegKNN,Vanajakshi_-_Varnam.taniSegKNN,.tanisegknn,0
Carnatic,bf4662d4-25c3-4cad-9249-4de2dc513c06/Sanjay_Subrahmanyan/Sanjay_at_Sastri_Hall/Vanajakshi_-_Varnam/Vanajakshi_-_Varnam.tonic,Vanajakshi_-_Varnam.tonic,.tonic,10
Carnatic,bf4662d4-25c3-4cad-9249-4de2dc513c06/Nisha_P_Rajagopal/December_Season_2011/Nidhi_Chala_Sukhama/Nidhi_Chala_Sukhama.tonicFine,Nidhi_Chala_Sukhama.tonicFine,.tonicfine,25
Carnatic,bf4662d4-25c3-4cad-9249-4de2dc513c06/Nisha_P_Rajagopal/December_Season_2011/Nidhi_Chala_Sukhama/Nidhi_Chala_Sukhama.tonic,Nidhi_Chala_Sukhama.tonic,.tonic,10
Carnatic,bf4662d4-25c3-4cad-9249-4de2dc513c06/Nisha_P_Rajagopal/December_Season_2011/Nidhi_Chala_Sukhama/Nidhi_Chala_Sukhama.pitch,Nidhi_Chala_Sukhama.pitch,.pitch,18177124
Carnatic,bf4662d4-25c3-4cad-9249-4de2dc513c06/Nisha_P_Rajagopal/December_Season_2011/Nidhi_Chala_Sukhama/Nidhi_Chala_Sukhama.taniSegKNN,Nidhi_Chala_Sukhama.taniSegKNN,.tanisegknn,18
Carnatic,bf4662d4-25c3-4cad-9249-4de2dc513c06/Nisha_P_Rajagopal/December_Season_2011/Nidhi_Chala_Sukhama/Nidhi_Chala_Sukhama.flatSegNyas,Nidhi_Chala_Sukhama.flatSegNyas,.flatsegnyas,40677
Carnatic,bf4662d4-25c3-4cad-9249-4de2dc513c06/Nisha_P_Rajagopal/December_Season_2011/Nidhi_Chala_Sukhama/Nidhi_Chala_Sukhama.pitchSilIntrpPP,Nidhi_Chala_Sukhama.pitchSilIntrpPP,.pitchsilintrppp,37694000
Carnatic,bf4662d4-25c3-4cad-9249-4de2dc513c06/Sikkil_Gurucharan/December_Season_2004/Talli_Ninnu_Nera/Talli_Ninnu_Nera.flatSegNyas,Talli_Ninnu_Nera.flatSegNyas,.flatsegnyas,20968
Carnatic,bf4662d4-25c3-4cad-9249-4de2dc513c06/Sikkil_Gurucharan/December_Season_2004/Talli_Ninnu_Nera/Talli_Ninnu_Nera.pitchSilIntrpPP,Talli_Ninnu_Nera.pitchSilIntrpPP,.pitchsilintrppp,20796600
Carnatic,bf4662d4-25c3-4cad-9249-4de2dc513c06/Sikkil_Gurucharan/December_Season_2004/Talli_Ninnu_Nera/Talli_Ninnu_Nera.tonicFine,Talli_Ninnu_Nera.tonicFine,.tonicfine,25
Carnatic,bf4662d4-25c3-4cad-9249-4de2dc513c06/Sikkil_Gurucharan/December_Season_2004/Talli_Ninnu_Nera/Talli_Ninnu_Nera.taniSegKNN,Talli_Ninnu_Nera.taniSegKNN,.tanisegknn,0
Carnatic,bf4662d4-25c3-4cad-9249-4de2dc513c06/Sikkil_Gurucharan/December_Season_2004/Talli_Ninnu_Nera/Talli_Ninnu_Nera.tonic,Talli_Ninnu_Nera.tonic,.tonic,10
Carnatic,bf4662d4-25c3-4cad-9249-4de2dc513c06/Sikkil_Gurucharan/December_Season_2004/Talli_Ninnu_Nera/Talli_Ninnu_Nera.pitch,Talli_Ninnu_Nera.pitch,.pitch,9947012
Carnatic,bf4662d4-25c3-4cad-9249-4de2dc513c06/Modhumudi_Sudhakar/Modhumudi_Sudhakar_at_Arkay/Sundari_Nee_Divya/Sundari_Nee_Divya.tonicFine,Sundari_Nee_Divya.tonicFine,.tonicfine,25
Carnatic,bf4662d4-25c3-4cad-9249-4de2dc513c06/Modhumudi_Sudhakar/Modhumudi_Sudhakar_at_Arkay/Sundari_Nee_Divya/Sundari_Nee_Divya.pitchSilIntrpPP,Sundari_Nee_Divya.pitchSilIntrpPP,.pitchsilintrppp,16985300
Carnatic,bf4662d4-25c3-4cad-9249-4de2dc513c06/Modhumudi_Sudhakar/Modhumudi_Sudhakar_at_Arkay/Sundari_Nee_Divya/Sundari_Nee_Divya.flatSegNyas,Sundari_Nee_Divya.flatSegNyas,.flatsegnyas,12831
Carnatic,bf4662d4-25c3-4cad-9249-4de2dc513c06/Modhumudi_Sudhakar/Modhumudi_Sudhakar_at_Arkay/Sundari_Nee_Divya/Sundari_Nee_Divya.tonic,Sundari_Nee_Divya.tonic,.tonic,10
Carnatic,bf4662d4-25c3-4cad-9249-4de2dc513c06/Modhumudi_Sudhakar/Modhumudi_Sudhakar_at_Arkay/Sundari_Nee_Divya/Sundari_Nee_Divya.pitch,Sundari_Nee_Divya.pitch,.pitch,8028218
Carnatic,bf4662d4-25c3-4cad-9249-4de2dc513c06/Modhumudi_Sudhakar/Modhumudi_Sudhakar_at_Arkay/Sundari_Nee_Divya/Sundari_Nee_Divya.taniSegKNN,Sundari_Nee_Divya.taniSegKNN,.tanisegknn,18
Carnatic,bf4662d4-25c3-4cad-9249-4de2dc513c06/Vijay_Siva/Madrasil_Margazhi_2006/Abhayamba/Abhayamba.pitchSilIntrpPP,Abhayamba.pitchSilIntrpPP,.pitchsilintrppp,37485050
Carnatic,bf4662d4-25c3-4cad-9249-4de2dc513c06/Vijay_Siva/Madrasil_Margazhi_2006/Abhayamba/Abhayamba.flatSegNyas,Abhayamba.flatSegNyas,.flatsegnyas,36352
Carnatic,bf4662d4-25c3-4cad-9249-4de2dc513c06/Vijay_Siva/Madrasil_Margazhi_2006/Abhayamba/Abhayamba.pitch,Abhayamba.pitch,.pitch,18056015
Carnatic,bf4662d4-25c3-4cad-9249-4de2dc513c06/Vijay_Siva/Madrasil_Margazhi_2006/Abhayamba/Abhayamba.taniSegKNN,Abhayamba.taniSegKNN,.tanisegknn,18
Carnatic,bf4662d4-25c3-4cad-9249-4de2dc513c06/Vijay_Siva/Madrasil_Margazhi_2006/Abhayamba/Abhayamba.tonic,Abhayamba.tonic,.tonic,10
Carnatic,bf4662d4-25c3-4cad-9249-4de2dc513c06/Vijay_Siva/Madrasil_Margazhi_2006/Abhayamba/Abhayamba.tonicFine,Abhayamba.tonicFine,.tonicfine,25
Carnatic,bf4662d4-25c3-4cad-9249-4de2dc513c06/Amrutha_Venkatesh/December_Season_2009/Vanajakshiro/Vanajakshiro.tonicFine,Vanajakshiro.tonicFine,.tonicfine,25
Carnatic,bf4662d4-25c3-4cad-9249-4de2dc513c06/Amrutha_Venkatesh/December_Season_2009/Vanajakshiro/Vanajakshiro.pitch,Vanajakshiro.pitch,.pitch,2302190
Carnatic,bf4662d4-25c3-4cad-9249-4de2dc513c06/Amrutha_Venkatesh/December_Season_2009/Vanajakshiro/Vanajakshiro.tonic,Vanajakshiro.tonic,.tonic,10
Carnatic,bf4662d4-25c3-4cad-9249-4de2dc513c06/Amrutha_Venkatesh/December_Season_2009/Vanajakshiro/Vanajakshiro.flatSegNyas,Vanajakshiro.flatSegNyas,.flatsegnyas,6047
Carnatic,bf4662d4-25c3-4cad-9249-4de2dc513c06/Amrutha_Venkatesh/December_Season_2009/Vanajakshiro/Vanajakshiro.pitchSilIntrpPP,Vanajakshiro.pitchSilIntrpPP,.pitchsilintrppp,4935450
Carnatic,bf4662d4-25c3-4cad-9249-4de2dc513c06/Amrutha_Venkatesh/December_Season_2009/Vanajakshiro/Vanajakshiro.taniSegKNN,Vanajakshiro.taniSegKNN,.tanisegknn,0
Carnatic,f0866e71-33b2-47db-ab75-0808c41f2401/Sumithra_Vasudev/December_Season_2010/Sarasijanabha/Sarasijanabha.pitchSilIntrpPP,Sarasijanabha.pitchSilIntrpPP,.pitchsilintrppp,4715450
Carnatic,f0866e71-33b2-47db-ab75-0808c41f2401/Sumithra_Vasudev/December_Season_2010/Sarasijanabha/Sarasijanabha.taniSegKNN,Sarasijanabha.taniSegKNN,.tanisegknn,0
Carnatic,f0866e71-33b2-47db-ab75-0808c41f2401/Sumithra_Vasudev/December_Season_2010/Sarasijanabha/Sarasijanabha.tonic,Sarasijanabha.tonic,.tonic,10
Carnatic,f0866e71-33b2-47db-ab75-0808c41f2401/Sumithra_Vasudev/December_Season_2010/Sarasijanabha/Sarasijanabha.tonicFine,Sarasijanabha.tonicFine,.tonicfine,25
Carnatic,f0866e71-33b2-47db-ab75-0808c41f2401/Sumithra_Vasudev/December_Season_2010/Sarasijanabha/Sarasijanabha.pitch,Sarasijanabha.pitch,.pitch,2192926
Carnatic,f0866e71-33b2-47db-ab75-0808c41f2401/Sumithra_Vasudev/December_Season_2010/Sarasijanabha/Sarasijanabha.flatSegNyas,Sarasijanabha.flatSegNyas,.flatsegnyas,6074
Carnatic,f0866e71-33b2-47db-ab75-0808c41f2401/T__M__Krishna/December_Season_2009/Nadamadi/Nadamadi.pitch,Nadamadi.pitch,.pitch,9516538
Carnatic,f0866e71-33b2-47db-ab75-0808c41f2401/T__M__Krishna/December_Season_2009/Nadamadi/Nadamadi.taniSegKNN,Nadamadi.taniSegKNN,.tanisegknn,0
Carnatic,f0866e71-33b2-47db-ab75-0808c41f2401/T__M__Krishna/December_Season_2009/Nadamadi/Nadamadi.tonicFine,Nadamadi.tonicFine,.tonicfine,25
Carnatic,f0866e71-33b2-47db-ab75-0808c41f2401/T__M__Krishna/December_Season_2009/Nadamadi/Nadamadi.tonic,Nadamadi.tonic,.tonic,9
Carnatic,f0866e71-33b2-47db-ab75-0808c41f2401/T__M__Krishna/December_Season_2009/Nadamadi/Nadamadi.pitchSilIntrpPP,Nadamadi.pitchSilIntrpPP,.pitchsilintrppp,20084550
Carnatic,f0866e71-33b2-47db-ab75-0808c41f2401/T__M__Krishna/December_Season_2009/Nadamadi/Nadamadi.flatSegNyas,Nadamadi.flatSegNyas,.flatsegnyas,23687
Carnatic,f0866e71-33b2-47db-ab75-0808c41f2401/M_S__Subbulakshmi/Paddhatti/O_Ranga_Sai/O_Ranga_Sai.tonicFine,O_Ranga_Sai.tonicFine,.tonicfine,25
Carnatic,f0866e71-33b2-47db-ab75-0808c41f2401/M_S__Subbulakshmi/Paddhatti/O_Ranga_Sai/O_Ranga_Sai.tonic,O_Ranga_Sai.tonic,.tonic,10
Carnatic,f0866e71-33b2-47db-ab75-0808c41f2401/M_S__Subbulakshmi/Paddhatti/O_Ranga_Sai/O_Ranga_Sai.pitch,O_Ranga_Sai.pitch,.pitch,14104872
Carnatic,f0866e71-33b2-47db-ab75-0808c41f2401/M_S__Subbulakshmi/Paddhatti/O_Ranga_Sai/O_Ranga_Sai.flatSegNyas,O_Ranga_Sai.flatSegNyas,.flatsegnyas,37601
Carnatic,f0866e71-33b2-47db-ab75-0808c41f2401/M_S__Subbulakshmi/Paddhatti/O_Ranga_Sai/O_Ranga_Sai.taniSegKNN,O_Ranga_Sai.taniSegKNN,.tanisegknn,54
Carnatic,f0866e71-33b2-47db-ab75-0808c41f2401/M_S__Subbulakshmi/Paddhatti/O_Ranga_Sai/O_Ranga_Sai.pitchSilIntrpPP,O_Ranga_Sai.pitchSilIntrpPP,.pitchsilintrppp,29232350
Carnatic,f0866e71-33b2-47db-ab75-0808c41f2401/K__V__Narayanaswami/K__V__Narayanaswami_concert_at_Palace_1986/Marakatha_Valli/Marakatha_Valli.pitch,Marakatha_Valli.pitch,.pitch,4383116
Carnatic,f0866e71-33b2-47db-ab75-0808c41f2401/K__V__Narayanaswami/K__V__Narayanaswami_concert_at_Palace_1986/Marakatha_Valli/Marakatha_Valli.flatSegNyas,Marakatha_Valli.flatSegNyas,.flatsegnyas,11448
Carnatic,f0866e71-33b2-47db-ab75-0808c41f2401/K__V__Narayanaswami/K__V__Narayanaswami_concert_at_Palace_1986/Marakatha_Valli/Marakatha_Valli.taniSegKNN,Marakatha_Valli.taniSegKNN,.tanisegknn,0
Carnatic,f0866e71-33b2-47db-ab75-0808c41f2401/K__V__Narayanaswami/K__V__Narayanaswami_concert_at_Palace_1986/Marakatha_Valli/Marakatha_Valli.tonic,Marakatha_Valli.tonic,.tonic,10
Carnatic,f0866e71-33b2-47db-ab75-0808c41f2401/K__V__Narayanaswami/K__V__Narayanaswami_concert_at_Palace_1986/Marakatha_Valli/Marakatha_Valli.tonicFine,Marakatha_Valli.tonicFine,.tonicfine,25
Carnatic,f0866e71-33b2-47db-ab75-0808c41f2401/K__V__Narayanaswami/K__V__Narayanaswami_concert_at_Palace_1986/Marakatha_Valli/Marakatha_Valli.pitchSilIntrpPP,Marakatha_Valli.pitchSilIntrpPP,.pitchsilintrppp,9379200
Carnatic,f0866e71-33b2-47db-ab75-0808c41f2401/K__V__Narayanaswami/Master_Piece_-_Live_Concert_at_Sri_Krishna_Gana_Sabha_Vol_II/Rasa_Vilasa/Rasa_Vilasa.pitchSilIntrpPP,Rasa_Vilasa.pitchSilIntrpPP,.pitchsilintrppp,35983050
Carnatic,f0866e71-33b2-47db-ab75-0808c41f2401/K__V__Narayanaswami/Master_Piece_-_Live_Concert_at_Sri_Krishna_Gana_Sabha_Vol_II/Rasa_Vilasa/Rasa_Vilasa.taniSegKNN,Rasa_Vilasa.taniSegKNN,.tanisegknn,36
Carnatic,f0866e71-33b2-47db-ab75-0808c41f2401/K__V__Narayanaswami/Master_Piece_-_Live_Concert_at_Sri_Krishna_Gana_Sabha_Vol_II/Rasa_Vilasa/Rasa_Vilasa.tonicFine,Rasa_Vilasa.tonicFine,.tonicfine,25
Carnatic,f0866e71-33b2-47db-ab75-0808c41f2401/K__V__Narayanaswami/Master_Piece_-_Live_Concert_at_Sri_Krishna_Gana_Sabha_Vol_II/Rasa_Vilasa/Rasa_Vilasa.flatSegNyas,Rasa_Vilasa.flatSegNyas,.flatsegnyas,41666
Carnatic,f0866e71-33b2-47db-ab75-0808c41f2401/K__V__Narayanaswami/Master_Piece_-_Live_Concert_at_Sri_Krishna_Gana_Sabha_Vol_II/Rasa_Vilasa/Rasa_Vilasa.tonic,Rasa_Vilasa.tonic,.tonic,10
Carnatic,f0866e71-33b2-47db-ab75-0808c41f2401/K__V__Narayanaswami/Master_Piece_-_Live_Concert_at_Sri_Krishna_Gana_Sabha_Vol_II/Rasa_Vilasa/Rasa_Vilasa.pitch,Rasa_Vilasa.pitch,.pitch,17362533
Carnatic,f0866e71-33b2-47db-ab75-0808c41f2401/Abhishek_Raghuram/Pravrddha_Sri_Lalgudi_Pancharatna_Kritis/Mahita_Pravrddha/Mahita_Pravrddha.tonic,Mahita_Pravrddha.tonic,.tonic,10
Carnatic,f0866e71-33b2-47db-ab75-0808c41f2401/Abhishek_Raghuram/Pravrddha_Sri_Lalgudi_Pancharatna_Kritis/Mahita_Pravrddha/Mahita_Pravrddha.pitchSilIntrpPP,Mahita_Pravrddha.pitchSilIntrpPP,.pitchsilintrppp,26115000
Carnatic,f0866e71-33b2-47db-ab75-0808c41f2401/Abhishek_Raghuram/Pravrddha_Sri_Lalgudi_Pancharatna_Kritis/Mahita_Pravrddha/Mahita_Pravrddha.taniSegKNN,Mahita_Pravrddha.taniSegKNN,.tanisegknn,18
Carnatic,f0866e71-33b2-47db-ab75-0808c41f2401/Abhishek_Raghuram/Pravrddha_Sri_Lalgudi_Pancharatna_Kritis/Mahita_Pravrddha/Mahita_Pravrddha.tonicFine,Mahita_Pravrddha.tonicFine,.tonicfine,25
Carnatic,f0866e71-33b2-47db-ab75-0808c41f2401/Abhishek_Raghuram/Pravrddha_Sri_Lalgudi_Pancharatna_Kritis/Mahita_Pravrddha/Mahita_Pravrddha.flatSegNyas,Mahita_Pravrddha.flatSegNyas,.flatsegnyas,30759
Carnatic,f0866e71-33b2-47db-ab75-0808c41f2401/Abhishek_Raghuram/Pravrddha_Sri_Lalgudi_Pancharatna_Kritis/Mahita_Pravrddha/Mahita_Pravrddha.pitch,Mahita_Pravrddha.pitch,.pitch,12514207
Carnatic,f0866e71-33b2-47db-ab75-0808c41f2401/Amritha_Murali/December_Season_2011/Koniyadina_Napai/Koniyadina_Napai.pitchSilIntrpPP,Koniyadina_Napai.pitchSilIntrpPP,.pitchsilintrppp,39780800
Carnatic,f0866e71-33b2-47db-ab75-0808c41f2401/Amritha_Murali/December_Season_2011/Koniyadina_Napai/Koniyadina_Napai.taniSegKNN,Koniyadina_Napai.taniSegKNN,.tanisegknn,54
Carnatic,f0866e71-33b2-47db-ab75-0808c41f2401/Amritha_Murali/December_Season_2011/Koniyadina_Napai/Koniyadina_Napai.tonic,Koniyadina_Napai.tonic,.tonic,10
Carnatic,f0866e71-33b2-47db-ab75-0808c41f2401/Amritha_Murali/December_Season_2011/Koniyadina_Napai/Koniyadina_Napai.flatSegNyas,Koniyadina_Napai.flatSegNyas,.flatsegnyas,58143
Carnatic,f0866e71-33b2-47db-ab75-0808c41f2401/Amritha_Murali/December_Season_2011/Koniyadina_Napai/Koniyadina_Napai.pitch,Koniyadina_Napai.pitch,.pitch,19241322
Carnatic,f0866e71-33b2-47db-ab75-0808c41f2401/Amritha_Murali/December_Season_2011/Koniyadina_Napai/Koniyadina_Napai.tonicFine,Koniyadina_Napai.tonicFine,.tonicfine,25
Carnatic,f0866e71-33b2-47db-ab75-0808c41f2401/Sanjay_Subrahmanyan/December_Season_2006/Neeye_Sharan_Shanmukha/Neeye_Sharan_Shanmukha.tonic,Neeye_Sharan_Shanmukha.tonic,.tonic,10
Carnatic,f0866e71-33b2-47db-ab75-0808c41f2401/Sanjay_Subrahmanyan/December_Season_2006/Neeye_Sharan_Shanmukha/Neeye_Sharan_Shanmukha.tonicFine,Neeye_Sharan_Shanmukha.tonicFine,.tonicfine,25
Carnatic,f0866e71-33b2-47db-ab75-0808c41f2401/Sanjay_Subrahmanyan/December_Season_2006/Neeye_Sharan_Shanmukha/Neeye_Sharan_Shanmukha.pitchSilIntrpPP,Neeye_Sharan_Shanmukha.pitchSilIntrpPP,.pitchsilintrppp,3491650
Carnatic,f0866e71-33b2-47db-ab75-0808c41f2401/Sanjay_Subrahmanyan/December_Season_2006/Neeye_Sharan_Shanmukha/Neeye_Sharan_Shanmukha.flatSegNyas,Neeye_Sharan_Shanmukha.flatSegNyas,.flatsegnyas,3764
Carnatic,f0866e71-33b2-47db-ab75-0808c41f2401/Sanjay_Subrahmanyan/December_Season_2006/Neeye_Sharan_Shanmukha/Neeye_Sharan_Shanmukha.taniSegKNN,Neeye_Sharan_Shanmukha.taniSegKNN,.tanisegknn,0
Carnatic,f0866e71-33b2-47db-ab75-0808c41f2401/Sanjay_Subrahmanyan/December_Season_2006/Neeye_Sharan_Shanmukha/Neeye_Sharan_Shanmukha.pitch,Neeye_Sharan_Shanmukha.pitch,.pitch,1605734
Carnatic,"f0866e71-33b2-47db-ab75-0808c41f2401/Sanjay_Subrahmanyan/Kutcheri,_Live_at_Gokhale_Hall/Tiruvadicharanam/Tiruvadicharanam.tonicFine",Tiruvadicharanam.tonicFine,.tonicfine,25
Carnatic,"f0866e71-33b2-47db-ab75-0808c41f2401/Sanjay_Subrahmanyan/Kutcheri,_Live_at_Gokhale_Hall/Tiruvadicharanam/Tiruvadicharanam.taniSegKNN",Tiruvadicharanam.taniSegKNN,.tanisegknn,0
Carnatic,"f0866e71-33b2-47db-ab75-0808c41f2401/Sanjay_Subrahmanyan/Kutcheri,_Live_at_Gokhale_Hall/Tiruvadicharanam/Tiruvadicharanam.pitch",Tiruvadicharanam.pitch,.pitch,4187560
Carnatic,"f0866e71-33b2-47db-ab75-0808c41f2401/Sanjay_Subrahmanyan/Kutcheri,_Live_at_Gokhale_Hall/Tiruvadicharanam/Tiruvadicharanam.tonic",Tiruvadicharanam.tonic,.tonic,10
Carnatic,"f0866e71-33b2-47db-ab75-0808c41f2401/Sanjay_Subrahmanyan/Kutcheri,_Live_at_Gokhale_Hall/Tiruvadicharanam/Tiruvadicharanam.flatSegNyas",Tiruvadicharanam.flatSegNyas,.flatsegnyas,9638
Carnatic,"f0866e71-33b2-47db-ab75-0808c41f2401/Sanjay_Subrahmanyan/Kutcheri,_Live_at_Gokhale_Hall/Tiruvadicharanam/Tiruvadicharanam.pitchSilIntrpPP",Tiruvadicharanam.pitchSilIntrpPP,.pitchsilintrppp,9030350
Carnatic,f0866e71-33b2-47db-ab75-0808c41f2401/Sanjay_Subrahmanyan/Sanjay_at_Sastri_Hall/O_Rangashayee/O_Rangashayee.flatSegNyas,O_Rangashayee.flatSegNyas,.flatsegnyas,64204
Carnatic,f0866e71-33b2-47db-ab75-0808c41f2401/Sanjay_Subrahmanyan/Sanjay_at_Sastri_Hall/O_Rangashayee/O_Rangashayee.tonic,O_Rangashayee.tonic,.tonic,10
Carnatic,f0866e71-33b2-47db-ab75-0808c41f2401/Sanjay_Subrahmanyan/Sanjay_at_Sastri_Hall/O_Rangashayee/O_Rangashayee.pitch,O_Rangashayee.pitch,.pitch,20652965
Carnatic,f0866e71-33b2-47db-ab75-0808c41f2401/Sanjay_Subrahmanyan/Sanjay_at_Sastri_Hall/O_Rangashayee/O_Rangashayee.taniSegKNN,O_Rangashayee.taniSegKNN,.tanisegknn,18
Carnatic,f0866e71-33b2-47db-ab75-0808c41f2401/Sanjay_Subrahmanyan/Sanjay_at_Sastri_Hall/O_Rangashayee/O_Rangashayee.pitchSilIntrpPP,O_Rangashayee.pitchSilIntrpPP,.pitchsilintrppp,42568250
Carnatic,f0866e71-33b2-47db-ab75-0808c41f2401/Sanjay_Subrahmanyan/Sanjay_at_Sastri_Hall/O_Rangashayee/O_Rangashayee.tonicFine,O_Rangashayee.tonicFine,.tonicfine,25
Carnatic,f0866e71-33b2-47db-ab75-0808c41f2401/Musiri_Subramania_Iyer/Paddhatti/Tiruvadicharanam/Tiruvadicharanam.tonicFine,Tiruvadicharanam.tonicFine,.tonicfine,25
Carnatic,f0866e71-33b2-47db-ab75-0808c41f2401/Musiri_Subramania_Iyer/Paddhatti/Tiruvadicharanam/Tiruvadicharanam.taniSegKNN,Tiruvadicharanam.taniSegKNN,.tanisegknn,0
Carnatic,f0866e71-33b2-47db-ab75-0808c41f2401/Musiri_Subramania_Iyer/Paddhatti/Tiruvadicharanam/Tiruvadicharanam.pitch,Tiruvadicharanam.pitch,.pitch,9699377
Carnatic,f0866e71-33b2-47db-ab75-0808c41f2401/Musiri_Subramania_Iyer/Paddhatti/Tiruvadicharanam/Tiruvadicharanam.tonic,Tiruvadicharanam.tonic,.tonic,10
Carnatic,f0866e71-33b2-47db-ab75-0808c41f2401/Musiri_Subramania_Iyer/Paddhatti/Tiruvadicharanam/Tiruvadicharanam.flatSegNyas,Tiruvadicharanam.flatSegNyas,.flatsegnyas,24757
Carnatic,f0866e71-33b2-47db-ab75-0808c41f2401/Musiri_Subramania_Iyer/Paddhatti/Tiruvadicharanam/Tiruvadicharanam.pitchSilIntrpPP,Tiruvadicharanam.pitchSilIntrpPP,.pitchsilintrppp,20190050
Carnatic,f0866e71-33b2-47db-ab75-0808c41f2401/Nithyasree_Mahadevan/December_Season_2002/Sri_Raghuvara/Sri_Raghuvara.tonic,Sri_Raghuvara.tonic,.tonic,10
Carnatic,f0866e71-33b2-47db-ab75-0808c41f2401/Nithyasree_Mahadevan/December_Season_2002/Sri_Raghuvara/Sri_Raghuvara.pitchSilIntrpPP,Sri_Raghuvara.pitchSilIntrpPP,.pitchsilintrppp,10552650
Carnatic,f0866e71-33b2-47db-ab75-0808c41f2401/Nithyasree_Mahadevan/December_Season_2002/Sri_Raghuvara/Sri_Raghuvara.tonicFine,Sri_Raghuvara.tonicFine,.tonicfine,25
Carnatic,f0866e71-33b2-47db-ab75-0808c41f2401/Nithyasree_Mahadevan/December_Season_2002/Sri_Raghuvara/Sri_Raghuvara.flatSegNyas,Sri_Raghuvara.flatSegNyas,.flatsegnyas,13778
Carnatic,f0866e71-33b2-47db-ab75-0808c41f2401/Nithyasree_Mahadevan/December_Season_2002/Sri_Raghuvara/Sri_Raghuvara.taniSegKNN,Sri_Raghuvara.taniSegKNN,.tanisegknn,16
Carnatic,f0866e71-33b2-47db-ab75-0808c41f2401/Nithyasree_Mahadevan/December_Season_2002/Sri_Raghuvara/Sri_Raghuvara.pitch,Sri_Raghuvara.pitch,.pitch,4926526
Carnatic,9cedca68-4a9d-4170-bec3-0d1db1ff730e/T__V__Gopala_Krishnan/Paddhatti/Meru_Samana/Meru_Samana.pitch,Meru_Samana.pitch,.pitch,5400315
Carnatic,9cedca68-4a9d-4170-bec3-0d1db1ff730e/T__V__Gopala_Krishnan/Paddhatti/Meru_Samana/Meru_Samana.pitchSilIntrpPP,Meru_Samana.pitchSilIntrpPP,.pitchsilintrppp,11535350
Carnatic,9cedca68-4a9d-4170-bec3-0d1db1ff730e/T__V__Gopala_Krishnan/Paddhatti/Meru_Samana/Meru_Samana.tonic,Meru_Samana.tonic,.tonic,10
Carnatic,9cedca68-4a9d-4170-bec3-0d1db1ff730e/T__V__Gopala_Krishnan/Paddhatti/Meru_Samana/Meru_Samana.tonicFine,Meru_Samana.tonicFine,.tonicfine,25
Carnatic,9cedca68-4a9d-4170-bec3-0d1db1ff730e/T__V__Gopala_Krishnan/Paddhatti/Meru_Samana/Meru_Samana.taniSegKNN,Meru_Samana.taniSegKNN,.tanisegknn,0
Carnatic,9cedca68-4a9d-4170-bec3-0d1db1ff730e/T__V__Gopala_Krishnan/Paddhatti/Meru_Samana/Meru_Samana.flatSegNyas,Meru_Samana.flatSegNyas,.flatsegnyas,11369
Carnatic,9cedca68-4a9d-4170-bec3-0d1db1ff730e/T__Brinda/All_Time_Favourites_-_Vol_4/Meru_Samana/Meru_Samana.pitch,Meru_Samana.pitch,.pitch,3749076
Carnatic,9cedca68-4a9d-4170-bec3-0d1db1ff730e/T__Brinda/All_Time_Favourites_-_Vol_4/Meru_Samana/Meru_Samana.pitchSilIntrpPP,Meru_Samana.pitchSilIntrpPP,.pitchsilintrppp,7995300
Carnatic,9cedca68-4a9d-4170-bec3-0d1db1ff730e/T__Brinda/All_Time_Favourites_-_Vol_4/Meru_Samana/Meru_Samana.tonic,Meru_Samana.tonic,.tonic,10
Carnatic,9cedca68-4a9d-4170-bec3-0d1db1ff730e/T__Brinda/All_Time_Favourites_-_Vol_4/Meru_Samana/Meru_Samana.tonicFine,Meru_Samana.tonicFine,.tonicfine,25
Carnatic,9cedca68-4a9d-4170-bec3-0d1db1ff730e/T__Brinda/All_Time_Favourites_-_Vol_4/Meru_Samana/Meru_Samana.taniSegKNN,Meru_Samana.taniSegKNN,.tanisegknn,0
Carnatic,9cedca68-4a9d-4170-bec3-0d1db1ff730e/T__Brinda/All_Time_Favourites_-_Vol_4/Meru_Samana/Meru_Samana.flatSegNyas,Meru_Samana.flatSegNyas,.flatsegnyas,9264
Carnatic,9cedca68-4a9d-4170-bec3-0d1db1ff730e/M_S__Subbulakshmi/Paddhatti/Ksheera_Sagara_Shayana/Ksheera_Sagara_Shayana.tonicFine,Ksheera_Sagara_Shayana.tonicFine,.tonicfine,25
Carnatic,9cedca68-4a9d-4170-bec3-0d1db1ff730e/M_S__Subbulakshmi/Paddhatti/Ksheera_Sagara_Shayana/Ksheera_Sagara_Shayana.pitch,Ksheera_Sagara_Shayana.pitch,.pitch,7237471
Carnatic,9cedca68-4a9d-4170-bec3-0d1db1ff730e/M_S__Subbulakshmi/Paddhatti/Ksheera_Sagara_Shayana/Ksheera_Sagara_Shayana.tonic,Ksheera_Sagara_Shayana.tonic,.tonic,10
Carnatic,9cedca68-4a9d-4170-bec3-0d1db1ff730e/M_S__Subbulakshmi/Paddhatti/Ksheera_Sagara_Shayana/Ksheera_Sagara_Shayana.flatSegNyas,Ksheera_Sagara_Shayana.flatSegNyas,.flatsegnyas,19952
Carnatic,9cedca68-4a9d-4170-bec3-0d1db1ff730e/M_S__Subbulakshmi/Paddhatti/Ksheera_Sagara_Shayana/Ksheera_Sagara_Shayana.taniSegKNN,Ksheera_Sagara_Shayana.taniSegKNN,.tanisegknn,0
Carnatic,9cedca68-4a9d-4170-bec3-0d1db1ff730e/M_S__Subbulakshmi/Paddhatti/Ksheera_Sagara_Shayana/Ksheera_Sagara_Shayana.pitchSilIntrpPP,Ksheera_Sagara_Shayana.pitchSilIntrpPP,.pitchsilintrppp,15253200
Carnatic,"9cedca68-4a9d-4170-bec3-0d1db1ff730e/K__V__Narayanaswami/K__V__Narayanaswami_concert_at_Toronto,_1997/Manam_Irangata/Manam_Irangata.flatSegNyas",Manam_Irangata.flatSegNyas,.flatsegnyas,16137
Carnatic,"9cedca68-4a9d-4170-bec3-0d1db1ff730e/K__V__Narayanaswami/K__V__Narayanaswami_concert_at_Toronto,_1997/Manam_Irangata/Manam_Irangata.pitch",Manam_Irangata.pitch,.pitch,6567184
Carnatic,"9cedca68-4a9d-4170-bec3-0d1db1ff730e/K__V__Narayanaswami/K__V__Narayanaswami_concert_at_Toronto,_1997/Manam_Irangata/Manam_Irangata.tonic",Manam_Irangata.tonic,.tonic,9
Carnatic,"9cedca68-4a9d-4170-bec3-0d1db1ff730e/K__V__Narayanaswami/K__V__Narayanaswami_concert_at_Toronto,_1997/Manam_Irangata/Manam_Irangata.taniSegKNN",Manam_Irangata.taniSegKNN,.tanisegknn,100
Carnatic,"9cedca68-4a9d-4170-bec3-0d1db1ff730e/K__V__Narayanaswami/K__V__Narayanaswami_concert_at_Toronto,_1997/Manam_Irangata/Manam_Irangata.pitchSilIntrpPP",Manam_Irangata.pitchSilIntrpPP,.pitchsilintrppp,13805550
Carnatic,"9cedca68-4a9d-4170-bec3-0d1db1ff730e/K__V__Narayanaswami/K__V__Narayanaswami_concert_at_Toronto,_1997/Manam_Irangata/Manam_Irangata.tonicFine",Manam_Irangata.tonicFine,.tonicfine,25
Carnatic,9cedca68-4a9d-4170-bec3-0d1db1ff730e/K__V__Narayanaswami/K__V__Narayanaswami_Monyreal_concert_1980/Thulasidala/Thulasidala.flatSegNyas,Thulasidala.flatSegNyas,.flatsegnyas,5057
Carnatic,9cedca68-4a9d-4170-bec3-0d1db1ff730e/K__V__Narayanaswami/K__V__Narayanaswami_Monyreal_concert_1980/Thulasidala/Thulasidala.tonic,Thulasidala.tonic,.tonic,10
Carnatic,9cedca68-4a9d-4170-bec3-0d1db1ff730e/K__V__Narayanaswami/K__V__Narayanaswami_Monyreal_concert_1980/Thulasidala/Thulasidala.pitchSilIntrpPP,Thulasidala.pitchSilIntrpPP,.pitchsilintrppp,5444900
Carnatic,9cedca68-4a9d-4170-bec3-0d1db1ff730e/K__V__Narayanaswami/K__V__Narayanaswami_Monyreal_concert_1980/Thulasidala/Thulasidala.tonicFine,Thulasidala.tonicFine,.tonicfine,25
Carnatic,9cedca68-4a9d-4170-bec3-0d1db1ff730e/K__V__Narayanaswami/K__V__Narayanaswami_Monyreal_concert_1980/Thulasidala/Thulasidala.taniSegKNN,Thulasidala.taniSegKNN,.tanisegknn,0
Carnatic,9cedca68-4a9d-4170-bec3-0d1db1ff730e/K__V__Narayanaswami/K__V__Narayanaswami_Monyreal_concert_1980/Thulasidala/Thulasidala.pitch,Thulasidala.pitch,.pitch,2531991
Carnatic,9cedca68-4a9d-4170-bec3-0d1db1ff730e/Gayathri_Venkataraghavan/December_Season_2001/Deva_Deva_Kalayami/Deva_Deva_Kalayami.pitchSilIntrpPP,Deva_Deva_Kalayami.pitchSilIntrpPP,.pitchsilintrppp,7543600
Carnatic,9cedca68-4a9d-4170-bec3-0d1db1ff730e/Gayathri_Venkataraghavan/December_Season_2001/Deva_Deva_Kalayami/Deva_Deva_Kalayami.flatSegNyas,Deva_Deva_Kalayami.flatSegNyas,.flatsegnyas,9052
Carnatic,9cedca68-4a9d-4170-bec3-0d1db1ff730e/Gayathri_Venkataraghavan/December_Season_2001/Deva_Deva_Kalayami/Deva_Deva_Kalayami.tonic,Deva_Deva_Kalayami.tonic,.tonic,10
Carnatic,9cedca68-4a9d-4170-bec3-0d1db1ff730e/Gayathri_Venkataraghavan/December_Season_2001/Deva_Deva_Kalayami/Deva_Deva_Kalayami.pitch,Deva_Deva_Kalayami.pitch,.pitch,3521470
Carnatic,9cedca68-4a9d-4170-bec3-0d1db1ff730e/Gayathri_Venkataraghavan/December_Season_2001/Deva_Deva_Kalayami/Deva_Deva_Kalayami.taniSegKNN,Deva_Deva_Kalayami.taniSegKNN,.tanisegknn,0
Carnatic,9cedca68-4a9d-4170-bec3-0d1db1ff730e/Gayathri_Venkataraghavan/December_Season_2001/Deva_Deva_Kalayami/Deva_Deva_Kalayami.tonicFine,Deva_Deva_Kalayami.tonicFine,.tonicfine,25
Carnatic,9cedca68-4a9d-4170-bec3-0d1db1ff730e/Semmangudi_Srinivasa_Iyer/Paramatmakam/Deva_DEva_Kalayamite/Deva_DEva_Kalayamite.tonic,Deva_DEva_Kalayamite.tonic,.tonic,10
Carnatic,9cedca68-4a9d-4170-bec3-0d1db1ff730e/Semmangudi_Srinivasa_Iyer/Paramatmakam/Deva_DEva_Kalayamite/Deva_DEva_Kalayamite.pitch,Deva_DEva_Kalayamite.pitch,.pitch,4084905
Carnatic,9cedca68-4a9d-4170-bec3-0d1db1ff730e/Semmangudi_Srinivasa_Iyer/Paramatmakam/Deva_DEva_Kalayamite/Deva_DEva_Kalayamite.taniSegKNN,Deva_DEva_Kalayamite.taniSegKNN,.tanisegknn,0
Carnatic,9cedca68-4a9d-4170-bec3-0d1db1ff730e/Semmangudi_Srinivasa_Iyer/Paramatmakam/Deva_DEva_Kalayamite/Deva_DEva_Kalayamite.tonicFine,Deva_DEva_Kalayamite.tonicFine,.tonicfine,25
Carnatic,9cedca68-4a9d-4170-bec3-0d1db1ff730e/Semmangudi_Srinivasa_Iyer/Paramatmakam/Deva_DEva_Kalayamite/Deva_DEva_Kalayamite.flatSegNyas,Deva_DEva_Kalayamite.flatSegNyas,.flatsegnyas,9394
Carnatic,9cedca68-4a9d-4170-bec3-0d1db1ff730e/Semmangudi_Srinivasa_Iyer/Paramatmakam/Deva_DEva_Kalayamite/Deva_DEva_Kalayamite.pitchSilIntrpPP,Deva_DEva_Kalayamite.pitchSilIntrpPP,.pitchsilintrppp,8719250
Carnatic,9cedca68-4a9d-4170-bec3-0d1db1ff730e/Amritha_Murali/December_Season_2009/Vidulaku/Vidulaku.flatSegNyas,Vidulaku.flatSegNyas,.flatsegnyas,12903
Carnatic,9cedca68-4a9d-4170-bec3-0d1db1ff730e/Amritha_Murali/December_Season_2009/Vidulaku/Vidulaku.tonicFine,Vidulaku.tonicFine,.tonicfine,25
Carnatic,9cedca68-4a9d-4170-bec3-0d1db1ff730e/Amritha_Murali/December_Season_2009/Vidulaku/Vidulaku.taniSegKNN,Vidulaku.taniSegKNN,.tanisegknn,16
Carnatic,9cedca68-4a9d-4170-bec3-0d1db1ff730e/Amritha_Murali/December_Season_2009/Vidulaku/Vidulaku.pitchSilIntrpPP,Vidulaku.pitchSilIntrpPP,.pitchsilintrppp,8515750
Carnatic,9cedca68-4a9d-4170-bec3-0d1db1ff730e/Amritha_Murali/December_Season_2009/Vidulaku/Vidulaku.tonic,Vidulaku.tonic,.tonic,10
Carnatic,9cedca68-4a9d-4170-bec3-0d1db1ff730e/Amritha_Murali/December_Season_2009/Vidulaku/Vidulaku.pitch,Vidulaku.pitch,.pitch,3991073
Carnatic,9cedca68-4a9d-4170-bec3-0d1db1ff730e/Nisha_P_Rajagopal/December_Season_2003/Deva_Deva_Kalayami/Deva_Deva_Kalayami.pitchSilIntrpPP,Deva_Deva_Kalayami.pitchSilIntrpPP,.pitchsilintrppp,7229450
Carnatic,9cedca68-4a9d-4170-bec3-0d1db1ff730e/Nisha_P_Rajagopal/December_Season_2003/Deva_Deva_Kalayami/Deva_Deva_Kalayami.flatSegNyas,Deva_Deva_Kalayami.flatSegNyas,.flatsegnyas,8437
Carnatic,9cedca68-4a9d-4170-bec3-0d1db1ff730e/Nisha_P_Rajagopal/December_Season_2003/Deva_Deva_Kalayami/Deva_Deva_Kalayami.tonic,Deva_Deva_Kalayami.tonic,.tonic,10
Carnatic,9cedca68-4a9d-4170-bec3-0d1db1ff730e/Nisha_P_Rajagopal/December_Season_2003/Deva_Deva_Kalayami/Deva_Deva_Kalayami.pitch,Deva_Deva_Kalayami.pitch,.pitch,3353376
Carnatic,9cedca68-4a9d-4170-bec3-0d1db1ff730e/Nisha_P_Rajagopal/December_Season_2003/Deva_Deva_Kalayami/Deva_Deva_Kalayami.taniSegKNN,Deva_Deva_Kalayami.taniSegKNN,.tanisegknn,0
Carnatic,9cedca68-4a9d-4170-bec3-0d1db1ff730e/Nisha_P_Rajagopal/December_Season_2003/Deva_Deva_Kalayami/Deva_Deva_Kalayami.tonicFine,Deva_Deva_Kalayami.tonicFine,.tonicfine,25
Carnatic,9cedca68-4a9d-4170-bec3-0d1db1ff730e/Aruna_Sairam/December_Season_2000/Vidulaku_Mrokkeda/Vidulaku_Mrokkeda.pitchSilIntrpPP,Vidulaku_Mrokkeda.pitchSilIntrpPP,.pitchsilintrppp,5081500
Carnatic,9cedca68-4a9d-4170-bec3-0d1db1ff730e/Aruna_Sairam/December_Season_2000/Vidulaku_Mrokkeda/Vidulaku_Mrokkeda.pitch,Vidulaku_Mrokkeda.pitch,.pitch,2368504
Carnatic,9cedca68-4a9d-4170-bec3-0d1db1ff730e/Aruna_Sairam/December_Season_2000/Vidulaku_Mrokkeda/Vidulaku_Mrokkeda.flatSegNyas,Vidulaku_Mrokkeda.flatSegNyas,.flatsegnyas,5838
Carnatic,9cedca68-4a9d-4170-bec3-0d1db1ff730e/Aruna_Sairam/December_Season_2000/Vidulaku_Mrokkeda/Vidulaku_Mrokkeda.taniSegKNN,Vidulaku_Mrokkeda.taniSegKNN,.tanisegknn,0
Carnatic,9cedca68-4a9d-4170-bec3-0d1db1ff730e/Aruna_Sairam/December_Season_2000/Vidulaku_Mrokkeda/Vidulaku_Mrokkeda.tonic,Vidulaku_Mrokkeda.tonic,.tonic,10
Carnatic,9cedca68-4a9d-4170-bec3-0d1db1ff730e/Aruna_Sairam/December_Season_2000/Vidulaku_Mrokkeda/Vidulaku_Mrokkeda.tonicFine,Vidulaku_Mrokkeda.tonicFine,.tonicfine,25
Carnatic,9cedca68-4a9d-4170-bec3-0d1db1ff730e/Sangeetha_Swaminathan/December_Season_2001/Sri_Raja_Rajeswari/Sri_Raja_Rajeswari.taniSegKNN,Sri_Raja_Rajeswari.taniSegKNN,.tanisegknn,0
Carnatic,9cedca68-4a9d-4170-bec3-0d1db1ff730e/Sangeetha_Swaminathan/December_Season_2001/Sri_Raja_Rajeswari/Sri_Raja_Rajeswari.pitch,Sri_Raja_Rajeswari.pitch,.pitch,1840524
Carnatic,9cedca68-4a9d-4170-bec3-0d1db1ff730e/Sangeetha_Swaminathan/December_Season_2001/Sri_Raja_Rajeswari/Sri_Raja_Rajeswari.tonic,Sri_Raja_Rajeswari.tonic,.tonic,10
Carnatic,9cedca68-4a9d-4170-bec3-0d1db1ff730e/Sangeetha_Swaminathan/December_Season_2001/Sri_Raja_Rajeswari/Sri_Raja_Rajeswari.pitchSilIntrpPP,Sri_Raja_Rajeswari.pitchSilIntrpPP,.pitchsilintrppp,3964800
Carnatic,9cedca68-4a9d-4170-bec3-0d1db1ff730e/Sangeetha_Swaminathan/December_Season_2001/Sri_Raja_Rajeswari/Sri_Raja_Rajeswari.tonicFine,Sri_Raja_Rajeswari.tonicFine,.tonicfine,25
Carnatic,9cedca68-4a9d-4170-bec3-0d1db1ff730e/Sangeetha_Swaminathan/December_Season_2001/Sri_Raja_Rajeswari/Sri_Raja_Rajeswari.flatSegNyas,Sri_Raja_Rajeswari.flatSegNyas,.flatsegnyas,5130
Carnatic,9cedca68-4a9d-4170-bec3-0d1db1ff730e/Amrutha_Venkatesh/December_Season_2007/Vidulaku_Mrokkeda/Vidulaku_Mrokkeda.pitchSilIntrpPP,Vidulaku_Mrokkeda.pitchSilIntrpPP,.pitchsilintrppp,9323650
Carnatic,9cedca68-4a9d-4170-bec3-0d1db1ff730e/Amrutha_Venkatesh/December_Season_2007/Vidulaku_Mrokkeda/Vidulaku_Mrokkeda.pitch,Vidulaku_Mrokkeda.pitch,.pitch,4374616
Carnatic,9cedca68-4a9d-4170-bec3-0d1db1ff730e/Amrutha_Venkatesh/December_Season_2007/Vidulaku_Mrokkeda/Vidulaku_Mrokkeda.flatSegNyas,Vidulaku_Mrokkeda.flatSegNyas,.flatsegnyas,12768
Carnatic,9cedca68-4a9d-4170-bec3-0d1db1ff730e/Amrutha_Venkatesh/December_Season_2007/Vidulaku_Mrokkeda/Vidulaku_Mrokkeda.taniSegKNN,Vidulaku_Mrokkeda.taniSegKNN,.tanisegknn,0
Carnatic,9cedca68-4a9d-4170-bec3-0d1db1ff730e/Amrutha_Venkatesh/December_Season_2007/Vidulaku_Mrokkeda/Vidulaku_Mrokkeda.tonic,Vidulaku_Mrokkeda.tonic,.tonic,10
Carnatic,9cedca68-4a9d-4170-bec3-0d1db1ff730e/Amrutha_Venkatesh/December_Season_2007/Vidulaku_Mrokkeda/Vidulaku_Mrokkeda.tonicFine,Vidulaku_Mrokkeda.tonicFine,.tonicfine,25
Carnatic,0277eae5-3411-4b22-9fa8-1b347e7528d1/Kunnakkudi_M_Balamuralikrishna/December_Season_2008/Siddhi_Vinayakam/Siddhi_Vinayakam.pitch,Siddhi_Vinayakam.pitch,.pitch,3886640
Carnatic,0277eae5-3411-4b22-9fa8-1b347e7528d1/Kunnakkudi_M_Balamuralikrishna/December_Season_2008/Siddhi_Vinayakam/Siddhi_Vinayakam.flatSegNyas,Siddhi_Vinayakam.flatSegNyas,.flatsegnyas,7390
Carnatic,0277eae5-3411-4b22-9fa8-1b347e7528d1/Kunnakkudi_M_Balamuralikrishna/December_Season_2008/Siddhi_Vinayakam/Siddhi_Vinayakam.pitchSilIntrpPP,Siddhi_Vinayakam.pitchSilIntrpPP,.pitchsilintrppp,8349450
Carnatic,0277eae5-3411-4b22-9fa8-1b347e7528d1/Kunnakkudi_M_Balamuralikrishna/December_Season_2008/Siddhi_Vinayakam/Siddhi_Vinayakam.tonicFine,Siddhi_Vinayakam.tonicFine,.tonicfine,25
Carnatic,0277eae5-3411-4b22-9fa8-1b347e7528d1/Kunnakkudi_M_Balamuralikrishna/December_Season_2008/Siddhi_Vinayakam/Siddhi_Vinayakam.taniSegKNN,Siddhi_Vinayakam.taniSegKNN,.tanisegknn,0
Carnatic,0277eae5-3411-4b22-9fa8-1b347e7528d1/Kunnakkudi_M_Balamuralikrishna/December_Season_2008/Siddhi_Vinayakam/Siddhi_Vinayakam.tonic,Siddhi_Vinayakam.tonic,.tonic,10
Carnatic,0277eae5-3411-4b22-9fa8-1b347e7528d1/Akkarai_Sisters/Akkarai_Sisters_at_Arkay/Siddhi_Vinayakam/Siddhi_Vinayakam.pitch,Siddhi_Vinayakam.pitch,.pitch,3954190
Carnatic,0277eae5-3411-4b22-9fa8-1b347e7528d1/Akkarai_Sisters/Akkarai_Sisters_at_Arkay/Siddhi_Vinayakam/Siddhi_Vinayakam.flatSegNyas,Siddhi_Vinayakam.flatSegNyas,.flatsegnyas,8966
Carnatic,0277eae5-3411-4b22-9fa8-1b347e7528d1/Akkarai_Sisters/Akkarai_Sisters_at_Arkay/Siddhi_Vinayakam/Siddhi_Vinayakam.pitchSilIntrpPP,Siddhi_Vinayakam.pitchSilIntrpPP,.pitchsilintrppp,8493700
Carnatic,0277eae5-3411-4b22-9fa8-1b347e7528d1/Akkarai_Sisters/Akkarai_Sisters_at_Arkay/Siddhi_Vinayakam/Siddhi_Vinayakam.tonicFine,Siddhi_Vinayakam.tonicFine,.tonicfine,25
Carnatic,0277eae5-3411-4b22-9fa8-1b347e7528d1/Akkarai_Sisters/Akkarai_Sisters_at_Arkay/Siddhi_Vinayakam/Siddhi_Vinayakam.taniSegKNN,Siddhi_Vinayakam.taniSegKNN,.tanisegknn,16
Carnatic,0277eae5-3411-4b22-9fa8-1b347e7528d1/Akkarai_Sisters/Akkarai_Sisters_at_Arkay/Siddhi_Vinayakam/Siddhi_Vinayakam.tonic,Siddhi_Vinayakam.tonic,.tonic,10
Carnatic,0277eae5-3411-4b22-9fa8-1b347e7528d1/Lalgudi_Jayaraman/Violin/Vaddhane/Vaddhane.pitch,Vaddhane.pitch,.pitch,4933021
Carnatic,0277eae5-3411-4b22-9fa8-1b347e7528d1/Lalgudi_Jayaraman/Violin/Vaddhane/Vaddhane.flatSegNyas,Vaddhane.flatSegNyas,.flatsegnyas,17956
Carnatic,0277eae5-3411-4b22-9fa8-1b347e7528d1/Lalgudi_Jayaraman/Violin/Vaddhane/Vaddhane.tonic,Vaddhane.tonic,.tonic,10
Carnatic,0277eae5-3411-4b22-9fa8-1b347e7528d1/Lalgudi_Jayaraman/Violin/Vaddhane/Vaddhane.taniSegKNN,Vaddhane.taniSegKNN,.tanisegknn,0
Carnatic,0277eae5-3411-4b22-9fa8-1b347e7528d1/Lalgudi_Jayaraman/Violin/Vaddhane/Vaddhane.tonicFine,Vaddhane.tonicFine,.tonicfine,25
Carnatic,0277eae5-3411-4b22-9fa8-1b347e7528d1/Lalgudi_Jayaraman/Violin/Vaddhane/Vaddhane.pitchSilIntrpPP,Vaddhane.pitchSilIntrpPP,.pitchsilintrppp,10519700
Carnatic,0277eae5-3411-4b22-9fa8-1b347e7528d1/T__M__Krishna/December_Season_2001/Mariveradikkevaraiya_Rama/Mariveradikkevaraiya_Rama.taniSegKNN,Mariveradikkevaraiya_Rama.taniSegKNN,.tanisegknn,0
Carnatic,0277eae5-3411-4b22-9fa8-1b347e7528d1/T__M__Krishna/December_Season_2001/Mariveradikkevaraiya_Rama/Mariveradikkevaraiya_Rama.flatSegNyas,Mariveradikkevaraiya_Rama.flatSegNyas,.flatsegnyas,2496
Carnatic,0277eae5-3411-4b22-9fa8-1b347e7528d1/T__M__Krishna/December_Season_2001/Mariveradikkevaraiya_Rama/Mariveradikkevaraiya_Rama.pitch,Mariveradikkevaraiya_Rama.pitch,.pitch,1162096
Carnatic,0277eae5-3411-4b22-9fa8-1b347e7528d1/T__M__Krishna/December_Season_2001/Mariveradikkevaraiya_Rama/Mariveradikkevaraiya_Rama.pitchSilIntrpPP,Mariveradikkevaraiya_Rama.pitchSilIntrpPP,.pitchsilintrppp,2540050
Carnatic,0277eae5-3411-4b22-9fa8-1b347e7528d1/T__M__Krishna/December_Season_2001/Mariveradikkevaraiya_Rama/Mariveradikkevaraiya_Rama.tonic,Mariveradikkevaraiya_Rama.tonic,.tonic,10
Carnatic,0277eae5-3411-4b22-9fa8-1b347e7528d1/T__M__Krishna/December_Season_2001/Mariveradikkevaraiya_Rama/Mariveradikkevaraiya_Rama.tonicFine,Mariveradikkevaraiya_Rama.tonicFine,.tonicfine,25
Carnatic,0277eae5-3411-4b22-9fa8-1b347e7528d1/S__Sowmya/December_Season_1999/Kandanai_Nesithaal/Kandanai_Nesithaal.pitchSilIntrpPP,Kandanai_Nesithaal.pitchSilIntrpPP,.pitchsilintrppp,4567250
Carnatic,0277eae5-3411-4b22-9fa8-1b347e7528d1/S__Sowmya/December_Season_1999/Kandanai_Nesithaal/Kandanai_Nesithaal.tonicFine,Kandanai_Nesithaal.tonicFine,.tonicfine,25
Carnatic,0277eae5-3411-4b22-9fa8-1b347e7528d1/S__Sowmya/December_Season_1999/Kandanai_Nesithaal/Kandanai_Nesithaal.pitch,Kandanai_Nesithaal.pitch,.pitch,2129206
Carnatic,0277eae5-3411-4b22-9fa8-1b347e7528d1/S__Sowmya/December_Season_1999/Kandanai_Nesithaal/Kandanai_Nesithaal.tonic,Kandanai_Nesithaal.tonic,.tonic,10
Carnatic,0277eae5-3411-4b22-9fa8-1b347e7528d1/S__Sowmya/December_Season_1999/Kandanai_Nesithaal/Kandanai_Nesithaal.flatSegNyas,Kandanai_Nesithaal.flatSegNyas,.flatsegnyas,5183
Carnatic,0277eae5-3411-4b22-9fa8-1b347e7528d1/S__Sowmya/December_Season_1999/Kandanai_Nesithaal/Kandanai_Nesithaal.taniSegKNN,Kandanai_Nesithaal.taniSegKNN,.tanisegknn,0
Carnatic,0277eae5-3411-4b22-9fa8-1b347e7528d1/Maharajapuram_Santhanam/Paddhatti/Vilayada_Idu_Nerama/Vilayada_Idu_Nerama.pitch,Vilayada_Idu_Nerama.pitch,.pitch,1070190
Carnatic,0277eae5-3411-4b22-9fa8-1b347e7528d1/Maharajapuram_Santhanam/Paddhatti/Vilayada_Idu_Nerama/Vilayada_Idu_Nerama.pitchSilIntrpPP,Vilayada_Idu_Nerama.pitchSilIntrpPP,.pitchsilintrppp,2318450
Carnatic,0277eae5-3411-4b22-9fa8-1b347e7528d1/Maharajapuram_Santhanam/Paddhatti/Vilayada_Idu_Nerama/Vilayada_Idu_Nerama.tonicFine,Vilayada_Idu_Nerama.tonicFine,.tonicfine,25
Carnatic,0277eae5-3411-4b22-9fa8-1b347e7528d1/Maharajapuram_Santhanam/Paddhatti/Vilayada_Idu_Nerama/Vilayada_Idu_Nerama.flatSegNyas,Vilayada_Idu_Nerama.flatSegNyas,.flatsegnyas,2881
Carnatic,0277eae5-3411-4b22-9fa8-1b347e7528d1/Maharajapuram_Santhanam/Paddhatti/Vilayada_Idu_Nerama/Vilayada_Idu_Nerama.tonic,Vilayada_Idu_Nerama.tonic,.tonic,9
Carnatic,0277eae5-3411-4b22-9fa8-1b347e7528d1/Maharajapuram_Santhanam/Paddhatti/Vilayada_Idu_Nerama/Vilayada_Idu_Nerama.taniSegKNN,Vilayada_Idu_Nerama.taniSegKNN,.tanisegknn,0
Carnatic,0277eae5-3411-4b22-9fa8-1b347e7528d1/Abhishek_Raghuram/December_Season_2009/Sadaanandamu/Sadaanandamu.tonicFine,Sadaanandamu.tonicFine,.tonicfine,25
Carnatic,0277eae5-3411-4b22-9fa8-1b347e7528d1/Abhishek_Raghuram/December_Season_2009/Sadaanandamu/Sadaanandamu.pitch,Sadaanandamu.pitch,.pitch,15934199
Carnatic,0277eae5-3411-4b22-9fa8-1b347e7528d1/Abhishek_Raghuram/December_Season_2009/Sadaanandamu/Sadaanandamu.tonic,Sadaanandamu.tonic,.tonic,10
Carnatic,0277eae5-3411-4b22-9fa8-1b347e7528d1/Abhishek_Raghuram/December_Season_2009/Sadaanandamu/Sadaanandamu.flatSegNyas,Sadaanandamu.flatSegNyas,.flatsegnyas,33300
Carnatic,0277eae5-3411-4b22-9fa8-1b347e7528d1/Abhishek_Raghuram/December_Season_2009/Sadaanandamu/Sadaanandamu.pitchSilIntrpPP,Sadaanandamu.pitchSilIntrpPP,.pitchsilintrppp,33083950
Carnatic,0277eae5-3411-4b22-9fa8-1b347e7528d1/Abhishek_Raghuram/December_Season_2009/Sadaanandamu/Sadaanandamu.taniSegKNN,Sadaanandamu.taniSegKNN,.tanisegknn,18
Carnatic,0277eae5-3411-4b22-9fa8-1b347e7528d1/T_K_Rangachari/Paddhatti/Kannanai_Pani_Maname/Kannanai_Pani_Maname.tonic,Kannanai_Pani_Maname.tonic,.tonic,10
Carnatic,0277eae5-3411-4b22-9fa8-1b347e7528d1/T_K_Rangachari/Paddhatti/Kannanai_Pani_Maname/Kannanai_Pani_Maname.tonicFine,Kannanai_Pani_Maname.tonicFine,.tonicfine,25
Carnatic,0277eae5-3411-4b22-9fa8-1b347e7528d1/T_K_Rangachari/Paddhatti/Kannanai_Pani_Maname/Kannanai_Pani_Maname.flatSegNyas,Kannanai_Pani_Maname.flatSegNyas,.flatsegnyas,2910
Carnatic,0277eae5-3411-4b22-9fa8-1b347e7528d1/T_K_Rangachari/Paddhatti/Kannanai_Pani_Maname/Kannanai_Pani_Maname.taniSegKNN,Kannanai_Pani_Maname.taniSegKNN,.tanisegknn,0
Carnatic,0277eae5-3411-4b22-9fa8-1b347e7528d1/T_K_Rangachari/Paddhatti/Kannanai_Pani_Maname/Kannanai_Pani_Maname.pitchSilIntrpPP,Kannanai_Pani_Maname.pitchSilIntrpPP,.pitchsilintrppp,2347550
Carnatic,0277eae5-3411-4b22-9fa8-1b347e7528d1/T_K_Rangachari/Paddhatti/Kannanai_Pani_Maname/Kannanai_Pani_Maname.pitch,Kannanai_Pani_Maname.pitch,.pitch,1080758
Carnatic,0277eae5-3411-4b22-9fa8-1b347e7528d1/Nithyasree_Mahadevan/December_Season_2000/Velan_Varuvaradi/Velan_Varuvaradi.tonic,Velan_Varuvaradi.tonic,.tonic,10
Carnatic,0277eae5-3411-4b22-9fa8-1b347e7528d1/Nithyasree_Mahadevan/December_Season_2000/Velan_Varuvaradi/Velan_Varuvaradi.pitch,Velan_Varuvaradi.pitch,.pitch,2009943
Carnatic,0277eae5-3411-4b22-9fa8-1b347e7528d1/Nithyasree_Mahadevan/December_Season_2000/Velan_Varuvaradi/Velan_Varuvaradi.taniSegKNN,Velan_Varuvaradi.taniSegKNN,.tanisegknn,0
Carnatic,0277eae5-3411-4b22-9fa8-1b347e7528d1/Nithyasree_Mahadevan/December_Season_2000/Velan_Varuvaradi/Velan_Varuvaradi.tonicFine,Velan_Varuvaradi.tonicFine,.tonicfine,25
Carnatic,0277eae5-3411-4b22-9fa8-1b347e7528d1/Nithyasree_Mahadevan/December_Season_2000/Velan_Varuvaradi/Velan_Varuvaradi.pitchSilIntrpPP,Velan_Varuvaradi.pitchSilIntrpPP,.pitchsilintrppp,4348850
Carnatic,0277eae5-3411-4b22-9fa8-1b347e7528d1/Nithyasree_Mahadevan/December_Season_2000/Velan_Varuvaradi/Velan_Varuvaradi.flatSegNyas,Velan_Varuvaradi.flatSegNyas,.flatsegnyas,4918
Carnatic,0277eae5-3411-4b22-9fa8-1b347e7528d1/Prasanna_Venkataraman/December_Season_2009/Viruttam_-_Vizhikkuthunai_followed_by_Saravanabhava/Viruttam_-_Vizhikkuthunai_followed_by_Saravanabhava.taniSegKNN,Viruttam_-_Vizhikkuthunai_followed_by_Saravanabhava.taniSegKNN,.tanisegknn,0
Carnatic,0277eae5-3411-4b22-9fa8-1b347e7528d1/Prasanna_Venkataraman/December_Season_2009/Viruttam_-_Vizhikkuthunai_followed_by_Saravanabhava/Viruttam_-_Vizhikkuthunai_followed_by_Saravanabhava.pitchSilIntrpPP,Viruttam_-_Vizhikkuthunai_followed_by_Saravanabhava.pitchSilIntrpPP,.pitchsilintrppp,4861800
Carnatic,0277eae5-3411-4b22-9fa8-1b347e7528d1/Prasanna_Venkataraman/December_Season_2009/Viruttam_-_Vizhikkuthunai_followed_by_Saravanabhava/Viruttam_-_Vizhikkuthunai_followed_by_Saravanabhava.pitch,Viruttam_-_Vizhikkuthunai_followed_by_Saravanabhava.pitch,.pitch,2260481
Carnatic,0277eae5-3411-4b22-9fa8-1b347e7528d1/Prasanna_Venkataraman/December_Season_2009/Viruttam_-_Vizhikkuthunai_followed_by_Saravanabhava/Viruttam_-_Vizhikkuthunai_followed_by_Saravanabhava.tonic,Viruttam_-_Vizhikkuthunai_followed_by_Saravanabhava.tonic,.tonic,10
Carnatic,0277eae5-3411-4b22-9fa8-1b347e7528d1/Prasanna_Venkataraman/December_Season_2009/Viruttam_-_Vizhikkuthunai_followed_by_Saravanabhava/Viruttam_-_Vizhikkuthunai_followed_by_Saravanabhava.tonicFine,Viruttam_-_Vizhikkuthunai_followed_by_Saravanabhava.tonicFine,.tonicfine,25
Carnatic,0277eae5-3411-4b22-9fa8-1b347e7528d1/Prasanna_Venkataraman/December_Season_2009/Viruttam_-_Vizhikkuthunai_followed_by_Saravanabhava/Viruttam_-_Vizhikkuthunai_followed_by_Saravanabhava.flatSegNyas,Viruttam_-_Vizhikkuthunai_followed_by_Saravanabhava.flatSegNyas,.flatsegnyas,5198
Carnatic,0277eae5-3411-4b22-9fa8-1b347e7528d1/Dr_Pantula_Rama/December_Season_2011/Maamava_Karunaya/Maamava_Karunaya.taniSegKNN,Maamava_Karunaya.taniSegKNN,.tanisegknn,18
Carnatic,0277eae5-3411-4b22-9fa8-1b347e7528d1/Dr_Pantula_Rama/December_Season_2011/Maamava_Karunaya/Maamava_Karunaya.flatSegNyas,Maamava_Karunaya.flatSegNyas,.flatsegnyas,24353
Carnatic,0277eae5-3411-4b22-9fa8-1b347e7528d1/Dr_Pantula_Rama/December_Season_2011/Maamava_Karunaya/Maamava_Karunaya.pitchSilIntrpPP,Maamava_Karunaya.pitchSilIntrpPP,.pitchsilintrppp,17989500
Carnatic,0277eae5-3411-4b22-9fa8-1b347e7528d1/Dr_Pantula_Rama/December_Season_2011/Maamava_Karunaya/Maamava_Karunaya.tonicFine,Maamava_Karunaya.tonicFine,.tonicfine,25
Carnatic,0277eae5-3411-4b22-9fa8-1b347e7528d1/Dr_Pantula_Rama/December_Season_2011/Maamava_Karunaya/Maamava_Karunaya.pitch,Maamava_Karunaya.pitch,.pitch,8573720
Carnatic,0277eae5-3411-4b22-9fa8-1b347e7528d1/Dr_Pantula_Rama/December_Season_2011/Maamava_Karunaya/Maamava_Karunaya.tonic,Maamava_Karunaya.tonic,.tonic,10
Carnatic,0277eae5-3411-4b22-9fa8-1b347e7528d1/Tanjore_S__Kalyanaraman/Live_Concert_1974/Mamava_Karunaya/Mamava_Karunaya.tonicFine,Mamava_Karunaya.tonicFine,.tonicfine,25
Carnatic,0277eae5-3411-4b22-9fa8-1b347e7528d1/Tanjore_S__Kalyanaraman/Live_Concert_1974/Mamava_Karunaya/Mamava_Karunaya.pitch,Mamava_Karunaya.pitch,.pitch,10297924
Carnatic,0277eae5-3411-4b22-9fa8-1b347e7528d1/Tanjore_S__Kalyanaraman/Live_Concert_1974/Mamava_Karunaya/Mamava_Karunaya.taniSegKNN,Mamava_Karunaya.taniSegKNN,.tanisegknn,0
Carnatic,0277eae5-3411-4b22-9fa8-1b347e7528d1/Tanjore_S__Kalyanaraman/Live_Concert_1974/Mamava_Karunaya/Mamava_Karunaya.flatSegNyas,Mamava_Karunaya.flatSegNyas,.flatsegnyas,30313
Carnatic,0277eae5-3411-4b22-9fa8-1b347e7528d1/Tanjore_S__Kalyanaraman/Live_Concert_1974/Mamava_Karunaya/Mamava_Karunaya.pitchSilIntrpPP,Mamava_Karunaya.pitchSilIntrpPP,.pitchsilintrppp,21604500
Carnatic,0277eae5-3411-4b22-9fa8-1b347e7528d1/Tanjore_S__Kalyanaraman/Live_Concert_1974/Mamava_Karunaya/Mamava_Karunaya.tonic,Mamava_Karunaya.tonic,.tonic,10
Carnatic,ddff55ae-20f6-4d7d-ba9e-a6c10eeebd41/Kunnakkudi_M_Balamuralikrishna/December_Season_2006/Yarenru_Raghavanai/Yarenru_Raghavanai.pitchSilIntrpPP,Yarenru_Raghavanai.pitchSilIntrpPP,.pitchsilintrppp,5414450
Carnatic,ddff55ae-20f6-4d7d-ba9e-a6c10eeebd41/Kunnakkudi_M_Balamuralikrishna/December_Season_2006/Yarenru_Raghavanai/Yarenru_Raghavanai.tonicFine,Yarenru_Raghavanai.tonicFine,.tonicfine,25
Carnatic,ddff55ae-20f6-4d7d-ba9e-a6c10eeebd41/Kunnakkudi_M_Balamuralikrishna/December_Season_2006/Yarenru_Raghavanai/Yarenru_Raghavanai.flatSegNyas,Yarenru_Raghavanai.flatSegNyas,.flatsegnyas,5959
Carnatic,ddff55ae-20f6-4d7d-ba9e-a6c10eeebd41/Kunnakkudi_M_Balamuralikrishna/December_Season_2006/Yarenru_Raghavanai/Yarenru_Raghavanai.pitch,Yarenru_Raghavanai.pitch,.pitch,2528604
Carnatic,ddff55ae-20f6-4d7d-ba9e-a6c10eeebd41/Kunnakkudi_M_Balamuralikrishna/December_Season_2006/Yarenru_Raghavanai/Yarenru_Raghavanai.taniSegKNN,Yarenru_Raghavanai.taniSegKNN,.tanisegknn,16
Carnatic,ddff55ae-20f6-4d7d-ba9e-a6c10eeebd41/Kunnakkudi_M_Balamuralikrishna/December_Season_2006/Yarenru_Raghavanai/Yarenru_Raghavanai.tonic,Yarenru_Raghavanai.tonic,.tonic,10
Carnatic,ddff55ae-20f6-4d7d-ba9e-a6c10eeebd41/T__Brinda/All_Time_Favourites_-_Vol_1/Ninnusevinchina/Ninnusevinchina.tonic,Ninnusevinchina.tonic,.tonic,10
Carnatic,ddff55ae-20f6-4d7d-ba9e-a6c10eeebd41/T__Brinda/All_Time_Favourites_-_Vol_1/Ninnusevinchina/Ninnusevinchina.flatSegNyas,Ninnusevinchina.flatSegNyas,.flatsegnyas,8664
Carnatic,ddff55ae-20f6-4d7d-ba9e-a6c10eeebd41/T__Brinda/All_Time_Favourites_-_Vol_1/Ninnusevinchina/Ninnusevinchina.pitch,Ninnusevinchina.pitch,.pitch,4555859
Carnatic,ddff55ae-20f6-4d7d-ba9e-a6c10eeebd41/T__Brinda/All_Time_Favourites_-_Vol_1/Ninnusevinchina/Ninnusevinchina.taniSegKNN,Ninnusevinchina.taniSegKNN,.tanisegknn,0
Carnatic,ddff55ae-20f6-4d7d-ba9e-a6c10eeebd41/T__Brinda/All_Time_Favourites_-_Vol_1/Ninnusevinchina/Ninnusevinchina.pitchSilIntrpPP,Ninnusevinchina.pitchSilIntrpPP,.pitchsilintrppp,9758400
Carnatic,ddff55ae-20f6-4d7d-ba9e-a6c10eeebd41/T__Brinda/All_Time_Favourites_-_Vol_1/Ninnusevinchina/Ninnusevinchina.tonicFine,Ninnusevinchina.tonicFine,.tonicfine,25
Carnatic,ddff55ae-20f6-4d7d-ba9e-a6c10eeebd41/Parassala_Ponnammal/Paddhatti/Mohanamayee/Mohanamayee.tonic,Mohanamayee.tonic,.tonic,10
Carnatic,ddff55ae-20f6-4d7d-ba9e-a6c10eeebd41/Parassala_Ponnammal/Paddhatti/Mohanamayee/Mohanamayee.pitchSilIntrpPP,Mohanamayee.pitchSilIntrpPP,.pitchsilintrppp,6882400
Carnatic,ddff55ae-20f6-4d7d-ba9e-a6c10eeebd41/Parassala_Ponnammal/Paddhatti/Mohanamayee/Mohanamayee.tonicFine,Mohanamayee.tonicFine,.tonicfine,25
Carnatic,ddff55ae-20f6-4d7d-ba9e-a6c10eeebd41/Parassala_Ponnammal/Paddhatti/Mohanamayee/Mohanamayee.pitch,Mohanamayee.pitch,.pitch,3210892
Carnatic,ddff55ae-20f6-4d7d-ba9e-a6c10eeebd41/Parassala_Ponnammal/Paddhatti/Mohanamayee/Mohanamayee.taniSegKNN,Mohanamayee.taniSegKNN,.tanisegknn,0
Carnatic,ddff55ae-20f6-4d7d-ba9e-a6c10eeebd41/Parassala_Ponnammal/Paddhatti/Mohanamayee/Mohanamayee.flatSegNyas,Mohanamayee.flatSegNyas,.flatsegnyas,8768
Carnatic,ddff55ae-20f6-4d7d-ba9e-a6c10eeebd41/M_S__Subbulakshmi/Paddhatti/Amba_Kamakshi_Padayugame/Amba_Kamakshi_Padayugame.tonic,Amba_Kamakshi_Padayugame.tonic,.tonic,10
Carnatic,ddff55ae-20f6-4d7d-ba9e-a6c10eeebd41/M_S__Subbulakshmi/Paddhatti/Amba_Kamakshi_Padayugame/Amba_Kamakshi_Padayugame.tonicFine,Amba_Kamakshi_Padayugame.tonicFine,.tonicfine,25
Carnatic,ddff55ae-20f6-4d7d-ba9e-a6c10eeebd41/M_S__Subbulakshmi/Paddhatti/Amba_Kamakshi_Padayugame/Amba_Kamakshi_Padayugame.taniSegKNN,Amba_Kamakshi_Padayugame.taniSegKNN,.tanisegknn,0
Carnatic,ddff55ae-20f6-4d7d-ba9e-a6c10eeebd41/M_S__Subbulakshmi/Paddhatti/Amba_Kamakshi_Padayugame/Amba_Kamakshi_Padayugame.flatSegNyas,Amba_Kamakshi_Padayugame.flatSegNyas,.flatsegnyas,9232
Carnatic,ddff55ae-20f6-4d7d-ba9e-a6c10eeebd41/M_S__Subbulakshmi/Paddhatti/Amba_Kamakshi_Padayugame/Amba_Kamakshi_Padayugame.pitchSilIntrpPP,Amba_Kamakshi_Padayugame.pitchSilIntrpPP,.pitchsilintrppp,7487500
Carnatic,ddff55ae-20f6-4d7d-ba9e-a6c10eeebd41/M_S__Subbulakshmi/Paddhatti/Amba_Kamakshi_Padayugame/Amba_Kamakshi_Padayugame.pitch,Amba_Kamakshi_Padayugame.pitch,.pitch,3492407
Carnatic,ddff55ae-20f6-4d7d-ba9e-a6c10eeebd41/Unnikrishnan/December_Season_2005/Dewarkaratanujam/Dewarkaratanujam.tonic,Dewarkaratanujam.tonic,.tonic,10
Carnatic,ddff55ae-20f6-4d7d-ba9e-a6c10eeebd41/Unnikrishnan/December_Season_2005/Dewarkaratanujam/Dewarkaratanujam.tonicFine,Dewarkaratanujam.tonicFine,.tonicfine,25
Carnatic,ddff55ae-20f6-4d7d-ba9e-a6c10eeebd41/Unnikrishnan/December_Season_2005/Dewarkaratanujam/Dewarkaratanujam.taniSegKNN,Dewarkaratanujam.taniSegKNN,.tanisegknn,0
Carnatic,ddff55ae-20f6-4d7d-ba9e-a6c10eeebd41/Unnikrishnan/December_Season_2005/Dewarkaratanujam/Dewarkaratanujam.pitch,Dewarkaratanujam.pitch,.pitch,6879416
Carnatic,ddff55ae-20f6-4d7d-ba9e-a6c10eeebd41/Unnikrishnan/December_Season_2005/Dewarkaratanujam/Dewarkaratanujam.pitchSilIntrpPP,Dewarkaratanujam.pitchSilIntrpPP,.pitchsilintrppp,14506550
Carnatic,ddff55ae-20f6-4d7d-ba9e-a6c10eeebd41/Unnikrishnan/December_Season_2005/Dewarkaratanujam/Dewarkaratanujam.flatSegNyas,Dewarkaratanujam.flatSegNyas,.flatsegnyas,19035
Carnatic,"ddff55ae-20f6-4d7d-ba9e-a6c10eeebd41/K__V__Narayanaswami/K__V__Narayanaswami_concert_at_Dayton,_1993/Hechariga/Hechariga.pitchSilIntrpPP",Hechariga.pitchSilIntrpPP,.pitchsilintrppp,10344550
Carnatic,"ddff55ae-20f6-4d7d-ba9e-a6c10eeebd41/K__V__Narayanaswami/K__V__Narayanaswami_concert_at_Dayton,_1993/Hechariga/Hechariga.tonicFine",Hechariga.tonicFine,.tonicfine,25
Carnatic,"ddff55ae-20f6-4d7d-ba9e-a6c10eeebd41/K__V__Narayanaswami/K__V__Narayanaswami_concert_at_Dayton,_1993/Hechariga/Hechariga.flatSegNyas",Hechariga.flatSegNyas,.flatsegnyas,8448
Carnatic,"ddff55ae-20f6-4d7d-ba9e-a6c10eeebd41/K__V__Narayanaswami/K__V__Narayanaswami_concert_at_Dayton,_1993/Hechariga/Hechariga.taniSegKNN",Hechariga.taniSegKNN,.tanisegknn,0
Carnatic,"ddff55ae-20f6-4d7d-ba9e-a6c10eeebd41/K__V__Narayanaswami/K__V__Narayanaswami_concert_at_Dayton,_1993/Hechariga/Hechariga.tonic",Hechariga.tonic,.tonic,10
Carnatic,"ddff55ae-20f6-4d7d-ba9e-a6c10eeebd41/K__V__Narayanaswami/K__V__Narayanaswami_concert_at_Dayton,_1993/Hechariga/Hechariga.pitch",Hechariga.pitch,.pitch,4781225
Carnatic,ddff55ae-20f6-4d7d-ba9e-a6c10eeebd41/K__V__Narayanaswami/Paddhatti/Bhujaga_Sayinam/Bhujaga_Sayinam.pitch,Bhujaga_Sayinam.pitch,.pitch,3207465
Carnatic,ddff55ae-20f6-4d7d-ba9e-a6c10eeebd41/K__V__Narayanaswami/Paddhatti/Bhujaga_Sayinam/Bhujaga_Sayinam.tonic,Bhujaga_Sayinam.tonic,.tonic,9
Carnatic,ddff55ae-20f6-4d7d-ba9e-a6c10eeebd41/K__V__Narayanaswami/Paddhatti/Bhujaga_Sayinam/Bhujaga_Sayinam.pitchSilIntrpPP,Bhujaga_Sayinam.pitchSilIntrpPP,.pitchsilintrppp,6915000
Carnatic,ddff55ae-20f6-4d7d-ba9e-a6c10eeebd41/K__V__Narayanaswami/Paddhatti/Bhujaga_Sayinam/Bhujaga_Sayinam.taniSegKNN,Bhujaga_Sayinam.taniSegKNN,.tanisegknn,0
Carnatic,ddff55ae-20f6-4d7d-ba9e-a6c10eeebd41/K__V__Narayanaswami/Paddhatti/Bhujaga_Sayinam/Bhujaga_Sayinam.tonicFine,Bhujaga_Sayinam.tonicFine,.tonicfine,25
Carnatic,ddff55ae-20f6-4d7d-ba9e-a6c10eeebd41/K__V__Narayanaswami/Paddhatti/Bhujaga_Sayinam/Bhujaga_Sayinam.flatSegNyas,Bhujaga_Sayinam.flatSegNyas,.flatsegnyas,6880
Carnatic,ddff55ae-20f6-4d7d-ba9e-a6c10eeebd41/S__Sowmya/Bharat_Sangeet_Utsav/Diwakara_Tanujam/Diwakara_Tanujam.tonic,Diwakara_Tanujam.tonic,.tonic,10
Carnatic,ddff55ae-20f6-4d7d-ba9e-a6c10eeebd41/S__Sowmya/Bharat_Sangeet_Utsav/Diwakara_Tanujam/Diwakara_Tanujam.pitchSilIntrpPP,Diwakara_Tanujam.pitchSilIntrpPP,.pitchsilintrppp,5580050
Carnatic,ddff55ae-20f6-4d7d-ba9e-a6c10eeebd41/S__Sowmya/Bharat_Sangeet_Utsav/Diwakara_Tanujam/Diwakara_Tanujam.flatSegNyas,Diwakara_Tanujam.flatSegNyas,.flatsegnyas,7860
Carnatic,ddff55ae-20f6-4d7d-ba9e-a6c10eeebd41/S__Sowmya/Bharat_Sangeet_Utsav/Diwakara_Tanujam/Diwakara_Tanujam.pitch,Diwakara_Tanujam.pitch,.pitch,2608632
Carnatic,ddff55ae-20f6-4d7d-ba9e-a6c10eeebd41/S__Sowmya/Bharat_Sangeet_Utsav/Diwakara_Tanujam/Diwakara_Tanujam.tonicFine,Diwakara_Tanujam.tonicFine,.tonicfine,25
Carnatic,ddff55ae-20f6-4d7d-ba9e-a6c10eeebd41/S__Sowmya/Bharat_Sangeet_Utsav/Diwakara_Tanujam/Diwakara_Tanujam.taniSegKNN,Diwakara_Tanujam.taniSegKNN,.tanisegknn,0
Carnatic,ddff55ae-20f6-4d7d-ba9e-a6c10eeebd41/M__D__Ramanathan/M__D__Ramanathan_concert_at_Vellore_1981/Aarenduraghavanai/Aarenduraghavanai.pitch,Aarenduraghavanai.pitch,.pitch,870682
Carnatic,ddff55ae-20f6-4d7d-ba9e-a6c10eeebd41/M__D__Ramanathan/M__D__Ramanathan_concert_at_Vellore_1981/Aarenduraghavanai/Aarenduraghavanai.tonic,Aarenduraghavanai.tonic,.tonic,10
Carnatic,ddff55ae-20f6-4d7d-ba9e-a6c10eeebd41/M__D__Ramanathan/M__D__Ramanathan_concert_at_Vellore_1981/Aarenduraghavanai/Aarenduraghavanai.pitchSilIntrpPP,Aarenduraghavanai.pitchSilIntrpPP,.pitchsilintrppp,1916750
Carnatic,ddff55ae-20f6-4d7d-ba9e-a6c10eeebd41/M__D__Ramanathan/M__D__Ramanathan_concert_at_Vellore_1981/Aarenduraghavanai/Aarenduraghavanai.taniSegKNN,Aarenduraghavanai.taniSegKNN,.tanisegknn,31
Carnatic,ddff55ae-20f6-4d7d-ba9e-a6c10eeebd41/M__D__Ramanathan/M__D__Ramanathan_concert_at_Vellore_1981/Aarenduraghavanai/Aarenduraghavanai.flatSegNyas,Aarenduraghavanai.flatSegNyas,.flatsegnyas,1356
Carnatic,ddff55ae-20f6-4d7d-ba9e-a6c10eeebd41/M__D__Ramanathan/M__D__Ramanathan_concert_at_Vellore_1981/Aarenduraghavanai/Aarenduraghavanai.tonicFine,Aarenduraghavanai.tonicFine,.tonicfine,25
Carnatic,ddff55ae-20f6-4d7d-ba9e-a6c10eeebd41/Abhishek_Raghuram/December_Season_2008/Sri_Rama_Jaya_Rama/Sri_Rama_Jaya_Rama.taniSegKNN,Sri_Rama_Jaya_Rama.taniSegKNN,.tanisegknn,0
Carnatic,ddff55ae-20f6-4d7d-ba9e-a6c10eeebd41/Abhishek_Raghuram/December_Season_2008/Sri_Rama_Jaya_Rama/Sri_Rama_Jaya_Rama.flatSegNyas,Sri_Rama_Jaya_Rama.flatSegNyas,.flatsegnyas,3627
Carnatic,ddff55ae-20f6-4d7d-ba9e-a6c10eeebd41/Abhishek_Raghuram/December_Season_2008/Sri_Rama_Jaya_Rama/Sri_Rama_Jaya_Rama.pitchSilIntrpPP,Sri_Rama_Jaya_Rama.pitchSilIntrpPP,.pitchsilintrppp,3053450
Carnatic,ddff55ae-20f6-4d7d-ba9e-a6c10eeebd41/Abhishek_Raghuram/December_Season_2008/Sri_Rama_Jaya_Rama/Sri_Rama_Jaya_Rama.pitch,Sri_Rama_Jaya_Rama.pitch,.pitch,1405966
Carnatic,ddff55ae-20f6-4d7d-ba9e-a6c10eeebd41/Abhishek_Raghuram/December_Season_2008/Sri_Rama_Jaya_Rama/Sri_Rama_Jaya_Rama.tonicFine,Sri_Rama_Jaya_Rama.tonicFine,.tonicfine,25
Carnatic,ddff55ae-20f6-4d7d-ba9e-a6c10eeebd41/Abhishek_Raghuram/December_Season_2008/Sri_Rama_Jaya_Rama/Sri_Rama_Jaya_Rama.tonic,Sri_Rama_Jaya_Rama.tonic,.tonic,10
Carnatic,ddff55ae-20f6-4d7d-ba9e-a6c10eeebd41/Sanjay_Subrahmanyan/December_Season_2008/Kalai_Tukki/Kalai_Tukki.tonicFine,Kalai_Tukki.tonicFine,.tonicfine,25
Carnatic,ddff55ae-20f6-4d7d-ba9e-a6c10eeebd41/Sanjay_Subrahmanyan/December_Season_2008/Kalai_Tukki/Kalai_Tukki.flatSegNyas,Kalai_Tukki.flatSegNyas,.flatsegnyas,13206
Carnatic,ddff55ae-20f6-4d7d-ba9e-a6c10eeebd41/Sanjay_Subrahmanyan/December_Season_2008/Kalai_Tukki/Kalai_Tukki.tonic,Kalai_Tukki.tonic,.tonic,10
Carnatic,ddff55ae-20f6-4d7d-ba9e-a6c10eeebd41/Sanjay_Subrahmanyan/December_Season_2008/Kalai_Tukki/Kalai_Tukki.pitch,Kalai_Tukki.pitch,.pitch,6166911
Carnatic,ddff55ae-20f6-4d7d-ba9e-a6c10eeebd41/Sanjay_Subrahmanyan/December_Season_2008/Kalai_Tukki/Kalai_Tukki.taniSegKNN,Kalai_Tukki.taniSegKNN,.tanisegknn,0
Carnatic,ddff55ae-20f6-4d7d-ba9e-a6c10eeebd41/Sanjay_Subrahmanyan/December_Season_2008/Kalai_Tukki/Kalai_Tukki.pitchSilIntrpPP,Kalai_Tukki.pitchSilIntrpPP,.pitchsilintrppp,13118200
Carnatic,ddff55ae-20f6-4d7d-ba9e-a6c10eeebd41/Madurai_Mani_Iyer/Carnatic_-_Vocal_Classical_Live_Concert/Diwakara_Tanujam/Diwakara_Tanujam.tonic,Diwakara_Tanujam.tonic,.tonic,10
Carnatic,ddff55ae-20f6-4d7d-ba9e-a6c10eeebd41/Madurai_Mani_Iyer/Carnatic_-_Vocal_Classical_Live_Concert/Diwakara_Tanujam/Diwakara_Tanujam.pitchSilIntrpPP,Diwakara_Tanujam.pitchSilIntrpPP,.pitchsilintrppp,4174600
Carnatic,ddff55ae-20f6-4d7d-ba9e-a6c10eeebd41/Madurai_Mani_Iyer/Carnatic_-_Vocal_Classical_Live_Concert/Diwakara_Tanujam/Diwakara_Tanujam.flatSegNyas,Diwakara_Tanujam.flatSegNyas,.flatsegnyas,6281
Carnatic,ddff55ae-20f6-4d7d-ba9e-a6c10eeebd41/Madurai_Mani_Iyer/Carnatic_-_Vocal_Classical_Live_Concert/Diwakara_Tanujam/Diwakara_Tanujam.pitch,Diwakara_Tanujam.pitch,.pitch,1949600
Carnatic,ddff55ae-20f6-4d7d-ba9e-a6c10eeebd41/Madurai_Mani_Iyer/Carnatic_-_Vocal_Classical_Live_Concert/Diwakara_Tanujam/Diwakara_Tanujam.tonicFine,Diwakara_Tanujam.tonicFine,.tonicfine,25
Carnatic,ddff55ae-20f6-4d7d-ba9e-a6c10eeebd41/Madurai_Mani_Iyer/Carnatic_-_Vocal_Classical_Live_Concert/Diwakara_Tanujam/Diwakara_Tanujam.taniSegKNN,Diwakara_Tanujam.taniSegKNN,.tanisegknn,0
Carnatic,e18fcaa7-1f9c-4f09-b627-0687481f4ec7/Maharajapuram_S_Ramachandran/December_Season_2009/Himachala_Tanaya/Himachala_Tanaya.pitch,Himachala_Tanaya.pitch,.pitch,1509101
Carnatic,e18fcaa7-1f9c-4f09-b627-0687481f4ec7/Maharajapuram_S_Ramachandran/December_Season_2009/Himachala_Tanaya/Himachala_Tanaya.taniSegKNN,Himachala_Tanaya.taniSegKNN,.tanisegknn,0
Carnatic,e18fcaa7-1f9c-4f09-b627-0687481f4ec7/Maharajapuram_S_Ramachandran/December_Season_2009/Himachala_Tanaya/Himachala_Tanaya.pitchSilIntrpPP,Himachala_Tanaya.pitchSilIntrpPP,.pitchsilintrppp,3257400
Carnatic,e18fcaa7-1f9c-4f09-b627-0687481f4ec7/Maharajapuram_S_Ramachandran/December_Season_2009/Himachala_Tanaya/Himachala_Tanaya.tonicFine,Himachala_Tanaya.tonicFine,.tonicfine,25
Carnatic,e18fcaa7-1f9c-4f09-b627-0687481f4ec7/Maharajapuram_S_Ramachandran/December_Season_2009/Himachala_Tanaya/Himachala_Tanaya.flatSegNyas,Himachala_Tanaya.flatSegNyas,.flatsegnyas,3910
Carnatic,e18fcaa7-1f9c-4f09-b627-0687481f4ec7/Maharajapuram_S_Ramachandran/December_Season_2009/Himachala_Tanaya/Himachala_Tanaya.tonic,Himachala_Tanaya.tonic,.tonic,10
Carnatic,e18fcaa7-1f9c-4f09-b627-0687481f4ec7/T__M__Krishna/Madrasil_Margazhi_2006/Anandesvarena/Anandesvarena.tonic,Anandesvarena.tonic,.tonic,10
Carnatic,e18fcaa7-1f9c-4f09-b627-0687481f4ec7/T__M__Krishna/Madrasil_Margazhi_2006/Anandesvarena/Anandesvarena.pitchSilIntrpPP,Anandesvarena.pitchSilIntrpPP,.pitchsilintrppp,8893800
Carnatic,e18fcaa7-1f9c-4f09-b627-0687481f4ec7/T__M__Krishna/Madrasil_Margazhi_2006/Anandesvarena/Anandesvarena.taniSegKNN,Anandesvarena.taniSegKNN,.tanisegknn,0
Carnatic,e18fcaa7-1f9c-4f09-b627-0687481f4ec7/T__M__Krishna/Madrasil_Margazhi_2006/Anandesvarena/Anandesvarena.pitch,Anandesvarena.pitch,.pitch,4163347
Carnatic,e18fcaa7-1f9c-4f09-b627-0687481f4ec7/T__M__Krishna/Madrasil_Margazhi_2006/Anandesvarena/Anandesvarena.tonicFine,Anandesvarena.tonicFine,.tonicfine,25
Carnatic,e18fcaa7-1f9c-4f09-b627-0687481f4ec7/T__M__Krishna/Madrasil_Margazhi_2006/Anandesvarena/Anandesvarena.flatSegNyas,Anandesvarena.flatSegNyas,.flatsegnyas,11206
Carnatic,e18fcaa7-1f9c-4f09-b627-0687481f4ec7/M_S__Subbulakshmi/Paddhatti/Ambikaye_Arul_Purivaai/Ambikaye_Arul_Purivaai.pitchSilIntrpPP,Ambikaye_Arul_Purivaai.pitchSilIntrpPP,.pitchsilintrppp,7356100
Carnatic,e18fcaa7-1f9c-4f09-b627-0687481f4ec7/M_S__Subbulakshmi/Paddhatti/Ambikaye_Arul_Purivaai/Ambikaye_Arul_Purivaai.taniSegKNN,Ambikaye_Arul_Purivaai.taniSegKNN,.tanisegknn,0
Carnatic,e18fcaa7-1f9c-4f09-b627-0687481f4ec7/M_S__Subbulakshmi/Paddhatti/Ambikaye_Arul_Purivaai/Ambikaye_Arul_Purivaai.flatSegNyas,Ambikaye_Arul_Purivaai.flatSegNyas,.flatsegnyas,10502
Carnatic,e18fcaa7-1f9c-4f09-b627-0687481f4ec7/M_S__Subbulakshmi/Paddhatti/Ambikaye_Arul_Purivaai/Ambikaye_Arul_Purivaai.tonic,Ambikaye_Arul_Purivaai.tonic,.tonic,10
Carnatic,e18fcaa7-1f9c-4f09-b627-0687481f4ec7/M_S__Subbulakshmi/Paddhatti/Ambikaye_Arul_Purivaai/Ambikaye_Arul_Purivaai.pitch,Ambikaye_Arul_Purivaai.pitch,.pitch,3446498
Carnatic,e18fcaa7-1f9c-4f09-b627-0687481f4ec7/M_S__Subbulakshmi/Paddhatti/Ambikaye_Arul_Purivaai/Ambikaye_Arul_Purivaai.tonicFine,Ambikaye_Arul_Purivaai.tonicFine,.tonicfine,25
Carnatic,e18fcaa7-1f9c-4f09-b627-0687481f4ec7/K__V__Narayanaswami/K__V__Narayanaswami_concert_at_Shanmukananda_Hall_Bombay_1980/Sadhbhakthiya/Sadhbhakthiya.tonicFine,Sadhbhakthiya.tonicFine,.tonicfine,25
Carnatic,e18fcaa7-1f9c-4f09-b627-0687481f4ec7/K__V__Narayanaswami/K__V__Narayanaswami_concert_at_Shanmukananda_Hall_Bombay_1980/Sadhbhakthiya/Sadhbhakthiya.tonic,Sadhbhakthiya.tonic,.tonic,10
Carnatic,e18fcaa7-1f9c-4f09-b627-0687481f4ec7/K__V__Narayanaswami/K__V__Narayanaswami_concert_at_Shanmukananda_Hall_Bombay_1980/Sadhbhakthiya/Sadhbhakthiya.taniSegKNN,Sadhbhakthiya.taniSegKNN,.tanisegknn,0
Carnatic,e18fcaa7-1f9c-4f09-b627-0687481f4ec7/K__V__Narayanaswami/K__V__Narayanaswami_concert_at_Shanmukananda_Hall_Bombay_1980/Sadhbhakthiya/Sadhbhakthiya.pitch,Sadhbhakthiya.pitch,.pitch,2686234
Carnatic,e18fcaa7-1f9c-4f09-b627-0687481f4ec7/K__V__Narayanaswami/K__V__Narayanaswami_concert_at_Shanmukananda_Hall_Bombay_1980/Sadhbhakthiya/Sadhbhakthiya.pitchSilIntrpPP,Sadhbhakthiya.pitchSilIntrpPP,.pitchsilintrppp,5796200
Carnatic,e18fcaa7-1f9c-4f09-b627-0687481f4ec7/K__V__Narayanaswami/K__V__Narayanaswami_concert_at_Shanmukananda_Hall_Bombay_1980/Sadhbhakthiya/Sadhbhakthiya.flatSegNyas,Sadhbhakthiya.flatSegNyas,.flatsegnyas,5539
Carnatic,e18fcaa7-1f9c-4f09-b627-0687481f4ec7/Chaitra_Sairam/Chaitra_Sairam_at_Arkay/Kamalamba_Samrakshatu/Kamalamba_Samrakshatu.flatSegNyas,Kamalamba_Samrakshatu.flatSegNyas,.flatsegnyas,9605
Carnatic,e18fcaa7-1f9c-4f09-b627-0687481f4ec7/Chaitra_Sairam/Chaitra_Sairam_at_Arkay/Kamalamba_Samrakshatu/Kamalamba_Samrakshatu.taniSegKNN,Kamalamba_Samrakshatu.taniSegKNN,.tanisegknn,32
Carnatic,e18fcaa7-1f9c-4f09-b627-0687481f4ec7/Chaitra_Sairam/Chaitra_Sairam_at_Arkay/Kamalamba_Samrakshatu/Kamalamba_Samrakshatu.pitchSilIntrpPP,Kamalamba_Samrakshatu.pitchSilIntrpPP,.pitchsilintrppp,7457200
Carnatic,e18fcaa7-1f9c-4f09-b627-0687481f4ec7/Chaitra_Sairam/Chaitra_Sairam_at_Arkay/Kamalamba_Samrakshatu/Kamalamba_Samrakshatu.pitch,Kamalamba_Samrakshatu.pitch,.pitch,3490498
Carnatic,e18fcaa7-1f9c-4f09-b627-0687481f4ec7/Chaitra_Sairam/Chaitra_Sairam_at_Arkay/Kamalamba_Samrakshatu/Kamalamba_Samrakshatu.tonic,Kamalamba_Samrakshatu.tonic,.tonic,10
Carnatic,e18fcaa7-1f9c-4f09-b627-0687481f4ec7/Chaitra_Sairam/Chaitra_Sairam_at_Arkay/Kamalamba_Samrakshatu/Kamalamba_Samrakshatu.tonicFine,Kamalamba_Samrakshatu.tonicFine,.tonicfine,25
Carnatic,e18fcaa7-1f9c-4f09-b627-0687481f4ec7/Gayathri_Venkataraghavan/December_Season_2006/Raman_Ezhundarulinaar/Raman_Ezhundarulinaar.flatSegNyas,Raman_Ezhundarulinaar.flatSegNyas,.flatsegnyas,4243
Carnatic,e18fcaa7-1f9c-4f09-b627-0687481f4ec7/Gayathri_Venkataraghavan/December_Season_2006/Raman_Ezhundarulinaar/Raman_Ezhundarulinaar.taniSegKNN,Raman_Ezhundarulinaar.taniSegKNN,.tanisegknn,0
Carnatic,e18fcaa7-1f9c-4f09-b627-0687481f4ec7/Gayathri_Venkataraghavan/December_Season_2006/Raman_Ezhundarulinaar/Raman_Ezhundarulinaar.tonicFine,Raman_Ezhundarulinaar.tonicFine,.tonicfine,25
Carnatic,e18fcaa7-1f9c-4f09-b627-0687481f4ec7/Gayathri_Venkataraghavan/December_Season_2006/Raman_Ezhundarulinaar/Raman_Ezhundarulinaar.pitchSilIntrpPP,Raman_Ezhundarulinaar.pitchSilIntrpPP,.pitchsilintrppp,3068450
Carnatic,e18fcaa7-1f9c-4f09-b627-0687481f4ec7/Gayathri_Venkataraghavan/December_Season_2006/Raman_Ezhundarulinaar/Raman_Ezhundarulinaar.tonic,Raman_Ezhundarulinaar.tonic,.tonic,10
Carnatic,e18fcaa7-1f9c-4f09-b627-0687481f4ec7/Gayathri_Venkataraghavan/December_Season_2006/Raman_Ezhundarulinaar/Raman_Ezhundarulinaar.pitch,Raman_Ezhundarulinaar.pitch,.pitch,1422787
Carnatic,e18fcaa7-1f9c-4f09-b627-0687481f4ec7/Gayathri_Venkataraghavan/December_Season_2010/Kaappaduve_Unadu/Kaappaduve_Unadu.pitch,Kaappaduve_Unadu.pitch,.pitch,1179592
Carnatic,e18fcaa7-1f9c-4f09-b627-0687481f4ec7/Gayathri_Venkataraghavan/December_Season_2010/Kaappaduve_Unadu/Kaappaduve_Unadu.pitchSilIntrpPP,Kaappaduve_Unadu.pitchSilIntrpPP,.pitchsilintrppp,2548300
Carnatic,e18fcaa7-1f9c-4f09-b627-0687481f4ec7/Gayathri_Venkataraghavan/December_Season_2010/Kaappaduve_Unadu/Kaappaduve_Unadu.tonicFine,Kaappaduve_Unadu.tonicFine,.tonicfine,25
Carnatic,e18fcaa7-1f9c-4f09-b627-0687481f4ec7/Gayathri_Venkataraghavan/December_Season_2010/Kaappaduve_Unadu/Kaappaduve_Unadu.taniSegKNN,Kaappaduve_Unadu.taniSegKNN,.tanisegknn,0
Carnatic,e18fcaa7-1f9c-4f09-b627-0687481f4ec7/Gayathri_Venkataraghavan/December_Season_2010/Kaappaduve_Unadu/Kaappaduve_Unadu.tonic,Kaappaduve_Unadu.tonic,.tonic,10
Carnatic,e18fcaa7-1f9c-4f09-b627-0687481f4ec7/Gayathri_Venkataraghavan/December_Season_2010/Kaappaduve_Unadu/Kaappaduve_Unadu.flatSegNyas,Kaappaduve_Unadu.flatSegNyas,.flatsegnyas,2643
Carnatic,e18fcaa7-1f9c-4f09-b627-0687481f4ec7/Amritha_Murali/December_Season_2011/O_Jagadamba/O_Jagadamba.tonic,O_Jagadamba.tonic,.tonic,10
Carnatic,e18fcaa7-1f9c-4f09-b627-0687481f4ec7/Amritha_Murali/December_Season_2011/O_Jagadamba/O_Jagadamba.taniSegKNN,O_Jagadamba.taniSegKNN,.tanisegknn,0
Carnatic,e18fcaa7-1f9c-4f09-b627-0687481f4ec7/Amritha_Murali/December_Season_2011/O_Jagadamba/O_Jagadamba.flatSegNyas,O_Jagadamba.flatSegNyas,.flatsegnyas,21836
Carnatic,e18fcaa7-1f9c-4f09-b627-0687481f4ec7/Amritha_Murali/December_Season_2011/O_Jagadamba/O_Jagadamba.pitch,O_Jagadamba.pitch,.pitch,6477560
Carnatic,e18fcaa7-1f9c-4f09-b627-0687481f4ec7/Amritha_Murali/December_Season_2011/O_Jagadamba/O_Jagadamba.tonicFine,O_Jagadamba.tonicFine,.tonicfine,25
Carnatic,e18fcaa7-1f9c-4f09-b627-0687481f4ec7/Amritha_Murali/December_Season_2011/O_Jagadamba/O_Jagadamba.pitchSilIntrpPP,O_Jagadamba.pitchSilIntrpPP,.pitchsilintrppp,13698600
Carnatic,e18fcaa7-1f9c-4f09-b627-0687481f4ec7/Sanjay_Subrahmanyan/December_Season_2007/Kaappaduve_Unadu/Kaappaduve_Unadu.pitch,Kaappaduve_Unadu.pitch,.pitch,1330598
Carnatic,e18fcaa7-1f9c-4f09-b627-0687481f4ec7/Sanjay_Subrahmanyan/December_Season_2007/Kaappaduve_Unadu/Kaappaduve_Unadu.pitchSilIntrpPP,Kaappaduve_Unadu.pitchSilIntrpPP,.pitchsilintrppp,2897100
Carnatic,e18fcaa7-1f9c-4f09-b627-0687481f4ec7/Sanjay_Subrahmanyan/December_Season_2007/Kaappaduve_Unadu/Kaappaduve_Unadu.tonicFine,Kaappaduve_Unadu.tonicFine,.tonicfine,25
Carnatic,e18fcaa7-1f9c-4f09-b627-0687481f4ec7/Sanjay_Subrahmanyan/December_Season_2007/Kaappaduve_Unadu/Kaappaduve_Unadu.taniSegKNN,Kaappaduve_Unadu.taniSegKNN,.tanisegknn,0
Carnatic,e18fcaa7-1f9c-4f09-b627-0687481f4ec7/Sanjay_Subrahmanyan/December_Season_2007/Kaappaduve_Unadu/Kaappaduve_Unadu.tonic,Kaappaduve_Unadu.tonic,.tonic,10
Carnatic,e18fcaa7-1f9c-4f09-b627-0687481f4ec7/Sanjay_Subrahmanyan/December_Season_2007/Kaappaduve_Unadu/Kaappaduve_Unadu.flatSegNyas,Kaappaduve_Unadu.flatSegNyas,.flatsegnyas,3222
Carnatic,e18fcaa7-1f9c-4f09-b627-0687481f4ec7/Sanjay_Subrahmanyan/December_Season_2010/Marivere_Gathi/Marivere_Gathi.pitchSilIntrpPP,Marivere_Gathi.pitchSilIntrpPP,.pitchsilintrppp,9023300
Carnatic,e18fcaa7-1f9c-4f09-b627-0687481f4ec7/Sanjay_Subrahmanyan/December_Season_2010/Marivere_Gathi/Marivere_Gathi.taniSegKNN,Marivere_Gathi.taniSegKNN,.tanisegknn,16
Carnatic,e18fcaa7-1f9c-4f09-b627-0687481f4ec7/Sanjay_Subrahmanyan/December_Season_2010/Marivere_Gathi/Marivere_Gathi.tonicFine,Marivere_Gathi.tonicFine,.tonicfine,25
Carnatic,e18fcaa7-1f9c-4f09-b627-0687481f4ec7/Sanjay_Subrahmanyan/December_Season_2010/Marivere_Gathi/Marivere_Gathi.flatSegNyas,Marivere_Gathi.flatSegNyas,.flatsegnyas,10573
Carnatic,e18fcaa7-1f9c-4f09-b627-0687481f4ec7/Sanjay_Subrahmanyan/December_Season_2010/Marivere_Gathi/Marivere_Gathi.pitch,Marivere_Gathi.pitch,.pitch,4199322
Carnatic,e18fcaa7-1f9c-4f09-b627-0687481f4ec7/Sanjay_Subrahmanyan/December_Season_2010/Marivere_Gathi/Marivere_Gathi.tonic,Marivere_Gathi.tonic,.tonic,10
Carnatic,e18fcaa7-1f9c-4f09-b627-0687481f4ec7/Aruna_Sairam/Madrasil_Margazhi_2005/Kamalamba/Kamalamba.pitchSilIntrpPP,Kamalamba.pitchSilIntrpPP,.pitchsilintrppp,5707450
Carnatic,e18fcaa7-1f9c-4f09-b627-0687481f4ec7/Aruna_Sairam/Madrasil_Margazhi_2005/Kamalamba/Kamalamba.taniSegKNN,Kamalamba.taniSegKNN,.tanisegknn,16
Carnatic,e18fcaa7-1f9c-4f09-b627-0687481f4ec7/Aruna_Sairam/Madrasil_Margazhi_2005/Kamalamba/Kamalamba.flatSegNyas,Kamalamba.flatSegNyas,.flatsegnyas,6586
Carnatic,e18fcaa7-1f9c-4f09-b627-0687481f4ec7/Aruna_Sairam/Madrasil_Margazhi_2005/Kamalamba/Kamalamba.pitch,Kamalamba.pitch,.pitch,2651290
Carnatic,e18fcaa7-1f9c-4f09-b627-0687481f4ec7/Aruna_Sairam/Madrasil_Margazhi_2005/Kamalamba/Kamalamba.tonicFine,Kamalamba.tonicFine,.tonicfine,25
Carnatic,e18fcaa7-1f9c-4f09-b627-0687481f4ec7/Aruna_Sairam/Madrasil_Margazhi_2005/Kamalamba/Kamalamba.tonic,Kamalamba.tonic,.tonic,10
Carnatic,e18fcaa7-1f9c-4f09-b627-0687481f4ec7/Aruna_Sairam/December_Season_2005/O_Jagadamba/O_Jagadamba.tonic,O_Jagadamba.tonic,.tonic,9
Carnatic,e18fcaa7-1f9c-4f09-b627-0687481f4ec7/Aruna_Sairam/December_Season_2005/O_Jagadamba/O_Jagadamba.taniSegKNN,O_Jagadamba.taniSegKNN,.tanisegknn,0
Carnatic,e18fcaa7-1f9c-4f09-b627-0687481f4ec7/Aruna_Sairam/December_Season_2005/O_Jagadamba/O_Jagadamba.flatSegNyas,O_Jagadamba.flatSegNyas,.flatsegnyas,5858
Carnatic,e18fcaa7-1f9c-4f09-b627-0687481f4ec7/Aruna_Sairam/December_Season_2005/O_Jagadamba/O_Jagadamba.pitch,O_Jagadamba.pitch,.pitch,2331614
Carnatic,e18fcaa7-1f9c-4f09-b627-0687481f4ec7/Aruna_Sairam/December_Season_2005/O_Jagadamba/O_Jagadamba.tonicFine,O_Jagadamba.tonicFine,.tonicfine,25
Carnatic,e18fcaa7-1f9c-4f09-b627-0687481f4ec7/Aruna_Sairam/December_Season_2005/O_Jagadamba/O_Jagadamba.pitchSilIntrpPP,O_Jagadamba.pitchSilIntrpPP,.pitchsilintrppp,5021850
Carnatic,9ebeb536-30a7-403f-8042-f7c1445c4b87/Maharajapuram_S_Ramachandran/December_Season_2009/Shivatraya_Mahaganapatim/Shivatraya_Mahaganapatim.taniSegKNN,Shivatraya_Mahaganapatim.taniSegKNN,.tanisegknn,0
Carnatic,9ebeb536-30a7-403f-8042-f7c1445c4b87/Maharajapuram_S_Ramachandran/December_Season_2009/Shivatraya_Mahaganapatim/Shivatraya_Mahaganapatim.tonicFine,Shivatraya_Mahaganapatim.tonicFine,.tonicfine,25
Carnatic,9ebeb536-30a7-403f-8042-f7c1445c4b87/Maharajapuram_S_Ramachandran/December_Season_2009/Shivatraya_Mahaganapatim/Shivatraya_Mahaganapatim.tonic,Shivatraya_Mahaganapatim.tonic,.tonic,10
Carnatic,9ebeb536-30a7-403f-8042-f7c1445c4b87/Maharajapuram_S_Ramachandran/December_Season_2009/Shivatraya_Mahaganapatim/Shivatraya_Mahaganapatim.pitch,Shivatraya_Mahaganapatim.pitch,.pitch,4674757
Carnatic,9ebeb536-30a7-403f-8042-f7c1445c4b87/Maharajapuram_S_Ramachandran/December_Season_2009/Shivatraya_Mahaganapatim/Shivatraya_Mahaganapatim.pitchSilIntrpPP,Shivatraya_Mahaganapatim.pitchSilIntrpPP,.pitchsilintrppp,10053650
Carnatic,9ebeb536-30a7-403f-8042-f7c1445c4b87/Maharajapuram_S_Ramachandran/December_Season_2009/Shivatraya_Mahaganapatim/Shivatraya_Mahaganapatim.flatSegNyas,Shivatraya_Mahaganapatim.flatSegNyas,.flatsegnyas,10847
Carnatic,9ebeb536-30a7-403f-8042-f7c1445c4b87/Sumithra_Vasudev/December_Season_2011/Margazhi_Thingal/Margazhi_Thingal.tonic,Margazhi_Thingal.tonic,.tonic,10
Carnatic,9ebeb536-30a7-403f-8042-f7c1445c4b87/Sumithra_Vasudev/December_Season_2011/Margazhi_Thingal/Margazhi_Thingal.flatSegNyas,Margazhi_Thingal.flatSegNyas,.flatsegnyas,3858
Carnatic,9ebeb536-30a7-403f-8042-f7c1445c4b87/Sumithra_Vasudev/December_Season_2011/Margazhi_Thingal/Margazhi_Thingal.pitch,Margazhi_Thingal.pitch,.pitch,1309545
Carnatic,9ebeb536-30a7-403f-8042-f7c1445c4b87/Sumithra_Vasudev/December_Season_2011/Margazhi_Thingal/Margazhi_Thingal.pitchSilIntrpPP,Margazhi_Thingal.pitchSilIntrpPP,.pitchsilintrppp,2824550
Carnatic,9ebeb536-30a7-403f-8042-f7c1445c4b87/Sumithra_Vasudev/December_Season_2011/Margazhi_Thingal/Margazhi_Thingal.taniSegKNN,Margazhi_Thingal.taniSegKNN,.tanisegknn,0
Carnatic,9ebeb536-30a7-403f-8042-f7c1445c4b87/Sumithra_Vasudev/December_Season_2011/Margazhi_Thingal/Margazhi_Thingal.tonicFine,Margazhi_Thingal.tonicFine,.tonicfine,25
Carnatic,9ebeb536-30a7-403f-8042-f7c1445c4b87/T__M__Krishna/December_Season_2005/Swaminatha_Paripalaya/Swaminatha_Paripalaya.pitch,Swaminatha_Paripalaya.pitch,.pitch,1308394
Carnatic,9ebeb536-30a7-403f-8042-f7c1445c4b87/T__M__Krishna/December_Season_2005/Swaminatha_Paripalaya/Swaminatha_Paripalaya.taniSegKNN,Swaminatha_Paripalaya.taniSegKNN,.tanisegknn,16
Carnatic,9ebeb536-30a7-403f-8042-f7c1445c4b87/T__M__Krishna/December_Season_2005/Swaminatha_Paripalaya/Swaminatha_Paripalaya.tonic,Swaminatha_Paripalaya.tonic,.tonic,10
Carnatic,9ebeb536-30a7-403f-8042-f7c1445c4b87/T__M__Krishna/December_Season_2005/Swaminatha_Paripalaya/Swaminatha_Paripalaya.pitchSilIntrpPP,Swaminatha_Paripalaya.pitchSilIntrpPP,.pitchsilintrppp,2864500
Carnatic,9ebeb536-30a7-403f-8042-f7c1445c4b87/T__M__Krishna/December_Season_2005/Swaminatha_Paripalaya/Swaminatha_Paripalaya.tonicFine,Swaminatha_Paripalaya.tonicFine,.tonicfine,25
Carnatic,9ebeb536-30a7-403f-8042-f7c1445c4b87/T__M__Krishna/December_Season_2005/Swaminatha_Paripalaya/Swaminatha_Paripalaya.flatSegNyas,Swaminatha_Paripalaya.flatSegNyas,.flatsegnyas,2418
Carnatic,9ebeb536-30a7-403f-8042-f7c1445c4b87/Gayathri_Venkataraghavan/December_Season_2006/Sarasijanaabha/Sarasijanaabha.taniSegKNN,Sarasijanaabha.taniSegKNN,.tanisegknn,16
Carnatic,9ebeb536-30a7-403f-8042-f7c1445c4b87/Gayathri_Venkataraghavan/December_Season_2006/Sarasijanaabha/Sarasijanaabha.flatSegNyas,Sarasijanaabha.flatSegNyas,.flatsegnyas,3551
Carnatic,9ebeb536-30a7-403f-8042-f7c1445c4b87/Gayathri_Venkataraghavan/December_Season_2006/Sarasijanaabha/Sarasijanaabha.tonicFine,Sarasijanaabha.tonicFine,.tonicfine,25
Carnatic,9ebeb536-30a7-403f-8042-f7c1445c4b87/Gayathri_Venkataraghavan/December_Season_2006/Sarasijanaabha/Sarasijanaabha.pitch,Sarasijanaabha.pitch,.pitch,1596075
Carnatic,9ebeb536-30a7-403f-8042-f7c1445c4b87/Gayathri_Venkataraghavan/December_Season_2006/Sarasijanaabha/Sarasijanaabha.tonic,Sarasijanaabha.tonic,.tonic,10
Carnatic,9ebeb536-30a7-403f-8042-f7c1445c4b87/Gayathri_Venkataraghavan/December_Season_2006/Sarasijanaabha/Sarasijanaabha.pitchSilIntrpPP,Sarasijanaabha.pitchSilIntrpPP,.pitchsilintrppp,3444300
Carnatic,9ebeb536-30a7-403f-8042-f7c1445c4b87/Srividya_Janakiraman/Srividya_Janakiraman_at_Arkay/Jaya_Jaya_Janaki_Kantha/Jaya_Jaya_Janaki_Kantha.flatSegNyas,Jaya_Jaya_Janaki_Kantha.flatSegNyas,.flatsegnyas,6419
Carnatic,9ebeb536-30a7-403f-8042-f7c1445c4b87/Srividya_Janakiraman/Srividya_Janakiraman_at_Arkay/Jaya_Jaya_Janaki_Kantha/Jaya_Jaya_Janaki_Kantha.pitch,Jaya_Jaya_Janaki_Kantha.pitch,.pitch,3126189
Carnatic,9ebeb536-30a7-403f-8042-f7c1445c4b87/Srividya_Janakiraman/Srividya_Janakiraman_at_Arkay/Jaya_Jaya_Janaki_Kantha/Jaya_Jaya_Janaki_Kantha.pitchSilIntrpPP,Jaya_Jaya_Janaki_Kantha.pitchSilIntrpPP,.pitchsilintrppp,6751300
Carnatic,9ebeb536-30a7-403f-8042-f7c1445c4b87/Srividya_Janakiraman/Srividya_Janakiraman_at_Arkay/Jaya_Jaya_Janaki_Kantha/Jaya_Jaya_Janaki_Kantha.taniSegKNN,Jaya_Jaya_Janaki_Kantha.taniSegKNN,.tanisegknn,0
Carnatic,9ebeb536-30a7-403f-8042-f7c1445c4b87/Srividya_Janakiraman/Srividya_Janakiraman_at_Arkay/Jaya_Jaya_Janaki_Kantha/Jaya_Jaya_Janaki_Kantha.tonicFine,Jaya_Jaya_Janaki_Kantha.tonicFine,.tonicfine,25
Carnatic,9ebeb536-30a7-403f-8042-f7c1445c4b87/Srividya_Janakiraman/Srividya_Janakiraman_at_Arkay/Jaya_Jaya_Janaki_Kantha/Jaya_Jaya_Janaki_Kantha.tonic,Jaya_Jaya_Janaki_Kantha.tonic,.tonic,10
Carnatic,9ebeb536-30a7-403f-8042-f7c1445c4b87/Amritha_Murali/December_Season_2010/Pavanatmajagaccha/Pavanatmajagaccha.tonic,Pavanatmajagaccha.tonic,.tonic,10
Carnatic,9ebeb536-30a7-403f-8042-f7c1445c4b87/Amritha_Murali/December_Season_2010/Pavanatmajagaccha/Pavanatmajagaccha.tonicFine,Pavanatmajagaccha.tonicFine,.tonicfine,25
Carnatic,9ebeb536-30a7-403f-8042-f7c1445c4b87/Amritha_Murali/December_Season_2010/Pavanatmajagaccha/Pavanatmajagaccha.pitch,Pavanatmajagaccha.pitch,.pitch,2947998
Carnatic,9ebeb536-30a7-403f-8042-f7c1445c4b87/Amritha_Murali/December_Season_2010/Pavanatmajagaccha/Pavanatmajagaccha.pitchSilIntrpPP,Pavanatmajagaccha.pitchSilIntrpPP,.pitchsilintrppp,6336050
Carnatic,9ebeb536-30a7-403f-8042-f7c1445c4b87/Amritha_Murali/December_Season_2010/Pavanatmajagaccha/Pavanatmajagaccha.taniSegKNN,Pavanatmajagaccha.taniSegKNN,.tanisegknn,16
Carnatic,9ebeb536-30a7-403f-8042-f7c1445c4b87/Amritha_Murali/December_Season_2010/Pavanatmajagaccha/Pavanatmajagaccha.flatSegNyas,Pavanatmajagaccha.flatSegNyas,.flatsegnyas,7621
Carnatic,9ebeb536-30a7-403f-8042-f7c1445c4b87/Sanjay_Subrahmanyan/December_Season_2010/Re_Re_Manasa_Bhajare/Re_Re_Manasa_Bhajare.tonic,Re_Re_Manasa_Bhajare.tonic,.tonic,10
Carnatic,9ebeb536-30a7-403f-8042-f7c1445c4b87/Sanjay_Subrahmanyan/December_Season_2010/Re_Re_Manasa_Bhajare/Re_Re_Manasa_Bhajare.taniSegKNN,Re_Re_Manasa_Bhajare.taniSegKNN,.tanisegknn,0
Carnatic,9ebeb536-30a7-403f-8042-f7c1445c4b87/Sanjay_Subrahmanyan/December_Season_2010/Re_Re_Manasa_Bhajare/Re_Re_Manasa_Bhajare.tonicFine,Re_Re_Manasa_Bhajare.tonicFine,.tonicfine,25
Carnatic,9ebeb536-30a7-403f-8042-f7c1445c4b87/Sanjay_Subrahmanyan/December_Season_2010/Re_Re_Manasa_Bhajare/Re_Re_Manasa_Bhajare.flatSegNyas,Re_Re_Manasa_Bhajare.flatSegNyas,.flatsegnyas,7246
Carnatic,9ebeb536-30a7-403f-8042-f7c1445c4b87/Sanjay_Subrahmanyan/December_Season_2010/Re_Re_Manasa_Bhajare/Re_Re_Manasa_Bhajare.pitchSilIntrpPP,Re_Re_Manasa_Bhajare.pitchSilIntrpPP,.pitchsilintrppp,7121900
Carnatic,9ebeb536-30a7-403f-8042-f7c1445c4b87/Sanjay_Subrahmanyan/December_Season_2010/Re_Re_Manasa_Bhajare/Re_Re_Manasa_Bhajare.pitch,Re_Re_Manasa_Bhajare.pitch,.pitch,3309878
Carnatic,9ebeb536-30a7-403f-8042-f7c1445c4b87/Nisha_P_Rajagopal/December_Season_2003/Mahaganapatim/Mahaganapatim.tonic,Mahaganapatim.tonic,.tonic,10
Carnatic,9ebeb536-30a7-403f-8042-f7c1445c4b87/Nisha_P_Rajagopal/December_Season_2003/Mahaganapatim/Mahaganapatim.taniSegKNN,Mahaganapatim.taniSegKNN,.tanisegknn,16
Carnatic,9ebeb536-30a7-403f-8042-f7c1445c4b87/Nisha_P_Rajagopal/December_Season_2003/Mahaganapatim/Mahaganapatim.pitchSilIntrpPP,Mahaganapatim.pitchSilIntrpPP,.pitchsilintrppp,2890050
Carnatic,9ebeb536-30a7-403f-8042-f7c1445c4b87/Nisha_P_Rajagopal/December_Season_2003/Mahaganapatim/Mahaganapatim.flatSegNyas,Mahaganapatim.flatSegNyas,.flatsegnyas,3303
Carnatic,9ebeb536-30a7-403f-8042-f7c1445c4b87/Nisha_P_Rajagopal/December_Season_2003/Mahaganapatim/Mahaganapatim.pitch,Mahaganapatim.pitch,.pitch,1324956
Carnatic,9ebeb536-30a7-403f-8042-f7c1445c4b87/Nisha_P_Rajagopal/December_Season_2003/Mahaganapatim/Mahaganapatim.tonicFine,Mahaganapatim.tonicFine,.tonicfine,25
Carnatic,9ebeb536-30a7-403f-8042-f7c1445c4b87/Sangeetha_Swaminathan/December_Season_1999/Jaya_Jaya_Jaya_Janaki_Kantha/Jaya_Jaya_Jaya_Janaki_Kantha.pitchSilIntrpPP,Jaya_Jaya_Jaya_Janaki_Kantha.pitchSilIntrpPP,.pitchsilintrppp,6101850
Carnatic,9ebeb536-30a7-403f-8042-f7c1445c4b87/Sangeetha_Swaminathan/December_Season_1999/Jaya_Jaya_Jaya_Janaki_Kantha/Jaya_Jaya_Jaya_Janaki_Kantha.tonic,Jaya_Jaya_Jaya_Janaki_Kantha.tonic,.tonic,10
Carnatic,9ebeb536-30a7-403f-8042-f7c1445c4b87/Sangeetha_Swaminathan/December_Season_1999/Jaya_Jaya_Jaya_Janaki_Kantha/Jaya_Jaya_Jaya_Janaki_Kantha.flatSegNyas,Jaya_Jaya_Jaya_Janaki_Kantha.flatSegNyas,.flatsegnyas,7309
Carnatic,9ebeb536-30a7-403f-8042-f7c1445c4b87/Sangeetha_Swaminathan/December_Season_1999/Jaya_Jaya_Jaya_Janaki_Kantha/Jaya_Jaya_Jaya_Janaki_Kantha.tonicFine,Jaya_Jaya_Jaya_Janaki_Kantha.tonicFine,.tonicfine,25
Carnatic,9ebeb536-30a7-403f-8042-f7c1445c4b87/Sangeetha_Swaminathan/December_Season_1999/Jaya_Jaya_Jaya_Janaki_Kantha/Jaya_Jaya_Jaya_Janaki_Kantha.taniSegKNN,Jaya_Jaya_Jaya_Janaki_Kantha.taniSegKNN,.tanisegknn,0
Carnatic,9ebeb536-30a7-403f-8042-f7c1445c4b87/Sangeetha_Swaminathan/December_Season_1999/Jaya_Jaya_Jaya_Janaki_Kantha/Jaya_Jaya_Jaya_Janaki_Kantha.pitch,Jaya_Jaya_Jaya_Janaki_Kantha.pitch,.pitch,2854824
Carnatic,9ebeb536-30a7-403f-8042-f7c1445c4b87/Voleti_Venkateshwarlu/Paddhatti/Sarasiruhasanapriye/Sarasiruhasanapriye.pitchSilIntrpPP,Sarasiruhasanapriye.pitchSilIntrpPP,.pitchsilintrppp,5092700
Carnatic,9ebeb536-30a7-403f-8042-f7c1445c4b87/Voleti_Venkateshwarlu/Paddhatti/Sarasiruhasanapriye/Sarasiruhasanapriye.tonic,Sarasiruhasanapriye.tonic,.tonic,10
Carnatic,9ebeb536-30a7-403f-8042-f7c1445c4b87/Voleti_Venkateshwarlu/Paddhatti/Sarasiruhasanapriye/Sarasiruhasanapriye.taniSegKNN,Sarasiruhasanapriye.taniSegKNN,.tanisegknn,0
Carnatic,9ebeb536-30a7-403f-8042-f7c1445c4b87/Voleti_Venkateshwarlu/Paddhatti/Sarasiruhasanapriye/Sarasiruhasanapriye.tonicFine,Sarasiruhasanapriye.tonicFine,.tonicfine,25
Carnatic,9ebeb536-30a7-403f-8042-f7c1445c4b87/Voleti_Venkateshwarlu/Paddhatti/Sarasiruhasanapriye/Sarasiruhasanapriye.pitch,Sarasiruhasanapriye.pitch,.pitch,2348000
Carnatic,9ebeb536-30a7-403f-8042-f7c1445c4b87/Voleti_Venkateshwarlu/Paddhatti/Sarasiruhasanapriye/Sarasiruhasanapriye.flatSegNyas,Sarasiruhasanapriye.flatSegNyas,.flatsegnyas,5230
Carnatic,9ebeb536-30a7-403f-8042-f7c1445c4b87/Amrutha_Venkatesh/December_Season_2010/Mahaganapathim/Mahaganapathim.tonicFine,Mahaganapathim.tonicFine,.tonicfine,25
Carnatic,9ebeb536-30a7-403f-8042-f7c1445c4b87/Amrutha_Venkatesh/December_Season_2010/Mahaganapathim/Mahaganapathim.pitchSilIntrpPP,Mahaganapathim.pitchSilIntrpPP,.pitchsilintrppp,8437600
Carnatic,9ebeb536-30a7-403f-8042-f7c1445c4b87/Amrutha_Venkatesh/December_Season_2010/Mahaganapathim/Mahaganapathim.taniSegKNN,Mahaganapathim.taniSegKNN,.tanisegknn,14
Carnatic,9ebeb536-30a7-403f-8042-f7c1445c4b87/Amrutha_Venkatesh/December_Season_2010/Mahaganapathim/Mahaganapathim.flatSegNyas,Mahaganapathim.flatSegNyas,.flatsegnyas,10482
Carnatic,9ebeb536-30a7-403f-8042-f7c1445c4b87/Amrutha_Venkatesh/December_Season_2010/Mahaganapathim/Mahaganapathim.tonic,Mahaganapathim.tonic,.tonic,10
Carnatic,9ebeb536-30a7-403f-8042-f7c1445c4b87/Amrutha_Venkatesh/December_Season_2010/Mahaganapathim/Mahaganapathim.pitch,Mahaganapathim.pitch,.pitch,3936081
Carnatic,9ebeb536-30a7-403f-8042-f7c1445c4b87/Amrutha_Venkatesh/December_Season_2008/Ninne_Bhajana/Ninne_Bhajana.flatSegNyas,Ninne_Bhajana.flatSegNyas,.flatsegnyas,8656
Carnatic,9ebeb536-30a7-403f-8042-f7c1445c4b87/Amrutha_Venkatesh/December_Season_2008/Ninne_Bhajana/Ninne_Bhajana.taniSegKNN,Ninne_Bhajana.taniSegKNN,.tanisegknn,0
Carnatic,9ebeb536-30a7-403f-8042-f7c1445c4b87/Amrutha_Venkatesh/December_Season_2008/Ninne_Bhajana/Ninne_Bhajana.tonicFine,Ninne_Bhajana.tonicFine,.tonicfine,25
Carnatic,9ebeb536-30a7-403f-8042-f7c1445c4b87/Amrutha_Venkatesh/December_Season_2008/Ninne_Bhajana/Ninne_Bhajana.tonic,Ninne_Bhajana.tonic,.tonic,10
Carnatic,9ebeb536-30a7-403f-8042-f7c1445c4b87/Amrutha_Venkatesh/December_Season_2008/Ninne_Bhajana/Ninne_Bhajana.pitch,Ninne_Bhajana.pitch,.pitch,3053620
Carnatic,9ebeb536-30a7-403f-8042-f7c1445c4b87/Amrutha_Venkatesh/December_Season_2008/Ninne_Bhajana/Ninne_Bhajana.pitchSilIntrpPP,Ninne_Bhajana.pitchSilIntrpPP,.pitchsilintrppp,6536200
Carnatic,a4ec6633-1050-4207-8313-b017194c8fa0/Kunnakkudi_M_Balamuralikrishna/December_Season_2009/Teruvadeppo/Teruvadeppo.pitch,Teruvadeppo.pitch,.pitch,1487026
Carnatic,a4ec6633-1050-4207-8313-b017194c8fa0/Kunnakkudi_M_Balamuralikrishna/December_Season_2009/Teruvadeppo/Teruvadeppo.tonicFine,Teruvadeppo.tonicFine,.tonicfine,25
Carnatic,a4ec6633-1050-4207-8313-b017194c8fa0/Kunnakkudi_M_Balamuralikrishna/December_Season_2009/Teruvadeppo/Teruvadeppo.flatSegNyas,Teruvadeppo.flatSegNyas,.flatsegnyas,3132
Carnatic,a4ec6633-1050-4207-8313-b017194c8fa0/Kunnakkudi_M_Balamuralikrishna/December_Season_2009/Teruvadeppo/Teruvadeppo.tonic,Teruvadeppo.tonic,.tonic,10
Carnatic,a4ec6633-1050-4207-8313-b017194c8fa0/Kunnakkudi_M_Balamuralikrishna/December_Season_2009/Teruvadeppo/Teruvadeppo.pitchSilIntrpPP,Teruvadeppo.pitchSilIntrpPP,.pitchsilintrppp,3226250
Carnatic,a4ec6633-1050-4207-8313-b017194c8fa0/Kunnakkudi_M_Balamuralikrishna/December_Season_2009/Teruvadeppo/Teruvadeppo.taniSegKNN,Teruvadeppo.taniSegKNN,.tanisegknn,0
Carnatic,a4ec6633-1050-4207-8313-b017194c8fa0/T__M__Krishna/Madrasil_Margazhi_2006/Brocevarevarura/Brocevarevarura.tonic,Brocevarevarura.tonic,.tonic,10
Carnatic,a4ec6633-1050-4207-8313-b017194c8fa0/T__M__Krishna/Madrasil_Margazhi_2006/Brocevarevarura/Brocevarevarura.tonicFine,Brocevarevarura.tonicFine,.tonicfine,25
Carnatic,a4ec6633-1050-4207-8313-b017194c8fa0/T__M__Krishna/Madrasil_Margazhi_2006/Brocevarevarura/Brocevarevarura.pitchSilIntrpPP,Brocevarevarura.pitchSilIntrpPP,.pitchsilintrppp,12983300
Carnatic,a4ec6633-1050-4207-8313-b017194c8fa0/T__M__Krishna/Madrasil_Margazhi_2006/Brocevarevarura/Brocevarevarura.taniSegKNN,Brocevarevarura.taniSegKNN,.tanisegknn,18
Carnatic,a4ec6633-1050-4207-8313-b017194c8fa0/T__M__Krishna/Madrasil_Margazhi_2006/Brocevarevarura/Brocevarevarura.pitch,Brocevarevarura.pitch,.pitch,6097367
Carnatic,a4ec6633-1050-4207-8313-b017194c8fa0/T__M__Krishna/Madrasil_Margazhi_2006/Brocevarevarura/Brocevarevarura.flatSegNyas,Brocevarevarura.flatSegNyas,.flatsegnyas,18144
Carnatic,a4ec6633-1050-4207-8313-b017194c8fa0/T__M__Krishna/December_Season_2001/Sitapathe/Sitapathe.pitchSilIntrpPP,Sitapathe.pitchSilIntrpPP,.pitchsilintrppp,9839400
Carnatic,a4ec6633-1050-4207-8313-b017194c8fa0/T__M__Krishna/December_Season_2001/Sitapathe/Sitapathe.tonicFine,Sitapathe.tonicFine,.tonicfine,25
Carnatic,a4ec6633-1050-4207-8313-b017194c8fa0/T__M__Krishna/December_Season_2001/Sitapathe/Sitapathe.flatSegNyas,Sitapathe.flatSegNyas,.flatsegnyas,12069
Carnatic,a4ec6633-1050-4207-8313-b017194c8fa0/T__M__Krishna/December_Season_2001/Sitapathe/Sitapathe.taniSegKNN,Sitapathe.taniSegKNN,.tanisegknn,16
Carnatic,a4ec6633-1050-4207-8313-b017194c8fa0/T__M__Krishna/December_Season_2001/Sitapathe/Sitapathe.tonic,Sitapathe.tonic,.tonic,10
Carnatic,a4ec6633-1050-4207-8313-b017194c8fa0/T__M__Krishna/December_Season_2001/Sitapathe/Sitapathe.pitch,Sitapathe.pitch,.pitch,4577460
Carnatic,a4ec6633-1050-4207-8313-b017194c8fa0/Unnikrishnan/December_Season_2000/Sarasa_Samamukha/Sarasa_Samamukha.pitch,Sarasa_Samamukha.pitch,.pitch,4590498
Carnatic,a4ec6633-1050-4207-8313-b017194c8fa0/Unnikrishnan/December_Season_2000/Sarasa_Samamukha/Sarasa_Samamukha.taniSegKNN,Sarasa_Samamukha.taniSegKNN,.tanisegknn,0
Carnatic,a4ec6633-1050-4207-8313-b017194c8fa0/Unnikrishnan/December_Season_2000/Sarasa_Samamukha/Sarasa_Samamukha.tonic,Sarasa_Samamukha.tonic,.tonic,10
Carnatic,a4ec6633-1050-4207-8313-b017194c8fa0/Unnikrishnan/December_Season_2000/Sarasa_Samamukha/Sarasa_Samamukha.tonicFine,Sarasa_Samamukha.tonicFine,.tonicfine,25
Carnatic,a4ec6633-1050-4207-8313-b017194c8fa0/Unnikrishnan/December_Season_2000/Sarasa_Samamukha/Sarasa_Samamukha.flatSegNyas,Sarasa_Samamukha.flatSegNyas,.flatsegnyas,12616
Carnatic,a4ec6633-1050-4207-8313-b017194c8fa0/Unnikrishnan/December_Season_2000/Sarasa_Samamukha/Sarasa_Samamukha.pitchSilIntrpPP,Sarasa_Samamukha.pitchSilIntrpPP,.pitchsilintrppp,9884650
Carnatic,a4ec6633-1050-4207-8313-b017194c8fa0/Abhishek_Raghuram/Gems_Of_Carnatic_Music_-_Live_In_Concert_2006/Brochevarevarura/Brochevarevarura.tonic,Brochevarevarura.tonic,.tonic,10
Carnatic,a4ec6633-1050-4207-8313-b017194c8fa0/Abhishek_Raghuram/Gems_Of_Carnatic_Music_-_Live_In_Concert_2006/Brochevarevarura/Brochevarevarura.pitchSilIntrpPP,Brochevarevarura.pitchSilIntrpPP,.pitchsilintrppp,6530900
Carnatic,a4ec6633-1050-4207-8313-b017194c8fa0/Abhishek_Raghuram/Gems_Of_Carnatic_Music_-_Live_In_Concert_2006/Brochevarevarura/Brochevarevarura.tonicFine,Brochevarevarura.tonicFine,.tonicfine,25
Carnatic,a4ec6633-1050-4207-8313-b017194c8fa0/Abhishek_Raghuram/Gems_Of_Carnatic_Music_-_Live_In_Concert_2006/Brochevarevarura/Brochevarevarura.flatSegNyas,Brochevarevarura.flatSegNyas,.flatsegnyas,6292
Carnatic,a4ec6633-1050-4207-8313-b017194c8fa0/Abhishek_Raghuram/Gems_Of_Carnatic_Music_-_Live_In_Concert_2006/Brochevarevarura/Brochevarevarura.taniSegKNN,Brochevarevarura.taniSegKNN,.tanisegknn,0
Carnatic,a4ec6633-1050-4207-8313-b017194c8fa0/Abhishek_Raghuram/Gems_Of_Carnatic_Music_-_Live_In_Concert_2006/Brochevarevarura/Brochevarevarura.pitch,Brochevarevarura.pitch,.pitch,3051004
Carnatic,a4ec6633-1050-4207-8313-b017194c8fa0/Abhishek_Raghuram/December_Season_2008/Karpuram_Naarumo/Karpuram_Naarumo.tonicFine,Karpuram_Naarumo.tonicFine,.tonicfine,25
Carnatic,a4ec6633-1050-4207-8313-b017194c8fa0/Abhishek_Raghuram/December_Season_2008/Karpuram_Naarumo/Karpuram_Naarumo.taniSegKNN,Karpuram_Naarumo.taniSegKNN,.tanisegknn,0
Carnatic,a4ec6633-1050-4207-8313-b017194c8fa0/Abhishek_Raghuram/December_Season_2008/Karpuram_Naarumo/Karpuram_Naarumo.tonic,Karpuram_Naarumo.tonic,.tonic,10
Carnatic,a4ec6633-1050-4207-8313-b017194c8fa0/Abhishek_Raghuram/December_Season_2008/Karpuram_Naarumo/Karpuram_Naarumo.pitchSilIntrpPP,Karpuram_Naarumo.pitchSilIntrpPP,.pitchsilintrppp,10146200
Carnatic,a4ec6633-1050-4207-8313-b017194c8fa0/Abhishek_Raghuram/December_Season_2008/Karpuram_Naarumo/Karpuram_Naarumo.flatSegNyas,Karpuram_Naarumo.flatSegNyas,.flatsegnyas,9777
Carnatic,a4ec6633-1050-4207-8313-b017194c8fa0/Abhishek_Raghuram/December_Season_2008/Karpuram_Naarumo/Karpuram_Naarumo.pitch,Karpuram_Naarumo.pitch,.pitch,4752083
Carnatic,a4ec6633-1050-4207-8313-b017194c8fa0/Sanjay_Subrahmanyan/Compositions_Of_Muthuswami_Dikshitar/Santhana_Gopalakrishnam/Santhana_Gopalakrishnam.tonic,Santhana_Gopalakrishnam.tonic,.tonic,10
Carnatic,a4ec6633-1050-4207-8313-b017194c8fa0/Sanjay_Subrahmanyan/Compositions_Of_Muthuswami_Dikshitar/Santhana_Gopalakrishnam/Santhana_Gopalakrishnam.taniSegKNN,Santhana_Gopalakrishnam.taniSegKNN,.tanisegknn,0
Carnatic,a4ec6633-1050-4207-8313-b017194c8fa0/Sanjay_Subrahmanyan/Compositions_Of_Muthuswami_Dikshitar/Santhana_Gopalakrishnam/Santhana_Gopalakrishnam.tonicFine,Santhana_Gopalakrishnam.tonicFine,.tonicfine,25
Carnatic,a4ec6633-1050-4207-8313-b017194c8fa0/Sanjay_Subrahmanyan/Compositions_Of_Muthuswami_Dikshitar/Santhana_Gopalakrishnam/Santhana_Gopalakrishnam.pitchSilIntrpPP,Santhana_Gopalakrishnam.pitchSilIntrpPP,.pitchsilintrppp,5909050
Carnatic,a4ec6633-1050-4207-8313-b017194c8fa0/Sanjay_Subrahmanyan/Compositions_Of_Muthuswami_Dikshitar/Santhana_Gopalakrishnam/Santhana_Gopalakrishnam.pitch,Santhana_Gopalakrishnam.pitch,.pitch,2756134
Carnatic,a4ec6633-1050-4207-8313-b017194c8fa0/Sanjay_Subrahmanyan/Compositions_Of_Muthuswami_Dikshitar/Santhana_Gopalakrishnam/Santhana_Gopalakrishnam.flatSegNyas,Santhana_Gopalakrishnam.flatSegNyas,.flatsegnyas,6881
Carnatic,a4ec6633-1050-4207-8313-b017194c8fa0/Sanjay_Subrahmanyan/December_Season_2002/Matadabaradeno/Matadabaradeno.pitch,Matadabaradeno.pitch,.pitch,1756876
Carnatic,a4ec6633-1050-4207-8313-b017194c8fa0/Sanjay_Subrahmanyan/December_Season_2002/Matadabaradeno/Matadabaradeno.pitchSilIntrpPP,Matadabaradeno.pitchSilIntrpPP,.pitchsilintrppp,3814600
Carnatic,a4ec6633-1050-4207-8313-b017194c8fa0/Sanjay_Subrahmanyan/December_Season_2002/Matadabaradeno/Matadabaradeno.flatSegNyas,Matadabaradeno.flatSegNyas,.flatsegnyas,4123
Carnatic,a4ec6633-1050-4207-8313-b017194c8fa0/Sanjay_Subrahmanyan/December_Season_2002/Matadabaradeno/Matadabaradeno.tonicFine,Matadabaradeno.tonicFine,.tonicfine,25
Carnatic,a4ec6633-1050-4207-8313-b017194c8fa0/Sanjay_Subrahmanyan/December_Season_2002/Matadabaradeno/Matadabaradeno.tonic,Matadabaradeno.tonic,.tonic,10
Carnatic,a4ec6633-1050-4207-8313-b017194c8fa0/Sanjay_Subrahmanyan/December_Season_2002/Matadabaradeno/Matadabaradeno.taniSegKNN,Matadabaradeno.taniSegKNN,.tanisegknn,0
Carnatic,a4ec6633-1050-4207-8313-b017194c8fa0/Sanjay_Subrahmanyan/December_Season_2010/Kadaikann_paarvai/Kadaikann_paarvai.tonicFine,Kadaikann_paarvai.tonicFine,.tonicfine,25
Carnatic,a4ec6633-1050-4207-8313-b017194c8fa0/Sanjay_Subrahmanyan/December_Season_2010/Kadaikann_paarvai/Kadaikann_paarvai.flatSegNyas,Kadaikann_paarvai.flatSegNyas,.flatsegnyas,8155
Carnatic,a4ec6633-1050-4207-8313-b017194c8fa0/Sanjay_Subrahmanyan/December_Season_2010/Kadaikann_paarvai/Kadaikann_paarvai.pitch,Kadaikann_paarvai.pitch,.pitch,3152184
Carnatic,a4ec6633-1050-4207-8313-b017194c8fa0/Sanjay_Subrahmanyan/December_Season_2010/Kadaikann_paarvai/Kadaikann_paarvai.taniSegKNN,Kadaikann_paarvai.taniSegKNN,.tanisegknn,0
Carnatic,a4ec6633-1050-4207-8313-b017194c8fa0/Sanjay_Subrahmanyan/December_Season_2010/Kadaikann_paarvai/Kadaikann_paarvai.pitchSilIntrpPP,Kadaikann_paarvai.pitchSilIntrpPP,.pitchsilintrppp,6767500
Carnatic,a4ec6633-1050-4207-8313-b017194c8fa0/Sanjay_Subrahmanyan/December_Season_2010/Kadaikann_paarvai/Kadaikann_paarvai.tonic,Kadaikann_paarvai.tonic,.tonic,10
Carnatic,a4ec6633-1050-4207-8313-b017194c8fa0/Sikkil_Gurucharan/December_Season_2010/Tiru_Kanden_-_Karpuram_Narumo/Tiru_Kanden_-_Karpuram_Narumo.tonic,Tiru_Kanden_-_Karpuram_Narumo.tonic,.tonic,10
Carnatic,a4ec6633-1050-4207-8313-b017194c8fa0/Sikkil_Gurucharan/December_Season_2010/Tiru_Kanden_-_Karpuram_Narumo/Tiru_Kanden_-_Karpuram_Narumo.pitchSilIntrpPP,Tiru_Kanden_-_Karpuram_Narumo.pitchSilIntrpPP,.pitchsilintrppp,5130300
Carnatic,a4ec6633-1050-4207-8313-b017194c8fa0/Sikkil_Gurucharan/December_Season_2010/Tiru_Kanden_-_Karpuram_Narumo/Tiru_Kanden_-_Karpuram_Narumo.tonicFine,Tiru_Kanden_-_Karpuram_Narumo.tonicFine,.tonicfine,25
Carnatic,a4ec6633-1050-4207-8313-b017194c8fa0/Sikkil_Gurucharan/December_Season_2010/Tiru_Kanden_-_Karpuram_Narumo/Tiru_Kanden_-_Karpuram_Narumo.taniSegKNN,Tiru_Kanden_-_Karpuram_Narumo.taniSegKNN,.tanisegknn,0
Carnatic,a4ec6633-1050-4207-8313-b017194c8fa0/Sikkil_Gurucharan/December_Season_2010/Tiru_Kanden_-_Karpuram_Narumo/Tiru_Kanden_-_Karpuram_Narumo.flatSegNyas,Tiru_Kanden_-_Karpuram_Narumo.flatSegNyas,.flatsegnyas,6003
Carnatic,a4ec6633-1050-4207-8313-b017194c8fa0/Sikkil_Gurucharan/December_Season_2010/Tiru_Kanden_-_Karpuram_Narumo/Tiru_Kanden_-_Karpuram_Narumo.pitch,Tiru_Kanden_-_Karpuram_Narumo.pitch,.pitch,2393934
Carnatic,a4ec6633-1050-4207-8313-b017194c8fa0/Vijay_Siva/Madrasil_Margazhi_2006/Ragam_Tanam_Pallavi/Ragam_Tanam_Pallavi.pitchSilIntrpPP,Ragam_Tanam_Pallavi.pitchSilIntrpPP,.pitchsilintrppp,17099450
Carnatic,a4ec6633-1050-4207-8313-b017194c8fa0/Vijay_Siva/Madrasil_Margazhi_2006/Ragam_Tanam_Pallavi/Ragam_Tanam_Pallavi.pitch,Ragam_Tanam_Pallavi.pitch,.pitch,8122799
Carnatic,a4ec6633-1050-4207-8313-b017194c8fa0/Vijay_Siva/Madrasil_Margazhi_2006/Ragam_Tanam_Pallavi/Ragam_Tanam_Pallavi.tonic,Ragam_Tanam_Pallavi.tonic,.tonic,10
Carnatic,a4ec6633-1050-4207-8313-b017194c8fa0/Vijay_Siva/Madrasil_Margazhi_2006/Ragam_Tanam_Pallavi/Ragam_Tanam_Pallavi.taniSegKNN,Ragam_Tanam_Pallavi.taniSegKNN,.tanisegknn,0
Carnatic,a4ec6633-1050-4207-8313-b017194c8fa0/Vijay_Siva/Madrasil_Margazhi_2006/Ragam_Tanam_Pallavi/Ragam_Tanam_Pallavi.flatSegNyas,Ragam_Tanam_Pallavi.flatSegNyas,.flatsegnyas,25462
Carnatic,a4ec6633-1050-4207-8313-b017194c8fa0/Vijay_Siva/Madrasil_Margazhi_2006/Ragam_Tanam_Pallavi/Ragam_Tanam_Pallavi.tonicFine,Ragam_Tanam_Pallavi.tonicFine,.tonicfine,25
Carnatic,a4ec6633-1050-4207-8313-b017194c8fa0/Prasanna_Venkataraman/December_Season_2008/Kadaikan_Parvai/Kadaikan_Parvai.pitch,Kadaikan_Parvai.pitch,.pitch,1666356
Carnatic,a4ec6633-1050-4207-8313-b017194c8fa0/Prasanna_Venkataraman/December_Season_2008/Kadaikan_Parvai/Kadaikan_Parvai.tonicFine,Kadaikan_Parvai.tonicFine,.tonicfine,25
Carnatic,a4ec6633-1050-4207-8313-b017194c8fa0/Prasanna_Venkataraman/December_Season_2008/Kadaikan_Parvai/Kadaikan_Parvai.tonic,Kadaikan_Parvai.tonic,.tonic,10
Carnatic,a4ec6633-1050-4207-8313-b017194c8fa0/Prasanna_Venkataraman/December_Season_2008/Kadaikan_Parvai/Kadaikan_Parvai.pitchSilIntrpPP,Kadaikan_Parvai.pitchSilIntrpPP,.pitchsilintrppp,3603300
Carnatic,a4ec6633-1050-4207-8313-b017194c8fa0/Prasanna_Venkataraman/December_Season_2008/Kadaikan_Parvai/Kadaikan_Parvai.flatSegNyas,Kadaikan_Parvai.flatSegNyas,.flatsegnyas,4917
Carnatic,a4ec6633-1050-4207-8313-b017194c8fa0/Prasanna_Venkataraman/December_Season_2008/Kadaikan_Parvai/Kadaikan_Parvai.taniSegKNN,Kadaikan_Parvai.taniSegKNN,.tanisegknn,0
Carnatic,6345e8fe-7061-4bdc-842c-dcfd4a379820/Kunnakkudi_M_Balamuralikrishna/December_Season_2006/Ilalo_Pranatartiharudanuchu/Ilalo_Pranatartiharudanuchu.taniSegKNN,Ilalo_Pranatartiharudanuchu.taniSegKNN,.tanisegknn,0
Carnatic,6345e8fe-7061-4bdc-842c-dcfd4a379820/Kunnakkudi_M_Balamuralikrishna/December_Season_2006/Ilalo_Pranatartiharudanuchu/Ilalo_Pranatartiharudanuchu.tonicFine,Ilalo_Pranatartiharudanuchu.tonicFine,.tonicfine,25
Carnatic,6345e8fe-7061-4bdc-842c-dcfd4a379820/Kunnakkudi_M_Balamuralikrishna/December_Season_2006/Ilalo_Pranatartiharudanuchu/Ilalo_Pranatartiharudanuchu.pitchSilIntrpPP,Ilalo_Pranatartiharudanuchu.pitchSilIntrpPP,.pitchsilintrppp,5354250
Carnatic,6345e8fe-7061-4bdc-842c-dcfd4a379820/Kunnakkudi_M_Balamuralikrishna/December_Season_2006/Ilalo_Pranatartiharudanuchu/Ilalo_Pranatartiharudanuchu.tonic,Ilalo_Pranatartiharudanuchu.tonic,.tonic,10
Carnatic,6345e8fe-7061-4bdc-842c-dcfd4a379820/Kunnakkudi_M_Balamuralikrishna/December_Season_2006/Ilalo_Pranatartiharudanuchu/Ilalo_Pranatartiharudanuchu.pitch,Ilalo_Pranatartiharudanuchu.pitch,.pitch,2489602
Carnatic,6345e8fe-7061-4bdc-842c-dcfd4a379820/Kunnakkudi_M_Balamuralikrishna/December_Season_2006/Ilalo_Pranatartiharudanuchu/Ilalo_Pranatartiharudanuchu.flatSegNyas,Ilalo_Pranatartiharudanuchu.flatSegNyas,.flatsegnyas,4898
Carnatic,6345e8fe-7061-4bdc-842c-dcfd4a379820/Maharajapuram_S_Ramachandran/December_Season_2009/Elara_Nee_Dayaraadu/Elara_Nee_Dayaraadu.tonicFine,Elara_Nee_Dayaraadu.tonicFine,.tonicfine,25
Carnatic,6345e8fe-7061-4bdc-842c-dcfd4a379820/Maharajapuram_S_Ramachandran/December_Season_2009/Elara_Nee_Dayaraadu/Elara_Nee_Dayaraadu.tonic,Elara_Nee_Dayaraadu.tonic,.tonic,10
Carnatic,6345e8fe-7061-4bdc-842c-dcfd4a379820/Maharajapuram_S_Ramachandran/December_Season_2009/Elara_Nee_Dayaraadu/Elara_Nee_Dayaraadu.flatSegNyas,Elara_Nee_Dayaraadu.flatSegNyas,.flatsegnyas,6950
Carnatic,6345e8fe-7061-4bdc-842c-dcfd4a379820/Maharajapuram_S_Ramachandran/December_Season_2009/Elara_Nee_Dayaraadu/Elara_Nee_Dayaraadu.taniSegKNN,Elara_Nee_Dayaraadu.taniSegKNN,.tanisegknn,0
Carnatic,6345e8fe-7061-4bdc-842c-dcfd4a379820/Maharajapuram_S_Ramachandran/December_Season_2009/Elara_Nee_Dayaraadu/Elara_Nee_Dayaraadu.pitchSilIntrpPP,Elara_Nee_Dayaraadu.pitchSilIntrpPP,.pitchsilintrppp,4358300
Carnatic,6345e8fe-7061-4bdc-842c-dcfd4a379820/Maharajapuram_S_Ramachandran/December_Season_2009/Elara_Nee_Dayaraadu/Elara_Nee_Dayaraadu.pitch,Elara_Nee_Dayaraadu.pitch,.pitch,2031551
Carnatic,6345e8fe-7061-4bdc-842c-dcfd4a379820/T__Brinda/All_Time_Favourites_-_Vol_2/Valaputala/Valaputala.flatSegNyas,Valaputala.flatSegNyas,.flatsegnyas,4303
Carnatic,6345e8fe-7061-4bdc-842c-dcfd4a379820/T__Brinda/All_Time_Favourites_-_Vol_2/Valaputala/Valaputala.pitch,Valaputala.pitch,.pitch,1683641
Carnatic,6345e8fe-7061-4bdc-842c-dcfd4a379820/T__Brinda/All_Time_Favourites_-_Vol_2/Valaputala/Valaputala.pitchSilIntrpPP,Valaputala.pitchSilIntrpPP,.pitchsilintrppp,3610150
Carnatic,6345e8fe-7061-4bdc-842c-dcfd4a379820/T__Brinda/All_Time_Favourites_-_Vol_2/Valaputala/Valaputala.tonicFine,Valaputala.tonicFine,.tonicfine,25
Carnatic,6345e8fe-7061-4bdc-842c-dcfd4a379820/T__Brinda/All_Time_Favourites_-_Vol_2/Valaputala/Valaputala.taniSegKNN,Valaputala.taniSegKNN,.tanisegknn,0
Carnatic,6345e8fe-7061-4bdc-842c-dcfd4a379820/T__Brinda/All_Time_Favourites_-_Vol_2/Valaputala/Valaputala.tonic,Valaputala.tonic,.tonic,10
Carnatic,6345e8fe-7061-4bdc-842c-dcfd4a379820/M__L__Vasanthakumari/Paddhatti/Kalakalan_Kayilai_Nathan/Kalakalan_Kayilai_Nathan.pitchSilIntrpPP,Kalakalan_Kayilai_Nathan.pitchSilIntrpPP,.pitchsilintrppp,3708500
Carnatic,6345e8fe-7061-4bdc-842c-dcfd4a379820/M__L__Vasanthakumari/Paddhatti/Kalakalan_Kayilai_Nathan/Kalakalan_Kayilai_Nathan.tonicFine,Kalakalan_Kayilai_Nathan.tonicFine,.tonicfine,25
Carnatic,6345e8fe-7061-4bdc-842c-dcfd4a379820/M__L__Vasanthakumari/Paddhatti/Kalakalan_Kayilai_Nathan/Kalakalan_Kayilai_Nathan.flatSegNyas,Kalakalan_Kayilai_Nathan.flatSegNyas,.flatsegnyas,5126
Carnatic,6345e8fe-7061-4bdc-842c-dcfd4a379820/M__L__Vasanthakumari/Paddhatti/Kalakalan_Kayilai_Nathan/Kalakalan_Kayilai_Nathan.tonic,Kalakalan_Kayilai_Nathan.tonic,.tonic,10
Carnatic,6345e8fe-7061-4bdc-842c-dcfd4a379820/M__L__Vasanthakumari/Paddhatti/Kalakalan_Kayilai_Nathan/Kalakalan_Kayilai_Nathan.pitch,Kalakalan_Kayilai_Nathan.pitch,.pitch,1720299
Carnatic,6345e8fe-7061-4bdc-842c-dcfd4a379820/M__L__Vasanthakumari/Paddhatti/Kalakalan_Kayilai_Nathan/Kalakalan_Kayilai_Nathan.taniSegKNN,Kalakalan_Kayilai_Nathan.taniSegKNN,.tanisegknn,0
Carnatic,"6345e8fe-7061-4bdc-842c-dcfd4a379820/K__V__Narayanaswami/K__V__Narayanaswami_concert_at_Dayton,_1993/Anupamagunambudi/Anupamagunambudi.pitchSilIntrpPP",Anupamagunambudi.pitchSilIntrpPP,.pitchsilintrppp,3255950
Carnatic,"6345e8fe-7061-4bdc-842c-dcfd4a379820/K__V__Narayanaswami/K__V__Narayanaswami_concert_at_Dayton,_1993/Anupamagunambudi/Anupamagunambudi.tonic",Anupamagunambudi.tonic,.tonic,10
Carnatic,"6345e8fe-7061-4bdc-842c-dcfd4a379820/K__V__Narayanaswami/K__V__Narayanaswami_concert_at_Dayton,_1993/Anupamagunambudi/Anupamagunambudi.taniSegKNN",Anupamagunambudi.taniSegKNN,.tanisegknn,0
Carnatic,"6345e8fe-7061-4bdc-842c-dcfd4a379820/K__V__Narayanaswami/K__V__Narayanaswami_concert_at_Dayton,_1993/Anupamagunambudi/Anupamagunambudi.tonicFine",Anupamagunambudi.tonicFine,.tonicfine,25
Carnatic,"6345e8fe-7061-4bdc-842c-dcfd4a379820/K__V__Narayanaswami/K__V__Narayanaswami_concert_at_Dayton,_1993/Anupamagunambudi/Anupamagunambudi.flatSegNyas",Anupamagunambudi.flatSegNyas,.flatsegnyas,3166
Carnatic,"6345e8fe-7061-4bdc-842c-dcfd4a379820/K__V__Narayanaswami/K__V__Narayanaswami_concert_at_Dayton,_1993/Anupamagunambudi/Anupamagunambudi.pitch",Anupamagunambudi.pitch,.pitch,1499164
Carnatic,6345e8fe-7061-4bdc-842c-dcfd4a379820/K__V__Narayanaswami/Master_Piece_-_Live_Concert_at_Sri_Krishna_Gana_Sabha_Vol_I/Elani_Dayaradu/Elani_Dayaradu.pitchSilIntrpPP,Elani_Dayaradu.pitchSilIntrpPP,.pitchsilintrppp,5395950
Carnatic,6345e8fe-7061-4bdc-842c-dcfd4a379820/K__V__Narayanaswami/Master_Piece_-_Live_Concert_at_Sri_Krishna_Gana_Sabha_Vol_I/Elani_Dayaradu/Elani_Dayaradu.tonicFine,Elani_Dayaradu.tonicFine,.tonicfine,25
Carnatic,6345e8fe-7061-4bdc-842c-dcfd4a379820/K__V__Narayanaswami/Master_Piece_-_Live_Concert_at_Sri_Krishna_Gana_Sabha_Vol_I/Elani_Dayaradu/Elani_Dayaradu.pitch,Elani_Dayaradu.pitch,.pitch,2495588
Carnatic,6345e8fe-7061-4bdc-842c-dcfd4a379820/K__V__Narayanaswami/Master_Piece_-_Live_Concert_at_Sri_Krishna_Gana_Sabha_Vol_I/Elani_Dayaradu/Elani_Dayaradu.flatSegNyas,Elani_Dayaradu.flatSegNyas,.flatsegnyas,5604
Carnatic,6345e8fe-7061-4bdc-842c-dcfd4a379820/K__V__Narayanaswami/Master_Piece_-_Live_Concert_at_Sri_Krishna_Gana_Sabha_Vol_I/Elani_Dayaradu/Elani_Dayaradu.taniSegKNN,Elani_Dayaradu.taniSegKNN,.tanisegknn,0
Carnatic,6345e8fe-7061-4bdc-842c-dcfd4a379820/K__V__Narayanaswami/Master_Piece_-_Live_Concert_at_Sri_Krishna_Gana_Sabha_Vol_I/Elani_Dayaradu/Elani_Dayaradu.tonic,Elani_Dayaradu.tonic,.tonic,10
Carnatic,6345e8fe-7061-4bdc-842c-dcfd4a379820/S__Sowmya/Bharat_Sangeet_Utsav/Anupama_Gunambudhi/Anupama_Gunambudhi.tonic,Anupama_Gunambudhi.tonic,.tonic,10
Carnatic,6345e8fe-7061-4bdc-842c-dcfd4a379820/S__Sowmya/Bharat_Sangeet_Utsav/Anupama_Gunambudhi/Anupama_Gunambudhi.tonicFine,Anupama_Gunambudhi.tonicFine,.tonicfine,25
Carnatic,6345e8fe-7061-4bdc-842c-dcfd4a379820/S__Sowmya/Bharat_Sangeet_Utsav/Anupama_Gunambudhi/Anupama_Gunambudhi.pitchSilIntrpPP,Anupama_Gunambudhi.pitchSilIntrpPP,.pitchsilintrppp,7399300
Carnatic,6345e8fe-7061-4bdc-842c-dcfd4a379820/S__Sowmya/Bharat_Sangeet_Utsav/Anupama_Gunambudhi/Anupama_Gunambudhi.flatSegNyas,Anupama_Gunambudhi.flatSegNyas,.flatsegnyas,7419
Carnatic,6345e8fe-7061-4bdc-842c-dcfd4a379820/S__Sowmya/Bharat_Sangeet_Utsav/Anupama_Gunambudhi/Anupama_Gunambudhi.taniSegKNN,Anupama_Gunambudhi.taniSegKNN,.tanisegknn,16
Carnatic,6345e8fe-7061-4bdc-842c-dcfd4a379820/S__Sowmya/Bharat_Sangeet_Utsav/Anupama_Gunambudhi/Anupama_Gunambudhi.pitch,Anupama_Gunambudhi.pitch,.pitch,3427408
Carnatic,6345e8fe-7061-4bdc-842c-dcfd4a379820/Gayathri_Venkataraghavan/December_Season_2006/Sri_Rama_Nama_Bhajanai/Sri_Rama_Nama_Bhajanai.pitch,Sri_Rama_Nama_Bhajanai.pitch,.pitch,1044104
Carnatic,6345e8fe-7061-4bdc-842c-dcfd4a379820/Gayathri_Venkataraghavan/December_Season_2006/Sri_Rama_Nama_Bhajanai/Sri_Rama_Nama_Bhajanai.taniSegKNN,Sri_Rama_Nama_Bhajanai.taniSegKNN,.tanisegknn,0
Carnatic,6345e8fe-7061-4bdc-842c-dcfd4a379820/Gayathri_Venkataraghavan/December_Season_2006/Sri_Rama_Nama_Bhajanai/Sri_Rama_Nama_Bhajanai.tonicFine,Sri_Rama_Nama_Bhajanai.tonicFine,.tonicfine,25
Carnatic,6345e8fe-7061-4bdc-842c-dcfd4a379820/Gayathri_Venkataraghavan/December_Season_2006/Sri_Rama_Nama_Bhajanai/Sri_Rama_Nama_Bhajanai.pitchSilIntrpPP,Sri_Rama_Nama_Bhajanai.pitchSilIntrpPP,.pitchsilintrppp,2273200
Carnatic,6345e8fe-7061-4bdc-842c-dcfd4a379820/Gayathri_Venkataraghavan/December_Season_2006/Sri_Rama_Nama_Bhajanai/Sri_Rama_Nama_Bhajanai.tonic,Sri_Rama_Nama_Bhajanai.tonic,.tonic,10
Carnatic,6345e8fe-7061-4bdc-842c-dcfd4a379820/Gayathri_Venkataraghavan/December_Season_2006/Sri_Rama_Nama_Bhajanai/Sri_Rama_Nama_Bhajanai.flatSegNyas,Sri_Rama_Nama_Bhajanai.flatSegNyas,.flatsegnyas,2934
Carnatic,6345e8fe-7061-4bdc-842c-dcfd4a379820/Gayathri_Girish/December_Season_2007/Anupamagunabhudhi/Anupamagunabhudhi.tonicFine,Anupamagunabhudhi.tonicFine,.tonicfine,25
Carnatic,6345e8fe-7061-4bdc-842c-dcfd4a379820/Gayathri_Girish/December_Season_2007/Anupamagunabhudhi/Anupamagunabhudhi.flatSegNyas,Anupamagunabhudhi.flatSegNyas,.flatsegnyas,5072
Carnatic,6345e8fe-7061-4bdc-842c-dcfd4a379820/Gayathri_Girish/December_Season_2007/Anupamagunabhudhi/Anupamagunabhudhi.pitch,Anupamagunabhudhi.pitch,.pitch,2042412
Carnatic,6345e8fe-7061-4bdc-842c-dcfd4a379820/Gayathri_Girish/December_Season_2007/Anupamagunabhudhi/Anupamagunabhudhi.tonic,Anupamagunabhudhi.tonic,.tonic,10
Carnatic,6345e8fe-7061-4bdc-842c-dcfd4a379820/Gayathri_Girish/December_Season_2007/Anupamagunabhudhi/Anupamagunabhudhi.taniSegKNN,Anupamagunabhudhi.taniSegKNN,.tanisegknn,0
Carnatic,6345e8fe-7061-4bdc-842c-dcfd4a379820/Gayathri_Girish/December_Season_2007/Anupamagunabhudhi/Anupamagunabhudhi.pitchSilIntrpPP,Anupamagunabhudhi.pitchSilIntrpPP,.pitchsilintrppp,4420000
Carnatic,6345e8fe-7061-4bdc-842c-dcfd4a379820/Musiri_Subramania_Iyer/Paddhatti/Sri_Kumara/Sri_Kumara.flatSegNyas,Sri_Kumara.flatSegNyas,.flatsegnyas,9095
Carnatic,6345e8fe-7061-4bdc-842c-dcfd4a379820/Musiri_Subramania_Iyer/Paddhatti/Sri_Kumara/Sri_Kumara.tonicFine,Sri_Kumara.tonicFine,.tonicfine,25
Carnatic,6345e8fe-7061-4bdc-842c-dcfd4a379820/Musiri_Subramania_Iyer/Paddhatti/Sri_Kumara/Sri_Kumara.taniSegKNN,Sri_Kumara.taniSegKNN,.tanisegknn,0
Carnatic,6345e8fe-7061-4bdc-842c-dcfd4a379820/Musiri_Subramania_Iyer/Paddhatti/Sri_Kumara/Sri_Kumara.pitch,Sri_Kumara.pitch,.pitch,3854577
Carnatic,6345e8fe-7061-4bdc-842c-dcfd4a379820/Musiri_Subramania_Iyer/Paddhatti/Sri_Kumara/Sri_Kumara.pitchSilIntrpPP,Sri_Kumara.pitchSilIntrpPP,.pitchsilintrppp,8229250
Carnatic,6345e8fe-7061-4bdc-842c-dcfd4a379820/Musiri_Subramania_Iyer/Paddhatti/Sri_Kumara/Sri_Kumara.tonic,Sri_Kumara.tonic,.tonic,10
Carnatic,6345e8fe-7061-4bdc-842c-dcfd4a379820/Aruna_Sairam/Madrasil_Margazhi_2005/Ela_Ni_Dayaradu/Ela_Ni_Dayaradu.flatSegNyas,Ela_Ni_Dayaradu.flatSegNyas,.flatsegnyas,9502
Carnatic,6345e8fe-7061-4bdc-842c-dcfd4a379820/Aruna_Sairam/Madrasil_Margazhi_2005/Ela_Ni_Dayaradu/Ela_Ni_Dayaradu.tonicFine,Ela_Ni_Dayaradu.tonicFine,.tonicfine,25
Carnatic,6345e8fe-7061-4bdc-842c-dcfd4a379820/Aruna_Sairam/Madrasil_Margazhi_2005/Ela_Ni_Dayaradu/Ela_Ni_Dayaradu.taniSegKNN,Ela_Ni_Dayaradu.taniSegKNN,.tanisegknn,0
Carnatic,6345e8fe-7061-4bdc-842c-dcfd4a379820/Aruna_Sairam/Madrasil_Margazhi_2005/Ela_Ni_Dayaradu/Ela_Ni_Dayaradu.pitchSilIntrpPP,Ela_Ni_Dayaradu.pitchSilIntrpPP,.pitchsilintrppp,6786600
Carnatic,6345e8fe-7061-4bdc-842c-dcfd4a379820/Aruna_Sairam/Madrasil_Margazhi_2005/Ela_Ni_Dayaradu/Ela_Ni_Dayaradu.pitch,Ela_Ni_Dayaradu.pitch,.pitch,3173643
Carnatic,6345e8fe-7061-4bdc-842c-dcfd4a379820/Aruna_Sairam/Madrasil_Margazhi_2005/Ela_Ni_Dayaradu/Ela_Ni_Dayaradu.tonic,Ela_Ni_Dayaradu.tonic,.tonic,10
Carnatic,6345e8fe-7061-4bdc-842c-dcfd4a379820/Nithyasree_Mahadevan/December_Season_2006/Sri_Vaidyanatham/Sri_Vaidyanatham.pitchSilIntrpPP,Sri_Vaidyanatham.pitchSilIntrpPP,.pitchsilintrppp,12678250
Carnatic,6345e8fe-7061-4bdc-842c-dcfd4a379820/Nithyasree_Mahadevan/December_Season_2006/Sri_Vaidyanatham/Sri_Vaidyanatham.tonicFine,Sri_Vaidyanatham.tonicFine,.tonicfine,25
Carnatic,6345e8fe-7061-4bdc-842c-dcfd4a379820/Nithyasree_Mahadevan/December_Season_2006/Sri_Vaidyanatham/Sri_Vaidyanatham.taniSegKNN,Sri_Vaidyanatham.taniSegKNN,.tanisegknn,0
Carnatic,6345e8fe-7061-4bdc-842c-dcfd4a379820/Nithyasree_Mahadevan/December_Season_2006/Sri_Vaidyanatham/Sri_Vaidyanatham.pitch,Sri_Vaidyanatham.pitch,.pitch,5966440
Carnatic,6345e8fe-7061-4bdc-842c-dcfd4a379820/Nithyasree_Mahadevan/December_Season_2006/Sri_Vaidyanatham/Sri_Vaidyanatham.tonic,Sri_Vaidyanatham.tonic,.tonic,10
Carnatic,6345e8fe-7061-4bdc-842c-dcfd4a379820/Nithyasree_Mahadevan/December_Season_2006/Sri_Vaidyanatham/Sri_Vaidyanatham.flatSegNyas,Sri_Vaidyanatham.flatSegNyas,.flatsegnyas,16572
Carnatic,3af5a361-923a-465d-864d-9c7ba0c04a47/D__K__Jayaraman/Paddhatti_Live_In_Concert_1990/Enadu_Ullame/Enadu_Ullame.pitchSilIntrpPP,Enadu_Ullame.pitchSilIntrpPP,.pitchsilintrppp,3321750
Carnatic,3af5a361-923a-465d-864d-9c7ba0c04a47/D__K__Jayaraman/Paddhatti_Live_In_Concert_1990/Enadu_Ullame/Enadu_Ullame.pitch,Enadu_Ullame.pitch,.pitch,1535296
Carnatic,3af5a361-923a-465d-864d-9c7ba0c04a47/D__K__Jayaraman/Paddhatti_Live_In_Concert_1990/Enadu_Ullame/Enadu_Ullame.tonic,Enadu_Ullame.tonic,.tonic,10
Carnatic,3af5a361-923a-465d-864d-9c7ba0c04a47/D__K__Jayaraman/Paddhatti_Live_In_Concert_1990/Enadu_Ullame/Enadu_Ullame.taniSegKNN,Enadu_Ullame.taniSegKNN,.tanisegknn,16
Carnatic,3af5a361-923a-465d-864d-9c7ba0c04a47/D__K__Jayaraman/Paddhatti_Live_In_Concert_1990/Enadu_Ullame/Enadu_Ullame.tonicFine,Enadu_Ullame.tonicFine,.tonicfine,25
Carnatic,3af5a361-923a-465d-864d-9c7ba0c04a47/D__K__Jayaraman/Paddhatti_Live_In_Concert_1990/Enadu_Ullame/Enadu_Ullame.flatSegNyas,Enadu_Ullame.flatSegNyas,.flatsegnyas,3066
Carnatic,3af5a361-923a-465d-864d-9c7ba0c04a47/Kunnakkudi_M_Balamuralikrishna/December_Season_2008/Tillana/Tillana.pitch,Tillana.pitch,.pitch,2108162
Carnatic,3af5a361-923a-465d-864d-9c7ba0c04a47/Kunnakkudi_M_Balamuralikrishna/December_Season_2008/Tillana/Tillana.tonic,Tillana.tonic,.tonic,10
Carnatic,3af5a361-923a-465d-864d-9c7ba0c04a47/Kunnakkudi_M_Balamuralikrishna/December_Season_2008/Tillana/Tillana.tonicFine,Tillana.tonicFine,.tonicfine,25
Carnatic,3af5a361-923a-465d-864d-9c7ba0c04a47/Kunnakkudi_M_Balamuralikrishna/December_Season_2008/Tillana/Tillana.taniSegKNN,Tillana.taniSegKNN,.tanisegknn,0
Carnatic,3af5a361-923a-465d-864d-9c7ba0c04a47/Kunnakkudi_M_Balamuralikrishna/December_Season_2008/Tillana/Tillana.pitchSilIntrpPP,Tillana.pitchSilIntrpPP,.pitchsilintrppp,4524900
Carnatic,3af5a361-923a-465d-864d-9c7ba0c04a47/Kunnakkudi_M_Balamuralikrishna/December_Season_2008/Tillana/Tillana.flatSegNyas,Tillana.flatSegNyas,.flatsegnyas,4212
Carnatic,3af5a361-923a-465d-864d-9c7ba0c04a47/T__Brinda/All_Time_Favourites_-_Vol_1/Sharanu/Sharanu.taniSegKNN,Sharanu.taniSegKNN,.tanisegknn,0
Carnatic,3af5a361-923a-465d-864d-9c7ba0c04a47/T__Brinda/All_Time_Favourites_-_Vol_1/Sharanu/Sharanu.pitch,Sharanu.pitch,.pitch,1681178
Carnatic,3af5a361-923a-465d-864d-9c7ba0c04a47/T__Brinda/All_Time_Favourites_-_Vol_1/Sharanu/Sharanu.flatSegNyas,Sharanu.flatSegNyas,.flatsegnyas,4232
Carnatic,3af5a361-923a-465d-864d-9c7ba0c04a47/T__Brinda/All_Time_Favourites_-_Vol_1/Sharanu/Sharanu.tonic,Sharanu.tonic,.tonic,10
Carnatic,3af5a361-923a-465d-864d-9c7ba0c04a47/T__Brinda/All_Time_Favourites_-_Vol_1/Sharanu/Sharanu.tonicFine,Sharanu.tonicFine,.tonicfine,25
Carnatic,3af5a361-923a-465d-864d-9c7ba0c04a47/T__Brinda/All_Time_Favourites_-_Vol_1/Sharanu/Sharanu.pitchSilIntrpPP,Sharanu.pitchSilIntrpPP,.pitchsilintrppp,3608300
Carnatic,3af5a361-923a-465d-864d-9c7ba0c04a47/M_S__Subbulakshmi/Paddhatti/Naada_Bindu_Kalaadi/Naada_Bindu_Kalaadi.tonic,Naada_Bindu_Kalaadi.tonic,.tonic,10
Carnatic,3af5a361-923a-465d-864d-9c7ba0c04a47/M_S__Subbulakshmi/Paddhatti/Naada_Bindu_Kalaadi/Naada_Bindu_Kalaadi.pitch,Naada_Bindu_Kalaadi.pitch,.pitch,953652
Carnatic,3af5a361-923a-465d-864d-9c7ba0c04a47/M_S__Subbulakshmi/Paddhatti/Naada_Bindu_Kalaadi/Naada_Bindu_Kalaadi.tonicFine,Naada_Bindu_Kalaadi.tonicFine,.tonicfine,25
Carnatic,3af5a361-923a-465d-864d-9c7ba0c04a47/M_S__Subbulakshmi/Paddhatti/Naada_Bindu_Kalaadi/Naada_Bindu_Kalaadi.pitchSilIntrpPP,Naada_Bindu_Kalaadi.pitchSilIntrpPP,.pitchsilintrppp,2064550
Carnatic,3af5a361-923a-465d-864d-9c7ba0c04a47/M_S__Subbulakshmi/Paddhatti/Naada_Bindu_Kalaadi/Naada_Bindu_Kalaadi.taniSegKNN,Naada_Bindu_Kalaadi.taniSegKNN,.tanisegknn,0
Carnatic,3af5a361-923a-465d-864d-9c7ba0c04a47/M_S__Subbulakshmi/Paddhatti/Naada_Bindu_Kalaadi/Naada_Bindu_Kalaadi.flatSegNyas,Naada_Bindu_Kalaadi.flatSegNyas,.flatsegnyas,3059
Carnatic,3af5a361-923a-465d-864d-9c7ba0c04a47/K__V__Narayanaswami/Master_Piece_-_Live_Concert_at_Sri_Krishna_Gana_Sabha_Vol_III/Kaliyugathil/Kaliyugathil.tonic,Kaliyugathil.tonic,.tonic,10
Carnatic,3af5a361-923a-465d-864d-9c7ba0c04a47/K__V__Narayanaswami/Master_Piece_-_Live_Concert_at_Sri_Krishna_Gana_Sabha_Vol_III/Kaliyugathil/Kaliyugathil.flatSegNyas,Kaliyugathil.flatSegNyas,.flatsegnyas,5098
Carnatic,3af5a361-923a-465d-864d-9c7ba0c04a47/K__V__Narayanaswami/Master_Piece_-_Live_Concert_at_Sri_Krishna_Gana_Sabha_Vol_III/Kaliyugathil/Kaliyugathil.pitchSilIntrpPP,Kaliyugathil.pitchSilIntrpPP,.pitchsilintrppp,4772050
Carnatic,3af5a361-923a-465d-864d-9c7ba0c04a47/K__V__Narayanaswami/Master_Piece_-_Live_Concert_at_Sri_Krishna_Gana_Sabha_Vol_III/Kaliyugathil/Kaliyugathil.pitch,Kaliyugathil.pitch,.pitch,2216400
Carnatic,3af5a361-923a-465d-864d-9c7ba0c04a47/K__V__Narayanaswami/Master_Piece_-_Live_Concert_at_Sri_Krishna_Gana_Sabha_Vol_III/Kaliyugathil/Kaliyugathil.taniSegKNN,Kaliyugathil.taniSegKNN,.tanisegknn,0
Carnatic,3af5a361-923a-465d-864d-9c7ba0c04a47/K__V__Narayanaswami/Master_Piece_-_Live_Concert_at_Sri_Krishna_Gana_Sabha_Vol_III/Kaliyugathil/Kaliyugathil.tonicFine,Kaliyugathil.tonicFine,.tonicfine,25
Carnatic,3af5a361-923a-465d-864d-9c7ba0c04a47/K__V__Narayanaswami/Paddhatti/Kallarkkum_Karravarkkum/Kallarkkum_Karravarkkum.flatSegNyas,Kallarkkum_Karravarkkum.flatSegNyas,.flatsegnyas,3446
Carnatic,3af5a361-923a-465d-864d-9c7ba0c04a47/K__V__Narayanaswami/Paddhatti/Kallarkkum_Karravarkkum/Kallarkkum_Karravarkkum.pitch,Kallarkkum_Karravarkkum.pitch,.pitch,3254200
Carnatic,3af5a361-923a-465d-864d-9c7ba0c04a47/K__V__Narayanaswami/Paddhatti/Kallarkkum_Karravarkkum/Kallarkkum_Karravarkkum.pitchSilIntrpPP,Kallarkkum_Karravarkkum.pitchSilIntrpPP,.pitchsilintrppp,3254200
Carnatic,3af5a361-923a-465d-864d-9c7ba0c04a47/K__V__Narayanaswami/Paddhatti/Kallarkkum_Karravarkkum/Kallarkkum_Karravarkkum.tonicFine,Kallarkkum_Karravarkkum.tonicFine,.tonicfine,25
Carnatic,3af5a361-923a-465d-864d-9c7ba0c04a47/K__V__Narayanaswami/Paddhatti/Kallarkkum_Karravarkkum/Kallarkkum_Karravarkkum.tonic,Kallarkkum_Karravarkkum.tonic,.tonic,9
Carnatic,3af5a361-923a-465d-864d-9c7ba0c04a47/K__V__Narayanaswami/Paddhatti/Kallarkkum_Karravarkkum/Kallarkkum_Karravarkkum.taniSegKNN,Kallarkkum_Karravarkkum.taniSegKNN,.tanisegknn,0
Carnatic,3af5a361-923a-465d-864d-9c7ba0c04a47/S__Sowmya/December_Season_1999/Villinai_Otha/Villinai_Otha.tonicFine,Villinai_Otha.tonicFine,.tonicfine,25
Carnatic,3af5a361-923a-465d-864d-9c7ba0c04a47/S__Sowmya/December_Season_1999/Villinai_Otha/Villinai_Otha.tonic,Villinai_Otha.tonic,.tonic,10
Carnatic,3af5a361-923a-465d-864d-9c7ba0c04a47/S__Sowmya/December_Season_1999/Villinai_Otha/Villinai_Otha.flatSegNyas,Villinai_Otha.flatSegNyas,.flatsegnyas,2957
Carnatic,3af5a361-923a-465d-864d-9c7ba0c04a47/S__Sowmya/December_Season_1999/Villinai_Otha/Villinai_Otha.pitchSilIntrpPP,Villinai_Otha.pitchSilIntrpPP,.pitchsilintrppp,1934400
Carnatic,3af5a361-923a-465d-864d-9c7ba0c04a47/S__Sowmya/December_Season_1999/Villinai_Otha/Villinai_Otha.pitch,Villinai_Otha.pitch,.pitch,885208
Carnatic,3af5a361-923a-465d-864d-9c7ba0c04a47/S__Sowmya/December_Season_1999/Villinai_Otha/Villinai_Otha.taniSegKNN,Villinai_Otha.taniSegKNN,.tanisegknn,16
Carnatic,3af5a361-923a-465d-864d-9c7ba0c04a47/Gayathri_Venkataraghavan/December_Season_2006/Kallarkkum/Kallarkkum.tonicFine,Kallarkkum.tonicFine,.tonicfine,25
Carnatic,3af5a361-923a-465d-864d-9c7ba0c04a47/Gayathri_Venkataraghavan/December_Season_2006/Kallarkkum/Kallarkkum.pitchSilIntrpPP,Kallarkkum.pitchSilIntrpPP,.pitchsilintrppp,2252650
Carnatic,3af5a361-923a-465d-864d-9c7ba0c04a47/Gayathri_Venkataraghavan/December_Season_2006/Kallarkkum/Kallarkkum.pitch,Kallarkkum.pitch,.pitch,1039600
Carnatic,3af5a361-923a-465d-864d-9c7ba0c04a47/Gayathri_Venkataraghavan/December_Season_2006/Kallarkkum/Kallarkkum.flatSegNyas,Kallarkkum.flatSegNyas,.flatsegnyas,2852
Carnatic,3af5a361-923a-465d-864d-9c7ba0c04a47/Gayathri_Venkataraghavan/December_Season_2006/Kallarkkum/Kallarkkum.taniSegKNN,Kallarkkum.taniSegKNN,.tanisegknn,0
Carnatic,3af5a361-923a-465d-864d-9c7ba0c04a47/Gayathri_Venkataraghavan/December_Season_2006/Kallarkkum/Kallarkkum.tonic,Kallarkkum.tonic,.tonic,10
Carnatic,3af5a361-923a-465d-864d-9c7ba0c04a47/Sanjay_Subrahmanyan/December_Season_2000/Pittam_Teliya/Pittam_Teliya.taniSegKNN,Pittam_Teliya.taniSegKNN,.tanisegknn,16
Carnatic,3af5a361-923a-465d-864d-9c7ba0c04a47/Sanjay_Subrahmanyan/December_Season_2000/Pittam_Teliya/Pittam_Teliya.pitch,Pittam_Teliya.pitch,.pitch,1341498
Carnatic,3af5a361-923a-465d-864d-9c7ba0c04a47/Sanjay_Subrahmanyan/December_Season_2000/Pittam_Teliya/Pittam_Teliya.tonicFine,Pittam_Teliya.tonicFine,.tonicfine,25
Carnatic,3af5a361-923a-465d-864d-9c7ba0c04a47/Sanjay_Subrahmanyan/December_Season_2000/Pittam_Teliya/Pittam_Teliya.tonic,Pittam_Teliya.tonic,.tonic,10
Carnatic,3af5a361-923a-465d-864d-9c7ba0c04a47/Sanjay_Subrahmanyan/December_Season_2000/Pittam_Teliya/Pittam_Teliya.flatSegNyas,Pittam_Teliya.flatSegNyas,.flatsegnyas,4078
Carnatic,3af5a361-923a-465d-864d-9c7ba0c04a47/Sanjay_Subrahmanyan/December_Season_2000/Pittam_Teliya/Pittam_Teliya.pitchSilIntrpPP,Pittam_Teliya.pitchSilIntrpPP,.pitchsilintrppp,2904150
Carnatic,3af5a361-923a-465d-864d-9c7ba0c04a47/Aruna_Sairam/December_Season_2001/Valli_Kanavan/Valli_Kanavan.tonicFine,Valli_Kanavan.tonicFine,.tonicfine,25
Carnatic,3af5a361-923a-465d-864d-9c7ba0c04a47/Aruna_Sairam/December_Season_2001/Valli_Kanavan/Valli_Kanavan.taniSegKNN,Valli_Kanavan.taniSegKNN,.tanisegknn,0
Carnatic,3af5a361-923a-465d-864d-9c7ba0c04a47/Aruna_Sairam/December_Season_2001/Valli_Kanavan/Valli_Kanavan.flatSegNyas,Valli_Kanavan.flatSegNyas,.flatsegnyas,2638
Carnatic,3af5a361-923a-465d-864d-9c7ba0c04a47/Aruna_Sairam/December_Season_2001/Valli_Kanavan/Valli_Kanavan.pitch,Valli_Kanavan.pitch,.pitch,982210
Carnatic,3af5a361-923a-465d-864d-9c7ba0c04a47/Aruna_Sairam/December_Season_2001/Valli_Kanavan/Valli_Kanavan.tonic,Valli_Kanavan.tonic,.tonic,10
Carnatic,3af5a361-923a-465d-864d-9c7ba0c04a47/Aruna_Sairam/December_Season_2001/Valli_Kanavan/Valli_Kanavan.pitchSilIntrpPP,Valli_Kanavan.pitchSilIntrpPP,.pitchsilintrppp,2138600
Carnatic,3af5a361-923a-465d-864d-9c7ba0c04a47/Aruna_Sairam/December_Season_2002/Pazhani_Shanmuga/Pazhani_Shanmuga.tonicFine,Pazhani_Shanmuga.tonicFine,.tonicfine,25
Carnatic,3af5a361-923a-465d-864d-9c7ba0c04a47/Aruna_Sairam/December_Season_2002/Pazhani_Shanmuga/Pazhani_Shanmuga.flatSegNyas,Pazhani_Shanmuga.flatSegNyas,.flatsegnyas,3679
Carnatic,3af5a361-923a-465d-864d-9c7ba0c04a47/Aruna_Sairam/December_Season_2002/Pazhani_Shanmuga/Pazhani_Shanmuga.pitch,Pazhani_Shanmuga.pitch,.pitch,947180
Carnatic,3af5a361-923a-465d-864d-9c7ba0c04a47/Aruna_Sairam/December_Season_2002/Pazhani_Shanmuga/Pazhani_Shanmuga.pitchSilIntrpPP,Pazhani_Shanmuga.pitchSilIntrpPP,.pitchsilintrppp,2060450
Carnatic,3af5a361-923a-465d-864d-9c7ba0c04a47/Aruna_Sairam/December_Season_2002/Pazhani_Shanmuga/Pazhani_Shanmuga.tonic,Pazhani_Shanmuga.tonic,.tonic,10
Carnatic,3af5a361-923a-465d-864d-9c7ba0c04a47/Aruna_Sairam/December_Season_2002/Pazhani_Shanmuga/Pazhani_Shanmuga.taniSegKNN,Pazhani_Shanmuga.taniSegKNN,.tanisegknn,0
Carnatic,3af5a361-923a-465d-864d-9c7ba0c04a47/M_R_Subramaniam/December_Season_2008/Kallarkkum/Kallarkkum.tonicFine,Kallarkkum.tonicFine,.tonicfine,25
Carnatic,3af5a361-923a-465d-864d-9c7ba0c04a47/M_R_Subramaniam/December_Season_2008/Kallarkkum/Kallarkkum.pitchSilIntrpPP,Kallarkkum.pitchSilIntrpPP,.pitchsilintrppp,3333800
Carnatic,3af5a361-923a-465d-864d-9c7ba0c04a47/M_R_Subramaniam/December_Season_2008/Kallarkkum/Kallarkkum.pitch,Kallarkkum.pitch,.pitch,1542064
Carnatic,3af5a361-923a-465d-864d-9c7ba0c04a47/M_R_Subramaniam/December_Season_2008/Kallarkkum/Kallarkkum.flatSegNyas,Kallarkkum.flatSegNyas,.flatsegnyas,3843
Carnatic,3af5a361-923a-465d-864d-9c7ba0c04a47/M_R_Subramaniam/December_Season_2008/Kallarkkum/Kallarkkum.taniSegKNN,Kallarkkum.taniSegKNN,.tanisegknn,0
Carnatic,3af5a361-923a-465d-864d-9c7ba0c04a47/M_R_Subramaniam/December_Season_2008/Kallarkkum/Kallarkkum.tonic,Kallarkkum.tonic,.tonic,10
Carnatic,839bb6b4-1577-4a78-9e5d-4906c6453274/Kunnakkudi_M_Balamuralikrishna/December_Season_2006/Maryada_Teliyakane/Maryada_Teliyakane.pitchSilIntrpPP,Maryada_Teliyakane.pitchSilIntrpPP,.pitchsilintrppp,3665000
Carnatic,839bb6b4-1577-4a78-9e5d-4906c6453274/Kunnakkudi_M_Balamuralikrishna/December_Season_2006/Maryada_Teliyakane/Maryada_Teliyakane.tonic,Maryada_Teliyakane.tonic,.tonic,10
Carnatic,839bb6b4-1577-4a78-9e5d-4906c6453274/Kunnakkudi_M_Balamuralikrishna/December_Season_2006/Maryada_Teliyakane/Maryada_Teliyakane.tonicFine,Maryada_Teliyakane.tonicFine,.tonicfine,25
Carnatic,839bb6b4-1577-4a78-9e5d-4906c6453274/Kunnakkudi_M_Balamuralikrishna/December_Season_2006/Maryada_Teliyakane/Maryada_Teliyakane.taniSegKNN,Maryada_Teliyakane.taniSegKNN,.tanisegknn,0
Carnatic,839bb6b4-1577-4a78-9e5d-4906c6453274/Kunnakkudi_M_Balamuralikrishna/December_Season_2006/Maryada_Teliyakane/Maryada_Teliyakane.flatSegNyas,Maryada_Teliyakane.flatSegNyas,.flatsegnyas,3580
Carnatic,839bb6b4-1577-4a78-9e5d-4906c6453274/Kunnakkudi_M_Balamuralikrishna/December_Season_2006/Maryada_Teliyakane/Maryada_Teliyakane.pitch,Maryada_Teliyakane.pitch,.pitch,1703912
Carnatic,839bb6b4-1577-4a78-9e5d-4906c6453274/T__M__Krishna/Vaishnava_Ksetra/Aiyan_Azhagan_-_Azhagarkoil/Aiyan_Azhagan_-_Azhagarkoil.pitch,Aiyan_Azhagan_-_Azhagarkoil.pitch,.pitch,2892597
Carnatic,839bb6b4-1577-4a78-9e5d-4906c6453274/T__M__Krishna/Vaishnava_Ksetra/Aiyan_Azhagan_-_Azhagarkoil/Aiyan_Azhagan_-_Azhagarkoil.pitchSilIntrpPP,Aiyan_Azhagan_-_Azhagarkoil.pitchSilIntrpPP,.pitchsilintrppp,6230950
Carnatic,839bb6b4-1577-4a78-9e5d-4906c6453274/T__M__Krishna/Vaishnava_Ksetra/Aiyan_Azhagan_-_Azhagarkoil/Aiyan_Azhagan_-_Azhagarkoil.tonic,Aiyan_Azhagan_-_Azhagarkoil.tonic,.tonic,10
Carnatic,839bb6b4-1577-4a78-9e5d-4906c6453274/T__M__Krishna/Vaishnava_Ksetra/Aiyan_Azhagan_-_Azhagarkoil/Aiyan_Azhagan_-_Azhagarkoil.tonicFine,Aiyan_Azhagan_-_Azhagarkoil.tonicFine,.tonicfine,25
Carnatic,839bb6b4-1577-4a78-9e5d-4906c6453274/T__M__Krishna/Vaishnava_Ksetra/Aiyan_Azhagan_-_Azhagarkoil/Aiyan_Azhagan_-_Azhagarkoil.taniSegKNN,Aiyan_Azhagan_-_Azhagarkoil.taniSegKNN,.tanisegknn,29
Carnatic,839bb6b4-1577-4a78-9e5d-4906c6453274/T__M__Krishna/Vaishnava_Ksetra/Aiyan_Azhagan_-_Azhagarkoil/Aiyan_Azhagan_-_Azhagarkoil.flatSegNyas,Aiyan_Azhagan_-_Azhagarkoil.flatSegNyas,.flatsegnyas,6740
Carnatic,839bb6b4-1577-4a78-9e5d-4906c6453274/K__V__Narayanaswami/Master_Piece_-_Live_Concert_at_Sri_Krishna_Gana_Sabha_Vol_III/Ethuku_Ithanai/Ethuku_Ithanai.taniSegKNN,Ethuku_Ithanai.taniSegKNN,.tanisegknn,0
Carnatic,839bb6b4-1577-4a78-9e5d-4906c6453274/K__V__Narayanaswami/Master_Piece_-_Live_Concert_at_Sri_Krishna_Gana_Sabha_Vol_III/Ethuku_Ithanai/Ethuku_Ithanai.flatSegNyas,Ethuku_Ithanai.flatSegNyas,.flatsegnyas,1894
Carnatic,839bb6b4-1577-4a78-9e5d-4906c6453274/K__V__Narayanaswami/Master_Piece_-_Live_Concert_at_Sri_Krishna_Gana_Sabha_Vol_III/Ethuku_Ithanai/Ethuku_Ithanai.tonicFine,Ethuku_Ithanai.tonicFine,.tonicfine,25
Carnatic,839bb6b4-1577-4a78-9e5d-4906c6453274/K__V__Narayanaswami/Master_Piece_-_Live_Concert_at_Sri_Krishna_Gana_Sabha_Vol_III/Ethuku_Ithanai/Ethuku_Ithanai.pitchSilIntrpPP,Ethuku_Ithanai.pitchSilIntrpPP,.pitchsilintrppp,1761300
Carnatic,839bb6b4-1577-4a78-9e5d-4906c6453274/K__V__Narayanaswami/Master_Piece_-_Live_Concert_at_Sri_Krishna_Gana_Sabha_Vol_III/Ethuku_Ithanai/Ethuku_Ithanai.tonic,Ethuku_Ithanai.tonic,.tonic,10
Carnatic,839bb6b4-1577-4a78-9e5d-4906c6453274/K__V__Narayanaswami/Master_Piece_-_Live_Concert_at_Sri_Krishna_Gana_Sabha_Vol_III/Ethuku_Ithanai/Ethuku_Ithanai.pitch,Ethuku_Ithanai.pitch,.pitch,801496
Carnatic,839bb6b4-1577-4a78-9e5d-4906c6453274/Gayathri_Venkataraghavan/December_Season_2009/Govindarajaya/Govindarajaya.taniSegKNN,Govindarajaya.taniSegKNN,.tanisegknn,0
Carnatic,839bb6b4-1577-4a78-9e5d-4906c6453274/Gayathri_Venkataraghavan/December_Season_2009/Govindarajaya/Govindarajaya.tonicFine,Govindarajaya.tonicFine,.tonicfine,25
Carnatic,839bb6b4-1577-4a78-9e5d-4906c6453274/Gayathri_Venkataraghavan/December_Season_2009/Govindarajaya/Govindarajaya.pitchSilIntrpPP,Govindarajaya.pitchSilIntrpPP,.pitchsilintrppp,13502000
Carnatic,839bb6b4-1577-4a78-9e5d-4906c6453274/Gayathri_Venkataraghavan/December_Season_2009/Govindarajaya/Govindarajaya.tonic,Govindarajaya.tonic,.tonic,10
Carnatic,839bb6b4-1577-4a78-9e5d-4906c6453274/Gayathri_Venkataraghavan/December_Season_2009/Govindarajaya/Govindarajaya.pitch,Govindarajaya.pitch,.pitch,6385521
Carnatic,839bb6b4-1577-4a78-9e5d-4906c6453274/Gayathri_Venkataraghavan/December_Season_2009/Govindarajaya/Govindarajaya.flatSegNyas,Govindarajaya.flatSegNyas,.flatsegnyas,17754
Carnatic,839bb6b4-1577-4a78-9e5d-4906c6453274/Mahati/Mahati_at_Arkay/Kannallavo_Swami/Kannallavo_Swami.pitchSilIntrpPP,Kannallavo_Swami.pitchSilIntrpPP,.pitchsilintrppp,4427650
Carnatic,839bb6b4-1577-4a78-9e5d-4906c6453274/Mahati/Mahati_at_Arkay/Kannallavo_Swami/Kannallavo_Swami.tonicFine,Kannallavo_Swami.tonicFine,.tonicfine,25
Carnatic,839bb6b4-1577-4a78-9e5d-4906c6453274/Mahati/Mahati_at_Arkay/Kannallavo_Swami/Kannallavo_Swami.taniSegKNN,Kannallavo_Swami.taniSegKNN,.tanisegknn,16
Carnatic,839bb6b4-1577-4a78-9e5d-4906c6453274/Mahati/Mahati_at_Arkay/Kannallavo_Swami/Kannallavo_Swami.tonic,Kannallavo_Swami.tonic,.tonic,10
Carnatic,839bb6b4-1577-4a78-9e5d-4906c6453274/Mahati/Mahati_at_Arkay/Kannallavo_Swami/Kannallavo_Swami.pitch,Kannallavo_Swami.pitch,.pitch,2060366
Carnatic,839bb6b4-1577-4a78-9e5d-4906c6453274/Mahati/Mahati_at_Arkay/Kannallavo_Swami/Kannallavo_Swami.flatSegNyas,Kannallavo_Swami.flatSegNyas,.flatsegnyas,5040
Carnatic,839bb6b4-1577-4a78-9e5d-4906c6453274/Sanjay_Subrahmanyan/December_Season_2006/Adiyapadattai/Adiyapadattai.tonic,Adiyapadattai.tonic,.tonic,10
Carnatic,839bb6b4-1577-4a78-9e5d-4906c6453274/Sanjay_Subrahmanyan/December_Season_2006/Adiyapadattai/Adiyapadattai.flatSegNyas,Adiyapadattai.flatSegNyas,.flatsegnyas,2118
Carnatic,839bb6b4-1577-4a78-9e5d-4906c6453274/Sanjay_Subrahmanyan/December_Season_2006/Adiyapadattai/Adiyapadattai.pitchSilIntrpPP,Adiyapadattai.pitchSilIntrpPP,.pitchsilintrppp,2295350
Carnatic,839bb6b4-1577-4a78-9e5d-4906c6453274/Sanjay_Subrahmanyan/December_Season_2006/Adiyapadattai/Adiyapadattai.taniSegKNN,Adiyapadattai.taniSegKNN,.tanisegknn,0
Carnatic,839bb6b4-1577-4a78-9e5d-4906c6453274/Sanjay_Subrahmanyan/December_Season_2006/Adiyapadattai/Adiyapadattai.tonicFine,Adiyapadattai.tonicFine,.tonicfine,25
Carnatic,839bb6b4-1577-4a78-9e5d-4906c6453274/Sanjay_Subrahmanyan/December_Season_2006/Adiyapadattai/Adiyapadattai.pitch,Adiyapadattai.pitch,.pitch,1048319
Carnatic,839bb6b4-1577-4a78-9e5d-4906c6453274/Sanjay_Subrahmanyan/December_Season_2011/Angaraka_Ashrayamyaham/Angaraka_Ashrayamyaham.tonicFine,Angaraka_Ashrayamyaham.tonicFine,.tonicfine,25
Carnatic,839bb6b4-1577-4a78-9e5d-4906c6453274/Sanjay_Subrahmanyan/December_Season_2011/Angaraka_Ashrayamyaham/Angaraka_Ashrayamyaham.pitch,Angaraka_Ashrayamyaham.pitch,.pitch,4776811
Carnatic,839bb6b4-1577-4a78-9e5d-4906c6453274/Sanjay_Subrahmanyan/December_Season_2011/Angaraka_Ashrayamyaham/Angaraka_Ashrayamyaham.pitchSilIntrpPP,Angaraka_Ashrayamyaham.pitchSilIntrpPP,.pitchsilintrppp,10221700
Carnatic,839bb6b4-1577-4a78-9e5d-4906c6453274/Sanjay_Subrahmanyan/December_Season_2011/Angaraka_Ashrayamyaham/Angaraka_Ashrayamyaham.flatSegNyas,Angaraka_Ashrayamyaham.flatSegNyas,.flatsegnyas,11948
Carnatic,839bb6b4-1577-4a78-9e5d-4906c6453274/Sanjay_Subrahmanyan/December_Season_2011/Angaraka_Ashrayamyaham/Angaraka_Ashrayamyaham.tonic,Angaraka_Ashrayamyaham.tonic,.tonic,10
Carnatic,839bb6b4-1577-4a78-9e5d-4906c6453274/Sanjay_Subrahmanyan/December_Season_2011/Angaraka_Ashrayamyaham/Angaraka_Ashrayamyaham.taniSegKNN,Angaraka_Ashrayamyaham.taniSegKNN,.tanisegknn,16
Carnatic,839bb6b4-1577-4a78-9e5d-4906c6453274/Nisha_P_Rajagopal/December_Season_2008/Veganivu/Veganivu.taniSegKNN,Veganivu.taniSegKNN,.tanisegknn,0
Carnatic,839bb6b4-1577-4a78-9e5d-4906c6453274/Nisha_P_Rajagopal/December_Season_2008/Veganivu/Veganivu.pitchSilIntrpPP,Veganivu.pitchSilIntrpPP,.pitchsilintrppp,3673850
Carnatic,839bb6b4-1577-4a78-9e5d-4906c6453274/Nisha_P_Rajagopal/December_Season_2008/Veganivu/Veganivu.tonic,Veganivu.tonic,.tonic,10
Carnatic,839bb6b4-1577-4a78-9e5d-4906c6453274/Nisha_P_Rajagopal/December_Season_2008/Veganivu/Veganivu.flatSegNyas,Veganivu.flatSegNyas,.flatsegnyas,4802
Carnatic,839bb6b4-1577-4a78-9e5d-4906c6453274/Nisha_P_Rajagopal/December_Season_2008/Veganivu/Veganivu.pitch,Veganivu.pitch,.pitch,1710624
Carnatic,839bb6b4-1577-4a78-9e5d-4906c6453274/Nisha_P_Rajagopal/December_Season_2008/Veganivu/Veganivu.tonicFine,Veganivu.tonicFine,.tonicfine,25
Carnatic,839bb6b4-1577-4a78-9e5d-4906c6453274/Sikkil_Gurucharan/December_Season_2009/Sri_Venkata_Girirshama/Sri_Venkata_Girirshama.taniSegKNN,Sri_Venkata_Girirshama.taniSegKNN,.tanisegknn,0
Carnatic,839bb6b4-1577-4a78-9e5d-4906c6453274/Sikkil_Gurucharan/December_Season_2009/Sri_Venkata_Girirshama/Sri_Venkata_Girirshama.flatSegNyas,Sri_Venkata_Girirshama.flatSegNyas,.flatsegnyas,21132
Carnatic,839bb6b4-1577-4a78-9e5d-4906c6453274/Sikkil_Gurucharan/December_Season_2009/Sri_Venkata_Girirshama/Sri_Venkata_Girirshama.pitchSilIntrpPP,Sri_Venkata_Girirshama.pitchSilIntrpPP,.pitchsilintrppp,19641950
Carnatic,839bb6b4-1577-4a78-9e5d-4906c6453274/Sikkil_Gurucharan/December_Season_2009/Sri_Venkata_Girirshama/Sri_Venkata_Girirshama.tonic,Sri_Venkata_Girirshama.tonic,.tonic,10
Carnatic,839bb6b4-1577-4a78-9e5d-4906c6453274/Sikkil_Gurucharan/December_Season_2009/Sri_Venkata_Girirshama/Sri_Venkata_Girirshama.tonicFine,Sri_Venkata_Girirshama.tonicFine,.tonicfine,25
Carnatic,839bb6b4-1577-4a78-9e5d-4906c6453274/Sikkil_Gurucharan/December_Season_2009/Sri_Venkata_Girirshama/Sri_Venkata_Girirshama.pitch,Sri_Venkata_Girirshama.pitch,.pitch,9381233
Carnatic,839bb6b4-1577-4a78-9e5d-4906c6453274/Nithyasree_Mahadevan/December_Season_2006/Ento_Premato/Ento_Premato.tonicFine,Ento_Premato.tonicFine,.tonicfine,25
Carnatic,839bb6b4-1577-4a78-9e5d-4906c6453274/Nithyasree_Mahadevan/December_Season_2006/Ento_Premato/Ento_Premato.pitchSilIntrpPP,Ento_Premato.pitchSilIntrpPP,.pitchsilintrppp,5369500
Carnatic,839bb6b4-1577-4a78-9e5d-4906c6453274/Nithyasree_Mahadevan/December_Season_2006/Ento_Premato/Ento_Premato.taniSegKNN,Ento_Premato.taniSegKNN,.tanisegknn,0
Carnatic,839bb6b4-1577-4a78-9e5d-4906c6453274/Nithyasree_Mahadevan/December_Season_2006/Ento_Premato/Ento_Premato.pitch,Ento_Premato.pitch,.pitch,2508874
Carnatic,839bb6b4-1577-4a78-9e5d-4906c6453274/Nithyasree_Mahadevan/December_Season_2006/Ento_Premato/Ento_Premato.flatSegNyas,Ento_Premato.flatSegNyas,.flatsegnyas,7022
Carnatic,839bb6b4-1577-4a78-9e5d-4906c6453274/Nithyasree_Mahadevan/December_Season_2006/Ento_Premato/Ento_Premato.tonic,Ento_Premato.tonic,.tonic,10
Carnatic,839bb6b4-1577-4a78-9e5d-4906c6453274/Prasanna_Venkataraman/December_Season_2009/Angarakam/Angarakam.pitchSilIntrpPP,Angarakam.pitchSilIntrpPP,.pitchsilintrppp,20813650
Carnatic,839bb6b4-1577-4a78-9e5d-4906c6453274/Prasanna_Venkataraman/December_Season_2009/Angarakam/Angarakam.flatSegNyas,Angarakam.flatSegNyas,.flatsegnyas,29364
Carnatic,839bb6b4-1577-4a78-9e5d-4906c6453274/Prasanna_Venkataraman/December_Season_2009/Angarakam/Angarakam.taniSegKNN,Angarakam.taniSegKNN,.tanisegknn,0
Carnatic,839bb6b4-1577-4a78-9e5d-4906c6453274/Prasanna_Venkataraman/December_Season_2009/Angarakam/Angarakam.pitch,Angarakam.pitch,.pitch,9945910
Carnatic,839bb6b4-1577-4a78-9e5d-4906c6453274/Prasanna_Venkataraman/December_Season_2009/Angarakam/Angarakam.tonicFine,Angarakam.tonicFine,.tonicfine,25
Carnatic,839bb6b4-1577-4a78-9e5d-4906c6453274/Prasanna_Venkataraman/December_Season_2009/Angarakam/Angarakam.tonic,Angarakam.tonic,.tonic,10
Carnatic,839bb6b4-1577-4a78-9e5d-4906c6453274/M_R_Subramaniam/December_Season_2008/Vanga_Kadal/Vanga_Kadal.pitch,Vanga_Kadal.pitch,.pitch,715914
Carnatic,839bb6b4-1577-4a78-9e5d-4906c6453274/M_R_Subramaniam/December_Season_2008/Vanga_Kadal/Vanga_Kadal.taniSegKNN,Vanga_Kadal.taniSegKNN,.tanisegknn,0
Carnatic,839bb6b4-1577-4a78-9e5d-4906c6453274/M_R_Subramaniam/December_Season_2008/Vanga_Kadal/Vanga_Kadal.flatSegNyas,Vanga_Kadal.flatSegNyas,.flatsegnyas,1757
Carnatic,839bb6b4-1577-4a78-9e5d-4906c6453274/M_R_Subramaniam/December_Season_2008/Vanga_Kadal/Vanga_Kadal.tonicFine,Vanga_Kadal.tonicFine,.tonicfine,25
Carnatic,839bb6b4-1577-4a78-9e5d-4906c6453274/M_R_Subramaniam/December_Season_2008/Vanga_Kadal/Vanga_Kadal.tonic,Vanga_Kadal.tonic,.tonic,10
Carnatic,839bb6b4-1577-4a78-9e5d-4906c6453274/M_R_Subramaniam/December_Season_2008/Vanga_Kadal/Vanga_Kadal.pitchSilIntrpPP,Vanga_Kadal.pitchSilIntrpPP,.pitchsilintrppp,1574100
Carnatic,98d46d9e-5100-4f24-bcd4-d0f95966c7cb/Akkarai_Sisters/Akkarai_Sisters_at_Arkay/Manadirkkugandhadu/Manadirkkugandhadu.flatSegNyas,Manadirkkugandhadu.flatSegNyas,.flatsegnyas,4190
Carnatic,98d46d9e-5100-4f24-bcd4-d0f95966c7cb/Akkarai_Sisters/Akkarai_Sisters_at_Arkay/Manadirkkugandhadu/Manadirkkugandhadu.tonic,Manadirkkugandhadu.tonic,.tonic,10
Carnatic,98d46d9e-5100-4f24-bcd4-d0f95966c7cb/Akkarai_Sisters/Akkarai_Sisters_at_Arkay/Manadirkkugandhadu/Manadirkkugandhadu.tonicFine,Manadirkkugandhadu.tonicFine,.tonicfine,25
Carnatic,98d46d9e-5100-4f24-bcd4-d0f95966c7cb/Akkarai_Sisters/Akkarai_Sisters_at_Arkay/Manadirkkugandhadu/Manadirkkugandhadu.pitch,Manadirkkugandhadu.pitch,.pitch,1705150
Carnatic,98d46d9e-5100-4f24-bcd4-d0f95966c7cb/Akkarai_Sisters/Akkarai_Sisters_at_Arkay/Manadirkkugandhadu/Manadirkkugandhadu.pitchSilIntrpPP,Manadirkkugandhadu.pitchSilIntrpPP,.pitchsilintrppp,3678850
Carnatic,98d46d9e-5100-4f24-bcd4-d0f95966c7cb/Akkarai_Sisters/Akkarai_Sisters_at_Arkay/Manadirkkugandhadu/Manadirkkugandhadu.taniSegKNN,Manadirkkugandhadu.taniSegKNN,.tanisegknn,0
Carnatic,98d46d9e-5100-4f24-bcd4-d0f95966c7cb/Sumithra_Vasudev/Sumitra_Vasudev_at_Arkay/Va_Va_Brindavana/Va_Va_Brindavana.taniSegKNN,Va_Va_Brindavana.taniSegKNN,.tanisegknn,0
Carnatic,98d46d9e-5100-4f24-bcd4-d0f95966c7cb/Sumithra_Vasudev/Sumitra_Vasudev_at_Arkay/Va_Va_Brindavana/Va_Va_Brindavana.pitch,Va_Va_Brindavana.pitch,.pitch,1153486
Carnatic,98d46d9e-5100-4f24-bcd4-d0f95966c7cb/Sumithra_Vasudev/Sumitra_Vasudev_at_Arkay/Va_Va_Brindavana/Va_Va_Brindavana.tonic,Va_Va_Brindavana.tonic,.tonic,10
Carnatic,98d46d9e-5100-4f24-bcd4-d0f95966c7cb/Sumithra_Vasudev/Sumitra_Vasudev_at_Arkay/Va_Va_Brindavana/Va_Va_Brindavana.pitchSilIntrpPP,Va_Va_Brindavana.pitchSilIntrpPP,.pitchsilintrppp,2505650
Carnatic,98d46d9e-5100-4f24-bcd4-d0f95966c7cb/Sumithra_Vasudev/Sumitra_Vasudev_at_Arkay/Va_Va_Brindavana/Va_Va_Brindavana.flatSegNyas,Va_Va_Brindavana.flatSegNyas,.flatsegnyas,3785
Carnatic,98d46d9e-5100-4f24-bcd4-d0f95966c7cb/Sumithra_Vasudev/Sumitra_Vasudev_at_Arkay/Va_Va_Brindavana/Va_Va_Brindavana.tonicFine,Va_Va_Brindavana.tonicFine,.tonicfine,25
Carnatic,98d46d9e-5100-4f24-bcd4-d0f95966c7cb/T__M__Krishna/December_Season_2009/Anrivvulagam/Anrivvulagam.pitch,Anrivvulagam.pitch,.pitch,1065904
Carnatic,98d46d9e-5100-4f24-bcd4-d0f95966c7cb/T__M__Krishna/December_Season_2009/Anrivvulagam/Anrivvulagam.tonic,Anrivvulagam.tonic,.tonic,10
Carnatic,98d46d9e-5100-4f24-bcd4-d0f95966c7cb/T__M__Krishna/December_Season_2009/Anrivvulagam/Anrivvulagam.pitchSilIntrpPP,Anrivvulagam.pitchSilIntrpPP,.pitchsilintrppp,2339650
Carnatic,98d46d9e-5100-4f24-bcd4-d0f95966c7cb/T__M__Krishna/December_Season_2009/Anrivvulagam/Anrivvulagam.taniSegKNN,Anrivvulagam.taniSegKNN,.tanisegknn,0
Carnatic,98d46d9e-5100-4f24-bcd4-d0f95966c7cb/T__M__Krishna/December_Season_2009/Anrivvulagam/Anrivvulagam.flatSegNyas,Anrivvulagam.flatSegNyas,.flatsegnyas,2414
Carnatic,98d46d9e-5100-4f24-bcd4-d0f95966c7cb/T__M__Krishna/December_Season_2009/Anrivvulagam/Anrivvulagam.tonicFine,Anrivvulagam.tonicFine,.tonicfine,25
Carnatic,98d46d9e-5100-4f24-bcd4-d0f95966c7cb/T__M__Krishna/Carnatic_Vocal/Vishweshsra/Vishweshsra.pitchSilIntrpPP,Vishweshsra.pitchSilIntrpPP,.pitchsilintrppp,4608050
Carnatic,98d46d9e-5100-4f24-bcd4-d0f95966c7cb/T__M__Krishna/Carnatic_Vocal/Vishweshsra/Vishweshsra.flatSegNyas,Vishweshsra.flatSegNyas,.flatsegnyas,3788
Carnatic,98d46d9e-5100-4f24-bcd4-d0f95966c7cb/T__M__Krishna/Carnatic_Vocal/Vishweshsra/Vishweshsra.taniSegKNN,Vishweshsra.taniSegKNN,.tanisegknn,0
Carnatic,98d46d9e-5100-4f24-bcd4-d0f95966c7cb/T__M__Krishna/Carnatic_Vocal/Vishweshsra/Vishweshsra.tonic,Vishweshsra.tonic,.tonic,10
Carnatic,98d46d9e-5100-4f24-bcd4-d0f95966c7cb/T__M__Krishna/Carnatic_Vocal/Vishweshsra/Vishweshsra.pitch,Vishweshsra.pitch,.pitch,2128870
Carnatic,98d46d9e-5100-4f24-bcd4-d0f95966c7cb/T__M__Krishna/Carnatic_Vocal/Vishweshsra/Vishweshsra.tonicFine,Vishweshsra.tonicFine,.tonicfine,25
Carnatic,98d46d9e-5100-4f24-bcd4-d0f95966c7cb/T__M__Krishna/December_Season_2000/Nath_Hare/Nath_Hare.pitch,Nath_Hare.pitch,.pitch,1343264
Carnatic,98d46d9e-5100-4f24-bcd4-d0f95966c7cb/T__M__Krishna/December_Season_2000/Nath_Hare/Nath_Hare.flatSegNyas,Nath_Hare.flatSegNyas,.flatsegnyas,2651
Carnatic,98d46d9e-5100-4f24-bcd4-d0f95966c7cb/T__M__Krishna/December_Season_2000/Nath_Hare/Nath_Hare.tonic,Nath_Hare.tonic,.tonic,4
Carnatic,98d46d9e-5100-4f24-bcd4-d0f95966c7cb/T__M__Krishna/December_Season_2000/Nath_Hare/Nath_Hare.taniSegKNN,Nath_Hare.taniSegKNN,.tanisegknn,0
Carnatic,98d46d9e-5100-4f24-bcd4-d0f95966c7cb/T__M__Krishna/December_Season_2000/Nath_Hare/Nath_Hare.tonicFine,Nath_Hare.tonicFine,.tonicfine,25
Carnatic,98d46d9e-5100-4f24-bcd4-d0f95966c7cb/T__M__Krishna/December_Season_2000/Nath_Hare/Nath_Hare.pitchSilIntrpPP,Nath_Hare.pitchSilIntrpPP,.pitchsilintrppp,2942950
Carnatic,98d46d9e-5100-4f24-bcd4-d0f95966c7cb/Unnikrishnan/December_Season_2005/Kanndu_Nee_Sollavendum/Kanndu_Nee_Sollavendum.taniSegKNN,Kanndu_Nee_Sollavendum.taniSegKNN,.tanisegknn,0
Carnatic,98d46d9e-5100-4f24-bcd4-d0f95966c7cb/Unnikrishnan/December_Season_2005/Kanndu_Nee_Sollavendum/Kanndu_Nee_Sollavendum.pitchSilIntrpPP,Kanndu_Nee_Sollavendum.pitchSilIntrpPP,.pitchsilintrppp,4415000
Carnatic,98d46d9e-5100-4f24-bcd4-d0f95966c7cb/Unnikrishnan/December_Season_2005/Kanndu_Nee_Sollavendum/Kanndu_Nee_Sollavendum.tonicFine,Kanndu_Nee_Sollavendum.tonicFine,.tonicfine,25
Carnatic,98d46d9e-5100-4f24-bcd4-d0f95966c7cb/Unnikrishnan/December_Season_2005/Kanndu_Nee_Sollavendum/Kanndu_Nee_Sollavendum.flatSegNyas,Kanndu_Nee_Sollavendum.flatSegNyas,.flatsegnyas,6571
Carnatic,98d46d9e-5100-4f24-bcd4-d0f95966c7cb/Unnikrishnan/December_Season_2005/Kanndu_Nee_Sollavendum/Kanndu_Nee_Sollavendum.pitch,Kanndu_Nee_Sollavendum.pitch,.pitch,2058618
Carnatic,98d46d9e-5100-4f24-bcd4-d0f95966c7cb/Unnikrishnan/December_Season_2005/Kanndu_Nee_Sollavendum/Kanndu_Nee_Sollavendum.tonic,Kanndu_Nee_Sollavendum.tonic,.tonic,10
Carnatic,98d46d9e-5100-4f24-bcd4-d0f95966c7cb/S__Sowmya/December_Season_1999/Karunai_Deivame/Karunai_Deivame.tonic,Karunai_Deivame.tonic,.tonic,10
Carnatic,98d46d9e-5100-4f24-bcd4-d0f95966c7cb/S__Sowmya/December_Season_1999/Karunai_Deivame/Karunai_Deivame.taniSegKNN,Karunai_Deivame.taniSegKNN,.tanisegknn,0
Carnatic,98d46d9e-5100-4f24-bcd4-d0f95966c7cb/S__Sowmya/December_Season_1999/Karunai_Deivame/Karunai_Deivame.pitchSilIntrpPP,Karunai_Deivame.pitchSilIntrpPP,.pitchsilintrppp,2553000
Carnatic,98d46d9e-5100-4f24-bcd4-d0f95966c7cb/S__Sowmya/December_Season_1999/Karunai_Deivame/Karunai_Deivame.flatSegNyas,Karunai_Deivame.flatSegNyas,.flatsegnyas,3535
Carnatic,98d46d9e-5100-4f24-bcd4-d0f95966c7cb/S__Sowmya/December_Season_1999/Karunai_Deivame/Karunai_Deivame.pitch,Karunai_Deivame.pitch,.pitch,1178456
Carnatic,98d46d9e-5100-4f24-bcd4-d0f95966c7cb/S__Sowmya/December_Season_1999/Karunai_Deivame/Karunai_Deivame.tonicFine,Karunai_Deivame.tonicFine,.tonicfine,25
Carnatic,98d46d9e-5100-4f24-bcd4-d0f95966c7cb/Amritha_Murali/December_Season_2009/Tirupati_Venkataramana/Tirupati_Venkataramana.taniSegKNN,Tirupati_Venkataramana.taniSegKNN,.tanisegknn,0
Carnatic,98d46d9e-5100-4f24-bcd4-d0f95966c7cb/Amritha_Murali/December_Season_2009/Tirupati_Venkataramana/Tirupati_Venkataramana.flatSegNyas,Tirupati_Venkataramana.flatSegNyas,.flatsegnyas,4443
Carnatic,98d46d9e-5100-4f24-bcd4-d0f95966c7cb/Amritha_Murali/December_Season_2009/Tirupati_Venkataramana/Tirupati_Venkataramana.tonicFine,Tirupati_Venkataramana.tonicFine,.tonicfine,25
Carnatic,98d46d9e-5100-4f24-bcd4-d0f95966c7cb/Amritha_Murali/December_Season_2009/Tirupati_Venkataramana/Tirupati_Venkataramana.pitch,Tirupati_Venkataramana.pitch,.pitch,1392586
Carnatic,98d46d9e-5100-4f24-bcd4-d0f95966c7cb/Amritha_Murali/December_Season_2009/Tirupati_Venkataramana/Tirupati_Venkataramana.tonic,Tirupati_Venkataramana.tonic,.tonic,10
Carnatic,98d46d9e-5100-4f24-bcd4-d0f95966c7cb/Amritha_Murali/December_Season_2009/Tirupati_Venkataramana/Tirupati_Venkataramana.pitchSilIntrpPP,Tirupati_Venkataramana.pitchSilIntrpPP,.pitchsilintrppp,3009100
Carnatic,98d46d9e-5100-4f24-bcd4-d0f95966c7cb/Sanjay_Subrahmanyan/Live_at_Kamarajar_Hall/Maname_Ramanai_Paada/Maname_Ramanai_Paada.pitch,Maname_Ramanai_Paada.pitch,.pitch,2341992
Carnatic,98d46d9e-5100-4f24-bcd4-d0f95966c7cb/Sanjay_Subrahmanyan/Live_at_Kamarajar_Hall/Maname_Ramanai_Paada/Maname_Ramanai_Paada.flatSegNyas,Maname_Ramanai_Paada.flatSegNyas,.flatsegnyas,6045
Carnatic,98d46d9e-5100-4f24-bcd4-d0f95966c7cb/Sanjay_Subrahmanyan/Live_at_Kamarajar_Hall/Maname_Ramanai_Paada/Maname_Ramanai_Paada.tonic,Maname_Ramanai_Paada.tonic,.tonic,10
Carnatic,98d46d9e-5100-4f24-bcd4-d0f95966c7cb/Sanjay_Subrahmanyan/Live_at_Kamarajar_Hall/Maname_Ramanai_Paada/Maname_Ramanai_Paada.pitchSilIntrpPP,Maname_Ramanai_Paada.pitchSilIntrpPP,.pitchsilintrppp,5090350
Carnatic,98d46d9e-5100-4f24-bcd4-d0f95966c7cb/Sanjay_Subrahmanyan/Live_at_Kamarajar_Hall/Maname_Ramanai_Paada/Maname_Ramanai_Paada.tonicFine,Maname_Ramanai_Paada.tonicFine,.tonicfine,25
Carnatic,98d46d9e-5100-4f24-bcd4-d0f95966c7cb/Sanjay_Subrahmanyan/Live_at_Kamarajar_Hall/Maname_Ramanai_Paada/Maname_Ramanai_Paada.taniSegKNN,Maname_Ramanai_Paada.taniSegKNN,.tanisegknn,0
Carnatic,98d46d9e-5100-4f24-bcd4-d0f95966c7cb/Sikkil_Gurucharan/December_Season_2007/Nenjukku_Neediyum/Nenjukku_Neediyum.flatSegNyas,Nenjukku_Neediyum.flatSegNyas,.flatsegnyas,3543
Carnatic,98d46d9e-5100-4f24-bcd4-d0f95966c7cb/Sikkil_Gurucharan/December_Season_2007/Nenjukku_Neediyum/Nenjukku_Neediyum.tonic,Nenjukku_Neediyum.tonic,.tonic,10
Carnatic,98d46d9e-5100-4f24-bcd4-d0f95966c7cb/Sikkil_Gurucharan/December_Season_2007/Nenjukku_Neediyum/Nenjukku_Neediyum.tonicFine,Nenjukku_Neediyum.tonicFine,.tonicfine,25
Carnatic,98d46d9e-5100-4f24-bcd4-d0f95966c7cb/Sikkil_Gurucharan/December_Season_2007/Nenjukku_Neediyum/Nenjukku_Neediyum.pitchSilIntrpPP,Nenjukku_Neediyum.pitchSilIntrpPP,.pitchsilintrppp,2288800
Carnatic,98d46d9e-5100-4f24-bcd4-d0f95966c7cb/Sikkil_Gurucharan/December_Season_2007/Nenjukku_Neediyum/Nenjukku_Neediyum.pitch,Nenjukku_Neediyum.pitch,.pitch,1057318
Carnatic,98d46d9e-5100-4f24-bcd4-d0f95966c7cb/Sikkil_Gurucharan/December_Season_2007/Nenjukku_Neediyum/Nenjukku_Neediyum.taniSegKNN,Nenjukku_Neediyum.taniSegKNN,.tanisegknn,0
Carnatic,98d46d9e-5100-4f24-bcd4-d0f95966c7cb/Sangeetha_Swaminathan/December_Season_2009/Visweswara/Visweswara.tonicFine,Visweswara.tonicFine,.tonicfine,25
Carnatic,98d46d9e-5100-4f24-bcd4-d0f95966c7cb/Sangeetha_Swaminathan/December_Season_2009/Visweswara/Visweswara.flatSegNyas,Visweswara.flatSegNyas,.flatsegnyas,5359
Carnatic,98d46d9e-5100-4f24-bcd4-d0f95966c7cb/Sangeetha_Swaminathan/December_Season_2009/Visweswara/Visweswara.taniSegKNN,Visweswara.taniSegKNN,.tanisegknn,0
Carnatic,98d46d9e-5100-4f24-bcd4-d0f95966c7cb/Sangeetha_Swaminathan/December_Season_2009/Visweswara/Visweswara.pitch,Visweswara.pitch,.pitch,1640270
Carnatic,98d46d9e-5100-4f24-bcd4-d0f95966c7cb/Sangeetha_Swaminathan/December_Season_2009/Visweswara/Visweswara.pitchSilIntrpPP,Visweswara.pitchSilIntrpPP,.pitchsilintrppp,3522300
Carnatic,98d46d9e-5100-4f24-bcd4-d0f95966c7cb/Sangeetha_Swaminathan/December_Season_2009/Visweswara/Visweswara.tonic,Visweswara.tonic,.tonic,10
Carnatic,98d46d9e-5100-4f24-bcd4-d0f95966c7cb/Amrutha_Venkatesh/December_Season_2007/Chediyaya_Valvinaiga/Chediyaya_Valvinaiga.pitch,Chediyaya_Valvinaiga.pitch,.pitch,2007651
Carnatic,98d46d9e-5100-4f24-bcd4-d0f95966c7cb/Amrutha_Venkatesh/December_Season_2007/Chediyaya_Valvinaiga/Chediyaya_Valvinaiga.pitchSilIntrpPP,Chediyaya_Valvinaiga.pitchSilIntrpPP,.pitchsilintrppp,4305400
Carnatic,98d46d9e-5100-4f24-bcd4-d0f95966c7cb/Amrutha_Venkatesh/December_Season_2007/Chediyaya_Valvinaiga/Chediyaya_Valvinaiga.tonic,Chediyaya_Valvinaiga.tonic,.tonic,10
Carnatic,98d46d9e-5100-4f24-bcd4-d0f95966c7cb/Amrutha_Venkatesh/December_Season_2007/Chediyaya_Valvinaiga/Chediyaya_Valvinaiga.taniSegKNN,Chediyaya_Valvinaiga.taniSegKNN,.tanisegknn,0
Carnatic,98d46d9e-5100-4f24-bcd4-d0f95966c7cb/Amrutha_Venkatesh/December_Season_2007/Chediyaya_Valvinaiga/Chediyaya_Valvinaiga.tonicFine,Chediyaya_Valvinaiga.tonicFine,.tonicfine,25
Carnatic,98d46d9e-5100-4f24-bcd4-d0f95966c7cb/Amrutha_Venkatesh/December_Season_2007/Chediyaya_Valvinaiga/Chediyaya_Valvinaiga.flatSegNyas,Chediyaya_Valvinaiga.flatSegNyas,.flatsegnyas,7180
Carnatic,c6b5f8d9-ebb4-46af-a020-6646fce2c77d/Mysore_Manjunath_-_Nagaraj/December_Season_2007/Annapoorne_Visalakshi/Annapoorne_Visalakshi.pitch,Annapoorne_Visalakshi.pitch,.pitch,2039072
Carnatic,c6b5f8d9-ebb4-46af-a020-6646fce2c77d/Mysore_Manjunath_-_Nagaraj/December_Season_2007/Annapoorne_Visalakshi/Annapoorne_Visalakshi.pitchSilIntrpPP,Annapoorne_Visalakshi.pitchSilIntrpPP,.pitchsilintrppp,4403250
Carnatic,c6b5f8d9-ebb4-46af-a020-6646fce2c77d/Mysore_Manjunath_-_Nagaraj/December_Season_2007/Annapoorne_Visalakshi/Annapoorne_Visalakshi.tonicFine,Annapoorne_Visalakshi.tonicFine,.tonicfine,25
Carnatic,c6b5f8d9-ebb4-46af-a020-6646fce2c77d/Mysore_Manjunath_-_Nagaraj/December_Season_2007/Annapoorne_Visalakshi/Annapoorne_Visalakshi.taniSegKNN,Annapoorne_Visalakshi.taniSegKNN,.tanisegknn,0
Carnatic,c6b5f8d9-ebb4-46af-a020-6646fce2c77d/Mysore_Manjunath_-_Nagaraj/December_Season_2007/Annapoorne_Visalakshi/Annapoorne_Visalakshi.flatSegNyas,Annapoorne_Visalakshi.flatSegNyas,.flatsegnyas,8286
Carnatic,c6b5f8d9-ebb4-46af-a020-6646fce2c77d/Mysore_Manjunath_-_Nagaraj/December_Season_2007/Annapoorne_Visalakshi/Annapoorne_Visalakshi.tonic,Annapoorne_Visalakshi.tonic,.tonic,11
Carnatic,c6b5f8d9-ebb4-46af-a020-6646fce2c77d/Lalgudi_Jayaraman/Paddhatti/Annapoorne/Annapoorne.pitchSilIntrpPP,Annapoorne.pitchSilIntrpPP,.pitchsilintrppp,4213700
Carnatic,c6b5f8d9-ebb4-46af-a020-6646fce2c77d/Lalgudi_Jayaraman/Paddhatti/Annapoorne/Annapoorne.pitch,Annapoorne.pitch,.pitch,1942490
Carnatic,c6b5f8d9-ebb4-46af-a020-6646fce2c77d/Lalgudi_Jayaraman/Paddhatti/Annapoorne/Annapoorne.flatSegNyas,Annapoorne.flatSegNyas,.flatsegnyas,6052
Carnatic,c6b5f8d9-ebb4-46af-a020-6646fce2c77d/Lalgudi_Jayaraman/Paddhatti/Annapoorne/Annapoorne.tonic,Annapoorne.tonic,.tonic,10
Carnatic,c6b5f8d9-ebb4-46af-a020-6646fce2c77d/Lalgudi_Jayaraman/Paddhatti/Annapoorne/Annapoorne.tonicFine,Annapoorne.tonicFine,.tonicfine,25
Carnatic,c6b5f8d9-ebb4-46af-a020-6646fce2c77d/Lalgudi_Jayaraman/Paddhatti/Annapoorne/Annapoorne.taniSegKNN,Annapoorne.taniSegKNN,.tanisegknn,0
Carnatic,c6b5f8d9-ebb4-46af-a020-6646fce2c77d/Unnikrishnan/December_Season_2005/Manasa_Sancharare/Manasa_Sancharare.pitchSilIntrpPP,Manasa_Sancharare.pitchSilIntrpPP,.pitchsilintrppp,2858900
Carnatic,c6b5f8d9-ebb4-46af-a020-6646fce2c77d/Unnikrishnan/December_Season_2005/Manasa_Sancharare/Manasa_Sancharare.pitch,Manasa_Sancharare.pitch,.pitch,1318640
Carnatic,c6b5f8d9-ebb4-46af-a020-6646fce2c77d/Unnikrishnan/December_Season_2005/Manasa_Sancharare/Manasa_Sancharare.tonic,Manasa_Sancharare.tonic,.tonic,10
Carnatic,c6b5f8d9-ebb4-46af-a020-6646fce2c77d/Unnikrishnan/December_Season_2005/Manasa_Sancharare/Manasa_Sancharare.taniSegKNN,Manasa_Sancharare.taniSegKNN,.tanisegknn,0
Carnatic,c6b5f8d9-ebb4-46af-a020-6646fce2c77d/Unnikrishnan/December_Season_2005/Manasa_Sancharare/Manasa_Sancharare.tonicFine,Manasa_Sancharare.tonicFine,.tonicfine,25
Carnatic,c6b5f8d9-ebb4-46af-a020-6646fce2c77d/Unnikrishnan/December_Season_2005/Manasa_Sancharare/Manasa_Sancharare.flatSegNyas,Manasa_Sancharare.flatSegNyas,.flatsegnyas,4003
Carnatic,c6b5f8d9-ebb4-46af-a020-6646fce2c77d/K__V__Narayanaswami/K__V__Narayanaswami_concert_at_Palace_1986/Annapoorne/Annapoorne.pitchSilIntrpPP,Annapoorne.pitchSilIntrpPP,.pitchsilintrppp,2998200
Carnatic,c6b5f8d9-ebb4-46af-a020-6646fce2c77d/K__V__Narayanaswami/K__V__Narayanaswami_concert_at_Palace_1986/Annapoorne/Annapoorne.pitch,Annapoorne.pitch,.pitch,1381877
Carnatic,c6b5f8d9-ebb4-46af-a020-6646fce2c77d/K__V__Narayanaswami/K__V__Narayanaswami_concert_at_Palace_1986/Annapoorne/Annapoorne.flatSegNyas,Annapoorne.flatSegNyas,.flatsegnyas,3101
Carnatic,c6b5f8d9-ebb4-46af-a020-6646fce2c77d/K__V__Narayanaswami/K__V__Narayanaswami_concert_at_Palace_1986/Annapoorne/Annapoorne.tonic,Annapoorne.tonic,.tonic,10
Carnatic,c6b5f8d9-ebb4-46af-a020-6646fce2c77d/K__V__Narayanaswami/K__V__Narayanaswami_concert_at_Palace_1986/Annapoorne/Annapoorne.tonicFine,Annapoorne.tonicFine,.tonicfine,25
Carnatic,c6b5f8d9-ebb4-46af-a020-6646fce2c77d/K__V__Narayanaswami/K__V__Narayanaswami_concert_at_Palace_1986/Annapoorne/Annapoorne.taniSegKNN,Annapoorne.taniSegKNN,.tanisegknn,0
Carnatic,c6b5f8d9-ebb4-46af-a020-6646fce2c77d/K__V__Narayanaswami/K__V__Narayanaswami_concert_at_Shanmukananda_Hall_Bombay_1980/Annapoorne/Annapoorne.pitchSilIntrpPP,Annapoorne.pitchSilIntrpPP,.pitchsilintrppp,6183850
Carnatic,c6b5f8d9-ebb4-46af-a020-6646fce2c77d/K__V__Narayanaswami/K__V__Narayanaswami_concert_at_Shanmukananda_Hall_Bombay_1980/Annapoorne/Annapoorne.pitch,Annapoorne.pitch,.pitch,2873656
Carnatic,c6b5f8d9-ebb4-46af-a020-6646fce2c77d/K__V__Narayanaswami/K__V__Narayanaswami_concert_at_Shanmukananda_Hall_Bombay_1980/Annapoorne/Annapoorne.flatSegNyas,Annapoorne.flatSegNyas,.flatsegnyas,6143
Carnatic,c6b5f8d9-ebb4-46af-a020-6646fce2c77d/K__V__Narayanaswami/K__V__Narayanaswami_concert_at_Shanmukananda_Hall_Bombay_1980/Annapoorne/Annapoorne.tonic,Annapoorne.tonic,.tonic,10
Carnatic,c6b5f8d9-ebb4-46af-a020-6646fce2c77d/K__V__Narayanaswami/K__V__Narayanaswami_concert_at_Shanmukananda_Hall_Bombay_1980/Annapoorne/Annapoorne.tonicFine,Annapoorne.tonicFine,.tonicfine,25
Carnatic,c6b5f8d9-ebb4-46af-a020-6646fce2c77d/K__V__Narayanaswami/K__V__Narayanaswami_concert_at_Shanmukananda_Hall_Bombay_1980/Annapoorne/Annapoorne.taniSegKNN,Annapoorne.taniSegKNN,.tanisegknn,0
Carnatic,c6b5f8d9-ebb4-46af-a020-6646fce2c77d/S__Sowmya/Carnatic_Vocal/Anna_Purne/Anna_Purne.pitch,Anna_Purne.pitch,.pitch,1785634
Carnatic,c6b5f8d9-ebb4-46af-a020-6646fce2c77d/S__Sowmya/Carnatic_Vocal/Anna_Purne/Anna_Purne.pitchSilIntrpPP,Anna_Purne.pitchSilIntrpPP,.pitchsilintrppp,3836350
Carnatic,c6b5f8d9-ebb4-46af-a020-6646fce2c77d/S__Sowmya/Carnatic_Vocal/Anna_Purne/Anna_Purne.flatSegNyas,Anna_Purne.flatSegNyas,.flatsegnyas,4785
Carnatic,c6b5f8d9-ebb4-46af-a020-6646fce2c77d/S__Sowmya/Carnatic_Vocal/Anna_Purne/Anna_Purne.tonicFine,Anna_Purne.tonicFine,.tonicfine,25
Carnatic,c6b5f8d9-ebb4-46af-a020-6646fce2c77d/S__Sowmya/Carnatic_Vocal/Anna_Purne/Anna_Purne.taniSegKNN,Anna_Purne.taniSegKNN,.tanisegknn,0
Carnatic,c6b5f8d9-ebb4-46af-a020-6646fce2c77d/S__Sowmya/Carnatic_Vocal/Anna_Purne/Anna_Purne.tonic,Anna_Purne.tonic,.tonic,10
Carnatic,c6b5f8d9-ebb4-46af-a020-6646fce2c77d/Gayathri_Venkataraghavan/December_Season_2006/Varuvaro_Varam_Taruvaro/Varuvaro_Varam_Taruvaro.pitch,Varuvaro_Varam_Taruvaro.pitch,.pitch,1554460
Carnatic,c6b5f8d9-ebb4-46af-a020-6646fce2c77d/Gayathri_Venkataraghavan/December_Season_2006/Varuvaro_Varam_Taruvaro/Varuvaro_Varam_Taruvaro.tonicFine,Varuvaro_Varam_Taruvaro.tonicFine,.tonicfine,25
Carnatic,c6b5f8d9-ebb4-46af-a020-6646fce2c77d/Gayathri_Venkataraghavan/December_Season_2006/Varuvaro_Varam_Taruvaro/Varuvaro_Varam_Taruvaro.flatSegNyas,Varuvaro_Varam_Taruvaro.flatSegNyas,.flatsegnyas,3973
Carnatic,c6b5f8d9-ebb4-46af-a020-6646fce2c77d/Gayathri_Venkataraghavan/December_Season_2006/Varuvaro_Varam_Taruvaro/Varuvaro_Varam_Taruvaro.tonic,Varuvaro_Varam_Taruvaro.tonic,.tonic,10
Carnatic,c6b5f8d9-ebb4-46af-a020-6646fce2c77d/Gayathri_Venkataraghavan/December_Season_2006/Varuvaro_Varam_Taruvaro/Varuvaro_Varam_Taruvaro.taniSegKNN,Varuvaro_Varam_Taruvaro.taniSegKNN,.tanisegknn,0
Carnatic,c6b5f8d9-ebb4-46af-a020-6646fce2c77d/Gayathri_Venkataraghavan/December_Season_2006/Varuvaro_Varam_Taruvaro/Varuvaro_Varam_Taruvaro.pitchSilIntrpPP,Varuvaro_Varam_Taruvaro.pitchSilIntrpPP,.pitchsilintrppp,3355250
Carnatic,c6b5f8d9-ebb4-46af-a020-6646fce2c77d/Maharajapuram_Santhanam/Paddhatti/Manasa_Sancharare/Manasa_Sancharare.pitchSilIntrpPP,Manasa_Sancharare.pitchSilIntrpPP,.pitchsilintrppp,2869800
Carnatic,c6b5f8d9-ebb4-46af-a020-6646fce2c77d/Maharajapuram_Santhanam/Paddhatti/Manasa_Sancharare/Manasa_Sancharare.pitch,Manasa_Sancharare.pitch,.pitch,1328614
Carnatic,c6b5f8d9-ebb4-46af-a020-6646fce2c77d/Maharajapuram_Santhanam/Paddhatti/Manasa_Sancharare/Manasa_Sancharare.tonic,Manasa_Sancharare.tonic,.tonic,13
Carnatic,c6b5f8d9-ebb4-46af-a020-6646fce2c77d/Maharajapuram_Santhanam/Paddhatti/Manasa_Sancharare/Manasa_Sancharare.taniSegKNN,Manasa_Sancharare.taniSegKNN,.tanisegknn,0
Carnatic,c6b5f8d9-ebb4-46af-a020-6646fce2c77d/Maharajapuram_Santhanam/Paddhatti/Manasa_Sancharare/Manasa_Sancharare.tonicFine,Manasa_Sancharare.tonicFine,.tonicfine,25
Carnatic,c6b5f8d9-ebb4-46af-a020-6646fce2c77d/Maharajapuram_Santhanam/Paddhatti/Manasa_Sancharare/Manasa_Sancharare.flatSegNyas,Manasa_Sancharare.flatSegNyas,.flatsegnyas,3612
Carnatic,c6b5f8d9-ebb4-46af-a020-6646fce2c77d/Srividya_Janakiraman/Srividya_Janakiraman_at_Arkay/Santhamu_leka_Sowkyamu_ledu/Santhamu_leka_Sowkyamu_ledu.taniSegKNN,Santhamu_leka_Sowkyamu_ledu.taniSegKNN,.tanisegknn,0
Carnatic,c6b5f8d9-ebb4-46af-a020-6646fce2c77d/Srividya_Janakiraman/Srividya_Janakiraman_at_Arkay/Santhamu_leka_Sowkyamu_ledu/Santhamu_leka_Sowkyamu_ledu.flatSegNyas,Santhamu_leka_Sowkyamu_ledu.flatSegNyas,.flatsegnyas,4100
Carnatic,c6b5f8d9-ebb4-46af-a020-6646fce2c77d/Srividya_Janakiraman/Srividya_Janakiraman_at_Arkay/Santhamu_leka_Sowkyamu_ledu/Santhamu_leka_Sowkyamu_ledu.tonicFine,Santhamu_leka_Sowkyamu_ledu.tonicFine,.tonicfine,25
Carnatic,c6b5f8d9-ebb4-46af-a020-6646fce2c77d/Srividya_Janakiraman/Srividya_Janakiraman_at_Arkay/Santhamu_leka_Sowkyamu_ledu/Santhamu_leka_Sowkyamu_ledu.pitch,Santhamu_leka_Sowkyamu_ledu.pitch,.pitch,1669120
Carnatic,c6b5f8d9-ebb4-46af-a020-6646fce2c77d/Srividya_Janakiraman/Srividya_Janakiraman_at_Arkay/Santhamu_leka_Sowkyamu_ledu/Santhamu_leka_Sowkyamu_ledu.tonic,Santhamu_leka_Sowkyamu_ledu.tonic,.tonic,10
Carnatic,c6b5f8d9-ebb4-46af-a020-6646fce2c77d/Srividya_Janakiraman/Srividya_Janakiraman_at_Arkay/Santhamu_leka_Sowkyamu_ledu/Santhamu_leka_Sowkyamu_ledu.pitchSilIntrpPP,Santhamu_leka_Sowkyamu_ledu.pitchSilIntrpPP,.pitchsilintrppp,3613600
Carnatic,c6b5f8d9-ebb4-46af-a020-6646fce2c77d/Nithyasree_Mahadevan/December_Season_2002/Guruguhaya_Bhakanugrahaya/Guruguhaya_Bhakanugrahaya.taniSegKNN,Guruguhaya_Bhakanugrahaya.taniSegKNN,.tanisegknn,16
Carnatic,c6b5f8d9-ebb4-46af-a020-6646fce2c77d/Nithyasree_Mahadevan/December_Season_2002/Guruguhaya_Bhakanugrahaya/Guruguhaya_Bhakanugrahaya.flatSegNyas,Guruguhaya_Bhakanugrahaya.flatSegNyas,.flatsegnyas,4695
Carnatic,c6b5f8d9-ebb4-46af-a020-6646fce2c77d/Nithyasree_Mahadevan/December_Season_2002/Guruguhaya_Bhakanugrahaya/Guruguhaya_Bhakanugrahaya.pitchSilIntrpPP,Guruguhaya_Bhakanugrahaya.pitchSilIntrpPP,.pitchsilintrppp,3695100
Carnatic,c6b5f8d9-ebb4-46af-a020-6646fce2c77d/Nithyasree_Mahadevan/December_Season_2002/Guruguhaya_Bhakanugrahaya/Guruguhaya_Bhakanugrahaya.tonic,Guruguhaya_Bhakanugrahaya.tonic,.tonic,10
Carnatic,c6b5f8d9-ebb4-46af-a020-6646fce2c77d/Nithyasree_Mahadevan/December_Season_2002/Guruguhaya_Bhakanugrahaya/Guruguhaya_Bhakanugrahaya.pitch,Guruguhaya_Bhakanugrahaya.pitch,.pitch,1712907
Carnatic,c6b5f8d9-ebb4-46af-a020-6646fce2c77d/Nithyasree_Mahadevan/December_Season_2002/Guruguhaya_Bhakanugrahaya/Guruguhaya_Bhakanugrahaya.tonicFine,Guruguhaya_Bhakanugrahaya.tonicFine,.tonicfine,25
Carnatic,c6b5f8d9-ebb4-46af-a020-6646fce2c77d/Nithyasree_Mahadevan/December_Season_2008/Shantamuleka/Shantamuleka.flatSegNyas,Shantamuleka.flatSegNyas,.flatsegnyas,5632
Carnatic,c6b5f8d9-ebb4-46af-a020-6646fce2c77d/Nithyasree_Mahadevan/December_Season_2008/Shantamuleka/Shantamuleka.pitchSilIntrpPP,Shantamuleka.pitchSilIntrpPP,.pitchsilintrppp,4823800
Carnatic,c6b5f8d9-ebb4-46af-a020-6646fce2c77d/Nithyasree_Mahadevan/December_Season_2008/Shantamuleka/Shantamuleka.pitch,Shantamuleka.pitch,.pitch,2250414
Carnatic,c6b5f8d9-ebb4-46af-a020-6646fce2c77d/Nithyasree_Mahadevan/December_Season_2008/Shantamuleka/Shantamuleka.tonicFine,Shantamuleka.tonicFine,.tonicfine,25
Carnatic,c6b5f8d9-ebb4-46af-a020-6646fce2c77d/Nithyasree_Mahadevan/December_Season_2008/Shantamuleka/Shantamuleka.tonic,Shantamuleka.tonic,.tonic,10
Carnatic,c6b5f8d9-ebb4-46af-a020-6646fce2c77d/Nithyasree_Mahadevan/December_Season_2008/Shantamuleka/Shantamuleka.taniSegKNN,Shantamuleka.taniSegKNN,.tanisegknn,0
Carnatic,c6b5f8d9-ebb4-46af-a020-6646fce2c77d/Amrutha_Venkatesh/December_Season_2007/Kanamum_Maravade/Kanamum_Maravade.pitchSilIntrpPP,Kanamum_Maravade.pitchSilIntrpPP,.pitchsilintrppp,4025300
Carnatic,c6b5f8d9-ebb4-46af-a020-6646fce2c77d/Amrutha_Venkatesh/December_Season_2007/Kanamum_Maravade/Kanamum_Maravade.pitch,Kanamum_Maravade.pitch,.pitch,1883107
Carnatic,c6b5f8d9-ebb4-46af-a020-6646fce2c77d/Amrutha_Venkatesh/December_Season_2007/Kanamum_Maravade/Kanamum_Maravade.tonic,Kanamum_Maravade.tonic,.tonic,10
Carnatic,c6b5f8d9-ebb4-46af-a020-6646fce2c77d/Amrutha_Venkatesh/December_Season_2007/Kanamum_Maravade/Kanamum_Maravade.tonicFine,Kanamum_Maravade.tonicFine,.tonicfine,25
Carnatic,c6b5f8d9-ebb4-46af-a020-6646fce2c77d/Amrutha_Venkatesh/December_Season_2007/Kanamum_Maravade/Kanamum_Maravade.taniSegKNN,Kanamum_Maravade.taniSegKNN,.tanisegknn,0
Carnatic,c6b5f8d9-ebb4-46af-a020-6646fce2c77d/Amrutha_Venkatesh/December_Season_2007/Kanamum_Maravade/Kanamum_Maravade.flatSegNyas,Kanamum_Maravade.flatSegNyas,.flatsegnyas,6224
Carnatic,a9413dff-91d1-4e29-ad92-c04019dce5b8/Kunnakkudi_M_Balamuralikrishna/December_Season_2008/Kaddanu_Variki/Kaddanu_Variki.pitch,Kaddanu_Variki.pitch,.pitch,19839575
Carnatic,a9413dff-91d1-4e29-ad92-c04019dce5b8/Kunnakkudi_M_Balamuralikrishna/December_Season_2008/Kaddanu_Variki/Kaddanu_Variki.pitchSilIntrpPP,Kaddanu_Variki.pitchSilIntrpPP,.pitchsilintrppp,40813500
Carnatic,a9413dff-91d1-4e29-ad92-c04019dce5b8/Kunnakkudi_M_Balamuralikrishna/December_Season_2008/Kaddanu_Variki/Kaddanu_Variki.taniSegKNN,Kaddanu_Variki.taniSegKNN,.tanisegknn,18
Carnatic,a9413dff-91d1-4e29-ad92-c04019dce5b8/Kunnakkudi_M_Balamuralikrishna/December_Season_2008/Kaddanu_Variki/Kaddanu_Variki.tonic,Kaddanu_Variki.tonic,.tonic,10
Carnatic,a9413dff-91d1-4e29-ad92-c04019dce5b8/Kunnakkudi_M_Balamuralikrishna/December_Season_2008/Kaddanu_Variki/Kaddanu_Variki.flatSegNyas,Kaddanu_Variki.flatSegNyas,.flatsegnyas,50597
Carnatic,a9413dff-91d1-4e29-ad92-c04019dce5b8/Kunnakkudi_M_Balamuralikrishna/December_Season_2008/Kaddanu_Variki/Kaddanu_Variki.tonicFine,Kaddanu_Variki.tonicFine,.tonicfine,25
Carnatic,a9413dff-91d1-4e29-ad92-c04019dce5b8/T__M__Krishna/Madrasil_Margazhi_2006/Dasarathi_Ni/Dasarathi_Ni.flatSegNyas,Dasarathi_Ni.flatSegNyas,.flatsegnyas,36829
Carnatic,a9413dff-91d1-4e29-ad92-c04019dce5b8/T__M__Krishna/Madrasil_Margazhi_2006/Dasarathi_Ni/Dasarathi_Ni.taniSegKNN,Dasarathi_Ni.taniSegKNN,.tanisegknn,106
Carnatic,a9413dff-91d1-4e29-ad92-c04019dce5b8/T__M__Krishna/Madrasil_Margazhi_2006/Dasarathi_Ni/Dasarathi_Ni.tonic,Dasarathi_Ni.tonic,.tonic,10
Carnatic,a9413dff-91d1-4e29-ad92-c04019dce5b8/T__M__Krishna/Madrasil_Margazhi_2006/Dasarathi_Ni/Dasarathi_Ni.tonicFine,Dasarathi_Ni.tonicFine,.tonicfine,25
Carnatic,a9413dff-91d1-4e29-ad92-c04019dce5b8/T__M__Krishna/Madrasil_Margazhi_2006/Dasarathi_Ni/Dasarathi_Ni.pitch,Dasarathi_Ni.pitch,.pitch,19156919
Carnatic,a9413dff-91d1-4e29-ad92-c04019dce5b8/T__M__Krishna/Madrasil_Margazhi_2006/Dasarathi_Ni/Dasarathi_Ni.pitchSilIntrpPP,Dasarathi_Ni.pitchSilIntrpPP,.pitchsilintrppp,39857800
Carnatic,a9413dff-91d1-4e29-ad92-c04019dce5b8/T__M__Krishna/December_Season_1999/Vazhi_Maraittirukkude/Vazhi_Maraittirukkude.pitch,Vazhi_Maraittirukkude.pitch,.pitch,2319290
Carnatic,a9413dff-91d1-4e29-ad92-c04019dce5b8/T__M__Krishna/December_Season_1999/Vazhi_Maraittirukkude/Vazhi_Maraittirukkude.flatSegNyas,Vazhi_Maraittirukkude.flatSegNyas,.flatsegnyas,3737
Carnatic,a9413dff-91d1-4e29-ad92-c04019dce5b8/T__M__Krishna/December_Season_1999/Vazhi_Maraittirukkude/Vazhi_Maraittirukkude.tonicFine,Vazhi_Maraittirukkude.tonicFine,.tonicfine,25
Carnatic,a9413dff-91d1-4e29-ad92-c04019dce5b8/T__M__Krishna/December_Season_1999/Vazhi_Maraittirukkude/Vazhi_Maraittirukkude.pitchSilIntrpPP,Vazhi_Maraittirukkude.pitchSilIntrpPP,.pitchsilintrppp,5018050
Carnatic,a9413dff-91d1-4e29-ad92-c04019dce5b8/T__M__Krishna/December_Season_1999/Vazhi_Maraittirukkude/Vazhi_Maraittirukkude.tonic,Vazhi_Maraittirukkude.tonic,.tonic,10
Carnatic,a9413dff-91d1-4e29-ad92-c04019dce5b8/T__M__Krishna/December_Season_1999/Vazhi_Maraittirukkude/Vazhi_Maraittirukkude.taniSegKNN,Vazhi_Maraittirukkude.taniSegKNN,.tanisegknn,0
Carnatic,a9413dff-91d1-4e29-ad92-c04019dce5b8/T__M__Krishna/December_Season_2005/Dachchuko_Valena_Dasharathi/Dachchuko_Valena_Dasharathi.taniSegKNN,Dachchuko_Valena_Dasharathi.taniSegKNN,.tanisegknn,0
Carnatic,a9413dff-91d1-4e29-ad92-c04019dce5b8/T__M__Krishna/December_Season_2005/Dachchuko_Valena_Dasharathi/Dachchuko_Valena_Dasharathi.pitchSilIntrpPP,Dachchuko_Valena_Dasharathi.pitchSilIntrpPP,.pitchsilintrppp,14753000
Carnatic,a9413dff-91d1-4e29-ad92-c04019dce5b8/T__M__Krishna/December_Season_2005/Dachchuko_Valena_Dasharathi/Dachchuko_Valena_Dasharathi.pitch,Dachchuko_Valena_Dasharathi.pitch,.pitch,6960161
Carnatic,a9413dff-91d1-4e29-ad92-c04019dce5b8/T__M__Krishna/December_Season_2005/Dachchuko_Valena_Dasharathi/Dachchuko_Valena_Dasharathi.flatSegNyas,Dachchuko_Valena_Dasharathi.flatSegNyas,.flatsegnyas,13112
Carnatic,a9413dff-91d1-4e29-ad92-c04019dce5b8/T__M__Krishna/December_Season_2005/Dachchuko_Valena_Dasharathi/Dachchuko_Valena_Dasharathi.tonicFine,Dachchuko_Valena_Dasharathi.tonicFine,.tonicfine,25
Carnatic,a9413dff-91d1-4e29-ad92-c04019dce5b8/T__M__Krishna/December_Season_2005/Dachchuko_Valena_Dasharathi/Dachchuko_Valena_Dasharathi.tonic,Dachchuko_Valena_Dasharathi.tonic,.tonic,10
Carnatic,a9413dff-91d1-4e29-ad92-c04019dce5b8/Rithvik_Raja/Rithvik_Raja_at_Arkay/Emani_Migula/Emani_Migula.pitch,Emani_Migula.pitch,.pitch,6579191
Carnatic,a9413dff-91d1-4e29-ad92-c04019dce5b8/Rithvik_Raja/Rithvik_Raja_at_Arkay/Emani_Migula/Emani_Migula.taniSegKNN,Emani_Migula.taniSegKNN,.tanisegknn,95
Carnatic,a9413dff-91d1-4e29-ad92-c04019dce5b8/Rithvik_Raja/Rithvik_Raja_at_Arkay/Emani_Migula/Emani_Migula.pitchSilIntrpPP,Emani_Migula.pitchSilIntrpPP,.pitchsilintrppp,13936650
Carnatic,a9413dff-91d1-4e29-ad92-c04019dce5b8/Rithvik_Raja/Rithvik_Raja_at_Arkay/Emani_Migula/Emani_Migula.tonic,Emani_Migula.tonic,.tonic,10
Carnatic,a9413dff-91d1-4e29-ad92-c04019dce5b8/Rithvik_Raja/Rithvik_Raja_at_Arkay/Emani_Migula/Emani_Migula.tonicFine,Emani_Migula.tonicFine,.tonicfine,25
Carnatic,a9413dff-91d1-4e29-ad92-c04019dce5b8/Rithvik_Raja/Rithvik_Raja_at_Arkay/Emani_Migula/Emani_Migula.flatSegNyas,Emani_Migula.flatSegNyas,.flatsegnyas,13687
Carnatic,a9413dff-91d1-4e29-ad92-c04019dce5b8/Bombay_Jayashri/December_Season_2008/Emi_Jesite_Nemi/Emi_Jesite_Nemi.flatSegNyas,Emi_Jesite_Nemi.flatSegNyas,.flatsegnyas,41755
Carnatic,a9413dff-91d1-4e29-ad92-c04019dce5b8/Bombay_Jayashri/December_Season_2008/Emi_Jesite_Nemi/Emi_Jesite_Nemi.pitch,Emi_Jesite_Nemi.pitch,.pitch,15894673
Carnatic,a9413dff-91d1-4e29-ad92-c04019dce5b8/Bombay_Jayashri/December_Season_2008/Emi_Jesite_Nemi/Emi_Jesite_Nemi.tonicFine,Emi_Jesite_Nemi.tonicFine,.tonicfine,25
Carnatic,a9413dff-91d1-4e29-ad92-c04019dce5b8/Bombay_Jayashri/December_Season_2008/Emi_Jesite_Nemi/Emi_Jesite_Nemi.taniSegKNN,Emi_Jesite_Nemi.taniSegKNN,.tanisegknn,36
Carnatic,a9413dff-91d1-4e29-ad92-c04019dce5b8/Bombay_Jayashri/December_Season_2008/Emi_Jesite_Nemi/Emi_Jesite_Nemi.pitchSilIntrpPP,Emi_Jesite_Nemi.pitchSilIntrpPP,.pitchsilintrppp,32785350
Carnatic,a9413dff-91d1-4e29-ad92-c04019dce5b8/Bombay_Jayashri/December_Season_2008/Emi_Jesite_Nemi/Emi_Jesite_Nemi.tonic,Emi_Jesite_Nemi.tonic,.tonic,10
Carnatic,a9413dff-91d1-4e29-ad92-c04019dce5b8/Amritha_Murali/December_Season_2008/Karuna_Judavamma/Karuna_Judavamma.pitch,Karuna_Judavamma.pitch,.pitch,15368466
Carnatic,a9413dff-91d1-4e29-ad92-c04019dce5b8/Amritha_Murali/December_Season_2008/Karuna_Judavamma/Karuna_Judavamma.flatSegNyas,Karuna_Judavamma.flatSegNyas,.flatsegnyas,38820
Carnatic,a9413dff-91d1-4e29-ad92-c04019dce5b8/Amritha_Murali/December_Season_2008/Karuna_Judavamma/Karuna_Judavamma.tonic,Karuna_Judavamma.tonic,.tonic,10
Carnatic,a9413dff-91d1-4e29-ad92-c04019dce5b8/Amritha_Murali/December_Season_2008/Karuna_Judavamma/Karuna_Judavamma.tonicFine,Karuna_Judavamma.tonicFine,.tonicfine,25
Carnatic,a9413dff-91d1-4e29-ad92-c04019dce5b8/Amritha_Murali/December_Season_2008/Karuna_Judavamma/Karuna_Judavamma.pitchSilIntrpPP,Karuna_Judavamma.pitchSilIntrpPP,.pitchsilintrppp,31752350
Carnatic,a9413dff-91d1-4e29-ad92-c04019dce5b8/Amritha_Murali/December_Season_2008/Karuna_Judavamma/Karuna_Judavamma.taniSegKNN,Karuna_Judavamma.taniSegKNN,.tanisegknn,18
Carnatic,a9413dff-91d1-4e29-ad92-c04019dce5b8/Sanjay_Subrahmanyan/December_Season_2001/Tanigai_Valar/Tanigai_Valar.flatSegNyas,Tanigai_Valar.flatSegNyas,.flatsegnyas,7097
Carnatic,a9413dff-91d1-4e29-ad92-c04019dce5b8/Sanjay_Subrahmanyan/December_Season_2001/Tanigai_Valar/Tanigai_Valar.taniSegKNN,Tanigai_Valar.taniSegKNN,.tanisegknn,0
Carnatic,a9413dff-91d1-4e29-ad92-c04019dce5b8/Sanjay_Subrahmanyan/December_Season_2001/Tanigai_Valar/Tanigai_Valar.tonicFine,Tanigai_Valar.tonicFine,.tonicfine,25
Carnatic,a9413dff-91d1-4e29-ad92-c04019dce5b8/Sanjay_Subrahmanyan/December_Season_2001/Tanigai_Valar/Tanigai_Valar.pitch,Tanigai_Valar.pitch,.pitch,4419236
Carnatic,a9413dff-91d1-4e29-ad92-c04019dce5b8/Sanjay_Subrahmanyan/December_Season_2001/Tanigai_Valar/Tanigai_Valar.tonic,Tanigai_Valar.tonic,.tonic,10
Carnatic,a9413dff-91d1-4e29-ad92-c04019dce5b8/Sanjay_Subrahmanyan/December_Season_2001/Tanigai_Valar/Tanigai_Valar.pitchSilIntrpPP,Tanigai_Valar.pitchSilIntrpPP,.pitchsilintrppp,9457050
Carnatic,a9413dff-91d1-4e29-ad92-c04019dce5b8/Sanjay_Subrahmanyan/December_Season_2010/Varnam_Eranapai_Inta/Varnam_Eranapai_Inta.pitch,Varnam_Eranapai_Inta.pitch,.pitch,1950692
Carnatic,a9413dff-91d1-4e29-ad92-c04019dce5b8/Sanjay_Subrahmanyan/December_Season_2010/Varnam_Eranapai_Inta/Varnam_Eranapai_Inta.pitchSilIntrpPP,Varnam_Eranapai_Inta.pitchSilIntrpPP,.pitchsilintrppp,4196650
Carnatic,a9413dff-91d1-4e29-ad92-c04019dce5b8/Sanjay_Subrahmanyan/December_Season_2010/Varnam_Eranapai_Inta/Varnam_Eranapai_Inta.flatSegNyas,Varnam_Eranapai_Inta.flatSegNyas,.flatsegnyas,4308
Carnatic,a9413dff-91d1-4e29-ad92-c04019dce5b8/Sanjay_Subrahmanyan/December_Season_2010/Varnam_Eranapai_Inta/Varnam_Eranapai_Inta.tonicFine,Varnam_Eranapai_Inta.tonicFine,.tonicfine,25
Carnatic,a9413dff-91d1-4e29-ad92-c04019dce5b8/Sanjay_Subrahmanyan/December_Season_2010/Varnam_Eranapai_Inta/Varnam_Eranapai_Inta.taniSegKNN,Varnam_Eranapai_Inta.taniSegKNN,.tanisegknn,13
Carnatic,a9413dff-91d1-4e29-ad92-c04019dce5b8/Sanjay_Subrahmanyan/December_Season_2010/Varnam_Eranapai_Inta/Varnam_Eranapai_Inta.tonic,Varnam_Eranapai_Inta.tonic,.tonic,10
Carnatic,a9413dff-91d1-4e29-ad92-c04019dce5b8/Nisha_P_Rajagopal/December_Season_2008/Ninne_Nammi_Naanu/Ninne_Nammi_Naanu.flatSegNyas,Ninne_Nammi_Naanu.flatSegNyas,.flatsegnyas,48390
Carnatic,a9413dff-91d1-4e29-ad92-c04019dce5b8/Nisha_P_Rajagopal/December_Season_2008/Ninne_Nammi_Naanu/Ninne_Nammi_Naanu.tonicFine,Ninne_Nammi_Naanu.tonicFine,.tonicfine,25
Carnatic,a9413dff-91d1-4e29-ad92-c04019dce5b8/Nisha_P_Rajagopal/December_Season_2008/Ninne_Nammi_Naanu/Ninne_Nammi_Naanu.pitchSilIntrpPP,Ninne_Nammi_Naanu.pitchSilIntrpPP,.pitchsilintrppp,42909700
Carnatic,a9413dff-91d1-4e29-ad92-c04019dce5b8/Nisha_P_Rajagopal/December_Season_2008/Ninne_Nammi_Naanu/Ninne_Nammi_Naanu.pitch,Ninne_Nammi_Naanu.pitch,.pitch,20769865
Carnatic,a9413dff-91d1-4e29-ad92-c04019dce5b8/Nisha_P_Rajagopal/December_Season_2008/Ninne_Nammi_Naanu/Ninne_Nammi_Naanu.taniSegKNN,Ninne_Nammi_Naanu.taniSegKNN,.tanisegknn,18
Carnatic,a9413dff-91d1-4e29-ad92-c04019dce5b8/Nisha_P_Rajagopal/December_Season_2008/Ninne_Nammi_Naanu/Ninne_Nammi_Naanu.tonic,Ninne_Nammi_Naanu.tonic,.tonic,10
Carnatic,a9413dff-91d1-4e29-ad92-c04019dce5b8/Nithyasree_Mahadevan/December_Season_2008/Sri_Krishnam_Bhaja/Sri_Krishnam_Bhaja.tonicFine,Sri_Krishnam_Bhaja.tonicFine,.tonicfine,25
Carnatic,a9413dff-91d1-4e29-ad92-c04019dce5b8/Nithyasree_Mahadevan/December_Season_2008/Sri_Krishnam_Bhaja/Sri_Krishnam_Bhaja.taniSegKNN,Sri_Krishnam_Bhaja.taniSegKNN,.tanisegknn,72
Carnatic,a9413dff-91d1-4e29-ad92-c04019dce5b8/Nithyasree_Mahadevan/December_Season_2008/Sri_Krishnam_Bhaja/Sri_Krishnam_Bhaja.flatSegNyas,Sri_Krishnam_Bhaja.flatSegNyas,.flatsegnyas,34572
Carnatic,a9413dff-91d1-4e29-ad92-c04019dce5b8/Nithyasree_Mahadevan/December_Season_2008/Sri_Krishnam_Bhaja/Sri_Krishnam_Bhaja.pitch,Sri_Krishnam_Bhaja.pitch,.pitch,15306322
Carnatic,a9413dff-91d1-4e29-ad92-c04019dce5b8/Nithyasree_Mahadevan/December_Season_2008/Sri_Krishnam_Bhaja/Sri_Krishnam_Bhaja.pitchSilIntrpPP,Sri_Krishnam_Bhaja.pitchSilIntrpPP,.pitchsilintrppp,31782050
Carnatic,a9413dff-91d1-4e29-ad92-c04019dce5b8/Nithyasree_Mahadevan/December_Season_2008/Sri_Krishnam_Bhaja/Sri_Krishnam_Bhaja.tonic,Sri_Krishnam_Bhaja.tonic,.tonic,10
Carnatic,a9413dff-91d1-4e29-ad92-c04019dce5b8/Sangeetha_Swaminathan/December_Season_2009/Jesina_Della/Jesina_Della.tonic,Jesina_Della.tonic,.tonic,10
Carnatic,a9413dff-91d1-4e29-ad92-c04019dce5b8/Sangeetha_Swaminathan/December_Season_2009/Jesina_Della/Jesina_Della.tonicFine,Jesina_Della.tonicFine,.tonicfine,25
Carnatic,a9413dff-91d1-4e29-ad92-c04019dce5b8/Sangeetha_Swaminathan/December_Season_2009/Jesina_Della/Jesina_Della.pitch,Jesina_Della.pitch,.pitch,12857477
Carnatic,a9413dff-91d1-4e29-ad92-c04019dce5b8/Sangeetha_Swaminathan/December_Season_2009/Jesina_Della/Jesina_Della.taniSegKNN,Jesina_Della.taniSegKNN,.tanisegknn,36
Carnatic,a9413dff-91d1-4e29-ad92-c04019dce5b8/Sangeetha_Swaminathan/December_Season_2009/Jesina_Della/Jesina_Della.pitchSilIntrpPP,Jesina_Della.pitchSilIntrpPP,.pitchsilintrppp,26720300
Carnatic,a9413dff-91d1-4e29-ad92-c04019dce5b8/Sangeetha_Swaminathan/December_Season_2009/Jesina_Della/Jesina_Della.flatSegNyas,Jesina_Della.flatSegNyas,.flatsegnyas,29363
Carnatic,4ce0b18d-f4df-41cf-9b40-9166199506b4/Kunnakkudi_M_Balamuralikrishna/December_Season_2009/Oraru_Mugane/Oraru_Mugane.pitch,Oraru_Mugane.pitch,.pitch,2138545
Carnatic,4ce0b18d-f4df-41cf-9b40-9166199506b4/Kunnakkudi_M_Balamuralikrishna/December_Season_2009/Oraru_Mugane/Oraru_Mugane.taniSegKNN,Oraru_Mugane.taniSegKNN,.tanisegknn,0
Carnatic,4ce0b18d-f4df-41cf-9b40-9166199506b4/Kunnakkudi_M_Balamuralikrishna/December_Season_2009/Oraru_Mugane/Oraru_Mugane.tonicFine,Oraru_Mugane.tonicFine,.tonicfine,25
Carnatic,4ce0b18d-f4df-41cf-9b40-9166199506b4/Kunnakkudi_M_Balamuralikrishna/December_Season_2009/Oraru_Mugane/Oraru_Mugane.flatSegNyas,Oraru_Mugane.flatSegNyas,.flatsegnyas,4750
Carnatic,4ce0b18d-f4df-41cf-9b40-9166199506b4/Kunnakkudi_M_Balamuralikrishna/December_Season_2009/Oraru_Mugane/Oraru_Mugane.pitchSilIntrpPP,Oraru_Mugane.pitchSilIntrpPP,.pitchsilintrppp,4602500
Carnatic,4ce0b18d-f4df-41cf-9b40-9166199506b4/Kunnakkudi_M_Balamuralikrishna/December_Season_2009/Oraru_Mugane/Oraru_Mugane.tonic,Oraru_Mugane.tonic,.tonic,10
Carnatic,4ce0b18d-f4df-41cf-9b40-9166199506b4/Akkarai_Sisters/Akkarai_Sisters_at_Arkay/Koti_Janmani/Koti_Janmani.pitchSilIntrpPP,Koti_Janmani.pitchSilIntrpPP,.pitchsilintrppp,5925400
Carnatic,4ce0b18d-f4df-41cf-9b40-9166199506b4/Akkarai_Sisters/Akkarai_Sisters_at_Arkay/Koti_Janmani/Koti_Janmani.tonic,Koti_Janmani.tonic,.tonic,10
Carnatic,4ce0b18d-f4df-41cf-9b40-9166199506b4/Akkarai_Sisters/Akkarai_Sisters_at_Arkay/Koti_Janmani/Koti_Janmani.tonicFine,Koti_Janmani.tonicFine,.tonicfine,25
Carnatic,4ce0b18d-f4df-41cf-9b40-9166199506b4/Akkarai_Sisters/Akkarai_Sisters_at_Arkay/Koti_Janmani/Koti_Janmani.flatSegNyas,Koti_Janmani.flatSegNyas,.flatsegnyas,7668
Carnatic,4ce0b18d-f4df-41cf-9b40-9166199506b4/Akkarai_Sisters/Akkarai_Sisters_at_Arkay/Koti_Janmani/Koti_Janmani.taniSegKNN,Koti_Janmani.taniSegKNN,.tanisegknn,0
Carnatic,4ce0b18d-f4df-41cf-9b40-9166199506b4/Akkarai_Sisters/Akkarai_Sisters_at_Arkay/Koti_Janmani/Koti_Janmani.pitch,Koti_Janmani.pitch,.pitch,5925400
Carnatic,4ce0b18d-f4df-41cf-9b40-9166199506b4/T__M__Krishna/December_Season_2006/Cheraravade_Mi_Ra/Cheraravade_Mi_Ra.tonicFine,Cheraravade_Mi_Ra.tonicFine,.tonicfine,25
Carnatic,4ce0b18d-f4df-41cf-9b40-9166199506b4/T__M__Krishna/December_Season_2006/Cheraravade_Mi_Ra/Cheraravade_Mi_Ra.pitch,Cheraravade_Mi_Ra.pitch,.pitch,2739270
Carnatic,4ce0b18d-f4df-41cf-9b40-9166199506b4/T__M__Krishna/December_Season_2006/Cheraravade_Mi_Ra/Cheraravade_Mi_Ra.pitchSilIntrpPP,Cheraravade_Mi_Ra.pitchSilIntrpPP,.pitchsilintrppp,5900850
Carnatic,4ce0b18d-f4df-41cf-9b40-9166199506b4/T__M__Krishna/December_Season_2006/Cheraravade_Mi_Ra/Cheraravade_Mi_Ra.flatSegNyas,Cheraravade_Mi_Ra.flatSegNyas,.flatsegnyas,5933
Carnatic,4ce0b18d-f4df-41cf-9b40-9166199506b4/T__M__Krishna/December_Season_2006/Cheraravade_Mi_Ra/Cheraravade_Mi_Ra.taniSegKNN,Cheraravade_Mi_Ra.taniSegKNN,.tanisegknn,16
Carnatic,4ce0b18d-f4df-41cf-9b40-9166199506b4/T__M__Krishna/December_Season_2006/Cheraravade_Mi_Ra/Cheraravade_Mi_Ra.tonic,Cheraravade_Mi_Ra.tonic,.tonic,10
Carnatic,4ce0b18d-f4df-41cf-9b40-9166199506b4/Sanjay_Subrahmanyan/December_Season_2010/Raagaratna_malikache/Raagaratna_malikache.tonic,Raagaratna_malikache.tonic,.tonic,10
Carnatic,4ce0b18d-f4df-41cf-9b40-9166199506b4/Sanjay_Subrahmanyan/December_Season_2010/Raagaratna_malikache/Raagaratna_malikache.pitchSilIntrpPP,Raagaratna_malikache.pitchSilIntrpPP,.pitchsilintrppp,15581750
Carnatic,4ce0b18d-f4df-41cf-9b40-9166199506b4/Sanjay_Subrahmanyan/December_Season_2010/Raagaratna_malikache/Raagaratna_malikache.flatSegNyas,Raagaratna_malikache.flatSegNyas,.flatsegnyas,18736
Carnatic,4ce0b18d-f4df-41cf-9b40-9166199506b4/Sanjay_Subrahmanyan/December_Season_2010/Raagaratna_malikache/Raagaratna_malikache.tonicFine,Raagaratna_malikache.tonicFine,.tonicfine,25
Carnatic,4ce0b18d-f4df-41cf-9b40-9166199506b4/Sanjay_Subrahmanyan/December_Season_2010/Raagaratna_malikache/Raagaratna_malikache.taniSegKNN,Raagaratna_malikache.taniSegKNN,.tanisegknn,53
Carnatic,4ce0b18d-f4df-41cf-9b40-9166199506b4/Sanjay_Subrahmanyan/December_Season_2010/Raagaratna_malikache/Raagaratna_malikache.pitch,Raagaratna_malikache.pitch,.pitch,7385804
Carnatic,4ce0b18d-f4df-41cf-9b40-9166199506b4/Sanjay_Subrahmanyan/Sanjay_at_Sastri_Hall/Janani/Janani.flatSegNyas,Janani.flatSegNyas,.flatsegnyas,29382
Carnatic,4ce0b18d-f4df-41cf-9b40-9166199506b4/Sanjay_Subrahmanyan/Sanjay_at_Sastri_Hall/Janani/Janani.taniSegKNN,Janani.taniSegKNN,.tanisegknn,18
Carnatic,4ce0b18d-f4df-41cf-9b40-9166199506b4/Sanjay_Subrahmanyan/Sanjay_at_Sastri_Hall/Janani/Janani.tonic,Janani.tonic,.tonic,10
Carnatic,4ce0b18d-f4df-41cf-9b40-9166199506b4/Sanjay_Subrahmanyan/Sanjay_at_Sastri_Hall/Janani/Janani.pitchSilIntrpPP,Janani.pitchSilIntrpPP,.pitchsilintrppp,19587000
Carnatic,4ce0b18d-f4df-41cf-9b40-9166199506b4/Sanjay_Subrahmanyan/Sanjay_at_Sastri_Hall/Janani/Janani.tonicFine,Janani.tonicFine,.tonicfine,25
Carnatic,4ce0b18d-f4df-41cf-9b40-9166199506b4/Sanjay_Subrahmanyan/Sanjay_at_Sastri_Hall/Janani/Janani.pitch,Janani.pitch,.pitch,9333402
Carnatic,4ce0b18d-f4df-41cf-9b40-9166199506b4/Nisha_P_Rajagopal/December_Season_2003/Dvaitamu/Dvaitamu.pitch,Dvaitamu.pitch,.pitch,5644588
Carnatic,4ce0b18d-f4df-41cf-9b40-9166199506b4/Nisha_P_Rajagopal/December_Season_2003/Dvaitamu/Dvaitamu.taniSegKNN,Dvaitamu.taniSegKNN,.tanisegknn,18
Carnatic,4ce0b18d-f4df-41cf-9b40-9166199506b4/Nisha_P_Rajagopal/December_Season_2003/Dvaitamu/Dvaitamu.tonicFine,Dvaitamu.tonicFine,.tonicfine,25
Carnatic,4ce0b18d-f4df-41cf-9b40-9166199506b4/Nisha_P_Rajagopal/December_Season_2003/Dvaitamu/Dvaitamu.pitchSilIntrpPP,Dvaitamu.pitchSilIntrpPP,.pitchsilintrppp,12046100
Carnatic,4ce0b18d-f4df-41cf-9b40-9166199506b4/Nisha_P_Rajagopal/December_Season_2003/Dvaitamu/Dvaitamu.tonic,Dvaitamu.tonic,.tonic,10
Carnatic,4ce0b18d-f4df-41cf-9b40-9166199506b4/Nisha_P_Rajagopal/December_Season_2003/Dvaitamu/Dvaitamu.flatSegNyas,Dvaitamu.flatSegNyas,.flatsegnyas,16299
Carnatic,4ce0b18d-f4df-41cf-9b40-9166199506b4/Sikkil_Gurucharan/December_Season_2006/Nannu_Vidachi/Nannu_Vidachi.flatSegNyas,Nannu_Vidachi.flatSegNyas,.flatsegnyas,11575
Carnatic,4ce0b18d-f4df-41cf-9b40-9166199506b4/Sikkil_Gurucharan/December_Season_2006/Nannu_Vidachi/Nannu_Vidachi.taniSegKNN,Nannu_Vidachi.taniSegKNN,.tanisegknn,0
Carnatic,4ce0b18d-f4df-41cf-9b40-9166199506b4/Sikkil_Gurucharan/December_Season_2006/Nannu_Vidachi/Nannu_Vidachi.pitchSilIntrpPP,Nannu_Vidachi.pitchSilIntrpPP,.pitchsilintrppp,9627900
Carnatic,4ce0b18d-f4df-41cf-9b40-9166199506b4/Sikkil_Gurucharan/December_Season_2006/Nannu_Vidachi/Nannu_Vidachi.tonicFine,Nannu_Vidachi.tonicFine,.tonicfine,25
Carnatic,4ce0b18d-f4df-41cf-9b40-9166199506b4/Sikkil_Gurucharan/December_Season_2006/Nannu_Vidachi/Nannu_Vidachi.tonic,Nannu_Vidachi.tonic,.tonic,10
Carnatic,4ce0b18d-f4df-41cf-9b40-9166199506b4/Sikkil_Gurucharan/December_Season_2006/Nannu_Vidachi/Nannu_Vidachi.pitch,Nannu_Vidachi.pitch,.pitch,4482235
Carnatic,4ce0b18d-f4df-41cf-9b40-9166199506b4/Vasundara_Rajagopal/Vasundara_Rajagopal_at_Arkay/Ninnuvina_Marigalada/Ninnuvina_Marigalada.flatSegNyas,Ninnuvina_Marigalada.flatSegNyas,.flatsegnyas,17772
Carnatic,4ce0b18d-f4df-41cf-9b40-9166199506b4/Vasundara_Rajagopal/Vasundara_Rajagopal_at_Arkay/Ninnuvina_Marigalada/Ninnuvina_Marigalada.tonic,Ninnuvina_Marigalada.tonic,.tonic,10
Carnatic,4ce0b18d-f4df-41cf-9b40-9166199506b4/Vasundara_Rajagopal/Vasundara_Rajagopal_at_Arkay/Ninnuvina_Marigalada/Ninnuvina_Marigalada.pitch,Ninnuvina_Marigalada.pitch,.pitch,15347700
Carnatic,4ce0b18d-f4df-41cf-9b40-9166199506b4/Vasundara_Rajagopal/Vasundara_Rajagopal_at_Arkay/Ninnuvina_Marigalada/Ninnuvina_Marigalada.tonicFine,Ninnuvina_Marigalada.tonicFine,.tonicfine,25
Carnatic,4ce0b18d-f4df-41cf-9b40-9166199506b4/Vasundara_Rajagopal/Vasundara_Rajagopal_at_Arkay/Ninnuvina_Marigalada/Ninnuvina_Marigalada.pitchSilIntrpPP,Ninnuvina_Marigalada.pitchSilIntrpPP,.pitchsilintrppp,15347700
Carnatic,4ce0b18d-f4df-41cf-9b40-9166199506b4/Vasundara_Rajagopal/Vasundara_Rajagopal_at_Arkay/Ninnuvina_Marigalada/Ninnuvina_Marigalada.taniSegKNN,Ninnuvina_Marigalada.taniSegKNN,.tanisegknn,0
Carnatic,4ce0b18d-f4df-41cf-9b40-9166199506b4/Aruna_Sairam/Madrasil_Margazhi_2006/Tatvamariya_Tarama/Tatvamariya_Tarama.pitch,Tatvamariya_Tarama.pitch,.pitch,2003468
Carnatic,4ce0b18d-f4df-41cf-9b40-9166199506b4/Aruna_Sairam/Madrasil_Margazhi_2006/Tatvamariya_Tarama/Tatvamariya_Tarama.tonicFine,Tatvamariya_Tarama.tonicFine,.tonicfine,25
Carnatic,4ce0b18d-f4df-41cf-9b40-9166199506b4/Aruna_Sairam/Madrasil_Margazhi_2006/Tatvamariya_Tarama/Tatvamariya_Tarama.flatSegNyas,Tatvamariya_Tarama.flatSegNyas,.flatsegnyas,5412
Carnatic,4ce0b18d-f4df-41cf-9b40-9166199506b4/Aruna_Sairam/Madrasil_Margazhi_2006/Tatvamariya_Tarama/Tatvamariya_Tarama.tonic,Tatvamariya_Tarama.tonic,.tonic,9
Carnatic,4ce0b18d-f4df-41cf-9b40-9166199506b4/Aruna_Sairam/Madrasil_Margazhi_2006/Tatvamariya_Tarama/Tatvamariya_Tarama.pitchSilIntrpPP,Tatvamariya_Tarama.pitchSilIntrpPP,.pitchsilintrppp,4321850
Carnatic,4ce0b18d-f4df-41cf-9b40-9166199506b4/Aruna_Sairam/Madrasil_Margazhi_2006/Tatvamariya_Tarama/Tatvamariya_Tarama.taniSegKNN,Tatvamariya_Tarama.taniSegKNN,.tanisegknn,0
Carnatic,4ce0b18d-f4df-41cf-9b40-9166199506b4/Sandeep_Narayan/December_Season_2011/Vanajaksha/Vanajaksha.tonicFine,Vanajaksha.tonicFine,.tonicfine,25
Carnatic,4ce0b18d-f4df-41cf-9b40-9166199506b4/Sandeep_Narayan/December_Season_2011/Vanajaksha/Vanajaksha.tonic,Vanajaksha.tonic,.tonic,10
Carnatic,4ce0b18d-f4df-41cf-9b40-9166199506b4/Sandeep_Narayan/December_Season_2011/Vanajaksha/Vanajaksha.pitch,Vanajaksha.pitch,.pitch,2743014
Carnatic,4ce0b18d-f4df-41cf-9b40-9166199506b4/Sandeep_Narayan/December_Season_2011/Vanajaksha/Vanajaksha.flatSegNyas,Vanajaksha.flatSegNyas,.flatsegnyas,8082
Carnatic,4ce0b18d-f4df-41cf-9b40-9166199506b4/Sandeep_Narayan/December_Season_2011/Vanajaksha/Vanajaksha.pitchSilIntrpPP,Vanajaksha.pitchSilIntrpPP,.pitchsilintrppp,5896850
Carnatic,4ce0b18d-f4df-41cf-9b40-9166199506b4/Sandeep_Narayan/December_Season_2011/Vanajaksha/Vanajaksha.taniSegKNN,Vanajaksha.taniSegKNN,.tanisegknn,0
Carnatic,4ce0b18d-f4df-41cf-9b40-9166199506b4/Sangeetha_Swaminathan/December_Season_2010/Nannu_vidachi/Nannu_vidachi.taniSegKNN,Nannu_vidachi.taniSegKNN,.tanisegknn,0
Carnatic,4ce0b18d-f4df-41cf-9b40-9166199506b4/Sangeetha_Swaminathan/December_Season_2010/Nannu_vidachi/Nannu_vidachi.tonic,Nannu_vidachi.tonic,.tonic,10
Carnatic,4ce0b18d-f4df-41cf-9b40-9166199506b4/Sangeetha_Swaminathan/December_Season_2010/Nannu_vidachi/Nannu_vidachi.pitchSilIntrpPP,Nannu_vidachi.pitchSilIntrpPP,.pitchsilintrppp,4585150
Carnatic,4ce0b18d-f4df-41cf-9b40-9166199506b4/Sangeetha_Swaminathan/December_Season_2010/Nannu_vidachi/Nannu_vidachi.flatSegNyas,Nannu_vidachi.flatSegNyas,.flatsegnyas,6520
Carnatic,4ce0b18d-f4df-41cf-9b40-9166199506b4/Sangeetha_Swaminathan/December_Season_2010/Nannu_vidachi/Nannu_vidachi.pitch,Nannu_vidachi.pitch,.pitch,2121556
Carnatic,4ce0b18d-f4df-41cf-9b40-9166199506b4/Sangeetha_Swaminathan/December_Season_2010/Nannu_vidachi/Nannu_vidachi.tonicFine,Nannu_vidachi.tonicFine,.tonicfine,25
Carnatic,4ce0b18d-f4df-41cf-9b40-9166199506b4/Amrutha_Venkatesh/December_Season_2008/Janani_Ninnu_Vina/Janani_Ninnu_Vina.flatSegNyas,Janani_Ninnu_Vina.flatSegNyas,.flatsegnyas,41428
Carnatic,4ce0b18d-f4df-41cf-9b40-9166199506b4/Amrutha_Venkatesh/December_Season_2008/Janani_Ninnu_Vina/Janani_Ninnu_Vina.pitchSilIntrpPP,Janani_Ninnu_Vina.pitchSilIntrpPP,.pitchsilintrppp,27476150
Carnatic,4ce0b18d-f4df-41cf-9b40-9166199506b4/Amrutha_Venkatesh/December_Season_2008/Janani_Ninnu_Vina/Janani_Ninnu_Vina.taniSegKNN,Janani_Ninnu_Vina.taniSegKNN,.tanisegknn,18
Carnatic,4ce0b18d-f4df-41cf-9b40-9166199506b4/Amrutha_Venkatesh/December_Season_2008/Janani_Ninnu_Vina/Janani_Ninnu_Vina.tonic,Janani_Ninnu_Vina.tonic,.tonic,10
Carnatic,4ce0b18d-f4df-41cf-9b40-9166199506b4/Amrutha_Venkatesh/December_Season_2008/Janani_Ninnu_Vina/Janani_Ninnu_Vina.pitch,Janani_Ninnu_Vina.pitch,.pitch,13255372
Carnatic,4ce0b18d-f4df-41cf-9b40-9166199506b4/Amrutha_Venkatesh/December_Season_2008/Janani_Ninnu_Vina/Janani_Ninnu_Vina.tonicFine,Janani_Ninnu_Vina.tonicFine,.tonicfine,25
Carnatic,"42dd0ccb-f92a-4622-ae5d-a3be571b4939/D__K__Jayaraman/Krishna_Gana_Sabha,_1982/Neesati_Deivamendu/Neesati_Deivamendu.flatSegNyas",Neesati_Deivamendu.flatSegNyas,.flatsegnyas,5164
Carnatic,"42dd0ccb-f92a-4622-ae5d-a3be571b4939/D__K__Jayaraman/Krishna_Gana_Sabha,_1982/Neesati_Deivamendu/Neesati_Deivamendu.tonic",Neesati_Deivamendu.tonic,.tonic,10
Carnatic,"42dd0ccb-f92a-4622-ae5d-a3be571b4939/D__K__Jayaraman/Krishna_Gana_Sabha,_1982/Neesati_Deivamendu/Neesati_Deivamendu.taniSegKNN",Neesati_Deivamendu.taniSegKNN,.tanisegknn,0
Carnatic,"42dd0ccb-f92a-4622-ae5d-a3be571b4939/D__K__Jayaraman/Krishna_Gana_Sabha,_1982/Neesati_Deivamendu/Neesati_Deivamendu.tonicFine",Neesati_Deivamendu.tonicFine,.tonicfine,25
Carnatic,"42dd0ccb-f92a-4622-ae5d-a3be571b4939/D__K__Jayaraman/Krishna_Gana_Sabha,_1982/Neesati_Deivamendu/Neesati_Deivamendu.pitch",Neesati_Deivamendu.pitch,.pitch,1467090
Carnatic,"42dd0ccb-f92a-4622-ae5d-a3be571b4939/D__K__Jayaraman/Krishna_Gana_Sabha,_1982/Neesati_Deivamendu/Neesati_Deivamendu.pitchSilIntrpPP",Neesati_Deivamendu.pitchSilIntrpPP,.pitchsilintrppp,3183350
Carnatic,42dd0ccb-f92a-4622-ae5d-a3be571b4939/T__M__Krishna/Vaishnava_Ksetra/Karumugil_Vannam_-Badrinath/Karumugil_Vannam_-Badrinath.pitch,Karumugil_Vannam_-Badrinath.pitch,.pitch,2201593
Carnatic,42dd0ccb-f92a-4622-ae5d-a3be571b4939/T__M__Krishna/Vaishnava_Ksetra/Karumugil_Vannam_-Badrinath/Karumugil_Vannam_-Badrinath.taniSegKNN,Karumugil_Vannam_-Badrinath.taniSegKNN,.tanisegknn,16
Carnatic,42dd0ccb-f92a-4622-ae5d-a3be571b4939/T__M__Krishna/Vaishnava_Ksetra/Karumugil_Vannam_-Badrinath/Karumugil_Vannam_-Badrinath.tonicFine,Karumugil_Vannam_-Badrinath.tonicFine,.tonicfine,25
Carnatic,42dd0ccb-f92a-4622-ae5d-a3be571b4939/T__M__Krishna/Vaishnava_Ksetra/Karumugil_Vannam_-Badrinath/Karumugil_Vannam_-Badrinath.flatSegNyas,Karumugil_Vannam_-Badrinath.flatSegNyas,.flatsegnyas,4780
Carnatic,42dd0ccb-f92a-4622-ae5d-a3be571b4939/T__M__Krishna/Vaishnava_Ksetra/Karumugil_Vannam_-Badrinath/Karumugil_Vannam_-Badrinath.pitchSilIntrpPP,Karumugil_Vannam_-Badrinath.pitchSilIntrpPP,.pitchsilintrppp,4759700
Carnatic,42dd0ccb-f92a-4622-ae5d-a3be571b4939/T__M__Krishna/Vaishnava_Ksetra/Karumugil_Vannam_-Badrinath/Karumugil_Vannam_-Badrinath.tonic,Karumugil_Vannam_-Badrinath.tonic,.tonic,10
Carnatic,42dd0ccb-f92a-4622-ae5d-a3be571b4939/M_S__Subbulakshmi/Paddhatti_-_M_S_Subbulakshmi_-_Live_In_Concert_1956/Gajavadana/Gajavadana.flatSegNyas,Gajavadana.flatSegNyas,.flatsegnyas,5603
Carnatic,42dd0ccb-f92a-4622-ae5d-a3be571b4939/M_S__Subbulakshmi/Paddhatti_-_M_S_Subbulakshmi_-_Live_In_Concert_1956/Gajavadana/Gajavadana.tonic,Gajavadana.tonic,.tonic,10
Carnatic,42dd0ccb-f92a-4622-ae5d-a3be571b4939/M_S__Subbulakshmi/Paddhatti_-_M_S_Subbulakshmi_-_Live_In_Concert_1956/Gajavadana/Gajavadana.taniSegKNN,Gajavadana.taniSegKNN,.tanisegknn,0
Carnatic,42dd0ccb-f92a-4622-ae5d-a3be571b4939/M_S__Subbulakshmi/Paddhatti_-_M_S_Subbulakshmi_-_Live_In_Concert_1956/Gajavadana/Gajavadana.pitch,Gajavadana.pitch,.pitch,1641096
Carnatic,42dd0ccb-f92a-4622-ae5d-a3be571b4939/M_S__Subbulakshmi/Paddhatti_-_M_S_Subbulakshmi_-_Live_In_Concert_1956/Gajavadana/Gajavadana.tonicFine,Gajavadana.tonicFine,.tonicfine,25
Carnatic,42dd0ccb-f92a-4622-ae5d-a3be571b4939/M_S__Subbulakshmi/Paddhatti_-_M_S_Subbulakshmi_-_Live_In_Concert_1956/Gajavadana/Gajavadana.pitchSilIntrpPP,Gajavadana.pitchSilIntrpPP,.pitchsilintrppp,3523650
Carnatic,42dd0ccb-f92a-4622-ae5d-a3be571b4939/Cherthala_Ranganatha_Sharma/Cherthala_Ranganatha_Sharma_at_Arkay/Bhuvini_Dasudane/Bhuvini_Dasudane.pitchSilIntrpPP,Bhuvini_Dasudane.pitchSilIntrpPP,.pitchsilintrppp,3480150
Carnatic,42dd0ccb-f92a-4622-ae5d-a3be571b4939/Cherthala_Ranganatha_Sharma/Cherthala_Ranganatha_Sharma_at_Arkay/Bhuvini_Dasudane/Bhuvini_Dasudane.pitch,Bhuvini_Dasudane.pitch,.pitch,1599368
Carnatic,42dd0ccb-f92a-4622-ae5d-a3be571b4939/Cherthala_Ranganatha_Sharma/Cherthala_Ranganatha_Sharma_at_Arkay/Bhuvini_Dasudane/Bhuvini_Dasudane.taniSegKNN,Bhuvini_Dasudane.taniSegKNN,.tanisegknn,16
Carnatic,42dd0ccb-f92a-4622-ae5d-a3be571b4939/Cherthala_Ranganatha_Sharma/Cherthala_Ranganatha_Sharma_at_Arkay/Bhuvini_Dasudane/Bhuvini_Dasudane.tonic,Bhuvini_Dasudane.tonic,.tonic,10
Carnatic,42dd0ccb-f92a-4622-ae5d-a3be571b4939/Cherthala_Ranganatha_Sharma/Cherthala_Ranganatha_Sharma_at_Arkay/Bhuvini_Dasudane/Bhuvini_Dasudane.tonicFine,Bhuvini_Dasudane.tonicFine,.tonicfine,25
Carnatic,42dd0ccb-f92a-4622-ae5d-a3be571b4939/Cherthala_Ranganatha_Sharma/Cherthala_Ranganatha_Sharma_at_Arkay/Bhuvini_Dasudane/Bhuvini_Dasudane.flatSegNyas,Bhuvini_Dasudane.flatSegNyas,.flatsegnyas,4303
Carnatic,42dd0ccb-f92a-4622-ae5d-a3be571b4939/K__V__Narayanaswami/Master_Piece_-_Live_Concert_at_Sri_Krishna_Gana_Sabha_Vol_I/Ini_Oru_Kanam/Ini_Oru_Kanam.taniSegKNN,Ini_Oru_Kanam.taniSegKNN,.tanisegknn,76
Carnatic,42dd0ccb-f92a-4622-ae5d-a3be571b4939/K__V__Narayanaswami/Master_Piece_-_Live_Concert_at_Sri_Krishna_Gana_Sabha_Vol_I/Ini_Oru_Kanam/Ini_Oru_Kanam.pitch,Ini_Oru_Kanam.pitch,.pitch,5710320
Carnatic,42dd0ccb-f92a-4622-ae5d-a3be571b4939/K__V__Narayanaswami/Master_Piece_-_Live_Concert_at_Sri_Krishna_Gana_Sabha_Vol_I/Ini_Oru_Kanam/Ini_Oru_Kanam.pitchSilIntrpPP,Ini_Oru_Kanam.pitchSilIntrpPP,.pitchsilintrppp,12205800
Carnatic,42dd0ccb-f92a-4622-ae5d-a3be571b4939/K__V__Narayanaswami/Master_Piece_-_Live_Concert_at_Sri_Krishna_Gana_Sabha_Vol_I/Ini_Oru_Kanam/Ini_Oru_Kanam.flatSegNyas,Ini_Oru_Kanam.flatSegNyas,.flatsegnyas,13367
Carnatic,42dd0ccb-f92a-4622-ae5d-a3be571b4939/K__V__Narayanaswami/Master_Piece_-_Live_Concert_at_Sri_Krishna_Gana_Sabha_Vol_I/Ini_Oru_Kanam/Ini_Oru_Kanam.tonicFine,Ini_Oru_Kanam.tonicFine,.tonicfine,25
Carnatic,42dd0ccb-f92a-4622-ae5d-a3be571b4939/K__V__Narayanaswami/Master_Piece_-_Live_Concert_at_Sri_Krishna_Gana_Sabha_Vol_I/Ini_Oru_Kanam/Ini_Oru_Kanam.tonic,Ini_Oru_Kanam.tonic,.tonic,10
Carnatic,42dd0ccb-f92a-4622-ae5d-a3be571b4939/Srividya_Janakiraman/Srividya_Janakiraman_at_Arkay/Sri_Dundurge_Siva_Samsaare/Sri_Dundurge_Siva_Samsaare.tonicFine,Sri_Dundurge_Siva_Samsaare.tonicFine,.tonicfine,25
Carnatic,42dd0ccb-f92a-4622-ae5d-a3be571b4939/Srividya_Janakiraman/Srividya_Janakiraman_at_Arkay/Sri_Dundurge_Siva_Samsaare/Sri_Dundurge_Siva_Samsaare.flatSegNyas,Sri_Dundurge_Siva_Samsaare.flatSegNyas,.flatsegnyas,3441
Carnatic,42dd0ccb-f92a-4622-ae5d-a3be571b4939/Srividya_Janakiraman/Srividya_Janakiraman_at_Arkay/Sri_Dundurge_Siva_Samsaare/Sri_Dundurge_Siva_Samsaare.pitchSilIntrpPP,Sri_Dundurge_Siva_Samsaare.pitchSilIntrpPP,.pitchsilintrppp,3429350
Carnatic,42dd0ccb-f92a-4622-ae5d-a3be571b4939/Srividya_Janakiraman/Srividya_Janakiraman_at_Arkay/Sri_Dundurge_Siva_Samsaare/Sri_Dundurge_Siva_Samsaare.taniSegKNN,Sri_Dundurge_Siva_Samsaare.taniSegKNN,.tanisegknn,0
Carnatic,42dd0ccb-f92a-4622-ae5d-a3be571b4939/Srividya_Janakiraman/Srividya_Janakiraman_at_Arkay/Sri_Dundurge_Siva_Samsaare/Sri_Dundurge_Siva_Samsaare.tonic,Sri_Dundurge_Siva_Samsaare.tonic,.tonic,10
Carnatic,42dd0ccb-f92a-4622-ae5d-a3be571b4939/Srividya_Janakiraman/Srividya_Janakiraman_at_Arkay/Sri_Dundurge_Siva_Samsaare/Sri_Dundurge_Siva_Samsaare.pitch,Sri_Dundurge_Siva_Samsaare.pitch,.pitch,1578481
Carnatic,42dd0ccb-f92a-4622-ae5d-a3be571b4939/Abhishek_Raghuram/December_Season_2009/Brochevaarevare/Brochevaarevare.tonic,Brochevaarevare.tonic,.tonic,10
Carnatic,42dd0ccb-f92a-4622-ae5d-a3be571b4939/Abhishek_Raghuram/December_Season_2009/Brochevaarevare/Brochevaarevare.taniSegKNN,Brochevaarevare.taniSegKNN,.tanisegknn,0
Carnatic,42dd0ccb-f92a-4622-ae5d-a3be571b4939/Abhishek_Raghuram/December_Season_2009/Brochevaarevare/Brochevaarevare.pitchSilIntrpPP,Brochevaarevare.pitchSilIntrpPP,.pitchsilintrppp,5927400
Carnatic,42dd0ccb-f92a-4622-ae5d-a3be571b4939/Abhishek_Raghuram/December_Season_2009/Brochevaarevare/Brochevaarevare.tonicFine,Brochevaarevare.tonicFine,.tonicfine,25
Carnatic,42dd0ccb-f92a-4622-ae5d-a3be571b4939/Abhishek_Raghuram/December_Season_2009/Brochevaarevare/Brochevaarevare.pitch,Brochevaarevare.pitch,.pitch,2747955
Carnatic,42dd0ccb-f92a-4622-ae5d-a3be571b4939/Abhishek_Raghuram/December_Season_2009/Brochevaarevare/Brochevaarevare.flatSegNyas,Brochevaarevare.flatSegNyas,.flatsegnyas,6102
Carnatic,42dd0ccb-f92a-4622-ae5d-a3be571b4939/Sanjay_Subrahmanyan/December_Season_2000/Ini_Oru_Kanam/Ini_Oru_Kanam.taniSegKNN,Ini_Oru_Kanam.taniSegKNN,.tanisegknn,16
Carnatic,42dd0ccb-f92a-4622-ae5d-a3be571b4939/Sanjay_Subrahmanyan/December_Season_2000/Ini_Oru_Kanam/Ini_Oru_Kanam.pitch,Ini_Oru_Kanam.pitch,.pitch,4386691
Carnatic,42dd0ccb-f92a-4622-ae5d-a3be571b4939/Sanjay_Subrahmanyan/December_Season_2000/Ini_Oru_Kanam/Ini_Oru_Kanam.pitchSilIntrpPP,Ini_Oru_Kanam.pitchSilIntrpPP,.pitchsilintrppp,9366850
Carnatic,42dd0ccb-f92a-4622-ae5d-a3be571b4939/Sanjay_Subrahmanyan/December_Season_2000/Ini_Oru_Kanam/Ini_Oru_Kanam.flatSegNyas,Ini_Oru_Kanam.flatSegNyas,.flatsegnyas,11000
Carnatic,42dd0ccb-f92a-4622-ae5d-a3be571b4939/Sanjay_Subrahmanyan/December_Season_2000/Ini_Oru_Kanam/Ini_Oru_Kanam.tonicFine,Ini_Oru_Kanam.tonicFine,.tonicfine,25
Carnatic,42dd0ccb-f92a-4622-ae5d-a3be571b4939/Sanjay_Subrahmanyan/December_Season_2000/Ini_Oru_Kanam/Ini_Oru_Kanam.tonic,Ini_Oru_Kanam.tonic,.tonic,10
Carnatic,42dd0ccb-f92a-4622-ae5d-a3be571b4939/Sikkil_Gurucharan/December_Season_2010/Marubalka/Marubalka.pitchSilIntrpPP,Marubalka.pitchSilIntrpPP,.pitchsilintrppp,6891500
Carnatic,42dd0ccb-f92a-4622-ae5d-a3be571b4939/Sikkil_Gurucharan/December_Season_2010/Marubalka/Marubalka.tonicFine,Marubalka.tonicFine,.tonicfine,25
Carnatic,42dd0ccb-f92a-4622-ae5d-a3be571b4939/Sikkil_Gurucharan/December_Season_2010/Marubalka/Marubalka.pitch,Marubalka.pitch,.pitch,3210138
Carnatic,42dd0ccb-f92a-4622-ae5d-a3be571b4939/Sikkil_Gurucharan/December_Season_2010/Marubalka/Marubalka.tonic,Marubalka.tonic,.tonic,10
Carnatic,42dd0ccb-f92a-4622-ae5d-a3be571b4939/Sikkil_Gurucharan/December_Season_2010/Marubalka/Marubalka.flatSegNyas,Marubalka.flatSegNyas,.flatsegnyas,7169
Carnatic,42dd0ccb-f92a-4622-ae5d-a3be571b4939/Sikkil_Gurucharan/December_Season_2010/Marubalka/Marubalka.taniSegKNN,Marubalka.taniSegKNN,.tanisegknn,0
Carnatic,42dd0ccb-f92a-4622-ae5d-a3be571b4939/Ramnad_Krishnan/Ramnad_Krishnan_1970/Bhuvini_Dasudane/Bhuvini_Dasudane.pitchSilIntrpPP,Bhuvini_Dasudane.pitchSilIntrpPP,.pitchsilintrppp,12414950
Carnatic,42dd0ccb-f92a-4622-ae5d-a3be571b4939/Ramnad_Krishnan/Ramnad_Krishnan_1970/Bhuvini_Dasudane/Bhuvini_Dasudane.pitch,Bhuvini_Dasudane.pitch,.pitch,5828776
Carnatic,42dd0ccb-f92a-4622-ae5d-a3be571b4939/Ramnad_Krishnan/Ramnad_Krishnan_1970/Bhuvini_Dasudane/Bhuvini_Dasudane.taniSegKNN,Bhuvini_Dasudane.taniSegKNN,.tanisegknn,0
Carnatic,42dd0ccb-f92a-4622-ae5d-a3be571b4939/Ramnad_Krishnan/Ramnad_Krishnan_1970/Bhuvini_Dasudane/Bhuvini_Dasudane.tonic,Bhuvini_Dasudane.tonic,.tonic,10
Carnatic,42dd0ccb-f92a-4622-ae5d-a3be571b4939/Ramnad_Krishnan/Ramnad_Krishnan_1970/Bhuvini_Dasudane/Bhuvini_Dasudane.tonicFine,Bhuvini_Dasudane.tonicFine,.tonicfine,25
Carnatic,42dd0ccb-f92a-4622-ae5d-a3be571b4939/Ramnad_Krishnan/Ramnad_Krishnan_1970/Bhuvini_Dasudane/Bhuvini_Dasudane.flatSegNyas,Bhuvini_Dasudane.flatSegNyas,.flatsegnyas,9792
Carnatic,42dd0ccb-f92a-4622-ae5d-a3be571b4939/Prasanna_Venkataraman/December_Season_2007/Ini_Oru_Kanam/Ini_Oru_Kanam.taniSegKNN,Ini_Oru_Kanam.taniSegKNN,.tanisegknn,0
Carnatic,42dd0ccb-f92a-4622-ae5d-a3be571b4939/Prasanna_Venkataraman/December_Season_2007/Ini_Oru_Kanam/Ini_Oru_Kanam.pitch,Ini_Oru_Kanam.pitch,.pitch,1710397
Carnatic,42dd0ccb-f92a-4622-ae5d-a3be571b4939/Prasanna_Venkataraman/December_Season_2007/Ini_Oru_Kanam/Ini_Oru_Kanam.pitchSilIntrpPP,Ini_Oru_Kanam.pitchSilIntrpPP,.pitchsilintrppp,3693550
Carnatic,42dd0ccb-f92a-4622-ae5d-a3be571b4939/Prasanna_Venkataraman/December_Season_2007/Ini_Oru_Kanam/Ini_Oru_Kanam.flatSegNyas,Ini_Oru_Kanam.flatSegNyas,.flatsegnyas,5605
Carnatic,42dd0ccb-f92a-4622-ae5d-a3be571b4939/Prasanna_Venkataraman/December_Season_2007/Ini_Oru_Kanam/Ini_Oru_Kanam.tonicFine,Ini_Oru_Kanam.tonicFine,.tonicfine,25
Carnatic,42dd0ccb-f92a-4622-ae5d-a3be571b4939/Prasanna_Venkataraman/December_Season_2007/Ini_Oru_Kanam/Ini_Oru_Kanam.tonic,Ini_Oru_Kanam.tonic,.tonic,10
Carnatic,42dd0ccb-f92a-4622-ae5d-a3be571b4939/Amrutha_Venkatesh/December_Season_2011/Gajavadana_Karuna/Gajavadana_Karuna.tonicFine,Gajavadana_Karuna.tonicFine,.tonicfine,25
Carnatic,42dd0ccb-f92a-4622-ae5d-a3be571b4939/Amrutha_Venkatesh/December_Season_2011/Gajavadana_Karuna/Gajavadana_Karuna.pitchSilIntrpPP,Gajavadana_Karuna.pitchSilIntrpPP,.pitchsilintrppp,7349650
Carnatic,42dd0ccb-f92a-4622-ae5d-a3be571b4939/Amrutha_Venkatesh/December_Season_2011/Gajavadana_Karuna/Gajavadana_Karuna.taniSegKNN,Gajavadana_Karuna.taniSegKNN,.tanisegknn,0
Carnatic,42dd0ccb-f92a-4622-ae5d-a3be571b4939/Amrutha_Venkatesh/December_Season_2011/Gajavadana_Karuna/Gajavadana_Karuna.pitch,Gajavadana_Karuna.pitch,.pitch,3439635
Carnatic,42dd0ccb-f92a-4622-ae5d-a3be571b4939/Amrutha_Venkatesh/December_Season_2011/Gajavadana_Karuna/Gajavadana_Karuna.flatSegNyas,Gajavadana_Karuna.flatSegNyas,.flatsegnyas,10657
Carnatic,42dd0ccb-f92a-4622-ae5d-a3be571b4939/Amrutha_Venkatesh/December_Season_2011/Gajavadana_Karuna/Gajavadana_Karuna.tonic,Gajavadana_Karuna.tonic,.tonic,10
Carnatic,e8a0bf54-13c6-4a09-922a-bfc744ddf38a/Kunnakkudi_M_Balamuralikrishna/December_Season_2007/Eti_Janmam/Eti_Janmam.pitch,Eti_Janmam.pitch,.pitch,4781252
Carnatic,e8a0bf54-13c6-4a09-922a-bfc744ddf38a/Kunnakkudi_M_Balamuralikrishna/December_Season_2007/Eti_Janmam/Eti_Janmam.tonicFine,Eti_Janmam.tonicFine,.tonicfine,25
Carnatic,e8a0bf54-13c6-4a09-922a-bfc744ddf38a/Kunnakkudi_M_Balamuralikrishna/December_Season_2007/Eti_Janmam/Eti_Janmam.pitchSilIntrpPP,Eti_Janmam.pitchSilIntrpPP,.pitchsilintrppp,10201150
Carnatic,e8a0bf54-13c6-4a09-922a-bfc744ddf38a/Kunnakkudi_M_Balamuralikrishna/December_Season_2007/Eti_Janmam/Eti_Janmam.tonic,Eti_Janmam.tonic,.tonic,10
Carnatic,e8a0bf54-13c6-4a09-922a-bfc744ddf38a/Kunnakkudi_M_Balamuralikrishna/December_Season_2007/Eti_Janmam/Eti_Janmam.flatSegNyas,Eti_Janmam.flatSegNyas,.flatsegnyas,10603
Carnatic,e8a0bf54-13c6-4a09-922a-bfc744ddf38a/Kunnakkudi_M_Balamuralikrishna/December_Season_2007/Eti_Janmam/Eti_Janmam.taniSegKNN,Eti_Janmam.taniSegKNN,.tanisegknn,0
Carnatic,e8a0bf54-13c6-4a09-922a-bfc744ddf38a/Maharajapuram_S_Ramachandran/December_Season_2009/Seshachala_Nayakam/Seshachala_Nayakam.taniSegKNN,Seshachala_Nayakam.taniSegKNN,.tanisegknn,0
Carnatic,e8a0bf54-13c6-4a09-922a-bfc744ddf38a/Maharajapuram_S_Ramachandran/December_Season_2009/Seshachala_Nayakam/Seshachala_Nayakam.pitch,Seshachala_Nayakam.pitch,.pitch,8789706
Carnatic,e8a0bf54-13c6-4a09-922a-bfc744ddf38a/Maharajapuram_S_Ramachandran/December_Season_2009/Seshachala_Nayakam/Seshachala_Nayakam.tonic,Seshachala_Nayakam.tonic,.tonic,10
Carnatic,e8a0bf54-13c6-4a09-922a-bfc744ddf38a/Maharajapuram_S_Ramachandran/December_Season_2009/Seshachala_Nayakam/Seshachala_Nayakam.tonicFine,Seshachala_Nayakam.tonicFine,.tonicfine,25
Carnatic,e8a0bf54-13c6-4a09-922a-bfc744ddf38a/Maharajapuram_S_Ramachandran/December_Season_2009/Seshachala_Nayakam/Seshachala_Nayakam.flatSegNyas,Seshachala_Nayakam.flatSegNyas,.flatsegnyas,21649
Carnatic,e8a0bf54-13c6-4a09-922a-bfc744ddf38a/Maharajapuram_S_Ramachandran/December_Season_2009/Seshachala_Nayakam/Seshachala_Nayakam.pitchSilIntrpPP,Seshachala_Nayakam.pitchSilIntrpPP,.pitchsilintrppp,18460850
Carnatic,e8a0bf54-13c6-4a09-922a-bfc744ddf38a/Unnikrishnan/December_Season_2000/Karuna_Yela_Kante/Karuna_Yela_Kante.flatSegNyas,Karuna_Yela_Kante.flatSegNyas,.flatsegnyas,11857
Carnatic,e8a0bf54-13c6-4a09-922a-bfc744ddf38a/Unnikrishnan/December_Season_2000/Karuna_Yela_Kante/Karuna_Yela_Kante.tonicFine,Karuna_Yela_Kante.tonicFine,.tonicfine,25
Carnatic,e8a0bf54-13c6-4a09-922a-bfc744ddf38a/Unnikrishnan/December_Season_2000/Karuna_Yela_Kante/Karuna_Yela_Kante.pitchSilIntrpPP,Karuna_Yela_Kante.pitchSilIntrpPP,.pitchsilintrppp,14505300
Carnatic,e8a0bf54-13c6-4a09-922a-bfc744ddf38a/Unnikrishnan/December_Season_2000/Karuna_Yela_Kante/Karuna_Yela_Kante.taniSegKNN,Karuna_Yela_Kante.taniSegKNN,.tanisegknn,0
Carnatic,e8a0bf54-13c6-4a09-922a-bfc744ddf38a/Unnikrishnan/December_Season_2000/Karuna_Yela_Kante/Karuna_Yela_Kante.pitch,Karuna_Yela_Kante.pitch,.pitch,6838242
Carnatic,e8a0bf54-13c6-4a09-922a-bfc744ddf38a/Unnikrishnan/December_Season_2000/Karuna_Yela_Kante/Karuna_Yela_Kante.tonic,Karuna_Yela_Kante.tonic,.tonic,10
Carnatic,"e8a0bf54-13c6-4a09-922a-bfc744ddf38a/K__V__Narayanaswami/K__V__Narayanaswami_concert_at_Dayton,_1993/Ka_vaa_vaa/Ka_vaa_vaa.tonic",Ka_vaa_vaa.tonic,.tonic,10
Carnatic,"e8a0bf54-13c6-4a09-922a-bfc744ddf38a/K__V__Narayanaswami/K__V__Narayanaswami_concert_at_Dayton,_1993/Ka_vaa_vaa/Ka_vaa_vaa.pitchSilIntrpPP",Ka_vaa_vaa.pitchSilIntrpPP,.pitchsilintrppp,7821050
Carnatic,"e8a0bf54-13c6-4a09-922a-bfc744ddf38a/K__V__Narayanaswami/K__V__Narayanaswami_concert_at_Dayton,_1993/Ka_vaa_vaa/Ka_vaa_vaa.taniSegKNN",Ka_vaa_vaa.taniSegKNN,.tanisegknn,0
Carnatic,"e8a0bf54-13c6-4a09-922a-bfc744ddf38a/K__V__Narayanaswami/K__V__Narayanaswami_concert_at_Dayton,_1993/Ka_vaa_vaa/Ka_vaa_vaa.tonicFine",Ka_vaa_vaa.tonicFine,.tonicfine,25
Carnatic,"e8a0bf54-13c6-4a09-922a-bfc744ddf38a/K__V__Narayanaswami/K__V__Narayanaswami_concert_at_Dayton,_1993/Ka_vaa_vaa/Ka_vaa_vaa.pitch",Ka_vaa_vaa.pitch,.pitch,3641464
Carnatic,"e8a0bf54-13c6-4a09-922a-bfc744ddf38a/K__V__Narayanaswami/K__V__Narayanaswami_concert_at_Dayton,_1993/Ka_vaa_vaa/Ka_vaa_vaa.flatSegNyas",Ka_vaa_vaa.flatSegNyas,.flatsegnyas,6978
Carnatic,e8a0bf54-13c6-4a09-922a-bfc744ddf38a/K__V__Narayanaswami/K__V__Narayanaswami_Home_Concert_at_New_York_USA_1975/Seshachala_Nayakam/Seshachala_Nayakam.taniSegKNN,Seshachala_Nayakam.taniSegKNN,.tanisegknn,33
Carnatic,e8a0bf54-13c6-4a09-922a-bfc744ddf38a/K__V__Narayanaswami/K__V__Narayanaswami_Home_Concert_at_New_York_USA_1975/Seshachala_Nayakam/Seshachala_Nayakam.pitch,Seshachala_Nayakam.pitch,.pitch,7661793
Carnatic,e8a0bf54-13c6-4a09-922a-bfc744ddf38a/K__V__Narayanaswami/K__V__Narayanaswami_Home_Concert_at_New_York_USA_1975/Seshachala_Nayakam/Seshachala_Nayakam.tonic,Seshachala_Nayakam.tonic,.tonic,10
Carnatic,e8a0bf54-13c6-4a09-922a-bfc744ddf38a/K__V__Narayanaswami/K__V__Narayanaswami_Home_Concert_at_New_York_USA_1975/Seshachala_Nayakam/Seshachala_Nayakam.tonicFine,Seshachala_Nayakam.tonicFine,.tonicfine,25
Carnatic,e8a0bf54-13c6-4a09-922a-bfc744ddf38a/K__V__Narayanaswami/K__V__Narayanaswami_Home_Concert_at_New_York_USA_1975/Seshachala_Nayakam/Seshachala_Nayakam.flatSegNyas,Seshachala_Nayakam.flatSegNyas,.flatsegnyas,16047
Carnatic,e8a0bf54-13c6-4a09-922a-bfc744ddf38a/K__V__Narayanaswami/K__V__Narayanaswami_Home_Concert_at_New_York_USA_1975/Seshachala_Nayakam/Seshachala_Nayakam.pitchSilIntrpPP,Seshachala_Nayakam.pitchSilIntrpPP,.pitchsilintrppp,16038150
Carnatic,e8a0bf54-13c6-4a09-922a-bfc744ddf38a/Gayathri_Venkataraghavan/December_Season_2006/Seshachalanayakam/Seshachalanayakam.tonicFine,Seshachalanayakam.tonicFine,.tonicfine,25
Carnatic,e8a0bf54-13c6-4a09-922a-bfc744ddf38a/Gayathri_Venkataraghavan/December_Season_2006/Seshachalanayakam/Seshachalanayakam.flatSegNyas,Seshachalanayakam.flatSegNyas,.flatsegnyas,17518
Carnatic,e8a0bf54-13c6-4a09-922a-bfc744ddf38a/Gayathri_Venkataraghavan/December_Season_2006/Seshachalanayakam/Seshachalanayakam.pitchSilIntrpPP,Seshachalanayakam.pitchSilIntrpPP,.pitchsilintrppp,17411450
Carnatic,e8a0bf54-13c6-4a09-922a-bfc744ddf38a/Gayathri_Venkataraghavan/December_Season_2006/Seshachalanayakam/Seshachalanayakam.pitch,Seshachalanayakam.pitch,.pitch,8279738
Carnatic,e8a0bf54-13c6-4a09-922a-bfc744ddf38a/Gayathri_Venkataraghavan/December_Season_2006/Seshachalanayakam/Seshachalanayakam.tonic,Seshachalanayakam.tonic,.tonic,10
Carnatic,e8a0bf54-13c6-4a09-922a-bfc744ddf38a/Gayathri_Venkataraghavan/December_Season_2006/Seshachalanayakam/Seshachalanayakam.taniSegKNN,Seshachalanayakam.taniSegKNN,.tanisegknn,0
Carnatic,e8a0bf54-13c6-4a09-922a-bfc744ddf38a/Amritha_Murali/December_Season_2005/Kamakshi/Kamakshi.flatSegNyas,Kamakshi.flatSegNyas,.flatsegnyas,23075
Carnatic,e8a0bf54-13c6-4a09-922a-bfc744ddf38a/Amritha_Murali/December_Season_2005/Kamakshi/Kamakshi.pitch,Kamakshi.pitch,.pitch,8568936
Carnatic,e8a0bf54-13c6-4a09-922a-bfc744ddf38a/Amritha_Murali/December_Season_2005/Kamakshi/Kamakshi.taniSegKNN,Kamakshi.taniSegKNN,.tanisegknn,0
Carnatic,e8a0bf54-13c6-4a09-922a-bfc744ddf38a/Amritha_Murali/December_Season_2005/Kamakshi/Kamakshi.tonic,Kamakshi.tonic,.tonic,10
Carnatic,e8a0bf54-13c6-4a09-922a-bfc744ddf38a/Amritha_Murali/December_Season_2005/Kamakshi/Kamakshi.pitchSilIntrpPP,Kamakshi.pitchSilIntrpPP,.pitchsilintrppp,17950100
Carnatic,e8a0bf54-13c6-4a09-922a-bfc744ddf38a/Amritha_Murali/December_Season_2005/Kamakshi/Kamakshi.tonicFine,Kamakshi.tonicFine,.tonicfine,25
Carnatic,e8a0bf54-13c6-4a09-922a-bfc744ddf38a/Amritha_Murali/December_Season_2010/Karunaelagante/Karunaelagante.flatSegNyas,Karunaelagante.flatSegNyas,.flatsegnyas,9637
Carnatic,e8a0bf54-13c6-4a09-922a-bfc744ddf38a/Amritha_Murali/December_Season_2010/Karunaelagante/Karunaelagante.tonic,Karunaelagante.tonic,.tonic,10
Carnatic,e8a0bf54-13c6-4a09-922a-bfc744ddf38a/Amritha_Murali/December_Season_2010/Karunaelagante/Karunaelagante.taniSegKNN,Karunaelagante.taniSegKNN,.tanisegknn,64
Carnatic,e8a0bf54-13c6-4a09-922a-bfc744ddf38a/Amritha_Murali/December_Season_2010/Karunaelagante/Karunaelagante.pitchSilIntrpPP,Karunaelagante.pitchSilIntrpPP,.pitchsilintrppp,8466400
Carnatic,e8a0bf54-13c6-4a09-922a-bfc744ddf38a/Amritha_Murali/December_Season_2010/Karunaelagante/Karunaelagante.tonicFine,Karunaelagante.tonicFine,.tonicfine,25
Carnatic,e8a0bf54-13c6-4a09-922a-bfc744ddf38a/Amritha_Murali/December_Season_2010/Karunaelagante/Karunaelagante.pitch,Karunaelagante.pitch,.pitch,3955570
Carnatic,e8a0bf54-13c6-4a09-922a-bfc744ddf38a/Sanjay_Subrahmanyan/December_Season_2007/Eti_Janmam/Eti_Janmam.pitch,Eti_Janmam.pitch,.pitch,1911025
Carnatic,e8a0bf54-13c6-4a09-922a-bfc744ddf38a/Sanjay_Subrahmanyan/December_Season_2007/Eti_Janmam/Eti_Janmam.tonicFine,Eti_Janmam.tonicFine,.tonicfine,25
Carnatic,e8a0bf54-13c6-4a09-922a-bfc744ddf38a/Sanjay_Subrahmanyan/December_Season_2007/Eti_Janmam/Eti_Janmam.pitchSilIntrpPP,Eti_Janmam.pitchSilIntrpPP,.pitchsilintrppp,4117900
Carnatic,e8a0bf54-13c6-4a09-922a-bfc744ddf38a/Sanjay_Subrahmanyan/December_Season_2007/Eti_Janmam/Eti_Janmam.tonic,Eti_Janmam.tonic,.tonic,10
Carnatic,e8a0bf54-13c6-4a09-922a-bfc744ddf38a/Sanjay_Subrahmanyan/December_Season_2007/Eti_Janmam/Eti_Janmam.flatSegNyas,Eti_Janmam.flatSegNyas,.flatsegnyas,3928
Carnatic,e8a0bf54-13c6-4a09-922a-bfc744ddf38a/Sanjay_Subrahmanyan/December_Season_2007/Eti_Janmam/Eti_Janmam.taniSegKNN,Eti_Janmam.taniSegKNN,.tanisegknn,0
Carnatic,e8a0bf54-13c6-4a09-922a-bfc744ddf38a/Nisha_P_Rajagopal/December_Season_2010/Mamava_Minakshi/Mamava_Minakshi.tonic,Mamava_Minakshi.tonic,.tonic,10
Carnatic,e8a0bf54-13c6-4a09-922a-bfc744ddf38a/Nisha_P_Rajagopal/December_Season_2010/Mamava_Minakshi/Mamava_Minakshi.flatSegNyas,Mamava_Minakshi.flatSegNyas,.flatsegnyas,16777
Carnatic,e8a0bf54-13c6-4a09-922a-bfc744ddf38a/Nisha_P_Rajagopal/December_Season_2010/Mamava_Minakshi/Mamava_Minakshi.tonicFine,Mamava_Minakshi.tonicFine,.tonicfine,25
Carnatic,e8a0bf54-13c6-4a09-922a-bfc744ddf38a/Nisha_P_Rajagopal/December_Season_2010/Mamava_Minakshi/Mamava_Minakshi.pitch,Mamava_Minakshi.pitch,.pitch,6496242
Carnatic,e8a0bf54-13c6-4a09-922a-bfc744ddf38a/Nisha_P_Rajagopal/December_Season_2010/Mamava_Minakshi/Mamava_Minakshi.taniSegKNN,Mamava_Minakshi.taniSegKNN,.tanisegknn,18
Carnatic,e8a0bf54-13c6-4a09-922a-bfc744ddf38a/Nisha_P_Rajagopal/December_Season_2010/Mamava_Minakshi/Mamava_Minakshi.pitchSilIntrpPP,Mamava_Minakshi.pitchSilIntrpPP,.pitchsilintrppp,13742100
Carnatic,e8a0bf54-13c6-4a09-922a-bfc744ddf38a/Aruna_Sairam/December_Season_2003/Eti_Janmam/Eti_Janmam.pitch,Eti_Janmam.pitch,.pitch,8230517
Carnatic,e8a0bf54-13c6-4a09-922a-bfc744ddf38a/Aruna_Sairam/December_Season_2003/Eti_Janmam/Eti_Janmam.tonicFine,Eti_Janmam.tonicFine,.tonicfine,25
Carnatic,e8a0bf54-13c6-4a09-922a-bfc744ddf38a/Aruna_Sairam/December_Season_2003/Eti_Janmam/Eti_Janmam.pitchSilIntrpPP,Eti_Janmam.pitchSilIntrpPP,.pitchsilintrppp,17295950
Carnatic,e8a0bf54-13c6-4a09-922a-bfc744ddf38a/Aruna_Sairam/December_Season_2003/Eti_Janmam/Eti_Janmam.tonic,Eti_Janmam.tonic,.tonic,10
Carnatic,e8a0bf54-13c6-4a09-922a-bfc744ddf38a/Aruna_Sairam/December_Season_2003/Eti_Janmam/Eti_Janmam.flatSegNyas,Eti_Janmam.flatSegNyas,.flatsegnyas,18496
Carnatic,e8a0bf54-13c6-4a09-922a-bfc744ddf38a/Aruna_Sairam/December_Season_2003/Eti_Janmam/Eti_Janmam.taniSegKNN,Eti_Janmam.taniSegKNN,.tanisegknn,0
Carnatic,e8a0bf54-13c6-4a09-922a-bfc744ddf38a/Ramnad_Krishnan/Ramnad_Krishnan_concert_at_Music_Academy_1960/Maragathamani/Maragathamani.taniSegKNN,Maragathamani.taniSegKNN,.tanisegknn,0
Carnatic,e8a0bf54-13c6-4a09-922a-bfc744ddf38a/Ramnad_Krishnan/Ramnad_Krishnan_concert_at_Music_Academy_1960/Maragathamani/Maragathamani.pitchSilIntrpPP,Maragathamani.pitchSilIntrpPP,.pitchsilintrppp,10781550
Carnatic,e8a0bf54-13c6-4a09-922a-bfc744ddf38a/Ramnad_Krishnan/Ramnad_Krishnan_concert_at_Music_Academy_1960/Maragathamani/Maragathamani.tonic,Maragathamani.tonic,.tonic,10
Carnatic,e8a0bf54-13c6-4a09-922a-bfc744ddf38a/Ramnad_Krishnan/Ramnad_Krishnan_concert_at_Music_Academy_1960/Maragathamani/Maragathamani.tonicFine,Maragathamani.tonicFine,.tonicfine,25
Carnatic,e8a0bf54-13c6-4a09-922a-bfc744ddf38a/Ramnad_Krishnan/Ramnad_Krishnan_concert_at_Music_Academy_1960/Maragathamani/Maragathamani.pitch,Maragathamani.pitch,.pitch,5028462
Carnatic,e8a0bf54-13c6-4a09-922a-bfc744ddf38a/Ramnad_Krishnan/Ramnad_Krishnan_concert_at_Music_Academy_1960/Maragathamani/Maragathamani.flatSegNyas,Maragathamani.flatSegNyas,.flatsegnyas,10260
Carnatic,5ce23030-f71d-4f5d-9d76-f91c2c182392/T__Brinda/All_Time_Favourites_-_Vol_2/Talachina/Talachina.pitchSilIntrpPP,Talachina.pitchSilIntrpPP,.pitchsilintrppp,6550600
Carnatic,5ce23030-f71d-4f5d-9d76-f91c2c182392/T__Brinda/All_Time_Favourites_-_Vol_2/Talachina/Talachina.tonicFine,Talachina.tonicFine,.tonicfine,25
Carnatic,5ce23030-f71d-4f5d-9d76-f91c2c182392/T__Brinda/All_Time_Favourites_-_Vol_2/Talachina/Talachina.flatSegNyas,Talachina.flatSegNyas,.flatsegnyas,5840
Carnatic,5ce23030-f71d-4f5d-9d76-f91c2c182392/T__Brinda/All_Time_Favourites_-_Vol_2/Talachina/Talachina.pitch,Talachina.pitch,.pitch,3045304
Carnatic,5ce23030-f71d-4f5d-9d76-f91c2c182392/T__Brinda/All_Time_Favourites_-_Vol_2/Talachina/Talachina.tonic,Talachina.tonic,.tonic,9
Carnatic,5ce23030-f71d-4f5d-9d76-f91c2c182392/T__Brinda/All_Time_Favourites_-_Vol_2/Talachina/Talachina.taniSegKNN,Talachina.taniSegKNN,.tanisegknn,0
Carnatic,5ce23030-f71d-4f5d-9d76-f91c2c182392/T__Brinda/All_Time_Favourites_-_Vol_4/Nee_Chittamu/Nee_Chittamu.pitchSilIntrpPP,Nee_Chittamu.pitchSilIntrpPP,.pitchsilintrppp,12120150
Carnatic,5ce23030-f71d-4f5d-9d76-f91c2c182392/T__Brinda/All_Time_Favourites_-_Vol_4/Nee_Chittamu/Nee_Chittamu.pitch,Nee_Chittamu.pitch,.pitch,5707985
Carnatic,5ce23030-f71d-4f5d-9d76-f91c2c182392/T__Brinda/All_Time_Favourites_-_Vol_4/Nee_Chittamu/Nee_Chittamu.tonic,Nee_Chittamu.tonic,.tonic,9
Carnatic,5ce23030-f71d-4f5d-9d76-f91c2c182392/T__Brinda/All_Time_Favourites_-_Vol_4/Nee_Chittamu/Nee_Chittamu.taniSegKNN,Nee_Chittamu.taniSegKNN,.tanisegknn,0
Carnatic,5ce23030-f71d-4f5d-9d76-f91c2c182392/T__Brinda/All_Time_Favourites_-_Vol_4/Nee_Chittamu/Nee_Chittamu.tonicFine,Nee_Chittamu.tonicFine,.tonicfine,25
Carnatic,5ce23030-f71d-4f5d-9d76-f91c2c182392/T__Brinda/All_Time_Favourites_-_Vol_4/Nee_Chittamu/Nee_Chittamu.flatSegNyas,Nee_Chittamu.flatSegNyas,.flatsegnyas,13783
Carnatic,5ce23030-f71d-4f5d-9d76-f91c2c182392/Sumithra_Vasudev/Tasmai_Sri_Gurave_Namaha/Ni_Cittamu/Ni_Cittamu.pitchSilIntrpPP,Ni_Cittamu.pitchSilIntrpPP,.pitchsilintrppp,9492050
Carnatic,5ce23030-f71d-4f5d-9d76-f91c2c182392/Sumithra_Vasudev/Tasmai_Sri_Gurave_Namaha/Ni_Cittamu/Ni_Cittamu.pitch,Ni_Cittamu.pitch,.pitch,4440050
Carnatic,5ce23030-f71d-4f5d-9d76-f91c2c182392/Sumithra_Vasudev/Tasmai_Sri_Gurave_Namaha/Ni_Cittamu/Ni_Cittamu.taniSegKNN,Ni_Cittamu.taniSegKNN,.tanisegknn,32
Carnatic,5ce23030-f71d-4f5d-9d76-f91c2c182392/Sumithra_Vasudev/Tasmai_Sri_Gurave_Namaha/Ni_Cittamu/Ni_Cittamu.tonicFine,Ni_Cittamu.tonicFine,.tonicfine,25
Carnatic,5ce23030-f71d-4f5d-9d76-f91c2c182392/Sumithra_Vasudev/Tasmai_Sri_Gurave_Namaha/Ni_Cittamu/Ni_Cittamu.tonic,Ni_Cittamu.tonic,.tonic,10
Carnatic,5ce23030-f71d-4f5d-9d76-f91c2c182392/Sumithra_Vasudev/Tasmai_Sri_Gurave_Namaha/Ni_Cittamu/Ni_Cittamu.flatSegNyas,Ni_Cittamu.flatSegNyas,.flatsegnyas,12011
Carnatic,5ce23030-f71d-4f5d-9d76-f91c2c182392/Sumithra_Vasudev/Sumitra_Vasudev_at_Arkay/Ramabhi_Rama_Manasu/Ramabhi_Rama_Manasu.pitch,Ramabhi_Rama_Manasu.pitch,.pitch,11281081
Carnatic,5ce23030-f71d-4f5d-9d76-f91c2c182392/Sumithra_Vasudev/Sumitra_Vasudev_at_Arkay/Ramabhi_Rama_Manasu/Ramabhi_Rama_Manasu.pitchSilIntrpPP,Ramabhi_Rama_Manasu.pitchSilIntrpPP,.pitchsilintrppp,23543800
Carnatic,5ce23030-f71d-4f5d-9d76-f91c2c182392/Sumithra_Vasudev/Sumitra_Vasudev_at_Arkay/Ramabhi_Rama_Manasu/Ramabhi_Rama_Manasu.tonic,Ramabhi_Rama_Manasu.tonic,.tonic,10
Carnatic,5ce23030-f71d-4f5d-9d76-f91c2c182392/Sumithra_Vasudev/Sumitra_Vasudev_at_Arkay/Ramabhi_Rama_Manasu/Ramabhi_Rama_Manasu.taniSegKNN,Ramabhi_Rama_Manasu.taniSegKNN,.tanisegknn,0
Carnatic,5ce23030-f71d-4f5d-9d76-f91c2c182392/Sumithra_Vasudev/Sumitra_Vasudev_at_Arkay/Ramabhi_Rama_Manasu/Ramabhi_Rama_Manasu.flatSegNyas,Ramabhi_Rama_Manasu.flatSegNyas,.flatsegnyas,32959
Carnatic,5ce23030-f71d-4f5d-9d76-f91c2c182392/Sumithra_Vasudev/Sumitra_Vasudev_at_Arkay/Ramabhi_Rama_Manasu/Ramabhi_Rama_Manasu.tonicFine,Ramabhi_Rama_Manasu.tonicFine,.tonicfine,25
Carnatic,5ce23030-f71d-4f5d-9d76-f91c2c182392/Sumithra_Vasudev/December_Season_2010/Dhyaname/Dhyaname.pitch,Dhyaname.pitch,.pitch,17883489
Carnatic,5ce23030-f71d-4f5d-9d76-f91c2c182392/Sumithra_Vasudev/December_Season_2010/Dhyaname/Dhyaname.pitchSilIntrpPP,Dhyaname.pitchSilIntrpPP,.pitchsilintrppp,36998650
Carnatic,5ce23030-f71d-4f5d-9d76-f91c2c182392/Sumithra_Vasudev/December_Season_2010/Dhyaname/Dhyaname.taniSegKNN,Dhyaname.taniSegKNN,.tanisegknn,18
Carnatic,5ce23030-f71d-4f5d-9d76-f91c2c182392/Sumithra_Vasudev/December_Season_2010/Dhyaname/Dhyaname.tonicFine,Dhyaname.tonicFine,.tonicfine,25
Carnatic,5ce23030-f71d-4f5d-9d76-f91c2c182392/Sumithra_Vasudev/December_Season_2010/Dhyaname/Dhyaname.flatSegNyas,Dhyaname.flatSegNyas,.flatsegnyas,47621
Carnatic,5ce23030-f71d-4f5d-9d76-f91c2c182392/Sumithra_Vasudev/December_Season_2010/Dhyaname/Dhyaname.tonic,Dhyaname.tonic,.tonic,10
Carnatic,5ce23030-f71d-4f5d-9d76-f91c2c182392/T__M__Krishna/December_Season_2008/Minalochana_Brova/Minalochana_Brova.pitch,Minalochana_Brova.pitch,.pitch,8281543
Carnatic,5ce23030-f71d-4f5d-9d76-f91c2c182392/T__M__Krishna/December_Season_2008/Minalochana_Brova/Minalochana_Brova.pitchSilIntrpPP,Minalochana_Brova.pitchSilIntrpPP,.pitchsilintrppp,17463450
Carnatic,5ce23030-f71d-4f5d-9d76-f91c2c182392/T__M__Krishna/December_Season_2008/Minalochana_Brova/Minalochana_Brova.tonic,Minalochana_Brova.tonic,.tonic,10
Carnatic,5ce23030-f71d-4f5d-9d76-f91c2c182392/T__M__Krishna/December_Season_2008/Minalochana_Brova/Minalochana_Brova.flatSegNyas,Minalochana_Brova.flatSegNyas,.flatsegnyas,17616
Carnatic,5ce23030-f71d-4f5d-9d76-f91c2c182392/T__M__Krishna/December_Season_2008/Minalochana_Brova/Minalochana_Brova.taniSegKNN,Minalochana_Brova.taniSegKNN,.tanisegknn,18
Carnatic,5ce23030-f71d-4f5d-9d76-f91c2c182392/T__M__Krishna/December_Season_2008/Minalochana_Brova/Minalochana_Brova.tonicFine,Minalochana_Brova.tonicFine,.tonicfine,25
Carnatic,5ce23030-f71d-4f5d-9d76-f91c2c182392/Gayathri_Venkataraghavan/December_Season_2005/Kundram_Endi_-_Balakrishnan_Pada_Malar/Kundram_Endi_-_Balakrishnan_Pada_Malar.flatSegNyas,Kundram_Endi_-_Balakrishnan_Pada_Malar.flatSegNyas,.flatsegnyas,7204
Carnatic,5ce23030-f71d-4f5d-9d76-f91c2c182392/Gayathri_Venkataraghavan/December_Season_2005/Kundram_Endi_-_Balakrishnan_Pada_Malar/Kundram_Endi_-_Balakrishnan_Pada_Malar.tonicFine,Kundram_Endi_-_Balakrishnan_Pada_Malar.tonicFine,.tonicfine,25
Carnatic,5ce23030-f71d-4f5d-9d76-f91c2c182392/Gayathri_Venkataraghavan/December_Season_2005/Kundram_Endi_-_Balakrishnan_Pada_Malar/Kundram_Endi_-_Balakrishnan_Pada_Malar.pitchSilIntrpPP,Kundram_Endi_-_Balakrishnan_Pada_Malar.pitchSilIntrpPP,.pitchsilintrppp,6260550
Carnatic,5ce23030-f71d-4f5d-9d76-f91c2c182392/Gayathri_Venkataraghavan/December_Season_2005/Kundram_Endi_-_Balakrishnan_Pada_Malar/Kundram_Endi_-_Balakrishnan_Pada_Malar.pitch,Kundram_Endi_-_Balakrishnan_Pada_Malar.pitch,.pitch,2925036
Carnatic,5ce23030-f71d-4f5d-9d76-f91c2c182392/Gayathri_Venkataraghavan/December_Season_2005/Kundram_Endi_-_Balakrishnan_Pada_Malar/Kundram_Endi_-_Balakrishnan_Pada_Malar.tonic,Kundram_Endi_-_Balakrishnan_Pada_Malar.tonic,.tonic,9
Carnatic,5ce23030-f71d-4f5d-9d76-f91c2c182392/Gayathri_Venkataraghavan/December_Season_2005/Kundram_Endi_-_Balakrishnan_Pada_Malar/Kundram_Endi_-_Balakrishnan_Pada_Malar.taniSegKNN,Kundram_Endi_-_Balakrishnan_Pada_Malar.taniSegKNN,.tanisegknn,0
Carnatic,5ce23030-f71d-4f5d-9d76-f91c2c182392/Gayathri_Venkataraghavan/December_Season_2008/Vani_Arul/Vani_Arul.tonicFine,Vani_Arul.tonicFine,.tonicfine,25
Carnatic,5ce23030-f71d-4f5d-9d76-f91c2c182392/Gayathri_Venkataraghavan/December_Season_2008/Vani_Arul/Vani_Arul.taniSegKNN,Vani_Arul.taniSegKNN,.tanisegknn,0
Carnatic,5ce23030-f71d-4f5d-9d76-f91c2c182392/Gayathri_Venkataraghavan/December_Season_2008/Vani_Arul/Vani_Arul.pitchSilIntrpPP,Vani_Arul.pitchSilIntrpPP,.pitchsilintrppp,4437900
Carnatic,5ce23030-f71d-4f5d-9d76-f91c2c182392/Gayathri_Venkataraghavan/December_Season_2008/Vani_Arul/Vani_Arul.tonic,Vani_Arul.tonic,.tonic,9
Carnatic,5ce23030-f71d-4f5d-9d76-f91c2c182392/Gayathri_Venkataraghavan/December_Season_2008/Vani_Arul/Vani_Arul.flatSegNyas,Vani_Arul.flatSegNyas,.flatsegnyas,5762
Carnatic,5ce23030-f71d-4f5d-9d76-f91c2c182392/Gayathri_Venkataraghavan/December_Season_2008/Vani_Arul/Vani_Arul.pitch,Vani_Arul.pitch,.pitch,2072448
Carnatic,5ce23030-f71d-4f5d-9d76-f91c2c182392/Sanjay_Subrahmanyan/Live_in_USA_-_Sanjay_Subrahmanyan/Minalocana/Minalocana.pitchSilIntrpPP,Minalocana.pitchSilIntrpPP,.pitchsilintrppp,6309650
Carnatic,5ce23030-f71d-4f5d-9d76-f91c2c182392/Sanjay_Subrahmanyan/Live_in_USA_-_Sanjay_Subrahmanyan/Minalocana/Minalocana.tonic,Minalocana.tonic,.tonic,10
Carnatic,5ce23030-f71d-4f5d-9d76-f91c2c182392/Sanjay_Subrahmanyan/Live_in_USA_-_Sanjay_Subrahmanyan/Minalocana/Minalocana.tonicFine,Minalocana.tonicFine,.tonicfine,25
Carnatic,5ce23030-f71d-4f5d-9d76-f91c2c182392/Sanjay_Subrahmanyan/Live_in_USA_-_Sanjay_Subrahmanyan/Minalocana/Minalocana.pitch,Minalocana.pitch,.pitch,2935764
Carnatic,5ce23030-f71d-4f5d-9d76-f91c2c182392/Sanjay_Subrahmanyan/Live_in_USA_-_Sanjay_Subrahmanyan/Minalocana/Minalocana.taniSegKNN,Minalocana.taniSegKNN,.tanisegknn,16
Carnatic,5ce23030-f71d-4f5d-9d76-f91c2c182392/Sanjay_Subrahmanyan/Live_in_USA_-_Sanjay_Subrahmanyan/Minalocana/Minalocana.flatSegNyas,Minalocana.flatSegNyas,.flatsegnyas,8356
Carnatic,5ce23030-f71d-4f5d-9d76-f91c2c182392/Vijay_Siva/Madrasil_Margazhi_2006/Rama_Dayajudave/Rama_Dayajudave.pitch,Rama_Dayajudave.pitch,.pitch,1493695
Carnatic,5ce23030-f71d-4f5d-9d76-f91c2c182392/Vijay_Siva/Madrasil_Margazhi_2006/Rama_Dayajudave/Rama_Dayajudave.flatSegNyas,Rama_Dayajudave.flatSegNyas,.flatsegnyas,3475
Carnatic,5ce23030-f71d-4f5d-9d76-f91c2c182392/Vijay_Siva/Madrasil_Margazhi_2006/Rama_Dayajudave/Rama_Dayajudave.tonicFine,Rama_Dayajudave.tonicFine,.tonicfine,25
Carnatic,5ce23030-f71d-4f5d-9d76-f91c2c182392/Vijay_Siva/Madrasil_Margazhi_2006/Rama_Dayajudave/Rama_Dayajudave.taniSegKNN,Rama_Dayajudave.taniSegKNN,.tanisegknn,0
Carnatic,5ce23030-f71d-4f5d-9d76-f91c2c182392/Vijay_Siva/Madrasil_Margazhi_2006/Rama_Dayajudave/Rama_Dayajudave.pitchSilIntrpPP,Rama_Dayajudave.pitchSilIntrpPP,.pitchsilintrppp,3241850
Carnatic,5ce23030-f71d-4f5d-9d76-f91c2c182392/Vijay_Siva/Madrasil_Margazhi_2006/Rama_Dayajudave/Rama_Dayajudave.tonic,Rama_Dayajudave.tonic,.tonic,10
Carnatic,5ce23030-f71d-4f5d-9d76-f91c2c182392/Aruna_Sairam/December_Season_2002/Kanakasabhapati/Kanakasabhapati.pitch,Kanakasabhapati.pitch,.pitch,1279454
Carnatic,5ce23030-f71d-4f5d-9d76-f91c2c182392/Aruna_Sairam/December_Season_2002/Kanakasabhapati/Kanakasabhapati.taniSegKNN,Kanakasabhapati.taniSegKNN,.tanisegknn,0
Carnatic,5ce23030-f71d-4f5d-9d76-f91c2c182392/Aruna_Sairam/December_Season_2002/Kanakasabhapati/Kanakasabhapati.flatSegNyas,Kanakasabhapati.flatSegNyas,.flatsegnyas,3385
Carnatic,5ce23030-f71d-4f5d-9d76-f91c2c182392/Aruna_Sairam/December_Season_2002/Kanakasabhapati/Kanakasabhapati.tonicFine,Kanakasabhapati.tonicFine,.tonicfine,25
Carnatic,5ce23030-f71d-4f5d-9d76-f91c2c182392/Aruna_Sairam/December_Season_2002/Kanakasabhapati/Kanakasabhapati.pitchSilIntrpPP,Kanakasabhapati.pitchSilIntrpPP,.pitchsilintrppp,2759600
Carnatic,5ce23030-f71d-4f5d-9d76-f91c2c182392/Aruna_Sairam/December_Season_2002/Kanakasabhapati/Kanakasabhapati.tonic,Kanakasabhapati.tonic,.tonic,10
Carnatic,5ce23030-f71d-4f5d-9d76-f91c2c182392/Ranjani_Guruprasad/December_Season_2010/Shyamasundaranga/Shyamasundaranga.pitch,Shyamasundaranga.pitch,.pitch,2484847
Carnatic,5ce23030-f71d-4f5d-9d76-f91c2c182392/Ranjani_Guruprasad/December_Season_2010/Shyamasundaranga/Shyamasundaranga.taniSegKNN,Shyamasundaranga.taniSegKNN,.tanisegknn,0
Carnatic,5ce23030-f71d-4f5d-9d76-f91c2c182392/Ranjani_Guruprasad/December_Season_2010/Shyamasundaranga/Shyamasundaranga.tonic,Shyamasundaranga.tonic,.tonic,10
Carnatic,5ce23030-f71d-4f5d-9d76-f91c2c182392/Ranjani_Guruprasad/December_Season_2010/Shyamasundaranga/Shyamasundaranga.pitchSilIntrpPP,Shyamasundaranga.pitchSilIntrpPP,.pitchsilintrppp,5346300
Carnatic,5ce23030-f71d-4f5d-9d76-f91c2c182392/Ranjani_Guruprasad/December_Season_2010/Shyamasundaranga/Shyamasundaranga.tonicFine,Shyamasundaranga.tonicFine,.tonicfine,25
Carnatic,5ce23030-f71d-4f5d-9d76-f91c2c182392/Ranjani_Guruprasad/December_Season_2010/Shyamasundaranga/Shyamasundaranga.flatSegNyas,Shyamasundaranga.flatSegNyas,.flatsegnyas,6667
Carnatic,"2165542c-45da-4301-af82-c2e7ddbe4768/D__K__Jayaraman/D_K_Jayaraman_Concert_at_BARC_Mumbai_,_1978/Mamayooram_Meedil_Eriva/Mamayooram_Meedil_Eriva.tonicFine",Mamayooram_Meedil_Eriva.tonicFine,.tonicfine,25
Carnatic,"2165542c-45da-4301-af82-c2e7ddbe4768/D__K__Jayaraman/D_K_Jayaraman_Concert_at_BARC_Mumbai_,_1978/Mamayooram_Meedil_Eriva/Mamayooram_Meedil_Eriva.flatSegNyas",Mamayooram_Meedil_Eriva.flatSegNyas,.flatsegnyas,3312
Carnatic,"2165542c-45da-4301-af82-c2e7ddbe4768/D__K__Jayaraman/D_K_Jayaraman_Concert_at_BARC_Mumbai_,_1978/Mamayooram_Meedil_Eriva/Mamayooram_Meedil_Eriva.tonic",Mamayooram_Meedil_Eriva.tonic,.tonic,9
Carnatic,"2165542c-45da-4301-af82-c2e7ddbe4768/D__K__Jayaraman/D_K_Jayaraman_Concert_at_BARC_Mumbai_,_1978/Mamayooram_Meedil_Eriva/Mamayooram_Meedil_Eriva.pitchSilIntrpPP",Mamayooram_Meedil_Eriva.pitchSilIntrpPP,.pitchsilintrppp,4253750
Carnatic,"2165542c-45da-4301-af82-c2e7ddbe4768/D__K__Jayaraman/D_K_Jayaraman_Concert_at_BARC_Mumbai_,_1978/Mamayooram_Meedil_Eriva/Mamayooram_Meedil_Eriva.pitch",Mamayooram_Meedil_Eriva.pitch,.pitch,1968412
Carnatic,"2165542c-45da-4301-af82-c2e7ddbe4768/D__K__Jayaraman/D_K_Jayaraman_Concert_at_BARC_Mumbai_,_1978/Mamayooram_Meedil_Eriva/Mamayooram_Meedil_Eriva.taniSegKNN",Mamayooram_Meedil_Eriva.taniSegKNN,.tanisegknn,0
Carnatic,2165542c-45da-4301-af82-c2e7ddbe4768/Sumithra_Vasudev/December_Season_2010/Paridanamiccite/Paridanamiccite.flatSegNyas,Paridanamiccite.flatSegNyas,.flatsegnyas,2736
Carnatic,2165542c-45da-4301-af82-c2e7ddbe4768/Sumithra_Vasudev/December_Season_2010/Paridanamiccite/Paridanamiccite.tonicFine,Paridanamiccite.tonicFine,.tonicfine,25
Carnatic,2165542c-45da-4301-af82-c2e7ddbe4768/Sumithra_Vasudev/December_Season_2010/Paridanamiccite/Paridanamiccite.pitchSilIntrpPP,Paridanamiccite.pitchSilIntrpPP,.pitchsilintrppp,3080200
Carnatic,2165542c-45da-4301-af82-c2e7ddbe4768/Sumithra_Vasudev/December_Season_2010/Paridanamiccite/Paridanamiccite.tonic,Paridanamiccite.tonic,.tonic,10
Carnatic,2165542c-45da-4301-af82-c2e7ddbe4768/Sumithra_Vasudev/December_Season_2010/Paridanamiccite/Paridanamiccite.taniSegKNN,Paridanamiccite.taniSegKNN,.tanisegknn,0
Carnatic,2165542c-45da-4301-af82-c2e7ddbe4768/Sumithra_Vasudev/December_Season_2010/Paridanamiccite/Paridanamiccite.pitch,Paridanamiccite.pitch,.pitch,1424763
Carnatic,2165542c-45da-4301-af82-c2e7ddbe4768/Unnikrishnan/Madrasil_Margazhi_2007_-_The_Music_Academy_Concerts/Ragam_Tanam_Pallavi/Ragam_Tanam_Pallavi.pitchSilIntrpPP,Ragam_Tanam_Pallavi.pitchSilIntrpPP,.pitchsilintrppp,19298150
Carnatic,2165542c-45da-4301-af82-c2e7ddbe4768/Unnikrishnan/Madrasil_Margazhi_2007_-_The_Music_Academy_Concerts/Ragam_Tanam_Pallavi/Ragam_Tanam_Pallavi.pitch,Ragam_Tanam_Pallavi.pitch,.pitch,9198077
Carnatic,2165542c-45da-4301-af82-c2e7ddbe4768/Unnikrishnan/Madrasil_Margazhi_2007_-_The_Music_Academy_Concerts/Ragam_Tanam_Pallavi/Ragam_Tanam_Pallavi.tonic,Ragam_Tanam_Pallavi.tonic,.tonic,10
Carnatic,2165542c-45da-4301-af82-c2e7ddbe4768/Unnikrishnan/Madrasil_Margazhi_2007_-_The_Music_Academy_Concerts/Ragam_Tanam_Pallavi/Ragam_Tanam_Pallavi.taniSegKNN,Ragam_Tanam_Pallavi.taniSegKNN,.tanisegknn,0
Carnatic,2165542c-45da-4301-af82-c2e7ddbe4768/Unnikrishnan/Madrasil_Margazhi_2007_-_The_Music_Academy_Concerts/Ragam_Tanam_Pallavi/Ragam_Tanam_Pallavi.flatSegNyas,Ragam_Tanam_Pallavi.flatSegNyas,.flatsegnyas,25748
Carnatic,2165542c-45da-4301-af82-c2e7ddbe4768/Unnikrishnan/Madrasil_Margazhi_2007_-_The_Music_Academy_Concerts/Ragam_Tanam_Pallavi/Ragam_Tanam_Pallavi.tonicFine,Ragam_Tanam_Pallavi.tonicFine,.tonicfine,25
Carnatic,2165542c-45da-4301-af82-c2e7ddbe4768/Gayathri_Venkataraghavan/December_Season_2010/Sri_Balasubramanya/Sri_Balasubramanya.pitch,Sri_Balasubramanya.pitch,.pitch,10511614
Carnatic,2165542c-45da-4301-af82-c2e7ddbe4768/Gayathri_Venkataraghavan/December_Season_2010/Sri_Balasubramanya/Sri_Balasubramanya.tonic,Sri_Balasubramanya.tonic,.tonic,10
Carnatic,2165542c-45da-4301-af82-c2e7ddbe4768/Gayathri_Venkataraghavan/December_Season_2010/Sri_Balasubramanya/Sri_Balasubramanya.taniSegKNN,Sri_Balasubramanya.taniSegKNN,.tanisegknn,0
Carnatic,2165542c-45da-4301-af82-c2e7ddbe4768/Gayathri_Venkataraghavan/December_Season_2010/Sri_Balasubramanya/Sri_Balasubramanya.flatSegNyas,Sri_Balasubramanya.flatSegNyas,.flatsegnyas,23443
Carnatic,2165542c-45da-4301-af82-c2e7ddbe4768/Gayathri_Venkataraghavan/December_Season_2010/Sri_Balasubramanya/Sri_Balasubramanya.tonicFine,Sri_Balasubramanya.tonicFine,.tonicfine,25
Carnatic,2165542c-45da-4301-af82-c2e7ddbe4768/Gayathri_Venkataraghavan/December_Season_2010/Sri_Balasubramanya/Sri_Balasubramanya.pitchSilIntrpPP,Sri_Balasubramanya.pitchSilIntrpPP,.pitchsilintrppp,21943900
Carnatic,2165542c-45da-4301-af82-c2e7ddbe4768/Abhishek_Raghuram/December_Season_2010/Karpagambike/Karpagambike.tonicFine,Karpagambike.tonicFine,.tonicfine,25
Carnatic,2165542c-45da-4301-af82-c2e7ddbe4768/Abhishek_Raghuram/December_Season_2010/Karpagambike/Karpagambike.pitchSilIntrpPP,Karpagambike.pitchSilIntrpPP,.pitchsilintrppp,5260200
Carnatic,2165542c-45da-4301-af82-c2e7ddbe4768/Abhishek_Raghuram/December_Season_2010/Karpagambike/Karpagambike.taniSegKNN,Karpagambike.taniSegKNN,.tanisegknn,0
Carnatic,2165542c-45da-4301-af82-c2e7ddbe4768/Abhishek_Raghuram/December_Season_2010/Karpagambike/Karpagambike.flatSegNyas,Karpagambike.flatSegNyas,.flatsegnyas,3783
Carnatic,2165542c-45da-4301-af82-c2e7ddbe4768/Abhishek_Raghuram/December_Season_2010/Karpagambike/Karpagambike.pitch,Karpagambike.pitch,.pitch,2442438
Carnatic,2165542c-45da-4301-af82-c2e7ddbe4768/Abhishek_Raghuram/December_Season_2010/Karpagambike/Karpagambike.tonic,Karpagambike.tonic,.tonic,10
Carnatic,"2165542c-45da-4301-af82-c2e7ddbe4768/Sanjay_Subrahmanyan/Kutcheri,_Live_in_Kalaksetra/Sri_Chamundeshwari/Sri_Chamundeshwari.pitch",Sri_Chamundeshwari.pitch,.pitch,5979704
Carnatic,"2165542c-45da-4301-af82-c2e7ddbe4768/Sanjay_Subrahmanyan/Kutcheri,_Live_in_Kalaksetra/Sri_Chamundeshwari/Sri_Chamundeshwari.pitchSilIntrpPP",Sri_Chamundeshwari.pitchSilIntrpPP,.pitchsilintrppp,12831350
Carnatic,"2165542c-45da-4301-af82-c2e7ddbe4768/Sanjay_Subrahmanyan/Kutcheri,_Live_in_Kalaksetra/Sri_Chamundeshwari/Sri_Chamundeshwari.tonicFine",Sri_Chamundeshwari.tonicFine,.tonicfine,25
Carnatic,"2165542c-45da-4301-af82-c2e7ddbe4768/Sanjay_Subrahmanyan/Kutcheri,_Live_in_Kalaksetra/Sri_Chamundeshwari/Sri_Chamundeshwari.tonic",Sri_Chamundeshwari.tonic,.tonic,10
Carnatic,"2165542c-45da-4301-af82-c2e7ddbe4768/Sanjay_Subrahmanyan/Kutcheri,_Live_in_Kalaksetra/Sri_Chamundeshwari/Sri_Chamundeshwari.flatSegNyas",Sri_Chamundeshwari.flatSegNyas,.flatsegnyas,12174
Carnatic,"2165542c-45da-4301-af82-c2e7ddbe4768/Sanjay_Subrahmanyan/Kutcheri,_Live_in_Kalaksetra/Sri_Chamundeshwari/Sri_Chamundeshwari.taniSegKNN",Sri_Chamundeshwari.taniSegKNN,.tanisegknn,18
Carnatic,2165542c-45da-4301-af82-c2e7ddbe4768/Nisha_P_Rajagopal/December_Season_2009/Paridaanamichite/Paridaanamichite.pitchSilIntrpPP,Paridaanamichite.pitchSilIntrpPP,.pitchsilintrppp,13804400
Carnatic,2165542c-45da-4301-af82-c2e7ddbe4768/Nisha_P_Rajagopal/December_Season_2009/Paridaanamichite/Paridaanamichite.flatSegNyas,Paridaanamichite.flatSegNyas,.flatsegnyas,15902
Carnatic,2165542c-45da-4301-af82-c2e7ddbe4768/Nisha_P_Rajagopal/December_Season_2009/Paridaanamichite/Paridaanamichite.tonicFine,Paridaanamichite.tonicFine,.tonicfine,25
Carnatic,2165542c-45da-4301-af82-c2e7ddbe4768/Nisha_P_Rajagopal/December_Season_2009/Paridaanamichite/Paridaanamichite.tonic,Paridaanamichite.tonic,.tonic,10
Carnatic,2165542c-45da-4301-af82-c2e7ddbe4768/Nisha_P_Rajagopal/December_Season_2009/Paridaanamichite/Paridaanamichite.pitch,Paridaanamichite.pitch,.pitch,6497052
Carnatic,2165542c-45da-4301-af82-c2e7ddbe4768/Nisha_P_Rajagopal/December_Season_2009/Paridaanamichite/Paridaanamichite.taniSegKNN,Paridaanamichite.taniSegKNN,.tanisegknn,0
Carnatic,2165542c-45da-4301-af82-c2e7ddbe4768/Sikkil_Gurucharan/December_Season_2008/Ekadantam/Ekadantam.pitch,Ekadantam.pitch,.pitch,3017490
Carnatic,2165542c-45da-4301-af82-c2e7ddbe4768/Sikkil_Gurucharan/December_Season_2008/Ekadantam/Ekadantam.tonic,Ekadantam.tonic,.tonic,10
Carnatic,2165542c-45da-4301-af82-c2e7ddbe4768/Sikkil_Gurucharan/December_Season_2008/Ekadantam/Ekadantam.pitchSilIntrpPP,Ekadantam.pitchSilIntrpPP,.pitchsilintrppp,6457150
Carnatic,2165542c-45da-4301-af82-c2e7ddbe4768/Sikkil_Gurucharan/December_Season_2008/Ekadantam/Ekadantam.taniSegKNN,Ekadantam.taniSegKNN,.tanisegknn,0
Carnatic,2165542c-45da-4301-af82-c2e7ddbe4768/Sikkil_Gurucharan/December_Season_2008/Ekadantam/Ekadantam.tonicFine,Ekadantam.tonicFine,.tonicfine,25
Carnatic,2165542c-45da-4301-af82-c2e7ddbe4768/Sikkil_Gurucharan/December_Season_2008/Ekadantam/Ekadantam.flatSegNyas,Ekadantam.flatSegNyas,.flatsegnyas,6480
Carnatic,2165542c-45da-4301-af82-c2e7ddbe4768/Ranjani_Guruprasad/December_Season_2010/Patta_Padaada/Patta_Padaada.taniSegKNN,Patta_Padaada.taniSegKNN,.tanisegknn,0
Carnatic,2165542c-45da-4301-af82-c2e7ddbe4768/Ranjani_Guruprasad/December_Season_2010/Patta_Padaada/Patta_Padaada.pitch,Patta_Padaada.pitch,.pitch,448065
Carnatic,2165542c-45da-4301-af82-c2e7ddbe4768/Ranjani_Guruprasad/December_Season_2010/Patta_Padaada/Patta_Padaada.flatSegNyas,Patta_Padaada.flatSegNyas,.flatsegnyas,1175
Carnatic,2165542c-45da-4301-af82-c2e7ddbe4768/Ranjani_Guruprasad/December_Season_2010/Patta_Padaada/Patta_Padaada.pitchSilIntrpPP,Patta_Padaada.pitchSilIntrpPP,.pitchsilintrppp,998100
Carnatic,2165542c-45da-4301-af82-c2e7ddbe4768/Ranjani_Guruprasad/December_Season_2010/Patta_Padaada/Patta_Padaada.tonicFine,Patta_Padaada.tonicFine,.tonicfine,25
Carnatic,2165542c-45da-4301-af82-c2e7ddbe4768/Ranjani_Guruprasad/December_Season_2010/Patta_Padaada/Patta_Padaada.tonic,Patta_Padaada.tonic,.tonic,10
Carnatic,2165542c-45da-4301-af82-c2e7ddbe4768/Dr_Pantula_Rama/December_Season_2010/Ekadantam/Ekadantam.pitch,Ekadantam.pitch,.pitch,2070682
Carnatic,2165542c-45da-4301-af82-c2e7ddbe4768/Dr_Pantula_Rama/December_Season_2010/Ekadantam/Ekadantam.tonic,Ekadantam.tonic,.tonic,10
Carnatic,2165542c-45da-4301-af82-c2e7ddbe4768/Dr_Pantula_Rama/December_Season_2010/Ekadantam/Ekadantam.pitchSilIntrpPP,Ekadantam.pitchSilIntrpPP,.pitchsilintrppp,4463300
Carnatic,2165542c-45da-4301-af82-c2e7ddbe4768/Dr_Pantula_Rama/December_Season_2010/Ekadantam/Ekadantam.taniSegKNN,Ekadantam.taniSegKNN,.tanisegknn,0
Carnatic,2165542c-45da-4301-af82-c2e7ddbe4768/Dr_Pantula_Rama/December_Season_2010/Ekadantam/Ekadantam.tonicFine,Ekadantam.tonicFine,.tonicfine,25
Carnatic,2165542c-45da-4301-af82-c2e7ddbe4768/Dr_Pantula_Rama/December_Season_2010/Ekadantam/Ekadantam.flatSegNyas,Ekadantam.flatSegNyas,.flatsegnyas,4724
Carnatic,2165542c-45da-4301-af82-c2e7ddbe4768/Dr_Pantula_Rama/December_Season_2011/Naa_Jeevadhara/Naa_Jeevadhara.pitch,Naa_Jeevadhara.pitch,.pitch,15305350
Carnatic,2165542c-45da-4301-af82-c2e7ddbe4768/Dr_Pantula_Rama/December_Season_2011/Naa_Jeevadhara/Naa_Jeevadhara.flatSegNyas,Naa_Jeevadhara.flatSegNyas,.flatsegnyas,41854
Carnatic,2165542c-45da-4301-af82-c2e7ddbe4768/Dr_Pantula_Rama/December_Season_2011/Naa_Jeevadhara/Naa_Jeevadhara.pitchSilIntrpPP,Naa_Jeevadhara.pitchSilIntrpPP,.pitchsilintrppp,31897850
Carnatic,2165542c-45da-4301-af82-c2e7ddbe4768/Dr_Pantula_Rama/December_Season_2011/Naa_Jeevadhara/Naa_Jeevadhara.tonic,Naa_Jeevadhara.tonic,.tonic,10
Carnatic,2165542c-45da-4301-af82-c2e7ddbe4768/Dr_Pantula_Rama/December_Season_2011/Naa_Jeevadhara/Naa_Jeevadhara.tonicFine,Naa_Jeevadhara.tonicFine,.tonicfine,25
Carnatic,2165542c-45da-4301-af82-c2e7ddbe4768/Dr_Pantula_Rama/December_Season_2011/Naa_Jeevadhara/Naa_Jeevadhara.taniSegKNN,Naa_Jeevadhara.taniSegKNN,.tanisegknn,18
Carnatic,2165542c-45da-4301-af82-c2e7ddbe4768/Amrutha_Venkatesh/December_Season_2011/Toli_Janmamuna/Toli_Janmamuna.tonic,Toli_Janmamuna.tonic,.tonic,10
Carnatic,2165542c-45da-4301-af82-c2e7ddbe4768/Amrutha_Venkatesh/December_Season_2011/Toli_Janmamuna/Toli_Janmamuna.pitchSilIntrpPP,Toli_Janmamuna.pitchSilIntrpPP,.pitchsilintrppp,8587750
Carnatic,2165542c-45da-4301-af82-c2e7ddbe4768/Amrutha_Venkatesh/December_Season_2011/Toli_Janmamuna/Toli_Janmamuna.pitch,Toli_Janmamuna.pitch,.pitch,4026517
Carnatic,2165542c-45da-4301-af82-c2e7ddbe4768/Amrutha_Venkatesh/December_Season_2011/Toli_Janmamuna/Toli_Janmamuna.tonicFine,Toli_Janmamuna.tonicFine,.tonicfine,25
Carnatic,2165542c-45da-4301-af82-c2e7ddbe4768/Amrutha_Venkatesh/December_Season_2011/Toli_Janmamuna/Toli_Janmamuna.flatSegNyas,Toli_Janmamuna.flatSegNyas,.flatsegnyas,10030
Carnatic,2165542c-45da-4301-af82-c2e7ddbe4768/Amrutha_Venkatesh/December_Season_2011/Toli_Janmamuna/Toli_Janmamuna.taniSegKNN,Toli_Janmamuna.taniSegKNN,.tanisegknn,0
Hindustani,118401e7-8de8-4d81-9d8e-8070889e3fa8/Ajay_Pohankar/Mehfil/Raag_Darbari_f5a6ba75-7be0-4a67-b1c3-3e49b060d384.pitchSilIntrpPP,Raag_Darbari_f5a6ba75-7be0-4a67-b1c3-3e49b060d384.pitchSilIntrpPP,.pitchsilintrppp,32305150
Hindustani,118401e7-8de8-4d81-9d8e-8070889e3fa8/Ajay_Pohankar/Mehfil/Raag_Darbari_f5a6ba75-7be0-4a67-b1c3-3e49b060d384.taniSegKNN,Raag_Darbari_f5a6ba75-7be0-4a67-b1c3-3e49b060d384.taniSegKNN,.tanisegknn,0
Hindustani,118401e7-8de8-4d81-9d8e-8070889e3fa8/Ajay_Pohankar/Mehfil/Raag_Darbari_f5a6ba75-7be0-4a67-b1c3-3e49b060d384.flatSegNyas,Raag_Darbari_f5a6ba75-7be0-4a67-b1c3-3e49b060d384.flatSegNyas,.flatsegnyas,44572
Hindustani,118401e7-8de8-4d81-9d8e-8070889e3fa8/Ajay_Pohankar/Mehfil/Raag_Darbari_f5a6ba75-7be0-4a67-b1c3-3e49b060d384.tonic,Raag_Darbari_f5a6ba75-7be0-4a67-b1c3-3e49b060d384.tonic,.tonic,11
Hindustani,118401e7-8de8-4d81-9d8e-8070889e3fa8/Ajay_Pohankar/Mehfil/Raag_Darbari_f5a6ba75-7be0-4a67-b1c3-3e49b060d384.pitch,Raag_Darbari_f5a6ba75-7be0-4a67-b1c3-3e49b060d384.pitch,.pitch,15557147
Hindustani,118401e7-8de8-4d81-9d8e-8070889e3fa8/Ajay_Pohankar/Mehfil/Raag_Darbari_f5a6ba75-7be0-4a67-b1c3-3e49b060d384.tonicFine,Raag_Darbari_f5a6ba75-7be0-4a67-b1c3-3e49b060d384.tonicFine,.tonicfine,25
Hindustani,118401e7-8de8-4d81-9d8e-8070889e3fa8/Bade_Ghulam_Ali_Khan/Ustad_Bade_Ghulam_Ali_Khan/Raga_Darbari_Kanada_98e14bae-50ae-4c9b-bb39-693ef89fc5b2.tonic,Raga_Darbari_Kanada_98e14bae-50ae-4c9b-bb39-693ef89fc5b2.tonic,.tonic,11
Hindustani,118401e7-8de8-4d81-9d8e-8070889e3fa8/Bade_Ghulam_Ali_Khan/Ustad_Bade_Ghulam_Ali_Khan/Raga_Darbari_Kanada_98e14bae-50ae-4c9b-bb39-693ef89fc5b2.taniSegKNN,Raga_Darbari_Kanada_98e14bae-50ae-4c9b-bb39-693ef89fc5b2.taniSegKNN,.tanisegknn,0
Hindustani,118401e7-8de8-4d81-9d8e-8070889e3fa8/Bade_Ghulam_Ali_Khan/Ustad_Bade_Ghulam_Ali_Khan/Raga_Darbari_Kanada_98e14bae-50ae-4c9b-bb39-693ef89fc5b2.tonicFine,Raga_Darbari_Kanada_98e14bae-50ae-4c9b-bb39-693ef89fc5b2.tonicFine,.tonicfine,25
Hindustani,118401e7-8de8-4d81-9d8e-8070889e3fa8/Bade_Ghulam_Ali_Khan/Ustad_Bade_Ghulam_Ali_Khan/Raga_Darbari_Kanada_98e14bae-50ae-4c9b-bb39-693ef89fc5b2.flatSegNyas,Raga_Darbari_Kanada_98e14bae-50ae-4c9b-bb39-693ef89fc5b2.flatSegNyas,.flatsegnyas,33625
Hindustani,118401e7-8de8-4d81-9d8e-8070889e3fa8/Bade_Ghulam_Ali_Khan/Ustad_Bade_Ghulam_Ali_Khan/Raga_Darbari_Kanada_98e14bae-50ae-4c9b-bb39-693ef89fc5b2.pitch,Raga_Darbari_Kanada_98e14bae-50ae-4c9b-bb39-693ef89fc5b2.pitch,.pitch,15520059
Hindustani,118401e7-8de8-4d81-9d8e-8070889e3fa8/Bade_Ghulam_Ali_Khan/Ustad_Bade_Ghulam_Ali_Khan/Raga_Darbari_Kanada_98e14bae-50ae-4c9b-bb39-693ef89fc5b2.pitchSilIntrpPP,Raga_Darbari_Kanada_98e14bae-50ae-4c9b-bb39-693ef89fc5b2.pitchSilIntrpPP,.pitchsilintrppp,32524950
Hindustani,118401e7-8de8-4d81-9d8e-8070889e3fa8/Jayateerth_Mevundi/Jayateerth_Mevundi_Classical_Vocal/Raga_Darbari_Kanada_b0434093-2d8b-4c8d-aaa8-7fb44bd1ce0e.pitch,Raga_Darbari_Kanada_b0434093-2d8b-4c8d-aaa8-7fb44bd1ce0e.pitch,.pitch,11344378
Hindustani,118401e7-8de8-4d81-9d8e-8070889e3fa8/Jayateerth_Mevundi/Jayateerth_Mevundi_Classical_Vocal/Raga_Darbari_Kanada_b0434093-2d8b-4c8d-aaa8-7fb44bd1ce0e.pitchSilIntrpPP,Raga_Darbari_Kanada_b0434093-2d8b-4c8d-aaa8-7fb44bd1ce0e.pitchSilIntrpPP,.pitchsilintrppp,23727150
Hindustani,118401e7-8de8-4d81-9d8e-8070889e3fa8/Jayateerth_Mevundi/Jayateerth_Mevundi_Classical_Vocal/Raga_Darbari_Kanada_b0434093-2d8b-4c8d-aaa8-7fb44bd1ce0e.tonicFine,Raga_Darbari_Kanada_b0434093-2d8b-4c8d-aaa8-7fb44bd1ce0e.tonicFine,.tonicfine,25
Hindustani,118401e7-8de8-4d81-9d8e-8070889e3fa8/Jayateerth_Mevundi/Jayateerth_Mevundi_Classical_Vocal/Raga_Darbari_Kanada_b0434093-2d8b-4c8d-aaa8-7fb44bd1ce0e.flatSegNyas,Raga_Darbari_Kanada_b0434093-2d8b-4c8d-aaa8-7fb44bd1ce0e.flatSegNyas,.flatsegnyas,24141
Hindustani,118401e7-8de8-4d81-9d8e-8070889e3fa8/Jayateerth_Mevundi/Jayateerth_Mevundi_Classical_Vocal/Raga_Darbari_Kanada_b0434093-2d8b-4c8d-aaa8-7fb44bd1ce0e.tonic,Raga_Darbari_Kanada_b0434093-2d8b-4c8d-aaa8-7fb44bd1ce0e.tonic,.tonic,11
Hindustani,118401e7-8de8-4d81-9d8e-8070889e3fa8/Jayateerth_Mevundi/Jayateerth_Mevundi_Classical_Vocal/Raga_Darbari_Kanada_b0434093-2d8b-4c8d-aaa8-7fb44bd1ce0e.taniSegKNN,Raga_Darbari_Kanada_b0434093-2d8b-4c8d-aaa8-7fb44bd1ce0e.taniSegKNN,.tanisegknn,0
Hindustani,118401e7-8de8-4d81-9d8e-8070889e3fa8/Jayateerth_Mevundi/Raag_Darbari__Rendition_of_Late_Evening_Raga/Raag_Darbari_7ee9570e-7f04-4f1c-819a-ec044318e15c.pitchSilIntrpPP,Raag_Darbari_7ee9570e-7f04-4f1c-819a-ec044318e15c.pitchSilIntrpPP,.pitchsilintrppp,38815800
Hindustani,118401e7-8de8-4d81-9d8e-8070889e3fa8/Jayateerth_Mevundi/Raag_Darbari__Rendition_of_Late_Evening_Raga/Raag_Darbari_7ee9570e-7f04-4f1c-819a-ec044318e15c.flatSegNyas,Raag_Darbari_7ee9570e-7f04-4f1c-819a-ec044318e15c.flatSegNyas,.flatsegnyas,42754
Hindustani,118401e7-8de8-4d81-9d8e-8070889e3fa8/Jayateerth_Mevundi/Raag_Darbari__Rendition_of_Late_Evening_Raga/Raag_Darbari_7ee9570e-7f04-4f1c-819a-ec044318e15c.tonic,Raag_Darbari_7ee9570e-7f04-4f1c-819a-ec044318e15c.tonic,.tonic,11
Hindustani,118401e7-8de8-4d81-9d8e-8070889e3fa8/Jayateerth_Mevundi/Raag_Darbari__Rendition_of_Late_Evening_Raga/Raag_Darbari_7ee9570e-7f04-4f1c-819a-ec044318e15c.pitch,Raag_Darbari_7ee9570e-7f04-4f1c-819a-ec044318e15c.pitch,.pitch,18683495
Hindustani,118401e7-8de8-4d81-9d8e-8070889e3fa8/Jayateerth_Mevundi/Raag_Darbari__Rendition_of_Late_Evening_Raga/Raag_Darbari_7ee9570e-7f04-4f1c-819a-ec044318e15c.tonicFine,Raag_Darbari_7ee9570e-7f04-4f1c-819a-ec044318e15c.tonicFine,.tonicfine,25
Hindustani,118401e7-8de8-4d81-9d8e-8070889e3fa8/Jayateerth_Mevundi/Raag_Darbari__Rendition_of_Late_Evening_Raga/Raag_Darbari_7ee9570e-7f04-4f1c-819a-ec044318e15c.taniSegKNN,Raag_Darbari_7ee9570e-7f04-4f1c-819a-ec044318e15c.taniSegKNN,.tanisegknn,0
Hindustani,118401e7-8de8-4d81-9d8e-8070889e3fa8/Rashid_Khan/The_Genius_Of_Ustad_Rashid_Khan/Raga_Darbari_Kanada_-_Vilambit_Khayal_In_Ek_Iaal_-_Drut_Khayal_In_Teen_Taal_01df0bee-b090-4b1d-bbdc-84e1c436635b.pitch,Raga_Darbari_Kanada_-_Vilambit_Khayal_In_Ek_Iaal_-_Drut_Khayal_In_Teen_Taal_01df0bee-b090-4b1d-bbdc-84e1c436635b.pitch,.pitch,9026635
Hindustani,118401e7-8de8-4d81-9d8e-8070889e3fa8/Rashid_Khan/The_Genius_Of_Ustad_Rashid_Khan/Raga_Darbari_Kanada_-_Vilambit_Khayal_In_Ek_Iaal_-_Drut_Khayal_In_Teen_Taal_01df0bee-b090-4b1d-bbdc-84e1c436635b.flatSegNyas,Raga_Darbari_Kanada_-_Vilambit_Khayal_In_Ek_Iaal_-_Drut_Khayal_In_Teen_Taal_01df0bee-b090-4b1d-bbdc-84e1c436635b.flatSegNyas,.flatsegnyas,25608
Hindustani,118401e7-8de8-4d81-9d8e-8070889e3fa8/Rashid_Khan/The_Genius_Of_Ustad_Rashid_Khan/Raga_Darbari_Kanada_-_Vilambit_Khayal_In_Ek_Iaal_-_Drut_Khayal_In_Teen_Taal_01df0bee-b090-4b1d-bbdc-84e1c436635b.pitchSilIntrpPP,Raga_Darbari_Kanada_-_Vilambit_Khayal_In_Ek_Iaal_-_Drut_Khayal_In_Teen_Taal_01df0bee-b090-4b1d-bbdc-84e1c436635b.pitchSilIntrpPP,.pitchsilintrppp,18885650
Hindustani,118401e7-8de8-4d81-9d8e-8070889e3fa8/Rashid_Khan/The_Genius_Of_Ustad_Rashid_Khan/Raga_Darbari_Kanada_-_Vilambit_Khayal_In_Ek_Iaal_-_Drut_Khayal_In_Teen_Taal_01df0bee-b090-4b1d-bbdc-84e1c436635b.taniSegKNN,Raga_Darbari_Kanada_-_Vilambit_Khayal_In_Ek_Iaal_-_Drut_Khayal_In_Teen_Taal_01df0bee-b090-4b1d-bbdc-84e1c436635b.taniSegKNN,.tanisegknn,0
Hindustani,118401e7-8de8-4d81-9d8e-8070889e3fa8/Rashid_Khan/The_Genius_Of_Ustad_Rashid_Khan/Raga_Darbari_Kanada_-_Vilambit_Khayal_In_Ek_Iaal_-_Drut_Khayal_In_Teen_Taal_01df0bee-b090-4b1d-bbdc-84e1c436635b.tonic,Raga_Darbari_Kanada_-_Vilambit_Khayal_In_Ek_Iaal_-_Drut_Khayal_In_Teen_Taal_01df0bee-b090-4b1d-bbdc-84e1c436635b.tonic,.tonic,11
Hindustani,118401e7-8de8-4d81-9d8e-8070889e3fa8/Rashid_Khan/The_Genius_Of_Ustad_Rashid_Khan/Raga_Darbari_Kanada_-_Vilambit_Khayal_In_Ek_Iaal_-_Drut_Khayal_In_Teen_Taal_01df0bee-b090-4b1d-bbdc-84e1c436635b.tonicFine,Raga_Darbari_Kanada_-_Vilambit_Khayal_In_Ek_Iaal_-_Drut_Khayal_In_Teen_Taal_01df0bee-b090-4b1d-bbdc-84e1c436635b.tonicFine,.tonicfine,25
Hindustani,118401e7-8de8-4d81-9d8e-8070889e3fa8/Rashid_Khan/One___Only_Rashid/Bandish_in_Raag_Darbari_8d01b397-5d3f-4fdd-8c9a-a8a3a4e18709.flatSegNyas,Bandish_in_Raag_Darbari_8d01b397-5d3f-4fdd-8c9a-a8a3a4e18709.flatSegNyas,.flatsegnyas,11184
Hindustani,118401e7-8de8-4d81-9d8e-8070889e3fa8/Rashid_Khan/One___Only_Rashid/Bandish_in_Raag_Darbari_8d01b397-5d3f-4fdd-8c9a-a8a3a4e18709.pitchSilIntrpPP,Bandish_in_Raag_Darbari_8d01b397-5d3f-4fdd-8c9a-a8a3a4e18709.pitchSilIntrpPP,.pitchsilintrppp,7812500
Hindustani,118401e7-8de8-4d81-9d8e-8070889e3fa8/Rashid_Khan/One___Only_Rashid/Bandish_in_Raag_Darbari_8d01b397-5d3f-4fdd-8c9a-a8a3a4e18709.taniSegKNN,Bandish_in_Raag_Darbari_8d01b397-5d3f-4fdd-8c9a-a8a3a4e18709.taniSegKNN,.tanisegknn,0
Hindustani,118401e7-8de8-4d81-9d8e-8070889e3fa8/Rashid_Khan/One___Only_Rashid/Bandish_in_Raag_Darbari_8d01b397-5d3f-4fdd-8c9a-a8a3a4e18709.pitch,Bandish_in_Raag_Darbari_8d01b397-5d3f-4fdd-8c9a-a8a3a4e18709.pitch,.pitch,3644544
Hindustani,118401e7-8de8-4d81-9d8e-8070889e3fa8/Rashid_Khan/One___Only_Rashid/Bandish_in_Raag_Darbari_8d01b397-5d3f-4fdd-8c9a-a8a3a4e18709.tonicFine,Bandish_in_Raag_Darbari_8d01b397-5d3f-4fdd-8c9a-a8a3a4e18709.tonicFine,.tonicfine,25
Hindustani,118401e7-8de8-4d81-9d8e-8070889e3fa8/Rashid_Khan/One___Only_Rashid/Bandish_in_Raag_Darbari_8d01b397-5d3f-4fdd-8c9a-a8a3a4e18709.tonic,Bandish_in_Raag_Darbari_8d01b397-5d3f-4fdd-8c9a-a8a3a4e18709.tonic,.tonic,10
Hindustani,118401e7-8de8-4d81-9d8e-8070889e3fa8/Ulhas_Kashalkar/Mellow_Moods/Raga_-_Darbari_Kanada_91bbdaa0-551d-454b-97f3-67c89c72f8d5.flatSegNyas,Raga_-_Darbari_Kanada_91bbdaa0-551d-454b-97f3-67c89c72f8d5.flatSegNyas,.flatsegnyas,30380
Hindustani,118401e7-8de8-4d81-9d8e-8070889e3fa8/Ulhas_Kashalkar/Mellow_Moods/Raga_-_Darbari_Kanada_91bbdaa0-551d-454b-97f3-67c89c72f8d5.pitch,Raga_-_Darbari_Kanada_91bbdaa0-551d-454b-97f3-67c89c72f8d5.pitch,.pitch,9583328
Hindustani,118401e7-8de8-4d81-9d8e-8070889e3fa8/Ulhas_Kashalkar/Mellow_Moods/Raga_-_Darbari_Kanada_91bbdaa0-551d-454b-97f3-67c89c72f8d5.tonic,Raga_-_Darbari_Kanada_91bbdaa0-551d-454b-97f3-67c89c72f8d5.tonic,.tonic,11
Hindustani,118401e7-8de8-4d81-9d8e-8070889e3fa8/Ulhas_Kashalkar/Mellow_Moods/Raga_-_Darbari_Kanada_91bbdaa0-551d-454b-97f3-67c89c72f8d5.pitchSilIntrpPP,Raga_-_Darbari_Kanada_91bbdaa0-551d-454b-97f3-67c89c72f8d5.pitchSilIntrpPP,.pitchsilintrppp,20167700
Hindustani,118401e7-8de8-4d81-9d8e-8070889e3fa8/Ulhas_Kashalkar/Mellow_Moods/Raga_-_Darbari_Kanada_91bbdaa0-551d-454b-97f3-67c89c72f8d5.taniSegKNN,Raga_-_Darbari_Kanada_91bbdaa0-551d-454b-97f3-67c89c72f8d5.taniSegKNN,.tanisegknn,0
Hindustani,118401e7-8de8-4d81-9d8e-8070889e3fa8/Ulhas_Kashalkar/Mellow_Moods/Raga_-_Darbari_Kanada_91bbdaa0-551d-454b-97f3-67c89c72f8d5.tonicFine,Raga_-_Darbari_Kanada_91bbdaa0-551d-454b-97f3-67c89c72f8d5.tonicFine,.tonicfine,25
Hindustani,118401e7-8de8-4d81-9d8e-8070889e3fa8/Jasraj/Legends__Sangeet_Martand_Pandit_Jasraj_(Vol__5)/Raga_-_Darbari_6e4dea78-ec22-479a-9e3c-c253a6deba7c.pitchSilIntrpPP,Raga_-_Darbari_6e4dea78-ec22-479a-9e3c-c253a6deba7c.pitchSilIntrpPP,.pitchsilintrppp,13899000
Hindustani,118401e7-8de8-4d81-9d8e-8070889e3fa8/Jasraj/Legends__Sangeet_Martand_Pandit_Jasraj_(Vol__5)/Raga_-_Darbari_6e4dea78-ec22-479a-9e3c-c253a6deba7c.tonic,Raga_-_Darbari_6e4dea78-ec22-479a-9e3c-c253a6deba7c.tonic,.tonic,10
Hindustani,118401e7-8de8-4d81-9d8e-8070889e3fa8/Jasraj/Legends__Sangeet_Martand_Pandit_Jasraj_(Vol__5)/Raga_-_Darbari_6e4dea78-ec22-479a-9e3c-c253a6deba7c.taniSegKNN,Raga_-_Darbari_6e4dea78-ec22-479a-9e3c-c253a6deba7c.taniSegKNN,.tanisegknn,0
Hindustani,118401e7-8de8-4d81-9d8e-8070889e3fa8/Jasraj/Legends__Sangeet_Martand_Pandit_Jasraj_(Vol__5)/Raga_-_Darbari_6e4dea78-ec22-479a-9e3c-c253a6deba7c.pitch,Raga_-_Darbari_6e4dea78-ec22-479a-9e3c-c253a6deba7c.pitch,.pitch,6526452
Hindustani,118401e7-8de8-4d81-9d8e-8070889e3fa8/Jasraj/Legends__Sangeet_Martand_Pandit_Jasraj_(Vol__5)/Raga_-_Darbari_6e4dea78-ec22-479a-9e3c-c253a6deba7c.flatSegNyas,Raga_-_Darbari_6e4dea78-ec22-479a-9e3c-c253a6deba7c.flatSegNyas,.flatsegnyas,15403
Hindustani,118401e7-8de8-4d81-9d8e-8070889e3fa8/Jasraj/Legends__Sangeet_Martand_Pandit_Jasraj_(Vol__5)/Raga_-_Darbari_6e4dea78-ec22-479a-9e3c-c253a6deba7c.tonicFine,Raga_-_Darbari_6e4dea78-ec22-479a-9e3c-c253a6deba7c.tonicFine,.tonicfine,25
Hindustani,118401e7-8de8-4d81-9d8e-8070889e3fa8/Madhup_Mudgal/Eternal_Music/Raga_Darbari_Kanhada_1f5947f8-e4b8-47e4-86a6-8a817dbf8554.tonic,Raga_Darbari_Kanhada_1f5947f8-e4b8-47e4-86a6-8a817dbf8554.tonic,.tonic,11
Hindustani,118401e7-8de8-4d81-9d8e-8070889e3fa8/Madhup_Mudgal/Eternal_Music/Raga_Darbari_Kanhada_1f5947f8-e4b8-47e4-86a6-8a817dbf8554.taniSegKNN,Raga_Darbari_Kanhada_1f5947f8-e4b8-47e4-86a6-8a817dbf8554.taniSegKNN,.tanisegknn,0
Hindustani,118401e7-8de8-4d81-9d8e-8070889e3fa8/Madhup_Mudgal/Eternal_Music/Raga_Darbari_Kanhada_1f5947f8-e4b8-47e4-86a6-8a817dbf8554.flatSegNyas,Raga_Darbari_Kanhada_1f5947f8-e4b8-47e4-86a6-8a817dbf8554.flatSegNyas,.flatsegnyas,20765
Hindustani,118401e7-8de8-4d81-9d8e-8070889e3fa8/Madhup_Mudgal/Eternal_Music/Raga_Darbari_Kanhada_1f5947f8-e4b8-47e4-86a6-8a817dbf8554.tonicFine,Raga_Darbari_Kanhada_1f5947f8-e4b8-47e4-86a6-8a817dbf8554.tonicFine,.tonicfine,25
Hindustani,118401e7-8de8-4d81-9d8e-8070889e3fa8/Madhup_Mudgal/Eternal_Music/Raga_Darbari_Kanhada_1f5947f8-e4b8-47e4-86a6-8a817dbf8554.pitchSilIntrpPP,Raga_Darbari_Kanhada_1f5947f8-e4b8-47e4-86a6-8a817dbf8554.pitchSilIntrpPP,.pitchsilintrppp,15525650
Hindustani,118401e7-8de8-4d81-9d8e-8070889e3fa8/Madhup_Mudgal/Eternal_Music/Raga_Darbari_Kanhada_1f5947f8-e4b8-47e4-86a6-8a817dbf8554.pitch,Raga_Darbari_Kanhada_1f5947f8-e4b8-47e4-86a6-8a817dbf8554.pitch,.pitch,7325784
Hindustani,118401e7-8de8-4d81-9d8e-8070889e3fa8/Ghulam_Mustafa_Khan/Timeless/Darbari_Kanada_f5cb8fde-2483-407c-896e-1d5a777aac2e.taniSegKNN,Darbari_Kanada_f5cb8fde-2483-407c-896e-1d5a777aac2e.taniSegKNN,.tanisegknn,0
Hindustani,118401e7-8de8-4d81-9d8e-8070889e3fa8/Ghulam_Mustafa_Khan/Timeless/Darbari_Kanada_f5cb8fde-2483-407c-896e-1d5a777aac2e.flatSegNyas,Darbari_Kanada_f5cb8fde-2483-407c-896e-1d5a777aac2e.flatSegNyas,.flatsegnyas,14392
Hindustani,118401e7-8de8-4d81-9d8e-8070889e3fa8/Ghulam_Mustafa_Khan/Timeless/Darbari_Kanada_f5cb8fde-2483-407c-896e-1d5a777aac2e.tonic,Darbari_Kanada_f5cb8fde-2483-407c-896e-1d5a777aac2e.tonic,.tonic,11
Hindustani,118401e7-8de8-4d81-9d8e-8070889e3fa8/Ghulam_Mustafa_Khan/Timeless/Darbari_Kanada_f5cb8fde-2483-407c-896e-1d5a777aac2e.pitchSilIntrpPP,Darbari_Kanada_f5cb8fde-2483-407c-896e-1d5a777aac2e.pitchSilIntrpPP,.pitchsilintrppp,14564950
Hindustani,118401e7-8de8-4d81-9d8e-8070889e3fa8/Ghulam_Mustafa_Khan/Timeless/Darbari_Kanada_f5cb8fde-2483-407c-896e-1d5a777aac2e.tonicFine,Darbari_Kanada_f5cb8fde-2483-407c-896e-1d5a777aac2e.tonicFine,.tonicfine,25
Hindustani,118401e7-8de8-4d81-9d8e-8070889e3fa8/Ghulam_Mustafa_Khan/Timeless/Darbari_Kanada_f5cb8fde-2483-407c-896e-1d5a777aac2e.pitch,Darbari_Kanada_f5cb8fde-2483-407c-896e-1d5a777aac2e.pitch,.pitch,6843465
Hindustani,46997b02-f09c-4969-8138-4e1861f61967/Omkar_Dadarkar/Raag_Marwa___Shree/Raag_Shree_f3313201-ab83-4633-b463-60b862ab1a21.pitch,Raag_Shree_f3313201-ab83-4633-b463-60b862ab1a21.pitch,.pitch,12224312
Hindustani,46997b02-f09c-4969-8138-4e1861f61967/Omkar_Dadarkar/Raag_Marwa___Shree/Raag_Shree_f3313201-ab83-4633-b463-60b862ab1a21.pitchSilIntrpPP,Raag_Shree_f3313201-ab83-4633-b463-60b862ab1a21.pitchSilIntrpPP,.pitchsilintrppp,25316450
Hindustani,46997b02-f09c-4969-8138-4e1861f61967/Omkar_Dadarkar/Raag_Marwa___Shree/Raag_Shree_f3313201-ab83-4633-b463-60b862ab1a21.flatSegNyas,Raag_Shree_f3313201-ab83-4633-b463-60b862ab1a21.flatSegNyas,.flatsegnyas,38905
Hindustani,46997b02-f09c-4969-8138-4e1861f61967/Omkar_Dadarkar/Raag_Marwa___Shree/Raag_Shree_f3313201-ab83-4633-b463-60b862ab1a21.tonic,Raag_Shree_f3313201-ab83-4633-b463-60b862ab1a21.tonic,.tonic,11
Hindustani,46997b02-f09c-4969-8138-4e1861f61967/Omkar_Dadarkar/Raag_Marwa___Shree/Raag_Shree_f3313201-ab83-4633-b463-60b862ab1a21.taniSegKNN,Raag_Shree_f3313201-ab83-4633-b463-60b862ab1a21.taniSegKNN,.tanisegknn,0
Hindustani,46997b02-f09c-4969-8138-4e1861f61967/Omkar_Dadarkar/Raag_Marwa___Shree/Raag_Shree_f3313201-ab83-4633-b463-60b862ab1a21.tonicFine,Raag_Shree_f3313201-ab83-4633-b463-60b862ab1a21.tonicFine,.tonicfine,25
Hindustani,46997b02-f09c-4969-8138-4e1861f61967/C_R_Vyas/The_Eternal_Rhapsody/Raga_Shree_-_Kahe_Dar_Paun_Main_1b3714f7-9cab-4674-8d19-c9aad8801d29.flatSegNyas,Raga_Shree_-_Kahe_Dar_Paun_Main_1b3714f7-9cab-4674-8d19-c9aad8801d29.flatSegNyas,.flatsegnyas,5899
Hindustani,46997b02-f09c-4969-8138-4e1861f61967/C_R_Vyas/The_Eternal_Rhapsody/Raga_Shree_-_Soon_Le_Ho_Araj_Mora_6502220f-ec92-4308-99d4-3922f41579aa.pitchSilIntrpPP,Raga_Shree_-_Soon_Le_Ho_Araj_Mora_6502220f-ec92-4308-99d4-3922f41579aa.pitchSilIntrpPP,.pitchsilintrppp,16268250
Hindustani,46997b02-f09c-4969-8138-4e1861f61967/C_R_Vyas/The_Eternal_Rhapsody/Raga_Shree_-_Kahe_Dar_Paun_Main_1b3714f7-9cab-4674-8d19-c9aad8801d29.pitchSilIntrpPP,Raga_Shree_-_Kahe_Dar_Paun_Main_1b3714f7-9cab-4674-8d19-c9aad8801d29.pitchSilIntrpPP,.pitchsilintrppp,3176600
Hindustani,46997b02-f09c-4969-8138-4e1861f61967/C_R_Vyas/The_Eternal_Rhapsody/Raga_Shree_-_Alap_077d538e-545a-4098-8997-76742fb26d39.tonic,Raga_Shree_-_Alap_077d538e-545a-4098-8997-76742fb26d39.tonic,.tonic,11
Hindustani,46997b02-f09c-4969-8138-4e1861f61967/C_R_Vyas/The_Eternal_Rhapsody/Raga_Shree_-_Kahe_Dar_Paun_Main_1b3714f7-9cab-4674-8d19-c9aad8801d29.pitch,Raga_Shree_-_Kahe_Dar_Paun_Main_1b3714f7-9cab-4674-8d19-c9aad8801d29.pitch,.pitch,1470822
Hindustani,46997b02-f09c-4969-8138-4e1861f61967/C_R_Vyas/The_Eternal_Rhapsody/Raga_Shree_-_Soon_Le_Ho_Araj_Mora_6502220f-ec92-4308-99d4-3922f41579aa.tonic,Raga_Shree_-_Soon_Le_Ho_Araj_Mora_6502220f-ec92-4308-99d4-3922f41579aa.tonic,.tonic,11
Hindustani,46997b02-f09c-4969-8138-4e1861f61967/C_R_Vyas/The_Eternal_Rhapsody/Raga_Shree_-_Soon_Le_Ho_Araj_Mora_6502220f-ec92-4308-99d4-3922f41579aa.taniSegKNN,Raga_Shree_-_Soon_Le_Ho_Araj_Mora_6502220f-ec92-4308-99d4-3922f41579aa.taniSegKNN,.tanisegknn,0
Hindustani,46997b02-f09c-4969-8138-4e1861f61967/C_R_Vyas/The_Eternal_Rhapsody/Raga_Shree_-_Alap_077d538e-545a-4098-8997-76742fb26d39.taniSegKNN,Raga_Shree_-_Alap_077d538e-545a-4098-8997-76742fb26d39.taniSegKNN,.tanisegknn,0
Hindustani,46997b02-f09c-4969-8138-4e1861f61967/C_R_Vyas/The_Eternal_Rhapsody/Raga_Shree_-_Soon_Le_Ho_Araj_Mora_6502220f-ec92-4308-99d4-3922f41579aa.pitch,Raga_Shree_-_Soon_Le_Ho_Araj_Mora_6502220f-ec92-4308-99d4-3922f41579aa.pitch,.pitch,7747870
Hindustani,46997b02-f09c-4969-8138-4e1861f61967/C_R_Vyas/The_Eternal_Rhapsody/Raga_Shree_-_Soon_Le_Ho_Araj_Mora_6502220f-ec92-4308-99d4-3922f41579aa.tonicFine,Raga_Shree_-_Soon_Le_Ho_Araj_Mora_6502220f-ec92-4308-99d4-3922f41579aa.tonicFine,.tonicfine,25
Hindustani,46997b02-f09c-4969-8138-4e1861f61967/C_R_Vyas/The_Eternal_Rhapsody/Raga_Shree_-_Alap_077d538e-545a-4098-8997-76742fb26d39.pitchSilIntrpPP,Raga_Shree_-_Alap_077d538e-545a-4098-8997-76742fb26d39.pitchSilIntrpPP,.pitchsilintrppp,1096850
Hindustani,46997b02-f09c-4969-8138-4e1861f61967/C_R_Vyas/The_Eternal_Rhapsody/Raga_Shree_-_Kahe_Dar_Paun_Main_1b3714f7-9cab-4674-8d19-c9aad8801d29.tonicFine,Raga_Shree_-_Kahe_Dar_Paun_Main_1b3714f7-9cab-4674-8d19-c9aad8801d29.tonicFine,.tonicfine,25
Hindustani,46997b02-f09c-4969-8138-4e1861f61967/C_R_Vyas/The_Eternal_Rhapsody/Raga_Shree_-_Soon_Le_Ho_Araj_Mora_6502220f-ec92-4308-99d4-3922f41579aa.flatSegNyas,Raga_Shree_-_Soon_Le_Ho_Araj_Mora_6502220f-ec92-4308-99d4-3922f41579aa.flatSegNyas,.flatsegnyas,27719
Hindustani,46997b02-f09c-4969-8138-4e1861f61967/C_R_Vyas/The_Eternal_Rhapsody/Raga_Shree_-_Alap_077d538e-545a-4098-8997-76742fb26d39.flatSegNyas,Raga_Shree_-_Alap_077d538e-545a-4098-8997-76742fb26d39.flatSegNyas,.flatsegnyas,1124
Hindustani,46997b02-f09c-4969-8138-4e1861f61967/C_R_Vyas/The_Eternal_Rhapsody/Raga_Shree_-_Alap_077d538e-545a-4098-8997-76742fb26d39.pitch,Raga_Shree_-_Alap_077d538e-545a-4098-8997-76742fb26d39.pitch,.pitch,493967
Hindustani,46997b02-f09c-4969-8138-4e1861f61967/C_R_Vyas/The_Eternal_Rhapsody/Raga_Shree_-_Kahe_Dar_Paun_Main_1b3714f7-9cab-4674-8d19-c9aad8801d29.taniSegKNN,Raga_Shree_-_Kahe_Dar_Paun_Main_1b3714f7-9cab-4674-8d19-c9aad8801d29.taniSegKNN,.tanisegknn,0
Hindustani,46997b02-f09c-4969-8138-4e1861f61967/C_R_Vyas/The_Eternal_Rhapsody/Raga_Shree_-_Alap_077d538e-545a-4098-8997-76742fb26d39.tonicFine,Raga_Shree_-_Alap_077d538e-545a-4098-8997-76742fb26d39.tonicFine,.tonicfine,25
Hindustani,46997b02-f09c-4969-8138-4e1861f61967/C_R_Vyas/The_Eternal_Rhapsody/Raga_Shree_-_Kahe_Dar_Paun_Main_1b3714f7-9cab-4674-8d19-c9aad8801d29.tonic,Raga_Shree_-_Kahe_Dar_Paun_Main_1b3714f7-9cab-4674-8d19-c9aad8801d29.tonic,.tonic,11
Hindustani,46997b02-f09c-4969-8138-4e1861f61967/Deborshee_Bhattacharya/Raag_Shree/Raag_Shree_b3a43a82-b3c3-49bf-bd3d-db561c1ec355.tonic,Raag_Shree_b3a43a82-b3c3-49bf-bd3d-db561c1ec355.tonic,.tonic,11
Hindustani,46997b02-f09c-4969-8138-4e1861f61967/Deborshee_Bhattacharya/Raag_Shree/Raag_Shree_b3a43a82-b3c3-49bf-bd3d-db561c1ec355.taniSegKNN,Raag_Shree_b3a43a82-b3c3-49bf-bd3d-db561c1ec355.taniSegKNN,.tanisegknn,0
Hindustani,46997b02-f09c-4969-8138-4e1861f61967/Deborshee_Bhattacharya/Raag_Shree/Raag_Shree_b3a43a82-b3c3-49bf-bd3d-db561c1ec355.tonicFine,Raag_Shree_b3a43a82-b3c3-49bf-bd3d-db561c1ec355.tonicFine,.tonicfine,25
Hindustani,46997b02-f09c-4969-8138-4e1861f61967/Deborshee_Bhattacharya/Raag_Shree/Raag_Shree_b3a43a82-b3c3-49bf-bd3d-db561c1ec355.pitch,Raag_Shree_b3a43a82-b3c3-49bf-bd3d-db561c1ec355.pitch,.pitch,17082069
Hindustani,46997b02-f09c-4969-8138-4e1861f61967/Deborshee_Bhattacharya/Raag_Shree/Raag_Shree_b3a43a82-b3c3-49bf-bd3d-db561c1ec355.pitchSilIntrpPP,Raag_Shree_b3a43a82-b3c3-49bf-bd3d-db561c1ec355.pitchSilIntrpPP,.pitchsilintrppp,35280350
Hindustani,46997b02-f09c-4969-8138-4e1861f61967/Deborshee_Bhattacharya/Raag_Shree/Raag_Shree_b3a43a82-b3c3-49bf-bd3d-db561c1ec355.flatSegNyas,Raag_Shree_b3a43a82-b3c3-49bf-bd3d-db561c1ec355.flatSegNyas,.flatsegnyas,51876
Hindustani,46997b02-f09c-4969-8138-4e1861f61967/Ajoy_Chakrabarty/Subha_Chale_Sham_Dhale/Raga_Shree_-_Khayal_6ac112dd-b04f-4ad8-9913-1a1bfc35c5ec.tonic,Raga_Shree_-_Khayal_6ac112dd-b04f-4ad8-9913-1a1bfc35c5ec.tonic,.tonic,11
Hindustani,46997b02-f09c-4969-8138-4e1861f61967/Ajoy_Chakrabarty/Subha_Chale_Sham_Dhale/Raga_Shree_-_Khayal_6ac112dd-b04f-4ad8-9913-1a1bfc35c5ec.tonicFine,Raga_Shree_-_Khayal_6ac112dd-b04f-4ad8-9913-1a1bfc35c5ec.tonicFine,.tonicfine,25
Hindustani,46997b02-f09c-4969-8138-4e1861f61967/Ajoy_Chakrabarty/Subha_Chale_Sham_Dhale/Raga_Shree_-_Khayal_6ac112dd-b04f-4ad8-9913-1a1bfc35c5ec.taniSegKNN,Raga_Shree_-_Khayal_6ac112dd-b04f-4ad8-9913-1a1bfc35c5ec.taniSegKNN,.tanisegknn,0
Hindustani,46997b02-f09c-4969-8138-4e1861f61967/Ajoy_Chakrabarty/Subha_Chale_Sham_Dhale/Raga_Shree_-_Khayal_6ac112dd-b04f-4ad8-9913-1a1bfc35c5ec.pitch,Raga_Shree_-_Khayal_6ac112dd-b04f-4ad8-9913-1a1bfc35c5ec.pitch,.pitch,15982567
Hindustani,46997b02-f09c-4969-8138-4e1861f61967/Ajoy_Chakrabarty/Subha_Chale_Sham_Dhale/Raga_Shree_-_Khayal_6ac112dd-b04f-4ad8-9913-1a1bfc35c5ec.pitchSilIntrpPP,Raga_Shree_-_Khayal_6ac112dd-b04f-4ad8-9913-1a1bfc35c5ec.pitchSilIntrpPP,.pitchsilintrppp,33196800
Hindustani,46997b02-f09c-4969-8138-4e1861f61967/Ajoy_Chakrabarty/Subha_Chale_Sham_Dhale/Raga_Shree_-_Khayal_6ac112dd-b04f-4ad8-9913-1a1bfc35c5ec.flatSegNyas,Raga_Shree_-_Khayal_6ac112dd-b04f-4ad8-9913-1a1bfc35c5ec.flatSegNyas,.flatsegnyas,50705
Hindustani,"46997b02-f09c-4969-8138-4e1861f61967/Kaustuv_Kanti_Ganguli/Raag_Shree,_Lalit_Pancham___Bhairavi_Thumri/Raag_Shree_454f0c85-a41b-48c1-afa5-b4f5dbcb7947.taniSegKNN",Raag_Shree_454f0c85-a41b-48c1-afa5-b4f5dbcb7947.taniSegKNN,.tanisegknn,0
Hindustani,"46997b02-f09c-4969-8138-4e1861f61967/Kaustuv_Kanti_Ganguli/Raag_Shree,_Lalit_Pancham___Bhairavi_Thumri/Raag_Shree_454f0c85-a41b-48c1-afa5-b4f5dbcb7947.flatSegNyas",Raag_Shree_454f0c85-a41b-48c1-afa5-b4f5dbcb7947.flatSegNyas,.flatsegnyas,68989
Hindustani,"46997b02-f09c-4969-8138-4e1861f61967/Kaustuv_Kanti_Ganguli/Raag_Shree,_Lalit_Pancham___Bhairavi_Thumri/Raag_Shree_454f0c85-a41b-48c1-afa5-b4f5dbcb7947.pitch",Raag_Shree_454f0c85-a41b-48c1-afa5-b4f5dbcb7947.pitch,.pitch,21798828
Hindustani,"46997b02-f09c-4969-8138-4e1861f61967/Kaustuv_Kanti_Ganguli/Raag_Shree,_Lalit_Pancham___Bhairavi_Thumri/Raag_Shree_454f0c85-a41b-48c1-afa5-b4f5dbcb7947.tonicFine",Raag_Shree_454f0c85-a41b-48c1-afa5-b4f5dbcb7947.tonicFine,.tonicfine,25
Hindustani,"46997b02-f09c-4969-8138-4e1861f61967/Kaustuv_Kanti_Ganguli/Raag_Shree,_Lalit_Pancham___Bhairavi_Thumri/Raag_Shree_454f0c85-a41b-48c1-afa5-b4f5dbcb7947.pitchSilIntrpPP",Raag_Shree_454f0c85-a41b-48c1-afa5-b4f5dbcb7947.pitchSilIntrpPP,.pitchsilintrppp,44659200
Hindustani,"46997b02-f09c-4969-8138-4e1861f61967/Kaustuv_Kanti_Ganguli/Raag_Shree,_Lalit_Pancham___Bhairavi_Thumri/Raag_Shree_454f0c85-a41b-48c1-afa5-b4f5dbcb7947.tonic",Raag_Shree_454f0c85-a41b-48c1-afa5-b4f5dbcb7947.tonic,.tonic,11
Hindustani,46997b02-f09c-4969-8138-4e1861f61967/Kaustuv_Kanti_Ganguli/Raag_Shree/Raag_Shree_928a430e-813e-48b0-8a23-566e74aa8dc9.pitch,Raag_Shree_928a430e-813e-48b0-8a23-566e74aa8dc9.pitch,.pitch,20811812
Hindustani,46997b02-f09c-4969-8138-4e1861f61967/Kaustuv_Kanti_Ganguli/Raag_Shree/Raag_Shree_928a430e-813e-48b0-8a23-566e74aa8dc9.taniSegKNN,Raag_Shree_928a430e-813e-48b0-8a23-566e74aa8dc9.taniSegKNN,.tanisegknn,0
Hindustani,46997b02-f09c-4969-8138-4e1861f61967/Kaustuv_Kanti_Ganguli/Raag_Shree/Raag_Shree_928a430e-813e-48b0-8a23-566e74aa8dc9.pitchSilIntrpPP,Raag_Shree_928a430e-813e-48b0-8a23-566e74aa8dc9.pitchSilIntrpPP,.pitchsilintrppp,42968800
Hindustani,46997b02-f09c-4969-8138-4e1861f61967/Kaustuv_Kanti_Ganguli/Raag_Shree/Raag_Shree_928a430e-813e-48b0-8a23-566e74aa8dc9.tonic,Raag_Shree_928a430e-813e-48b0-8a23-566e74aa8dc9.tonic,.tonic,11
Hindustani,46997b02-f09c-4969-8138-4e1861f61967/Kaustuv_Kanti_Ganguli/Raag_Shree/Raag_Shree_928a430e-813e-48b0-8a23-566e74aa8dc9.flatSegNyas,Raag_Shree_928a430e-813e-48b0-8a23-566e74aa8dc9.flatSegNyas,.flatsegnyas,57643
Hindustani,46997b02-f09c-4969-8138-4e1861f61967/Kaustuv_Kanti_Ganguli/Raag_Shree/Raag_Shree_928a430e-813e-48b0-8a23-566e74aa8dc9.tonicFine,Raag_Shree_928a430e-813e-48b0-8a23-566e74aa8dc9.tonicFine,.tonicfine,25
Hindustani,46997b02-f09c-4969-8138-4e1861f61967/Kumar_Mardur/Classical_Essence/Raga_Shree_f5999e30-d00d-4837-b9c6-5328768ae22d.taniSegKNN,Raga_Shree_f5999e30-d00d-4837-b9c6-5328768ae22d.taniSegKNN,.tanisegknn,0
Hindustani,46997b02-f09c-4969-8138-4e1861f61967/Kumar_Mardur/Classical_Essence/Raga_Shree_f5999e30-d00d-4837-b9c6-5328768ae22d.pitch,Raga_Shree_f5999e30-d00d-4837-b9c6-5328768ae22d.pitch,.pitch,8750960
Hindustani,46997b02-f09c-4969-8138-4e1861f61967/Kumar_Mardur/Classical_Essence/Raga_Shree_f5999e30-d00d-4837-b9c6-5328768ae22d.tonicFine,Raga_Shree_f5999e30-d00d-4837-b9c6-5328768ae22d.tonicFine,.tonicfine,25
Hindustani,46997b02-f09c-4969-8138-4e1861f61967/Kumar_Mardur/Classical_Essence/Raga_Shree_f5999e30-d00d-4837-b9c6-5328768ae22d.tonic,Raga_Shree_f5999e30-d00d-4837-b9c6-5328768ae22d.tonic,.tonic,11
Hindustani,46997b02-f09c-4969-8138-4e1861f61967/Kumar_Mardur/Classical_Essence/Raga_Shree_f5999e30-d00d-4837-b9c6-5328768ae22d.flatSegNyas,Raga_Shree_f5999e30-d00d-4837-b9c6-5328768ae22d.flatSegNyas,.flatsegnyas,16829
Hindustani,46997b02-f09c-4969-8138-4e1861f61967/Kumar_Mardur/Classical_Essence/Raga_Shree_f5999e30-d00d-4837-b9c6-5328768ae22d.pitchSilIntrpPP,Raga_Shree_f5999e30-d00d-4837-b9c6-5328768ae22d.pitchSilIntrpPP,.pitchsilintrppp,18515250
Hindustani,46997b02-f09c-4969-8138-4e1861f61967/Mallikarjun_Mansur/Rare_Ragas_-_Raag_Sree/Raag_Shree_113d82be-a83c-4c43-9393-6377fcd982bf.pitch,Raag_Shree_113d82be-a83c-4c43-9393-6377fcd982bf.pitch,.pitch,12779131
Hindustani,46997b02-f09c-4969-8138-4e1861f61967/Mallikarjun_Mansur/Rare_Ragas_-_Raag_Sree/Raag_Shree_113d82be-a83c-4c43-9393-6377fcd982bf.flatSegNyas,Raag_Shree_113d82be-a83c-4c43-9393-6377fcd982bf.flatSegNyas,.flatsegnyas,42056
Hindustani,46997b02-f09c-4969-8138-4e1861f61967/Mallikarjun_Mansur/Rare_Ragas_-_Raag_Sree/Raag_Shree_113d82be-a83c-4c43-9393-6377fcd982bf.pitchSilIntrpPP,Raag_Shree_113d82be-a83c-4c43-9393-6377fcd982bf.pitchSilIntrpPP,.pitchsilintrppp,26451400
Hindustani,46997b02-f09c-4969-8138-4e1861f61967/Mallikarjun_Mansur/Rare_Ragas_-_Raag_Sree/Raag_Shree_113d82be-a83c-4c43-9393-6377fcd982bf.taniSegKNN,Raag_Shree_113d82be-a83c-4c43-9393-6377fcd982bf.taniSegKNN,.tanisegknn,0
Hindustani,46997b02-f09c-4969-8138-4e1861f61967/Mallikarjun_Mansur/Rare_Ragas_-_Raag_Sree/Raag_Shree_113d82be-a83c-4c43-9393-6377fcd982bf.tonic,Raag_Shree_113d82be-a83c-4c43-9393-6377fcd982bf.tonic,.tonic,11
Hindustani,46997b02-f09c-4969-8138-4e1861f61967/Mallikarjun_Mansur/Rare_Ragas_-_Raag_Sree/Raag_Shree_113d82be-a83c-4c43-9393-6377fcd982bf.tonicFine,Raag_Shree_113d82be-a83c-4c43-9393-6377fcd982bf.tonicFine,.tonicfine,25
Hindustani,fa28470c-d413-44c7-94da-181f530cbfdd/Jayateerth_Mevundi/Jayateerth_Mevundi_Classical_Vocal/Raga_Pooriya_Dhanashree_61f14196-ba50-41c9-91f8-0f42e0d6870f.tonicFine,Raga_Pooriya_Dhanashree_61f14196-ba50-41c9-91f8-0f42e0d6870f.tonicFine,.tonicfine,25
Hindustani,fa28470c-d413-44c7-94da-181f530cbfdd/Jayateerth_Mevundi/Jayateerth_Mevundi_Classical_Vocal/Raga_Pooriya_Dhanashree_61f14196-ba50-41c9-91f8-0f42e0d6870f.tonic,Raga_Pooriya_Dhanashree_61f14196-ba50-41c9-91f8-0f42e0d6870f.tonic,.tonic,11
Hindustani,fa28470c-d413-44c7-94da-181f530cbfdd/Jayateerth_Mevundi/Jayateerth_Mevundi_Classical_Vocal/Raga_Pooriya_Dhanashree_61f14196-ba50-41c9-91f8-0f42e0d6870f.pitch,Raga_Pooriya_Dhanashree_61f14196-ba50-41c9-91f8-0f42e0d6870f.pitch,.pitch,11361334
Hindustani,fa28470c-d413-44c7-94da-181f530cbfdd/Jayateerth_Mevundi/Jayateerth_Mevundi_Classical_Vocal/Raga_Pooriya_Dhanashree_61f14196-ba50-41c9-91f8-0f42e0d6870f.taniSegKNN,Raga_Pooriya_Dhanashree_61f14196-ba50-41c9-91f8-0f42e0d6870f.taniSegKNN,.tanisegknn,0
Hindustani,fa28470c-d413-44c7-94da-181f530cbfdd/Jayateerth_Mevundi/Jayateerth_Mevundi_Classical_Vocal/Raga_Pooriya_Dhanashree_61f14196-ba50-41c9-91f8-0f42e0d6870f.flatSegNyas,Raga_Pooriya_Dhanashree_61f14196-ba50-41c9-91f8-0f42e0d6870f.flatSegNyas,.flatsegnyas,33798
Hindustani,fa28470c-d413-44c7-94da-181f530cbfdd/Jayateerth_Mevundi/Jayateerth_Mevundi_Classical_Vocal/Raga_Pooriya_Dhanashree_61f14196-ba50-41c9-91f8-0f42e0d6870f.pitchSilIntrpPP,Raga_Pooriya_Dhanashree_61f14196-ba50-41c9-91f8-0f42e0d6870f.pitchSilIntrpPP,.pitchsilintrppp,23636950
Hindustani,fa28470c-d413-44c7-94da-181f530cbfdd/Bhimsen_Joshi/Evergreen/Paar_Karo_Araj_Suno_6939b1dc-2646-41df-a741-095bfad3360f.flatSegNyas,Paar_Karo_Araj_Suno_6939b1dc-2646-41df-a741-095bfad3360f.flatSegNyas,.flatsegnyas,13359
Hindustani,fa28470c-d413-44c7-94da-181f530cbfdd/Bhimsen_Joshi/Evergreen/Paar_Karo_Araj_Suno_6939b1dc-2646-41df-a741-095bfad3360f.pitchSilIntrpPP,Paar_Karo_Araj_Suno_6939b1dc-2646-41df-a741-095bfad3360f.pitchSilIntrpPP,.pitchsilintrppp,9403850
Hindustani,fa28470c-d413-44c7-94da-181f530cbfdd/Bhimsen_Joshi/Evergreen/Paar_Karo_Araj_Suno_6939b1dc-2646-41df-a741-095bfad3360f.tonicFine,Paar_Karo_Araj_Suno_6939b1dc-2646-41df-a741-095bfad3360f.tonicFine,.tonicfine,25
Hindustani,fa28470c-d413-44c7-94da-181f530cbfdd/Bhimsen_Joshi/Evergreen/Paar_Karo_Araj_Suno_6939b1dc-2646-41df-a741-095bfad3360f.tonic,Paar_Karo_Araj_Suno_6939b1dc-2646-41df-a741-095bfad3360f.tonic,.tonic,11
Hindustani,fa28470c-d413-44c7-94da-181f530cbfdd/Bhimsen_Joshi/Evergreen/Paar_Karo_Araj_Suno_6939b1dc-2646-41df-a741-095bfad3360f.taniSegKNN,Paar_Karo_Araj_Suno_6939b1dc-2646-41df-a741-095bfad3360f.taniSegKNN,.tanisegknn,0
Hindustani,fa28470c-d413-44c7-94da-181f530cbfdd/Bhimsen_Joshi/Evergreen/Paar_Karo_Araj_Suno_6939b1dc-2646-41df-a741-095bfad3360f.pitch,Paar_Karo_Araj_Suno_6939b1dc-2646-41df-a741-095bfad3360f.pitch,.pitch,4364607
Hindustani,fa28470c-d413-44c7-94da-181f530cbfdd/Bhimsen_Joshi/Shraddhanjali/Raga_Puriya_Dhanashri_62d572bc-f693-4378-b22c-03879b78ff0a.pitch,Raga_Puriya_Dhanashri_62d572bc-f693-4378-b22c-03879b78ff0a.pitch,.pitch,4361569
Hindustani,fa28470c-d413-44c7-94da-181f530cbfdd/Bhimsen_Joshi/Shraddhanjali/Raga_Puriya_Dhanashri_62d572bc-f693-4378-b22c-03879b78ff0a.tonic,Raga_Puriya_Dhanashri_62d572bc-f693-4378-b22c-03879b78ff0a.tonic,.tonic,11
Hindustani,fa28470c-d413-44c7-94da-181f530cbfdd/Bhimsen_Joshi/Shraddhanjali/Raga_Puriya_Dhanashri_62d572bc-f693-4378-b22c-03879b78ff0a.taniSegKNN,Raga_Puriya_Dhanashri_62d572bc-f693-4378-b22c-03879b78ff0a.taniSegKNN,.tanisegknn,0
Hindustani,fa28470c-d413-44c7-94da-181f530cbfdd/Bhimsen_Joshi/Shraddhanjali/Raga_Puriya_Dhanashri_62d572bc-f693-4378-b22c-03879b78ff0a.flatSegNyas,Raga_Puriya_Dhanashri_62d572bc-f693-4378-b22c-03879b78ff0a.flatSegNyas,.flatsegnyas,13117
Hindustani,fa28470c-d413-44c7-94da-181f530cbfdd/Bhimsen_Joshi/Shraddhanjali/Raga_Puriya_Dhanashri_62d572bc-f693-4378-b22c-03879b78ff0a.pitchSilIntrpPP,Raga_Puriya_Dhanashri_62d572bc-f693-4378-b22c-03879b78ff0a.pitchSilIntrpPP,.pitchsilintrppp,9382800
Hindustani,fa28470c-d413-44c7-94da-181f530cbfdd/Bhimsen_Joshi/Shraddhanjali/Raga_Puriya_Dhanashri_62d572bc-f693-4378-b22c-03879b78ff0a.tonicFine,Raga_Puriya_Dhanashri_62d572bc-f693-4378-b22c-03879b78ff0a.tonicFine,.tonicfine,25
Hindustani,fa28470c-d413-44c7-94da-181f530cbfdd/Girija_Devi/Classical_Encounter/Mana_Ram_Naam_Ko_Sumiran_Kar_-_Khayal_Drut_In_Teental_930ae825-111c-4dd5-b8be-de609fd5202d.pitch,Mana_Ram_Naam_Ko_Sumiran_Kar_-_Khayal_Drut_In_Teental_930ae825-111c-4dd5-b8be-de609fd5202d.pitch,.pitch,3925391
Hindustani,fa28470c-d413-44c7-94da-181f530cbfdd/Girija_Devi/Classical_Encounter/Ali_Meri_Kaun_Sune_-_Khayal_Vilambhit_In_Ektal_00f54612-09f6-4528-91f1-95e5ef191c1b.pitch,Ali_Meri_Kaun_Sune_-_Khayal_Vilambhit_In_Ektal_00f54612-09f6-4528-91f1-95e5ef191c1b.pitch,.pitch,8940104
Hindustani,fa28470c-d413-44c7-94da-181f530cbfdd/Girija_Devi/Classical_Encounter/Ali_Meri_Kaun_Sune_-_Khayal_Vilambhit_In_Ektal_00f54612-09f6-4528-91f1-95e5ef191c1b.tonic,Ali_Meri_Kaun_Sune_-_Khayal_Vilambhit_In_Ektal_00f54612-09f6-4528-91f1-95e5ef191c1b.tonic,.tonic,11
Hindustani,fa28470c-d413-44c7-94da-181f530cbfdd/Girija_Devi/Classical_Encounter/Mana_Ram_Naam_Ko_Sumiran_Kar_-_Khayal_Drut_In_Teental_930ae825-111c-4dd5-b8be-de609fd5202d.tonic,Mana_Ram_Naam_Ko_Sumiran_Kar_-_Khayal_Drut_In_Teental_930ae825-111c-4dd5-b8be-de609fd5202d.tonic,.tonic,11
Hindustani,fa28470c-d413-44c7-94da-181f530cbfdd/Girija_Devi/Classical_Encounter/Mana_Ram_Naam_Ko_Sumiran_Kar_-_Khayal_Drut_In_Teental_930ae825-111c-4dd5-b8be-de609fd5202d.flatSegNyas,Mana_Ram_Naam_Ko_Sumiran_Kar_-_Khayal_Drut_In_Teental_930ae825-111c-4dd5-b8be-de609fd5202d.flatSegNyas,.flatsegnyas,13149
Hindustani,fa28470c-d413-44c7-94da-181f530cbfdd/Girija_Devi/Classical_Encounter/Ali_Meri_Kaun_Sune_-_Khayal_Vilambhit_In_Ektal_00f54612-09f6-4528-91f1-95e5ef191c1b.tonicFine,Ali_Meri_Kaun_Sune_-_Khayal_Vilambhit_In_Ektal_00f54612-09f6-4528-91f1-95e5ef191c1b.tonicFine,.tonicfine,25
Hindustani,fa28470c-d413-44c7-94da-181f530cbfdd/Girija_Devi/Classical_Encounter/Mana_Ram_Naam_Ko_Sumiran_Kar_-_Khayal_Drut_In_Teental_930ae825-111c-4dd5-b8be-de609fd5202d.taniSegKNN,Mana_Ram_Naam_Ko_Sumiran_Kar_-_Khayal_Drut_In_Teental_930ae825-111c-4dd5-b8be-de609fd5202d.taniSegKNN,.tanisegknn,0
Hindustani,fa28470c-d413-44c7-94da-181f530cbfdd/Girija_Devi/Classical_Encounter/Mana_Ram_Naam_Ko_Sumiran_Kar_-_Khayal_Drut_In_Teental_930ae825-111c-4dd5-b8be-de609fd5202d.tonicFine,Mana_Ram_Naam_Ko_Sumiran_Kar_-_Khayal_Drut_In_Teental_930ae825-111c-4dd5-b8be-de609fd5202d.tonicFine,.tonicfine,25
Hindustani,fa28470c-d413-44c7-94da-181f530cbfdd/Girija_Devi/Classical_Encounter/Mana_Ram_Naam_Ko_Sumiran_Kar_-_Khayal_Drut_In_Teental_930ae825-111c-4dd5-b8be-de609fd5202d.pitchSilIntrpPP,Mana_Ram_Naam_Ko_Sumiran_Kar_-_Khayal_Drut_In_Teental_930ae825-111c-4dd5-b8be-de609fd5202d.pitchSilIntrpPP,.pitchsilintrppp,8383250
Hindustani,fa28470c-d413-44c7-94da-181f530cbfdd/Girija_Devi/Classical_Encounter/Ali_Meri_Kaun_Sune_-_Khayal_Vilambhit_In_Ektal_00f54612-09f6-4528-91f1-95e5ef191c1b.taniSegKNN,Ali_Meri_Kaun_Sune_-_Khayal_Vilambhit_In_Ektal_00f54612-09f6-4528-91f1-95e5ef191c1b.taniSegKNN,.tanisegknn,0
Hindustani,fa28470c-d413-44c7-94da-181f530cbfdd/Girija_Devi/Classical_Encounter/Ali_Meri_Kaun_Sune_-_Khayal_Vilambhit_In_Ektal_00f54612-09f6-4528-91f1-95e5ef191c1b.pitchSilIntrpPP,Ali_Meri_Kaun_Sune_-_Khayal_Vilambhit_In_Ektal_00f54612-09f6-4528-91f1-95e5ef191c1b.pitchSilIntrpPP,.pitchsilintrppp,18771900
Hindustani,fa28470c-d413-44c7-94da-181f530cbfdd/Girija_Devi/Classical_Encounter/Ali_Meri_Kaun_Sune_-_Khayal_Vilambhit_In_Ektal_00f54612-09f6-4528-91f1-95e5ef191c1b.flatSegNyas,Ali_Meri_Kaun_Sune_-_Khayal_Vilambhit_In_Ektal_00f54612-09f6-4528-91f1-95e5ef191c1b.flatSegNyas,.flatsegnyas,28180
Hindustani,fa28470c-d413-44c7-94da-181f530cbfdd/Gopal_Mishra/Kula_Sampada/Raga_Puriya_Dhanashree_f4ca8526-f987-4ff8-a6a4-63459ea698ae.tonicFine,Raga_Puriya_Dhanashree_f4ca8526-f987-4ff8-a6a4-63459ea698ae.tonicFine,.tonicfine,25
Hindustani,fa28470c-d413-44c7-94da-181f530cbfdd/Gopal_Mishra/Kula_Sampada/Raga_Puriya_Dhanashree_f4ca8526-f987-4ff8-a6a4-63459ea698ae.tonic,Raga_Puriya_Dhanashree_f4ca8526-f987-4ff8-a6a4-63459ea698ae.tonic,.tonic,11
Hindustani,fa28470c-d413-44c7-94da-181f530cbfdd/Gopal_Mishra/Kula_Sampada/Raga_Puriya_Dhanashree_f4ca8526-f987-4ff8-a6a4-63459ea698ae.flatSegNyas,Raga_Puriya_Dhanashree_f4ca8526-f987-4ff8-a6a4-63459ea698ae.flatSegNyas,.flatsegnyas,21532
Hindustani,fa28470c-d413-44c7-94da-181f530cbfdd/Gopal_Mishra/Kula_Sampada/Raga_Puriya_Dhanashree_f4ca8526-f987-4ff8-a6a4-63459ea698ae.pitchSilIntrpPP,Raga_Puriya_Dhanashree_f4ca8526-f987-4ff8-a6a4-63459ea698ae.pitchSilIntrpPP,.pitchsilintrppp,13992550
Hindustani,fa28470c-d413-44c7-94da-181f530cbfdd/Gopal_Mishra/Kula_Sampada/Raga_Puriya_Dhanashree_f4ca8526-f987-4ff8-a6a4-63459ea698ae.pitch,Raga_Puriya_Dhanashree_f4ca8526-f987-4ff8-a6a4-63459ea698ae.pitch,.pitch,6631277
Hindustani,fa28470c-d413-44c7-94da-181f530cbfdd/Gopal_Mishra/Kula_Sampada/Raga_Puriya_Dhanashree_f4ca8526-f987-4ff8-a6a4-63459ea698ae.taniSegKNN,Raga_Puriya_Dhanashree_f4ca8526-f987-4ff8-a6a4-63459ea698ae.taniSegKNN,.tanisegknn,0
Hindustani,fa28470c-d413-44c7-94da-181f530cbfdd/Jasraj/Rajan_ke_Sirtaj/Dhundhan_Jaun_and_Shyam_Murari_Banwari_8e4f28ea-6a4c-4bae-a4df-4b9af14e1bb4.flatSegNyas,Dhundhan_Jaun_and_Shyam_Murari_Banwari_8e4f28ea-6a4c-4bae-a4df-4b9af14e1bb4.flatSegNyas,.flatsegnyas,24937
Hindustani,fa28470c-d413-44c7-94da-181f530cbfdd/Jasraj/Rajan_ke_Sirtaj/Dhundhan_Jaun_and_Shyam_Murari_Banwari_8e4f28ea-6a4c-4bae-a4df-4b9af14e1bb4.pitchSilIntrpPP,Dhundhan_Jaun_and_Shyam_Murari_Banwari_8e4f28ea-6a4c-4bae-a4df-4b9af14e1bb4.pitchSilIntrpPP,.pitchsilintrppp,18696550
Hindustani,fa28470c-d413-44c7-94da-181f530cbfdd/Jasraj/Rajan_ke_Sirtaj/Dhundhan_Jaun_and_Shyam_Murari_Banwari_8e4f28ea-6a4c-4bae-a4df-4b9af14e1bb4.taniSegKNN,Dhundhan_Jaun_and_Shyam_Murari_Banwari_8e4f28ea-6a4c-4bae-a4df-4b9af14e1bb4.taniSegKNN,.tanisegknn,0
Hindustani,fa28470c-d413-44c7-94da-181f530cbfdd/Jasraj/Rajan_ke_Sirtaj/Dhundhan_Jaun_and_Shyam_Murari_Banwari_8e4f28ea-6a4c-4bae-a4df-4b9af14e1bb4.tonic,Dhundhan_Jaun_and_Shyam_Murari_Banwari_8e4f28ea-6a4c-4bae-a4df-4b9af14e1bb4.tonic,.tonic,11
Hindustani,fa28470c-d413-44c7-94da-181f530cbfdd/Jasraj/Rajan_ke_Sirtaj/Dhundhan_Jaun_and_Shyam_Murari_Banwari_8e4f28ea-6a4c-4bae-a4df-4b9af14e1bb4.tonicFine,Dhundhan_Jaun_and_Shyam_Murari_Banwari_8e4f28ea-6a4c-4bae-a4df-4b9af14e1bb4.tonicFine,.tonicfine,25
Hindustani,fa28470c-d413-44c7-94da-181f530cbfdd/Jasraj/Rajan_ke_Sirtaj/Dhundhan_Jaun_and_Shyam_Murari_Banwari_8e4f28ea-6a4c-4bae-a4df-4b9af14e1bb4.pitch,Dhundhan_Jaun_and_Shyam_Murari_Banwari_8e4f28ea-6a4c-4bae-a4df-4b9af14e1bb4.pitch,.pitch,8865023
Hindustani,fa28470c-d413-44c7-94da-181f530cbfdd/Sanjeev_Abhyankar/Vocal_Classical/Raga_Puriya_Dhanashri_18e8ec47-13b8-48a8-9ad5-4f9fbc901c0f.pitch,Raga_Puriya_Dhanashri_18e8ec47-13b8-48a8-9ad5-4f9fbc901c0f.pitch,.pitch,9493326
Hindustani,fa28470c-d413-44c7-94da-181f530cbfdd/Sanjeev_Abhyankar/Vocal_Classical/Raga_Puriya_Dhanashri_18e8ec47-13b8-48a8-9ad5-4f9fbc901c0f.tonic,Raga_Puriya_Dhanashri_18e8ec47-13b8-48a8-9ad5-4f9fbc901c0f.tonic,.tonic,11
Hindustani,fa28470c-d413-44c7-94da-181f530cbfdd/Sanjeev_Abhyankar/Vocal_Classical/Raga_Puriya_Dhanashri_18e8ec47-13b8-48a8-9ad5-4f9fbc901c0f.tonicFine,Raga_Puriya_Dhanashri_18e8ec47-13b8-48a8-9ad5-4f9fbc901c0f.tonicFine,.tonicfine,25
Hindustani,fa28470c-d413-44c7-94da-181f530cbfdd/Sanjeev_Abhyankar/Vocal_Classical/Raga_Puriya_Dhanashri_18e8ec47-13b8-48a8-9ad5-4f9fbc901c0f.taniSegKNN,Raga_Puriya_Dhanashri_18e8ec47-13b8-48a8-9ad5-4f9fbc901c0f.taniSegKNN,.tanisegknn,0
Hindustani,fa28470c-d413-44c7-94da-181f530cbfdd/Sanjeev_Abhyankar/Vocal_Classical/Raga_Puriya_Dhanashri_18e8ec47-13b8-48a8-9ad5-4f9fbc901c0f.pitchSilIntrpPP,Raga_Puriya_Dhanashri_18e8ec47-13b8-48a8-9ad5-4f9fbc901c0f.pitchSilIntrpPP,.pitchsilintrppp,19958200
Hindustani,fa28470c-d413-44c7-94da-181f530cbfdd/Sanjeev_Abhyankar/Vocal_Classical/Raga_Puriya_Dhanashri_18e8ec47-13b8-48a8-9ad5-4f9fbc901c0f.flatSegNyas,Raga_Puriya_Dhanashri_18e8ec47-13b8-48a8-9ad5-4f9fbc901c0f.flatSegNyas,.flatsegnyas,24016
Hindustani,fa28470c-d413-44c7-94da-181f530cbfdd/Kumar_Gandharv/The_Genius_Of_Pt__Kumar_Gandharv/Raga_Puriya_Dhanashri_1caf7cef-ae50-4a96-ac5b-31519ec5f839.tonicFine,Raga_Puriya_Dhanashri_1caf7cef-ae50-4a96-ac5b-31519ec5f839.tonicFine,.tonicfine,25
Hindustani,fa28470c-d413-44c7-94da-181f530cbfdd/Kumar_Gandharv/The_Genius_Of_Pt__Kumar_Gandharv/Raga_Puriya_Dhanashri_1caf7cef-ae50-4a96-ac5b-31519ec5f839.taniSegKNN,Raga_Puriya_Dhanashri_1caf7cef-ae50-4a96-ac5b-31519ec5f839.taniSegKNN,.tanisegknn,0
Hindustani,fa28470c-d413-44c7-94da-181f530cbfdd/Kumar_Gandharv/The_Genius_Of_Pt__Kumar_Gandharv/Raga_Puriya_Dhanashri_1caf7cef-ae50-4a96-ac5b-31519ec5f839.flatSegNyas,Raga_Puriya_Dhanashri_1caf7cef-ae50-4a96-ac5b-31519ec5f839.flatSegNyas,.flatsegnyas,5161
Hindustani,fa28470c-d413-44c7-94da-181f530cbfdd/Kumar_Gandharv/The_Genius_Of_Pt__Kumar_Gandharv/Raga_Puriya_Dhanashri_1caf7cef-ae50-4a96-ac5b-31519ec5f839.pitch,Raga_Puriya_Dhanashri_1caf7cef-ae50-4a96-ac5b-31519ec5f839.pitch,.pitch,2002194
Hindustani,fa28470c-d413-44c7-94da-181f530cbfdd/Kumar_Gandharv/The_Genius_Of_Pt__Kumar_Gandharv/Raga_Puriya_Dhanashri_1caf7cef-ae50-4a96-ac5b-31519ec5f839.tonic,Raga_Puriya_Dhanashri_1caf7cef-ae50-4a96-ac5b-31519ec5f839.tonic,.tonic,11
Hindustani,fa28470c-d413-44c7-94da-181f530cbfdd/Kumar_Gandharv/The_Genius_Of_Pt__Kumar_Gandharv/Raga_Puriya_Dhanashri_1caf7cef-ae50-4a96-ac5b-31519ec5f839.pitchSilIntrpPP,Raga_Puriya_Dhanashri_1caf7cef-ae50-4a96-ac5b-31519ec5f839.pitchSilIntrpPP,.pitchsilintrppp,4316550
Hindustani,fa28470c-d413-44c7-94da-181f530cbfdd/Kumar_Gandharva/Pt__Kumar_Gandharva-Vocal/Aajara_Din_Dooba_b8ee37d2-e864-4b2e-a79e-b38f9b22c062.pitchSilIntrpPP,Aajara_Din_Dooba_b8ee37d2-e864-4b2e-a79e-b38f9b22c062.pitchSilIntrpPP,.pitchsilintrppp,4326850
Hindustani,fa28470c-d413-44c7-94da-181f530cbfdd/Kumar_Gandharva/Pt__Kumar_Gandharva-Vocal/Aajara_Din_Dooba_b8ee37d2-e864-4b2e-a79e-b38f9b22c062.flatSegNyas,Aajara_Din_Dooba_b8ee37d2-e864-4b2e-a79e-b38f9b22c062.flatSegNyas,.flatsegnyas,6026
Hindustani,fa28470c-d413-44c7-94da-181f530cbfdd/Kumar_Gandharva/Pt__Kumar_Gandharva-Vocal/Aajara_Din_Dooba_b8ee37d2-e864-4b2e-a79e-b38f9b22c062.taniSegKNN,Aajara_Din_Dooba_b8ee37d2-e864-4b2e-a79e-b38f9b22c062.taniSegKNN,.tanisegknn,0
Hindustani,fa28470c-d413-44c7-94da-181f530cbfdd/Kumar_Gandharva/Pt__Kumar_Gandharva-Vocal/Aajara_Din_Dooba_b8ee37d2-e864-4b2e-a79e-b38f9b22c062.tonicFine,Aajara_Din_Dooba_b8ee37d2-e864-4b2e-a79e-b38f9b22c062.tonicFine,.tonicfine,25
Hindustani,fa28470c-d413-44c7-94da-181f530cbfdd/Kumar_Gandharva/Pt__Kumar_Gandharva-Vocal/Aajara_Din_Dooba_b8ee37d2-e864-4b2e-a79e-b38f9b22c062.tonic,Aajara_Din_Dooba_b8ee37d2-e864-4b2e-a79e-b38f9b22c062.tonic,.tonic,11
Hindustani,fa28470c-d413-44c7-94da-181f530cbfdd/Kumar_Gandharva/Pt__Kumar_Gandharva-Vocal/Aajara_Din_Dooba_b8ee37d2-e864-4b2e-a79e-b38f9b22c062.pitch,Aajara_Din_Dooba_b8ee37d2-e864-4b2e-a79e-b38f9b22c062.pitch,.pitch,2014071
Hindustani,a99e07d5-20a0-467b-8dcd-aa5a095177fd/Rashid_Khan/Evergreen/Raga_Lalit_783aa4b0-26f3-4e18-844c-b787be6d9849.flatSegNyas,Raga_Lalit_783aa4b0-26f3-4e18-844c-b787be6d9849.flatSegNyas,.flatsegnyas,22725
Hindustani,a99e07d5-20a0-467b-8dcd-aa5a095177fd/Rashid_Khan/Evergreen/Raga_Lalit_783aa4b0-26f3-4e18-844c-b787be6d9849.tonicFine,Raga_Lalit_783aa4b0-26f3-4e18-844c-b787be6d9849.tonicFine,.tonicfine,25
Hindustani,a99e07d5-20a0-467b-8dcd-aa5a095177fd/Rashid_Khan/Evergreen/Raga_Lalit_783aa4b0-26f3-4e18-844c-b787be6d9849.tonic,Raga_Lalit_783aa4b0-26f3-4e18-844c-b787be6d9849.tonic,.tonic,11
Hindustani,a99e07d5-20a0-467b-8dcd-aa5a095177fd/Rashid_Khan/Evergreen/Raga_Lalit_783aa4b0-26f3-4e18-844c-b787be6d9849.taniSegKNN,Raga_Lalit_783aa4b0-26f3-4e18-844c-b787be6d9849.taniSegKNN,.tanisegknn,0
Hindustani,a99e07d5-20a0-467b-8dcd-aa5a095177fd/Rashid_Khan/Evergreen/Raga_Lalit_783aa4b0-26f3-4e18-844c-b787be6d9849.pitchSilIntrpPP,Raga_Lalit_783aa4b0-26f3-4e18-844c-b787be6d9849.pitchSilIntrpPP,.pitchsilintrppp,18220500
Hindustani,a99e07d5-20a0-467b-8dcd-aa5a095177fd/Rashid_Khan/Evergreen/Raga_Lalit_783aa4b0-26f3-4e18-844c-b787be6d9849.pitch,Raga_Lalit_783aa4b0-26f3-4e18-844c-b787be6d9849.pitch,.pitch,8677945
Hindustani,a99e07d5-20a0-467b-8dcd-aa5a095177fd/Dattatreya_L_Velankar/Sura_Sindhu/Raga_Lalit-Vilambit_Ektal_c0713057-d5eb-4fe3-a0ae-03a341ad707e.pitch,Raga_Lalit-Vilambit_Ektal_c0713057-d5eb-4fe3-a0ae-03a341ad707e.pitch,.pitch,10777537
Hindustani,a99e07d5-20a0-467b-8dcd-aa5a095177fd/Dattatreya_L_Velankar/Sura_Sindhu/Raga_Lalit-Vilambit_Ektal_c0713057-d5eb-4fe3-a0ae-03a341ad707e.tonic,Raga_Lalit-Vilambit_Ektal_c0713057-d5eb-4fe3-a0ae-03a341ad707e.tonic,.tonic,11
Hindustani,a99e07d5-20a0-467b-8dcd-aa5a095177fd/Dattatreya_L_Velankar/Sura_Sindhu/Raga_Lalit-Vilambit_Ektal_c0713057-d5eb-4fe3-a0ae-03a341ad707e.flatSegNyas,Raga_Lalit-Vilambit_Ektal_c0713057-d5eb-4fe3-a0ae-03a341ad707e.flatSegNyas,.flatsegnyas,27127
Hindustani,a99e07d5-20a0-467b-8dcd-aa5a095177fd/Dattatreya_L_Velankar/Sura_Sindhu/Raga_Lalit-Vilambit_Ektal_c0713057-d5eb-4fe3-a0ae-03a341ad707e.taniSegKNN,Raga_Lalit-Vilambit_Ektal_c0713057-d5eb-4fe3-a0ae-03a341ad707e.taniSegKNN,.tanisegknn,0
Hindustani,a99e07d5-20a0-467b-8dcd-aa5a095177fd/Dattatreya_L_Velankar/Sura_Sindhu/Raga_Lalit-Vilambit_Ektal_c0713057-d5eb-4fe3-a0ae-03a341ad707e.pitchSilIntrpPP,Raga_Lalit-Vilambit_Ektal_c0713057-d5eb-4fe3-a0ae-03a341ad707e.pitchSilIntrpPP,.pitchsilintrppp,22545200
Hindustani,a99e07d5-20a0-467b-8dcd-aa5a095177fd/Dattatreya_L_Velankar/Sura_Sindhu/Raga_Lalit-Vilambit_Ektal_c0713057-d5eb-4fe3-a0ae-03a341ad707e.tonicFine,Raga_Lalit-Vilambit_Ektal_c0713057-d5eb-4fe3-a0ae-03a341ad707e.tonicFine,.tonicfine,25
Hindustani,a99e07d5-20a0-467b-8dcd-aa5a095177fd/Omkar_Dadarkar/Raag_Lalit___Bibhas/Raag_Lalit_8e815f51-194f-4e14-b1e3-5a214590d895.pitch,Raag_Lalit_8e815f51-194f-4e14-b1e3-5a214590d895.pitch,.pitch,13283682
Hindustani,a99e07d5-20a0-467b-8dcd-aa5a095177fd/Omkar_Dadarkar/Raag_Lalit___Bibhas/Raag_Lalit_8e815f51-194f-4e14-b1e3-5a214590d895.tonicFine,Raag_Lalit_8e815f51-194f-4e14-b1e3-5a214590d895.tonicFine,.tonicfine,25
Hindustani,a99e07d5-20a0-467b-8dcd-aa5a095177fd/Omkar_Dadarkar/Raag_Lalit___Bibhas/Raag_Lalit_8e815f51-194f-4e14-b1e3-5a214590d895.taniSegKNN,Raag_Lalit_8e815f51-194f-4e14-b1e3-5a214590d895.taniSegKNN,.tanisegknn,0
Hindustani,a99e07d5-20a0-467b-8dcd-aa5a095177fd/Omkar_Dadarkar/Raag_Lalit___Bibhas/Raag_Lalit_8e815f51-194f-4e14-b1e3-5a214590d895.flatSegNyas,Raag_Lalit_8e815f51-194f-4e14-b1e3-5a214590d895.flatSegNyas,.flatsegnyas,38718
Hindustani,a99e07d5-20a0-467b-8dcd-aa5a095177fd/Omkar_Dadarkar/Raag_Lalit___Bibhas/Raag_Lalit_8e815f51-194f-4e14-b1e3-5a214590d895.pitchSilIntrpPP,Raag_Lalit_8e815f51-194f-4e14-b1e3-5a214590d895.pitchSilIntrpPP,.pitchsilintrppp,27510850
Hindustani,a99e07d5-20a0-467b-8dcd-aa5a095177fd/Omkar_Dadarkar/Raag_Lalit___Bibhas/Raag_Lalit_8e815f51-194f-4e14-b1e3-5a214590d895.tonic,Raag_Lalit_8e815f51-194f-4e14-b1e3-5a214590d895.tonic,.tonic,11
Hindustani,a99e07d5-20a0-467b-8dcd-aa5a095177fd/Omkarnath_Thakur/Heritage_-_Raga_Lalit/Raga_Lalit_(Chhota_Khayal_In_Teen_Taal)_Piyu_Piyu_Ratat_Papihara_e155b6c3-eb87-4522-9bf8-93bf74697fb4.tonicFine,Raga_Lalit_(Chhota_Khayal_In_Teen_Taal)_Piyu_Piyu_Ratat_Papihara_e155b6c3-eb87-4522-9bf8-93bf74697fb4.tonicFine,.tonicfine,25
Hindustani,a99e07d5-20a0-467b-8dcd-aa5a095177fd/Omkarnath_Thakur/Heritage_-_Raga_Lalit/Raga_Lalit_(Bada_Khayal_In_Vilambit_Ek_Taal)_Raien_Ka_Sapna_ead345d2-0314-4a4a-bfb6-d65510e06aba.pitchSilIntrpPP,Raga_Lalit_(Bada_Khayal_In_Vilambit_Ek_Taal)_Raien_Ka_Sapna_ead345d2-0314-4a4a-bfb6-d65510e06aba.pitchSilIntrpPP,.pitchsilintrppp,16481400
Hindustani,a99e07d5-20a0-467b-8dcd-aa5a095177fd/Omkarnath_Thakur/Heritage_-_Raga_Lalit/Raga_Lalit_(Chhota_Khayal_In_Teen_Taal)_Piyu_Piyu_Ratat_Papihara_e155b6c3-eb87-4522-9bf8-93bf74697fb4.tonic,Raga_Lalit_(Chhota_Khayal_In_Teen_Taal)_Piyu_Piyu_Ratat_Papihara_e155b6c3-eb87-4522-9bf8-93bf74697fb4.tonic,.tonic,11
Hindustani,a99e07d5-20a0-467b-8dcd-aa5a095177fd/Omkarnath_Thakur/Heritage_-_Raga_Lalit/Raga_Lalit_(Bada_Khayal_In_Vilambit_Ek_Taal)_Raien_Ka_Sapna_ead345d2-0314-4a4a-bfb6-d65510e06aba.tonicFine,Raga_Lalit_(Bada_Khayal_In_Vilambit_Ek_Taal)_Raien_Ka_Sapna_ead345d2-0314-4a4a-bfb6-d65510e06aba.tonicFine,.tonicfine,25
Hindustani,a99e07d5-20a0-467b-8dcd-aa5a095177fd/Omkarnath_Thakur/Heritage_-_Raga_Lalit/Raga_Lalit_(Chhota_Khayal_In_Teen_Taal)_Piyu_Piyu_Ratat_Papihara_e155b6c3-eb87-4522-9bf8-93bf74697fb4.flatSegNyas,Raga_Lalit_(Chhota_Khayal_In_Teen_Taal)_Piyu_Piyu_Ratat_Papihara_e155b6c3-eb87-4522-9bf8-93bf74697fb4.flatSegNyas,.flatsegnyas,16888
Hindustani,a99e07d5-20a0-467b-8dcd-aa5a095177fd/Omkarnath_Thakur/Heritage_-_Raga_Lalit/Raga_Lalit_(Bada_Khayal_In_Vilambit_Ek_Taal)_Raien_Ka_Sapna_ead345d2-0314-4a4a-bfb6-d65510e06aba.pitch,Raga_Lalit_(Bada_Khayal_In_Vilambit_Ek_Taal)_Raien_Ka_Sapna_ead345d2-0314-4a4a-bfb6-d65510e06aba.pitch,.pitch,7828560
Hindustani,a99e07d5-20a0-467b-8dcd-aa5a095177fd/Omkarnath_Thakur/Heritage_-_Raga_Lalit/Raga_Lalit_(Chhota_Khayal_In_Teen_Taal)_Piyu_Piyu_Ratat_Papihara_e155b6c3-eb87-4522-9bf8-93bf74697fb4.taniSegKNN,Raga_Lalit_(Chhota_Khayal_In_Teen_Taal)_Piyu_Piyu_Ratat_Papihara_e155b6c3-eb87-4522-9bf8-93bf74697fb4.taniSegKNN,.tanisegknn,0
Hindustani,a99e07d5-20a0-467b-8dcd-aa5a095177fd/Omkarnath_Thakur/Heritage_-_Raga_Lalit/Raga_Lalit_(Chhota_Khayal_In_Teen_Taal)_Piyu_Piyu_Ratat_Papihara_e155b6c3-eb87-4522-9bf8-93bf74697fb4.pitch,Raga_Lalit_(Chhota_Khayal_In_Teen_Taal)_Piyu_Piyu_Ratat_Papihara_e155b6c3-eb87-4522-9bf8-93bf74697fb4.pitch,.pitch,8936807
Hindustani,a99e07d5-20a0-467b-8dcd-aa5a095177fd/Omkarnath_Thakur/Heritage_-_Raga_Lalit/Raga_Lalit_(Bada_Khayal_In_Vilambit_Ek_Taal)_Raien_Ka_Sapna_ead345d2-0314-4a4a-bfb6-d65510e06aba.taniSegKNN,Raga_Lalit_(Bada_Khayal_In_Vilambit_Ek_Taal)_Raien_Ka_Sapna_ead345d2-0314-4a4a-bfb6-d65510e06aba.taniSegKNN,.tanisegknn,0
Hindustani,a99e07d5-20a0-467b-8dcd-aa5a095177fd/Omkarnath_Thakur/Heritage_-_Raga_Lalit/Raga_Lalit_(Chhota_Khayal_In_Teen_Taal)_Piyu_Piyu_Ratat_Papihara_e155b6c3-eb87-4522-9bf8-93bf74697fb4.pitchSilIntrpPP,Raga_Lalit_(Chhota_Khayal_In_Teen_Taal)_Piyu_Piyu_Ratat_Papihara_e155b6c3-eb87-4522-9bf8-93bf74697fb4.pitchSilIntrpPP,.pitchsilintrppp,18644250
Hindustani,a99e07d5-20a0-467b-8dcd-aa5a095177fd/Omkarnath_Thakur/Heritage_-_Raga_Lalit/Raga_Lalit_(Bada_Khayal_In_Vilambit_Ek_Taal)_Raien_Ka_Sapna_ead345d2-0314-4a4a-bfb6-d65510e06aba.tonic,Raga_Lalit_(Bada_Khayal_In_Vilambit_Ek_Taal)_Raien_Ka_Sapna_ead345d2-0314-4a4a-bfb6-d65510e06aba.tonic,.tonic,11
Hindustani,a99e07d5-20a0-467b-8dcd-aa5a095177fd/Omkarnath_Thakur/Heritage_-_Raga_Lalit/Raga_Lalit_(Bada_Khayal_In_Vilambit_Ek_Taal)_Raien_Ka_Sapna_ead345d2-0314-4a4a-bfb6-d65510e06aba.flatSegNyas,Raga_Lalit_(Bada_Khayal_In_Vilambit_Ek_Taal)_Raien_Ka_Sapna_ead345d2-0314-4a4a-bfb6-d65510e06aba.flatSegNyas,.flatsegnyas,20442
Hindustani,a99e07d5-20a0-467b-8dcd-aa5a095177fd/Kishori_Amonkar/Jaipur_Gharana/Raga_Lalit_-_Khayal_Drut_In_Teentaal_-_Piyu_Piyu_Ratata_Papihara_c2d1a926-dbe0-4f94-b739-c30796ba8346.tonicFine,Raga_Lalit_-_Khayal_Drut_In_Teentaal_-_Piyu_Piyu_Ratata_Papihara_c2d1a926-dbe0-4f94-b739-c30796ba8346.tonicFine,.tonicfine,25
Hindustani,a99e07d5-20a0-467b-8dcd-aa5a095177fd/Kishori_Amonkar/Jaipur_Gharana/Raga_Lalit_-_Khayal_Vilambit_In_Teentaal_-_Sau_Sau_Baar_Balma_679827a7-41bf-4af7-bba6-50c036264941.tonic,Raga_Lalit_-_Khayal_Vilambit_In_Teentaal_-_Sau_Sau_Baar_Balma_679827a7-41bf-4af7-bba6-50c036264941.tonic,.tonic,4
Hindustani,a99e07d5-20a0-467b-8dcd-aa5a095177fd/Kishori_Amonkar/Jaipur_Gharana/Raga_Lalit_-_Khayal_Drut_In_Teentaal_-_Piyu_Piyu_Ratata_Papihara_c2d1a926-dbe0-4f94-b739-c30796ba8346.flatSegNyas,Raga_Lalit_-_Khayal_Drut_In_Teentaal_-_Piyu_Piyu_Ratata_Papihara_c2d1a926-dbe0-4f94-b739-c30796ba8346.flatSegNyas,.flatsegnyas,9461
Hindustani,a99e07d5-20a0-467b-8dcd-aa5a095177fd/Kishori_Amonkar/Jaipur_Gharana/Raga_Lalit_-_Khayal_Vilambit_In_Teentaal_-_Sau_Sau_Baar_Balma_679827a7-41bf-4af7-bba6-50c036264941.flatSegNyas,Raga_Lalit_-_Khayal_Vilambit_In_Teentaal_-_Sau_Sau_Baar_Balma_679827a7-41bf-4af7-bba6-50c036264941.flatSegNyas,.flatsegnyas,28259
Hindustani,a99e07d5-20a0-467b-8dcd-aa5a095177fd/Kishori_Amonkar/Jaipur_Gharana/Raga_Lalit_-_Khayal_Vilambit_In_Teentaal_-_Sau_Sau_Baar_Balma_679827a7-41bf-4af7-bba6-50c036264941.pitch,Raga_Lalit_-_Khayal_Vilambit_In_Teentaal_-_Sau_Sau_Baar_Balma_679827a7-41bf-4af7-bba6-50c036264941.pitch,.pitch,10066693
Hindustani,a99e07d5-20a0-467b-8dcd-aa5a095177fd/Kishori_Amonkar/Jaipur_Gharana/Raga_Lalit_-_Khayal_Drut_In_Teentaal_-_Piyu_Piyu_Ratata_Papihara_c2d1a926-dbe0-4f94-b739-c30796ba8346.tonic,Raga_Lalit_-_Khayal_Drut_In_Teentaal_-_Piyu_Piyu_Ratata_Papihara_c2d1a926-dbe0-4f94-b739-c30796ba8346.tonic,.tonic,9
Hindustani,a99e07d5-20a0-467b-8dcd-aa5a095177fd/Kishori_Amonkar/Jaipur_Gharana/Raga_Lalit_-_Khayal_Vilambit_In_Teentaal_-_Sau_Sau_Baar_Balma_679827a7-41bf-4af7-bba6-50c036264941.taniSegKNN,Raga_Lalit_-_Khayal_Vilambit_In_Teentaal_-_Sau_Sau_Baar_Balma_679827a7-41bf-4af7-bba6-50c036264941.taniSegKNN,.tanisegknn,0
Hindustani,a99e07d5-20a0-467b-8dcd-aa5a095177fd/Kishori_Amonkar/Jaipur_Gharana/Raga_Lalit_-_Khayal_Drut_In_Teentaal_-_Piyu_Piyu_Ratata_Papihara_c2d1a926-dbe0-4f94-b739-c30796ba8346.pitchSilIntrpPP,Raga_Lalit_-_Khayal_Drut_In_Teentaal_-_Piyu_Piyu_Ratata_Papihara_c2d1a926-dbe0-4f94-b739-c30796ba8346.pitchSilIntrpPP,.pitchsilintrppp,7715850
Hindustani,a99e07d5-20a0-467b-8dcd-aa5a095177fd/Kishori_Amonkar/Jaipur_Gharana/Raga_Lalit_-_Khayal_Drut_In_Teentaal_-_Piyu_Piyu_Ratata_Papihara_c2d1a926-dbe0-4f94-b739-c30796ba8346.pitch,Raga_Lalit_-_Khayal_Drut_In_Teentaal_-_Piyu_Piyu_Ratata_Papihara_c2d1a926-dbe0-4f94-b739-c30796ba8346.pitch,.pitch,3590268
Hindustani,a99e07d5-20a0-467b-8dcd-aa5a095177fd/Kishori_Amonkar/Jaipur_Gharana/Raga_Lalit_-_Khayal_Vilambit_In_Teentaal_-_Sau_Sau_Baar_Balma_679827a7-41bf-4af7-bba6-50c036264941.pitchSilIntrpPP,Raga_Lalit_-_Khayal_Vilambit_In_Teentaal_-_Sau_Sau_Baar_Balma_679827a7-41bf-4af7-bba6-50c036264941.pitchSilIntrpPP,.pitchsilintrppp,21082250
Hindustani,a99e07d5-20a0-467b-8dcd-aa5a095177fd/Kishori_Amonkar/Jaipur_Gharana/Raga_Lalit_-_Khayal_Drut_In_Teentaal_-_Piyu_Piyu_Ratata_Papihara_c2d1a926-dbe0-4f94-b739-c30796ba8346.taniSegKNN,Raga_Lalit_-_Khayal_Drut_In_Teentaal_-_Piyu_Piyu_Ratata_Papihara_c2d1a926-dbe0-4f94-b739-c30796ba8346.taniSegKNN,.tanisegknn,0
Hindustani,a99e07d5-20a0-467b-8dcd-aa5a095177fd/Kishori_Amonkar/Jaipur_Gharana/Raga_Lalit_-_Khayal_Vilambit_In_Teentaal_-_Sau_Sau_Baar_Balma_679827a7-41bf-4af7-bba6-50c036264941.tonicFine,Raga_Lalit_-_Khayal_Vilambit_In_Teentaal_-_Sau_Sau_Baar_Balma_679827a7-41bf-4af7-bba6-50c036264941.tonicFine,.tonicfine,25
Hindustani,a99e07d5-20a0-467b-8dcd-aa5a095177fd/Rajan_Mishra/Sangeet_Sartaj/Raga_Lalit_d44c1914-b3ee-4948-af86-d07fde13c1b4.pitchSilIntrpPP,Raga_Lalit_d44c1914-b3ee-4948-af86-d07fde13c1b4.pitchSilIntrpPP,.pitchsilintrppp,21823150
Hindustani,a99e07d5-20a0-467b-8dcd-aa5a095177fd/Rajan_Mishra/Sangeet_Sartaj/Raga_Lalit_d44c1914-b3ee-4948-af86-d07fde13c1b4.tonic,Raga_Lalit_d44c1914-b3ee-4948-af86-d07fde13c1b4.tonic,.tonic,11
Hindustani,a99e07d5-20a0-467b-8dcd-aa5a095177fd/Rajan_Mishra/Sangeet_Sartaj/Raga_Lalit_d44c1914-b3ee-4948-af86-d07fde13c1b4.tonicFine,Raga_Lalit_d44c1914-b3ee-4948-af86-d07fde13c1b4.tonicFine,.tonicfine,25
Hindustani,a99e07d5-20a0-467b-8dcd-aa5a095177fd/Rajan_Mishra/Sangeet_Sartaj/Raga_Lalit_d44c1914-b3ee-4948-af86-d07fde13c1b4.pitch,Raga_Lalit_d44c1914-b3ee-4948-af86-d07fde13c1b4.pitch,.pitch,10467767
Hindustani,a99e07d5-20a0-467b-8dcd-aa5a095177fd/Rajan_Mishra/Sangeet_Sartaj/Raga_Lalit_d44c1914-b3ee-4948-af86-d07fde13c1b4.taniSegKNN,Raga_Lalit_d44c1914-b3ee-4948-af86-d07fde13c1b4.taniSegKNN,.tanisegknn,0
Hindustani,a99e07d5-20a0-467b-8dcd-aa5a095177fd/Rajan_Mishra/Sangeet_Sartaj/Raga_Lalit_d44c1914-b3ee-4948-af86-d07fde13c1b4.flatSegNyas,Raga_Lalit_d44c1914-b3ee-4948-af86-d07fde13c1b4.flatSegNyas,.flatsegnyas,20077
Hindustani,a99e07d5-20a0-467b-8dcd-aa5a095177fd/Ajoy_Chakrabarty/Subha_Chale_Sham_Dhale/Raga_Lalit_-_Khayal_9af146bf-4fdf-41bb-a665-eacc15741d32.tonic,Raga_Lalit_-_Khayal_9af146bf-4fdf-41bb-a665-eacc15741d32.tonic,.tonic,11
Hindustani,a99e07d5-20a0-467b-8dcd-aa5a095177fd/Ajoy_Chakrabarty/Subha_Chale_Sham_Dhale/Raga_Lalit_-_Khayal_9af146bf-4fdf-41bb-a665-eacc15741d32.taniSegKNN,Raga_Lalit_-_Khayal_9af146bf-4fdf-41bb-a665-eacc15741d32.taniSegKNN,.tanisegknn,0
Hindustani,a99e07d5-20a0-467b-8dcd-aa5a095177fd/Ajoy_Chakrabarty/Subha_Chale_Sham_Dhale/Raga_Lalit_-_Khayal_9af146bf-4fdf-41bb-a665-eacc15741d32.tonicFine,Raga_Lalit_-_Khayal_9af146bf-4fdf-41bb-a665-eacc15741d32.tonicFine,.tonicfine,25
Hindustani,a99e07d5-20a0-467b-8dcd-aa5a095177fd/Ajoy_Chakrabarty/Subha_Chale_Sham_Dhale/Raga_Lalit_-_Khayal_9af146bf-4fdf-41bb-a665-eacc15741d32.pitchSilIntrpPP,Raga_Lalit_-_Khayal_9af146bf-4fdf-41bb-a665-eacc15741d32.pitchSilIntrpPP,.pitchsilintrppp,40691550
Hindustani,a99e07d5-20a0-467b-8dcd-aa5a095177fd/Ajoy_Chakrabarty/Subha_Chale_Sham_Dhale/Raga_Lalit_-_Khayal_9af146bf-4fdf-41bb-a665-eacc15741d32.pitch,Raga_Lalit_-_Khayal_9af146bf-4fdf-41bb-a665-eacc15741d32.pitch,.pitch,19587463
Hindustani,a99e07d5-20a0-467b-8dcd-aa5a095177fd/Ajoy_Chakrabarty/Subha_Chale_Sham_Dhale/Raga_Lalit_-_Khayal_9af146bf-4fdf-41bb-a665-eacc15741d32.flatSegNyas,Raga_Lalit_-_Khayal_9af146bf-4fdf-41bb-a665-eacc15741d32.flatSegNyas,.flatsegnyas,53259
Hindustani,a99e07d5-20a0-467b-8dcd-aa5a095177fd/Sanjeev_Abhyankar/Soaring_Heights/Raga_Lalat_c0333b05-4593-4618-b00c-9c363c0e4b09.tonic,Raga_Lalat_c0333b05-4593-4618-b00c-9c363c0e4b09.tonic,.tonic,11
Hindustani,a99e07d5-20a0-467b-8dcd-aa5a095177fd/Sanjeev_Abhyankar/Soaring_Heights/Raga_Lalat_c0333b05-4593-4618-b00c-9c363c0e4b09.taniSegKNN,Raga_Lalat_c0333b05-4593-4618-b00c-9c363c0e4b09.taniSegKNN,.tanisegknn,0
Hindustani,a99e07d5-20a0-467b-8dcd-aa5a095177fd/Sanjeev_Abhyankar/Soaring_Heights/Raga_Lalat_c0333b05-4593-4618-b00c-9c363c0e4b09.pitchSilIntrpPP,Raga_Lalat_c0333b05-4593-4618-b00c-9c363c0e4b09.pitchSilIntrpPP,.pitchsilintrppp,19620800
Hindustani,a99e07d5-20a0-467b-8dcd-aa5a095177fd/Sanjeev_Abhyankar/Soaring_Heights/Raga_Lalat_c0333b05-4593-4618-b00c-9c363c0e4b09.flatSegNyas,Raga_Lalat_c0333b05-4593-4618-b00c-9c363c0e4b09.flatSegNyas,.flatsegnyas,25948
Hindustani,a99e07d5-20a0-467b-8dcd-aa5a095177fd/Sanjeev_Abhyankar/Soaring_Heights/Raga_Lalat_c0333b05-4593-4618-b00c-9c363c0e4b09.pitch,Raga_Lalat_c0333b05-4593-4618-b00c-9c363c0e4b09.pitch,.pitch,9349776
Hindustani,a99e07d5-20a0-467b-8dcd-aa5a095177fd/Sanjeev_Abhyankar/Soaring_Heights/Raga_Lalat_c0333b05-4593-4618-b00c-9c363c0e4b09.tonicFine,Raga_Lalat_c0333b05-4593-4618-b00c-9c363c0e4b09.tonicFine,.tonicfine,25
Hindustani,64e5fb9e-5569-4e80-8e6c-f543af9469c7/Bade_Ghulam_Ali_Khan/Hindustani_Vocal/Raga_Malkauns_3fc7b071-68c7-4a5a-bed5-7da6301931f4.tonic,Raga_Malkauns_3fc7b071-68c7-4a5a-bed5-7da6301931f4.tonic,.tonic,5
Hindustani,64e5fb9e-5569-4e80-8e6c-f543af9469c7/Bade_Ghulam_Ali_Khan/Hindustani_Vocal/Raga_Malkauns_3fc7b071-68c7-4a5a-bed5-7da6301931f4.pitch,Raga_Malkauns_3fc7b071-68c7-4a5a-bed5-7da6301931f4.pitch,.pitch,8441725
Hindustani,64e5fb9e-5569-4e80-8e6c-f543af9469c7/Bade_Ghulam_Ali_Khan/Hindustani_Vocal/Raga_Malkauns_3fc7b071-68c7-4a5a-bed5-7da6301931f4.pitchSilIntrpPP,Raga_Malkauns_3fc7b071-68c7-4a5a-bed5-7da6301931f4.pitchSilIntrpPP,.pitchsilintrppp,17772900
Hindustani,64e5fb9e-5569-4e80-8e6c-f543af9469c7/Bade_Ghulam_Ali_Khan/Hindustani_Vocal/Raga_Malkauns_3fc7b071-68c7-4a5a-bed5-7da6301931f4.flatSegNyas,Raga_Malkauns_3fc7b071-68c7-4a5a-bed5-7da6301931f4.flatSegNyas,.flatsegnyas,29011
Hindustani,64e5fb9e-5569-4e80-8e6c-f543af9469c7/Bade_Ghulam_Ali_Khan/Hindustani_Vocal/Raga_Malkauns_3fc7b071-68c7-4a5a-bed5-7da6301931f4.tonicFine,Raga_Malkauns_3fc7b071-68c7-4a5a-bed5-7da6301931f4.tonicFine,.tonicfine,25
Hindustani,64e5fb9e-5569-4e80-8e6c-f543af9469c7/Bade_Ghulam_Ali_Khan/Hindustani_Vocal/Raga_Malkauns_3fc7b071-68c7-4a5a-bed5-7da6301931f4.taniSegKNN,Raga_Malkauns_3fc7b071-68c7-4a5a-bed5-7da6301931f4.taniSegKNN,.tanisegknn,0
Hindustani,64e5fb9e-5569-4e80-8e6c-f543af9469c7/Rashid_Khan/The_Genius_Of_Ustad_Rashid_Khan/Raga_-_Malkauns_f5d3cea0-50ad-461f-9aa2-20f2434ae1e8.tonic,Raga_-_Malkauns_f5d3cea0-50ad-461f-9aa2-20f2434ae1e8.tonic,.tonic,11
Hindustani,64e5fb9e-5569-4e80-8e6c-f543af9469c7/Rashid_Khan/The_Genius_Of_Ustad_Rashid_Khan/Raga_-_Malkauns_f5d3cea0-50ad-461f-9aa2-20f2434ae1e8.taniSegKNN,Raga_-_Malkauns_f5d3cea0-50ad-461f-9aa2-20f2434ae1e8.taniSegKNN,.tanisegknn,0
Hindustani,64e5fb9e-5569-4e80-8e6c-f543af9469c7/Rashid_Khan/The_Genius_Of_Ustad_Rashid_Khan/Raga_-_Malkauns_f5d3cea0-50ad-461f-9aa2-20f2434ae1e8.pitch,Raga_-_Malkauns_f5d3cea0-50ad-461f-9aa2-20f2434ae1e8.pitch,.pitch,8982022
Hindustani,64e5fb9e-5569-4e80-8e6c-f543af9469c7/Rashid_Khan/The_Genius_Of_Ustad_Rashid_Khan/Raga_-_Malkauns_f5d3cea0-50ad-461f-9aa2-20f2434ae1e8.tonicFine,Raga_-_Malkauns_f5d3cea0-50ad-461f-9aa2-20f2434ae1e8.tonicFine,.tonicfine,25
Hindustani,64e5fb9e-5569-4e80-8e6c-f543af9469c7/Rashid_Khan/The_Genius_Of_Ustad_Rashid_Khan/Raga_-_Malkauns_f5d3cea0-50ad-461f-9aa2-20f2434ae1e8.flatSegNyas,Raga_-_Malkauns_f5d3cea0-50ad-461f-9aa2-20f2434ae1e8.flatSegNyas,.flatsegnyas,25428
Hindustani,64e5fb9e-5569-4e80-8e6c-f543af9469c7/Rashid_Khan/The_Genius_Of_Ustad_Rashid_Khan/Raga_-_Malkauns_f5d3cea0-50ad-461f-9aa2-20f2434ae1e8.pitchSilIntrpPP,Raga_-_Malkauns_f5d3cea0-50ad-461f-9aa2-20f2434ae1e8.pitchSilIntrpPP,.pitchsilintrppp,18958700
Hindustani,64e5fb9e-5569-4e80-8e6c-f543af9469c7/Gopal_Mishra/Kula_Sampada/Raga_Malkauns_64587462-6f9f-4439-8b48-6375a4fb1f6a.tonic,Raga_Malkauns_64587462-6f9f-4439-8b48-6375a4fb1f6a.tonic,.tonic,11
Hindustani,64e5fb9e-5569-4e80-8e6c-f543af9469c7/Gopal_Mishra/Kula_Sampada/Raga_Malkauns_64587462-6f9f-4439-8b48-6375a4fb1f6a.pitchSilIntrpPP,Raga_Malkauns_64587462-6f9f-4439-8b48-6375a4fb1f6a.pitchSilIntrpPP,.pitchsilintrppp,41434450
Hindustani,64e5fb9e-5569-4e80-8e6c-f543af9469c7/Gopal_Mishra/Kula_Sampada/Raga_Malkauns_64587462-6f9f-4439-8b48-6375a4fb1f6a.flatSegNyas,Raga_Malkauns_64587462-6f9f-4439-8b48-6375a4fb1f6a.flatSegNyas,.flatsegnyas,54532
Hindustani,64e5fb9e-5569-4e80-8e6c-f543af9469c7/Gopal_Mishra/Kula_Sampada/Raga_Malkauns_64587462-6f9f-4439-8b48-6375a4fb1f6a.taniSegKNN,Raga_Malkauns_64587462-6f9f-4439-8b48-6375a4fb1f6a.taniSegKNN,.tanisegknn,0
Hindustani,64e5fb9e-5569-4e80-8e6c-f543af9469c7/Gopal_Mishra/Kula_Sampada/Raga_Malkauns_64587462-6f9f-4439-8b48-6375a4fb1f6a.pitch,Raga_Malkauns_64587462-6f9f-4439-8b48-6375a4fb1f6a.pitch,.pitch,19983041
Hindustani,64e5fb9e-5569-4e80-8e6c-f543af9469c7/Gopal_Mishra/Kula_Sampada/Raga_Malkauns_64587462-6f9f-4439-8b48-6375a4fb1f6a.tonicFine,Raga_Malkauns_64587462-6f9f-4439-8b48-6375a4fb1f6a.tonicFine,.tonicfine,25
Hindustani,64e5fb9e-5569-4e80-8e6c-f543af9469c7/Ulhas_Kashalkar/Masterpieces/Malkauns_Bada_Khyal_2d207bf5-90cf-4d74-8703-b3b0d52a531f.pitchSilIntrpPP,Malkauns_Bada_Khyal_2d207bf5-90cf-4d74-8703-b3b0d52a531f.pitchSilIntrpPP,.pitchsilintrppp,28349950
Hindustani,64e5fb9e-5569-4e80-8e6c-f543af9469c7/Ulhas_Kashalkar/Masterpieces/Malkauns_Bada_Khyal_2d207bf5-90cf-4d74-8703-b3b0d52a531f.taniSegKNN,Malkauns_Bada_Khyal_2d207bf5-90cf-4d74-8703-b3b0d52a531f.taniSegKNN,.tanisegknn,0
Hindustani,64e5fb9e-5569-4e80-8e6c-f543af9469c7/Ulhas_Kashalkar/Masterpieces/Malkauns_Bada_Khyal_2d207bf5-90cf-4d74-8703-b3b0d52a531f.flatSegNyas,Malkauns_Bada_Khyal_2d207bf5-90cf-4d74-8703-b3b0d52a531f.flatSegNyas,.flatsegnyas,30392
Hindustani,64e5fb9e-5569-4e80-8e6c-f543af9469c7/Ulhas_Kashalkar/Masterpieces/Malkauns_Bada_Khyal_2d207bf5-90cf-4d74-8703-b3b0d52a531f.tonicFine,Malkauns_Bada_Khyal_2d207bf5-90cf-4d74-8703-b3b0d52a531f.tonicFine,.tonicfine,25
Hindustani,64e5fb9e-5569-4e80-8e6c-f543af9469c7/Ulhas_Kashalkar/Masterpieces/Malkauns_Bada_Khyal_2d207bf5-90cf-4d74-8703-b3b0d52a531f.pitch,Malkauns_Bada_Khyal_2d207bf5-90cf-4d74-8703-b3b0d52a531f.pitch,.pitch,13501619
Hindustani,64e5fb9e-5569-4e80-8e6c-f543af9469c7/Ulhas_Kashalkar/Masterpieces/Malkauns_Bada_Khyal_2d207bf5-90cf-4d74-8703-b3b0d52a531f.tonic,Malkauns_Bada_Khyal_2d207bf5-90cf-4d74-8703-b3b0d52a531f.tonic,.tonic,11
Hindustani,64e5fb9e-5569-4e80-8e6c-f543af9469c7/Ajoy_Chakrabarty/Ajoy_Chakrabarty-Vocal/Malkauns-Bandish_in_Vilambit_Ektal_4a507000-6c5a-4c8b-8922-1bfc29cba805.taniSegKNN,Malkauns-Bandish_in_Vilambit_Ektal_4a507000-6c5a-4c8b-8922-1bfc29cba805.taniSegKNN,.tanisegknn,0
Hindustani,64e5fb9e-5569-4e80-8e6c-f543af9469c7/Ajoy_Chakrabarty/Ajoy_Chakrabarty-Vocal/Malkauns-Bandish_in_Vilambit_Ektal_4a507000-6c5a-4c8b-8922-1bfc29cba805.pitchSilIntrpPP,Malkauns-Bandish_in_Vilambit_Ektal_4a507000-6c5a-4c8b-8922-1bfc29cba805.pitchSilIntrpPP,.pitchsilintrppp,23473250
Hindustani,64e5fb9e-5569-4e80-8e6c-f543af9469c7/Ajoy_Chakrabarty/Ajoy_Chakrabarty-Vocal/Malkauns-Bandish_in_Vilambit_Ektal_4a507000-6c5a-4c8b-8922-1bfc29cba805.tonicFine,Malkauns-Bandish_in_Vilambit_Ektal_4a507000-6c5a-4c8b-8922-1bfc29cba805.tonicFine,.tonicfine,25
Hindustani,64e5fb9e-5569-4e80-8e6c-f543af9469c7/Ajoy_Chakrabarty/Ajoy_Chakrabarty-Vocal/Malkauns-Bandish_in_Vilambit_Ektal_4a507000-6c5a-4c8b-8922-1bfc29cba805.pitch,Malkauns-Bandish_in_Vilambit_Ektal_4a507000-6c5a-4c8b-8922-1bfc29cba805.pitch,.pitch,11121384
Hindustani,64e5fb9e-5569-4e80-8e6c-f543af9469c7/Ajoy_Chakrabarty/Ajoy_Chakrabarty-Vocal/Malkauns-Bandish_in_Vilambit_Ektal_4a507000-6c5a-4c8b-8922-1bfc29cba805.tonic,Malkauns-Bandish_in_Vilambit_Ektal_4a507000-6c5a-4c8b-8922-1bfc29cba805.tonic,.tonic,11
Hindustani,64e5fb9e-5569-4e80-8e6c-f543af9469c7/Ajoy_Chakrabarty/Ajoy_Chakrabarty-Vocal/Malkauns-Bandish_in_Vilambit_Ektal_4a507000-6c5a-4c8b-8922-1bfc29cba805.flatSegNyas,Malkauns-Bandish_in_Vilambit_Ektal_4a507000-6c5a-4c8b-8922-1bfc29cba805.flatSegNyas,.flatsegnyas,21543
Hindustani,64e5fb9e-5569-4e80-8e6c-f543af9469c7/Rattan_Mohan_Sharma/Raga_Reflections/Eri_Sakhi_Mai_Kase_Kahu_Manki_Batiya_and_Maai_Garaj_Badarva_Doleri_99f1a318-f246-40cb-86b9-3639344be94d.taniSegKNN,Eri_Sakhi_Mai_Kase_Kahu_Manki_Batiya_and_Maai_Garaj_Badarva_Doleri_99f1a318-f246-40cb-86b9-3639344be94d.taniSegKNN,.tanisegknn,0
Hindustani,64e5fb9e-5569-4e80-8e6c-f543af9469c7/Rattan_Mohan_Sharma/Raga_Reflections/Eri_Sakhi_Mai_Kase_Kahu_Manki_Batiya_and_Maai_Garaj_Badarva_Doleri_99f1a318-f246-40cb-86b9-3639344be94d.flatSegNyas,Eri_Sakhi_Mai_Kase_Kahu_Manki_Batiya_and_Maai_Garaj_Badarva_Doleri_99f1a318-f246-40cb-86b9-3639344be94d.flatSegNyas,.flatsegnyas,25903
Hindustani,64e5fb9e-5569-4e80-8e6c-f543af9469c7/Rattan_Mohan_Sharma/Raga_Reflections/Eri_Sakhi_Mai_Kase_Kahu_Manki_Batiya_and_Maai_Garaj_Badarva_Doleri_99f1a318-f246-40cb-86b9-3639344be94d.pitch,Eri_Sakhi_Mai_Kase_Kahu_Manki_Batiya_and_Maai_Garaj_Badarva_Doleri_99f1a318-f246-40cb-86b9-3639344be94d.pitch,.pitch,10532130
Hindustani,64e5fb9e-5569-4e80-8e6c-f543af9469c7/Rattan_Mohan_Sharma/Raga_Reflections/Eri_Sakhi_Mai_Kase_Kahu_Manki_Batiya_and_Maai_Garaj_Badarva_Doleri_99f1a318-f246-40cb-86b9-3639344be94d.tonic,Eri_Sakhi_Mai_Kase_Kahu_Manki_Batiya_and_Maai_Garaj_Badarva_Doleri_99f1a318-f246-40cb-86b9-3639344be94d.tonic,.tonic,11
Hindustani,64e5fb9e-5569-4e80-8e6c-f543af9469c7/Rattan_Mohan_Sharma/Raga_Reflections/Eri_Sakhi_Mai_Kase_Kahu_Manki_Batiya_and_Maai_Garaj_Badarva_Doleri_99f1a318-f246-40cb-86b9-3639344be94d.tonicFine,Eri_Sakhi_Mai_Kase_Kahu_Manki_Batiya_and_Maai_Garaj_Badarva_Doleri_99f1a318-f246-40cb-86b9-3639344be94d.tonicFine,.tonicfine,25
Hindustani,64e5fb9e-5569-4e80-8e6c-f543af9469c7/Rattan_Mohan_Sharma/Raga_Reflections/Eri_Sakhi_Mai_Kase_Kahu_Manki_Batiya_and_Maai_Garaj_Badarva_Doleri_99f1a318-f246-40cb-86b9-3639344be94d.pitchSilIntrpPP,Eri_Sakhi_Mai_Kase_Kahu_Manki_Batiya_and_Maai_Garaj_Badarva_Doleri_99f1a318-f246-40cb-86b9-3639344be94d.pitchSilIntrpPP,.pitchsilintrppp,22107000
Hindustani,64e5fb9e-5569-4e80-8e6c-f543af9469c7/Prabha_Atre/Maalkauns/Jaako_Mana_Raam_980b4a00-6e7c-41c1-81ee-6b021d237343.tonicFine,Jaako_Mana_Raam_980b4a00-6e7c-41c1-81ee-6b021d237343.tonicFine,.tonicfine,25
Hindustani,64e5fb9e-5569-4e80-8e6c-f543af9469c7/Prabha_Atre/Maalkauns/Jaako_Mana_Raam_980b4a00-6e7c-41c1-81ee-6b021d237343.pitch,Jaako_Mana_Raam_980b4a00-6e7c-41c1-81ee-6b021d237343.pitch,.pitch,9577953
Hindustani,64e5fb9e-5569-4e80-8e6c-f543af9469c7/Prabha_Atre/Maalkauns/Jaako_Mana_Raam_980b4a00-6e7c-41c1-81ee-6b021d237343.flatSegNyas,Jaako_Mana_Raam_980b4a00-6e7c-41c1-81ee-6b021d237343.flatSegNyas,.flatsegnyas,25566
Hindustani,64e5fb9e-5569-4e80-8e6c-f543af9469c7/Prabha_Atre/Maalkauns/Jaako_Mana_Raam_980b4a00-6e7c-41c1-81ee-6b021d237343.tonic,Jaako_Mana_Raam_980b4a00-6e7c-41c1-81ee-6b021d237343.tonic,.tonic,3
Hindustani,64e5fb9e-5569-4e80-8e6c-f543af9469c7/Prabha_Atre/Maalkauns/Jaako_Mana_Raam_980b4a00-6e7c-41c1-81ee-6b021d237343.taniSegKNN,Jaako_Mana_Raam_980b4a00-6e7c-41c1-81ee-6b021d237343.taniSegKNN,.tanisegknn,0
Hindustani,64e5fb9e-5569-4e80-8e6c-f543af9469c7/Prabha_Atre/Maalkauns/Jaako_Mana_Raam_980b4a00-6e7c-41c1-81ee-6b021d237343.pitchSilIntrpPP,Jaako_Mana_Raam_980b4a00-6e7c-41c1-81ee-6b021d237343.pitchSilIntrpPP,.pitchsilintrppp,20083950
Hindustani,64e5fb9e-5569-4e80-8e6c-f543af9469c7/Kesarbai_Kerkar/20th_Century_Baithak_Series/Raga_Malkauns_-_Teental_5233f93f-4f1c-4ba1-9d3f-3d47a5f81d2e.pitchSilIntrpPP,Raga_Malkauns_-_Teental_5233f93f-4f1c-4ba1-9d3f-3d47a5f81d2e.pitchSilIntrpPP,.pitchsilintrppp,20581200
Hindustani,64e5fb9e-5569-4e80-8e6c-f543af9469c7/Kesarbai_Kerkar/20th_Century_Baithak_Series/Raga_Malkauns_-_Teental_5233f93f-4f1c-4ba1-9d3f-3d47a5f81d2e.flatSegNyas,Raga_Malkauns_-_Teental_5233f93f-4f1c-4ba1-9d3f-3d47a5f81d2e.flatSegNyas,.flatsegnyas,36379
Hindustani,64e5fb9e-5569-4e80-8e6c-f543af9469c7/Kesarbai_Kerkar/20th_Century_Baithak_Series/Raga_Malkauns_-_Teental_5233f93f-4f1c-4ba1-9d3f-3d47a5f81d2e.pitch,Raga_Malkauns_-_Teental_5233f93f-4f1c-4ba1-9d3f-3d47a5f81d2e.pitch,.pitch,9817701
Hindustani,64e5fb9e-5569-4e80-8e6c-f543af9469c7/Kesarbai_Kerkar/20th_Century_Baithak_Series/Raga_Malkauns_-_Teental_5233f93f-4f1c-4ba1-9d3f-3d47a5f81d2e.taniSegKNN,Raga_Malkauns_-_Teental_5233f93f-4f1c-4ba1-9d3f-3d47a5f81d2e.taniSegKNN,.tanisegknn,0
Hindustani,64e5fb9e-5569-4e80-8e6c-f543af9469c7/Kesarbai_Kerkar/20th_Century_Baithak_Series/Raga_Malkauns_-_Teental_5233f93f-4f1c-4ba1-9d3f-3d47a5f81d2e.tonicFine,Raga_Malkauns_-_Teental_5233f93f-4f1c-4ba1-9d3f-3d47a5f81d2e.tonicFine,.tonicfine,25
Hindustani,64e5fb9e-5569-4e80-8e6c-f543af9469c7/Kesarbai_Kerkar/20th_Century_Baithak_Series/Raga_Malkauns_-_Teental_5233f93f-4f1c-4ba1-9d3f-3d47a5f81d2e.tonic,Raga_Malkauns_-_Teental_5233f93f-4f1c-4ba1-9d3f-3d47a5f81d2e.tonic,.tonic,11
Hindustani,"64e5fb9e-5569-4e80-8e6c-f543af9469c7/Satyasheel_Deshpande/Raag_Malkauns,_Chandrakauns___Majh_Khamaj_Thumri/Raag_Malkauns_52944bc0-4639-4760-be76-f2720a20be81.taniSegKNN",Raag_Malkauns_52944bc0-4639-4760-be76-f2720a20be81.taniSegKNN,.tanisegknn,0
Hindustani,"64e5fb9e-5569-4e80-8e6c-f543af9469c7/Satyasheel_Deshpande/Raag_Malkauns,_Chandrakauns___Majh_Khamaj_Thumri/Raag_Malkauns_52944bc0-4639-4760-be76-f2720a20be81.pitchSilIntrpPP",Raag_Malkauns_52944bc0-4639-4760-be76-f2720a20be81.pitchSilIntrpPP,.pitchsilintrppp,25725800
Hindustani,"64e5fb9e-5569-4e80-8e6c-f543af9469c7/Satyasheel_Deshpande/Raag_Malkauns,_Chandrakauns___Majh_Khamaj_Thumri/Raag_Malkauns_52944bc0-4639-4760-be76-f2720a20be81.tonicFine",Raag_Malkauns_52944bc0-4639-4760-be76-f2720a20be81.tonicFine,.tonicfine,25
Hindustani,"64e5fb9e-5569-4e80-8e6c-f543af9469c7/Satyasheel_Deshpande/Raag_Malkauns,_Chandrakauns___Majh_Khamaj_Thumri/Raag_Malkauns_52944bc0-4639-4760-be76-f2720a20be81.pitch",Raag_Malkauns_52944bc0-4639-4760-be76-f2720a20be81.pitch,.pitch,12330852
Hindustani,"64e5fb9e-5569-4e80-8e6c-f543af9469c7/Satyasheel_Deshpande/Raag_Malkauns,_Chandrakauns___Majh_Khamaj_Thumri/Raag_Malkauns_52944bc0-4639-4760-be76-f2720a20be81.flatSegNyas",Raag_Malkauns_52944bc0-4639-4760-be76-f2720a20be81.flatSegNyas,.flatsegnyas,27830
Hindustani,"64e5fb9e-5569-4e80-8e6c-f543af9469c7/Satyasheel_Deshpande/Raag_Malkauns,_Chandrakauns___Majh_Khamaj_Thumri/Raag_Malkauns_52944bc0-4639-4760-be76-f2720a20be81.tonic",Raag_Malkauns_52944bc0-4639-4760-be76-f2720a20be81.tonic,.tonic,11
Hindustani,64e5fb9e-5569-4e80-8e6c-f543af9469c7/Malini_Rajurkar/Classical_Vocal/Raga_Malkauns_f149cad0-c5af-48d6-a726-ef3badb0169a.pitch,Raga_Malkauns_f149cad0-c5af-48d6-a726-ef3badb0169a.pitch,.pitch,9380613
Hindustani,64e5fb9e-5569-4e80-8e6c-f543af9469c7/Malini_Rajurkar/Classical_Vocal/Raga_Malkauns_f149cad0-c5af-48d6-a726-ef3badb0169a.tonic,Raga_Malkauns_f149cad0-c5af-48d6-a726-ef3badb0169a.tonic,.tonic,4
Hindustani,64e5fb9e-5569-4e80-8e6c-f543af9469c7/Malini_Rajurkar/Classical_Vocal/Raga_Malkauns_f149cad0-c5af-48d6-a726-ef3badb0169a.taniSegKNN,Raga_Malkauns_f149cad0-c5af-48d6-a726-ef3badb0169a.taniSegKNN,.tanisegknn,0
Hindustani,64e5fb9e-5569-4e80-8e6c-f543af9469c7/Malini_Rajurkar/Classical_Vocal/Raga_Malkauns_f149cad0-c5af-48d6-a726-ef3badb0169a.pitchSilIntrpPP,Raga_Malkauns_f149cad0-c5af-48d6-a726-ef3badb0169a.pitchSilIntrpPP,.pitchsilintrppp,19684600
Hindustani,64e5fb9e-5569-4e80-8e6c-f543af9469c7/Malini_Rajurkar/Classical_Vocal/Raga_Malkauns_f149cad0-c5af-48d6-a726-ef3badb0169a.tonicFine,Raga_Malkauns_f149cad0-c5af-48d6-a726-ef3badb0169a.tonicFine,.tonicfine,25
Hindustani,64e5fb9e-5569-4e80-8e6c-f543af9469c7/Malini_Rajurkar/Classical_Vocal/Raga_Malkauns_f149cad0-c5af-48d6-a726-ef3badb0169a.flatSegNyas,Raga_Malkauns_f149cad0-c5af-48d6-a726-ef3badb0169a.flatSegNyas,.flatsegnyas,26626
Hindustani,1e7de02f-e77f-405a-a033-f31117aaf955/Abdul_Rashid_Khan/Rasan_Piya_-_Volume_4/Malana_Gungh_Lao_Is_Banre_Kay_Se_Sehara_3956d76d-876b-4e34-a6dd-c8ecfc057ff8.pitchSilIntrpPP,Malana_Gungh_Lao_Is_Banre_Kay_Se_Sehara_3956d76d-876b-4e34-a6dd-c8ecfc057ff8.pitchSilIntrpPP,.pitchsilintrppp,19959050
Hindustani,1e7de02f-e77f-405a-a033-f31117aaf955/Abdul_Rashid_Khan/Rasan_Piya_-_Volume_4/Magwa_Pe_Rokey_Thharo_Ree_8718d4df-5fcb-419f-b209-5d34b2474a28.flatSegNyas,Magwa_Pe_Rokey_Thharo_Ree_8718d4df-5fcb-419f-b209-5d34b2474a28.flatSegNyas,.flatsegnyas,8488
Hindustani,1e7de02f-e77f-405a-a033-f31117aaf955/Abdul_Rashid_Khan/Rasan_Piya_-_Volume_4/Magwa_Pe_Rokey_Thharo_Ree_8718d4df-5fcb-419f-b209-5d34b2474a28.pitchSilIntrpPP,Magwa_Pe_Rokey_Thharo_Ree_8718d4df-5fcb-419f-b209-5d34b2474a28.pitchSilIntrpPP,.pitchsilintrppp,5944650
Hindustani,1e7de02f-e77f-405a-a033-f31117aaf955/Abdul_Rashid_Khan/Rasan_Piya_-_Volume_4/Malana_Gungh_Lao_Is_Banre_Kay_Se_Sehara_3956d76d-876b-4e34-a6dd-c8ecfc057ff8.tonicFine,Malana_Gungh_Lao_Is_Banre_Kay_Se_Sehara_3956d76d-876b-4e34-a6dd-c8ecfc057ff8.tonicFine,.tonicfine,25
Hindustani,1e7de02f-e77f-405a-a033-f31117aaf955/Abdul_Rashid_Khan/Rasan_Piya_-_Volume_4/Dir_Tana_Dir-Dir_Ta-Dir_(Tarana)_52c68301-d913-4208-adc6-c2cf8d2003d3.tonicFine,Dir_Tana_Dir-Dir_Ta-Dir_(Tarana)_52c68301-d913-4208-adc6-c2cf8d2003d3.tonicFine,.tonicfine,25
Hindustani,1e7de02f-e77f-405a-a033-f31117aaf955/Abdul_Rashid_Khan/Rasan_Piya_-_Volume_4/Malana_Gungh_Lao_Is_Banre_Kay_Se_Sehara_3956d76d-876b-4e34-a6dd-c8ecfc057ff8.flatSegNyas,Malana_Gungh_Lao_Is_Banre_Kay_Se_Sehara_3956d76d-876b-4e34-a6dd-c8ecfc057ff8.flatSegNyas,.flatsegnyas,23935
Hindustani,1e7de02f-e77f-405a-a033-f31117aaf955/Abdul_Rashid_Khan/Rasan_Piya_-_Volume_4/Dir_Tana_Dir-Dir_Ta-Dir_(Tarana)_52c68301-d913-4208-adc6-c2cf8d2003d3.tonic,Dir_Tana_Dir-Dir_Ta-Dir_(Tarana)_52c68301-d913-4208-adc6-c2cf8d2003d3.tonic,.tonic,11
Hindustani,1e7de02f-e77f-405a-a033-f31117aaf955/Abdul_Rashid_Khan/Rasan_Piya_-_Volume_4/Pratham_Man_Nirankar_Devan_Man_Mahadev_30408242-719e-4efb-a72d-fc1dc2833db7.pitchSilIntrpPP,Pratham_Man_Nirankar_Devan_Man_Mahadev_30408242-719e-4efb-a72d-fc1dc2833db7.pitchSilIntrpPP,.pitchsilintrppp,5733350
Hindustani,1e7de02f-e77f-405a-a033-f31117aaf955/Abdul_Rashid_Khan/Rasan_Piya_-_Volume_4/Pratham_Man_Nirankar_Devan_Man_Mahadev_30408242-719e-4efb-a72d-fc1dc2833db7.tonic,Pratham_Man_Nirankar_Devan_Man_Mahadev_30408242-719e-4efb-a72d-fc1dc2833db7.tonic,.tonic,11
Hindustani,1e7de02f-e77f-405a-a033-f31117aaf955/Abdul_Rashid_Khan/Rasan_Piya_-_Volume_4/Dir_Tana_Dir-Dir_Ta-Dir_(Tarana)_52c68301-d913-4208-adc6-c2cf8d2003d3.pitchSilIntrpPP,Dir_Tana_Dir-Dir_Ta-Dir_(Tarana)_52c68301-d913-4208-adc6-c2cf8d2003d3.pitchSilIntrpPP,.pitchsilintrppp,5409750
Hindustani,1e7de02f-e77f-405a-a033-f31117aaf955/Abdul_Rashid_Khan/Rasan_Piya_-_Volume_4/Malana_Gungh_Lao_Is_Banre_Kay_Se_Sehara_3956d76d-876b-4e34-a6dd-c8ecfc057ff8.taniSegKNN,Malana_Gungh_Lao_Is_Banre_Kay_Se_Sehara_3956d76d-876b-4e34-a6dd-c8ecfc057ff8.taniSegKNN,.tanisegknn,0
Hindustani,1e7de02f-e77f-405a-a033-f31117aaf955/Abdul_Rashid_Khan/Rasan_Piya_-_Volume_4/Dir_Tana_Dir-Dir_Ta-Dir_(Tarana)_52c68301-d913-4208-adc6-c2cf8d2003d3.pitch,Dir_Tana_Dir-Dir_Ta-Dir_(Tarana)_52c68301-d913-4208-adc6-c2cf8d2003d3.pitch,.pitch,2518864
Hindustani,1e7de02f-e77f-405a-a033-f31117aaf955/Abdul_Rashid_Khan/Rasan_Piya_-_Volume_4/Magwa_Pe_Rokey_Thharo_Ree_8718d4df-5fcb-419f-b209-5d34b2474a28.tonicFine,Magwa_Pe_Rokey_Thharo_Ree_8718d4df-5fcb-419f-b209-5d34b2474a28.tonicFine,.tonicfine,25
Hindustani,1e7de02f-e77f-405a-a033-f31117aaf955/Abdul_Rashid_Khan/Rasan_Piya_-_Volume_4/Pratham_Man_Nirankar_Devan_Man_Mahadev_30408242-719e-4efb-a72d-fc1dc2833db7.pitch,Pratham_Man_Nirankar_Devan_Man_Mahadev_30408242-719e-4efb-a72d-fc1dc2833db7.pitch,.pitch,2663062
Hindustani,1e7de02f-e77f-405a-a033-f31117aaf955/Abdul_Rashid_Khan/Rasan_Piya_-_Volume_4/Pratham_Man_Nirankar_Devan_Man_Mahadev_30408242-719e-4efb-a72d-fc1dc2833db7.taniSegKNN,Pratham_Man_Nirankar_Devan_Man_Mahadev_30408242-719e-4efb-a72d-fc1dc2833db7.taniSegKNN,.tanisegknn,0
Hindustani,1e7de02f-e77f-405a-a033-f31117aaf955/Abdul_Rashid_Khan/Rasan_Piya_-_Volume_4/Malana_Gungh_Lao_Is_Banre_Kay_Se_Sehara_3956d76d-876b-4e34-a6dd-c8ecfc057ff8.tonic,Malana_Gungh_Lao_Is_Banre_Kay_Se_Sehara_3956d76d-876b-4e34-a6dd-c8ecfc057ff8.tonic,.tonic,11
Hindustani,1e7de02f-e77f-405a-a033-f31117aaf955/Abdul_Rashid_Khan/Rasan_Piya_-_Volume_4/Pratham_Man_Nirankar_Devan_Man_Mahadev_30408242-719e-4efb-a72d-fc1dc2833db7.flatSegNyas,Pratham_Man_Nirankar_Devan_Man_Mahadev_30408242-719e-4efb-a72d-fc1dc2833db7.flatSegNyas,.flatsegnyas,7436
Hindustani,1e7de02f-e77f-405a-a033-f31117aaf955/Abdul_Rashid_Khan/Rasan_Piya_-_Volume_4/Magwa_Pe_Rokey_Thharo_Ree_8718d4df-5fcb-419f-b209-5d34b2474a28.pitch,Magwa_Pe_Rokey_Thharo_Ree_8718d4df-5fcb-419f-b209-5d34b2474a28.pitch,.pitch,2778225
Hindustani,1e7de02f-e77f-405a-a033-f31117aaf955/Abdul_Rashid_Khan/Rasan_Piya_-_Volume_4/Magwa_Pe_Rokey_Thharo_Ree_8718d4df-5fcb-419f-b209-5d34b2474a28.tonic,Magwa_Pe_Rokey_Thharo_Ree_8718d4df-5fcb-419f-b209-5d34b2474a28.tonic,.tonic,11
Hindustani,1e7de02f-e77f-405a-a033-f31117aaf955/Abdul_Rashid_Khan/Rasan_Piya_-_Volume_4/Dir_Tana_Dir-Dir_Ta-Dir_(Tarana)_52c68301-d913-4208-adc6-c2cf8d2003d3.flatSegNyas,Dir_Tana_Dir-Dir_Ta-Dir_(Tarana)_52c68301-d913-4208-adc6-c2cf8d2003d3.flatSegNyas,.flatsegnyas,6977
Hindustani,1e7de02f-e77f-405a-a033-f31117aaf955/Abdul_Rashid_Khan/Rasan_Piya_-_Volume_4/Dir_Tana_Dir-Dir_Ta-Dir_(Tarana)_52c68301-d913-4208-adc6-c2cf8d2003d3.taniSegKNN,Dir_Tana_Dir-Dir_Ta-Dir_(Tarana)_52c68301-d913-4208-adc6-c2cf8d2003d3.taniSegKNN,.tanisegknn,0
Hindustani,1e7de02f-e77f-405a-a033-f31117aaf955/Abdul_Rashid_Khan/Rasan_Piya_-_Volume_4/Pratham_Man_Nirankar_Devan_Man_Mahadev_30408242-719e-4efb-a72d-fc1dc2833db7.tonicFine,Pratham_Man_Nirankar_Devan_Man_Mahadev_30408242-719e-4efb-a72d-fc1dc2833db7.tonicFine,.tonicfine,25
Hindustani,1e7de02f-e77f-405a-a033-f31117aaf955/Abdul_Rashid_Khan/Rasan_Piya_-_Volume_4/Magwa_Pe_Rokey_Thharo_Ree_8718d4df-5fcb-419f-b209-5d34b2474a28.taniSegKNN,Magwa_Pe_Rokey_Thharo_Ree_8718d4df-5fcb-419f-b209-5d34b2474a28.taniSegKNN,.tanisegknn,0
Hindustani,1e7de02f-e77f-405a-a033-f31117aaf955/Abdul_Rashid_Khan/Rasan_Piya_-_Volume_4/Malana_Gungh_Lao_Is_Banre_Kay_Se_Sehara_3956d76d-876b-4e34-a6dd-c8ecfc057ff8.pitch,Malana_Gungh_Lao_Is_Banre_Kay_Se_Sehara_3956d76d-876b-4e34-a6dd-c8ecfc057ff8.pitch,.pitch,9503568
Hindustani,1e7de02f-e77f-405a-a033-f31117aaf955/Rashid_Khan/The_Song_Of_Shiva/Raga_Bhairav_2b1da797-d9f6-47bc-93c0-d19f5de0fa5d.flatSegNyas,Raga_Bhairav_2b1da797-d9f6-47bc-93c0-d19f5de0fa5d.flatSegNyas,.flatsegnyas,44447
Hindustani,1e7de02f-e77f-405a-a033-f31117aaf955/Rashid_Khan/The_Song_Of_Shiva/Raga_Bhairav_c207da5f-60fa-4622-b735-a9bd3425e8fd.pitch,Raga_Bhairav_c207da5f-60fa-4622-b735-a9bd3425e8fd.pitch,.pitch,3631541
Hindustani,1e7de02f-e77f-405a-a033-f31117aaf955/Rashid_Khan/The_Song_Of_Shiva/Raga_Bhairav_2b1da797-d9f6-47bc-93c0-d19f5de0fa5d.pitch,Raga_Bhairav_2b1da797-d9f6-47bc-93c0-d19f5de0fa5d.pitch,.pitch,13964002
Hindustani,1e7de02f-e77f-405a-a033-f31117aaf955/Rashid_Khan/The_Song_Of_Shiva/Raga_Bhairav_c207da5f-60fa-4622-b735-a9bd3425e8fd.pitchSilIntrpPP,Raga_Bhairav_c207da5f-60fa-4622-b735-a9bd3425e8fd.pitchSilIntrpPP,.pitchsilintrppp,7796350
Hindustani,1e7de02f-e77f-405a-a033-f31117aaf955/Rashid_Khan/The_Song_Of_Shiva/Raga_Bhairav_2b1da797-d9f6-47bc-93c0-d19f5de0fa5d.pitchSilIntrpPP,Raga_Bhairav_2b1da797-d9f6-47bc-93c0-d19f5de0fa5d.pitchSilIntrpPP,.pitchsilintrppp,28993450
Hindustani,1e7de02f-e77f-405a-a033-f31117aaf955/Rashid_Khan/The_Song_Of_Shiva/Raga_Bhairav_c207da5f-60fa-4622-b735-a9bd3425e8fd.flatSegNyas,Raga_Bhairav_c207da5f-60fa-4622-b735-a9bd3425e8fd.flatSegNyas,.flatsegnyas,12083
Hindustani,1e7de02f-e77f-405a-a033-f31117aaf955/Rashid_Khan/The_Song_Of_Shiva/Raga_Bhairav_c207da5f-60fa-4622-b735-a9bd3425e8fd.taniSegKNN,Raga_Bhairav_c207da5f-60fa-4622-b735-a9bd3425e8fd.taniSegKNN,.tanisegknn,0
Hindustani,1e7de02f-e77f-405a-a033-f31117aaf955/Rashid_Khan/The_Song_Of_Shiva/Raga_Bhairav_2b1da797-d9f6-47bc-93c0-d19f5de0fa5d.taniSegKNN,Raga_Bhairav_2b1da797-d9f6-47bc-93c0-d19f5de0fa5d.taniSegKNN,.tanisegknn,0
Hindustani,1e7de02f-e77f-405a-a033-f31117aaf955/Rashid_Khan/The_Song_Of_Shiva/Raga_Bhairav_2b1da797-d9f6-47bc-93c0-d19f5de0fa5d.tonicFine,Raga_Bhairav_2b1da797-d9f6-47bc-93c0-d19f5de0fa5d.tonicFine,.tonicfine,25
Hindustani,1e7de02f-e77f-405a-a033-f31117aaf955/Rashid_Khan/The_Song_Of_Shiva/Raga_Bhairav_c207da5f-60fa-4622-b735-a9bd3425e8fd.tonicFine,Raga_Bhairav_c207da5f-60fa-4622-b735-a9bd3425e8fd.tonicFine,.tonicfine,25
Hindustani,1e7de02f-e77f-405a-a033-f31117aaf955/Rashid_Khan/The_Song_Of_Shiva/Raga_Bhairav_2b1da797-d9f6-47bc-93c0-d19f5de0fa5d.tonic,Raga_Bhairav_2b1da797-d9f6-47bc-93c0-d19f5de0fa5d.tonic,.tonic,11
Hindustani,1e7de02f-e77f-405a-a033-f31117aaf955/Rashid_Khan/The_Song_Of_Shiva/Raga_Bhairav_c207da5f-60fa-4622-b735-a9bd3425e8fd.tonic,Raga_Bhairav_c207da5f-60fa-4622-b735-a9bd3425e8fd.tonic,.tonic,11
Hindustani,1e7de02f-e77f-405a-a033-f31117aaf955/Prabha_Atre/Gaan_Prabha/Man_Re_Tu_Kar_Dhyan_5a73fd2e-2308-49c3-81de-e3baa95d2c1b.taniSegKNN,Man_Re_Tu_Kar_Dhyan_5a73fd2e-2308-49c3-81de-e3baa95d2c1b.taniSegKNN,.tanisegknn,0
Hindustani,1e7de02f-e77f-405a-a033-f31117aaf955/Prabha_Atre/Gaan_Prabha/Man_Re_Tu_Kar_Dhyan_5a73fd2e-2308-49c3-81de-e3baa95d2c1b.tonic,Man_Re_Tu_Kar_Dhyan_5a73fd2e-2308-49c3-81de-e3baa95d2c1b.tonic,.tonic,11
Hindustani,1e7de02f-e77f-405a-a033-f31117aaf955/Prabha_Atre/Gaan_Prabha/Man_Re_Tu_Kar_Dhyan_5a73fd2e-2308-49c3-81de-e3baa95d2c1b.flatSegNyas,Man_Re_Tu_Kar_Dhyan_5a73fd2e-2308-49c3-81de-e3baa95d2c1b.flatSegNyas,.flatsegnyas,26922
Hindustani,1e7de02f-e77f-405a-a033-f31117aaf955/Prabha_Atre/Gaan_Prabha/Man_Re_Tu_Kar_Dhyan_5a73fd2e-2308-49c3-81de-e3baa95d2c1b.tonicFine,Man_Re_Tu_Kar_Dhyan_5a73fd2e-2308-49c3-81de-e3baa95d2c1b.tonicFine,.tonicfine,25
Hindustani,1e7de02f-e77f-405a-a033-f31117aaf955/Prabha_Atre/Gaan_Prabha/Man_Re_Tu_Kar_Dhyan_5a73fd2e-2308-49c3-81de-e3baa95d2c1b.pitch,Man_Re_Tu_Kar_Dhyan_5a73fd2e-2308-49c3-81de-e3baa95d2c1b.pitch,.pitch,9788459
Hindustani,1e7de02f-e77f-405a-a033-f31117aaf955/Prabha_Atre/Gaan_Prabha/Man_Re_Tu_Kar_Dhyan_5a73fd2e-2308-49c3-81de-e3baa95d2c1b.pitchSilIntrpPP,Man_Re_Tu_Kar_Dhyan_5a73fd2e-2308-49c3-81de-e3baa95d2c1b.pitchSilIntrpPP,.pitchsilintrppp,20455150
Hindustani,1e7de02f-e77f-405a-a033-f31117aaf955/Kumar_Gandharva/Raga_Bhairav_Ke_Prakaar/Rag_Bhairav_(Jhaptal)_3abaaa52-4c95-4e8b-beda-37bc3d01f763.flatSegNyas,Rag_Bhairav_(Jhaptal)_3abaaa52-4c95-4e8b-beda-37bc3d01f763.flatSegNyas,.flatsegnyas,14693
Hindustani,1e7de02f-e77f-405a-a033-f31117aaf955/Kumar_Gandharva/Raga_Bhairav_Ke_Prakaar/Rag_Bhairav_(Jhaptal)_3abaaa52-4c95-4e8b-beda-37bc3d01f763.tonic,Rag_Bhairav_(Jhaptal)_3abaaa52-4c95-4e8b-beda-37bc3d01f763.tonic,.tonic,11
Hindustani,1e7de02f-e77f-405a-a033-f31117aaf955/Kumar_Gandharva/Raga_Bhairav_Ke_Prakaar/Rag_Bhairav_(Jhaptal)_3abaaa52-4c95-4e8b-beda-37bc3d01f763.tonicFine,Rag_Bhairav_(Jhaptal)_3abaaa52-4c95-4e8b-beda-37bc3d01f763.tonicFine,.tonicfine,25
Hindustani,1e7de02f-e77f-405a-a033-f31117aaf955/Kumar_Gandharva/Raga_Bhairav_Ke_Prakaar/Rag_Bhairav_(Jhaptal)_3abaaa52-4c95-4e8b-beda-37bc3d01f763.taniSegKNN,Rag_Bhairav_(Jhaptal)_3abaaa52-4c95-4e8b-beda-37bc3d01f763.taniSegKNN,.tanisegknn,0
Hindustani,1e7de02f-e77f-405a-a033-f31117aaf955/Kumar_Gandharva/Raga_Bhairav_Ke_Prakaar/Rag_Bhairav_(Jhaptal)_3abaaa52-4c95-4e8b-beda-37bc3d01f763.pitchSilIntrpPP,Rag_Bhairav_(Jhaptal)_3abaaa52-4c95-4e8b-beda-37bc3d01f763.pitchSilIntrpPP,.pitchsilintrppp,13590150
Hindustani,1e7de02f-e77f-405a-a033-f31117aaf955/Kumar_Gandharva/Raga_Bhairav_Ke_Prakaar/Rag_Bhairav_(Jhaptal)_3abaaa52-4c95-4e8b-beda-37bc3d01f763.pitch,Rag_Bhairav_(Jhaptal)_3abaaa52-4c95-4e8b-beda-37bc3d01f763.pitch,.pitch,6325669
Hindustani,1e7de02f-e77f-405a-a033-f31117aaf955/Kumar_Gandharva/Raag_Bhairav___Dhani/Raag_Bhairav_0a11bf6f-b55d-459c-9447-7a5a555a286f.tonicFine,Raag_Bhairav_0a11bf6f-b55d-459c-9447-7a5a555a286f.tonicFine,.tonicfine,25
Hindustani,1e7de02f-e77f-405a-a033-f31117aaf955/Kumar_Gandharva/Raag_Bhairav___Dhani/Raag_Bhairav_0a11bf6f-b55d-459c-9447-7a5a555a286f.flatSegNyas,Raag_Bhairav_0a11bf6f-b55d-459c-9447-7a5a555a286f.flatSegNyas,.flatsegnyas,19690
Hindustani,1e7de02f-e77f-405a-a033-f31117aaf955/Kumar_Gandharva/Raag_Bhairav___Dhani/Raag_Bhairav_0a11bf6f-b55d-459c-9447-7a5a555a286f.taniSegKNN,Raag_Bhairav_0a11bf6f-b55d-459c-9447-7a5a555a286f.taniSegKNN,.tanisegknn,0
Hindustani,1e7de02f-e77f-405a-a033-f31117aaf955/Kumar_Gandharva/Raag_Bhairav___Dhani/Raag_Bhairav_0a11bf6f-b55d-459c-9447-7a5a555a286f.pitchSilIntrpPP,Raag_Bhairav_0a11bf6f-b55d-459c-9447-7a5a555a286f.pitchSilIntrpPP,.pitchsilintrppp,16398450
Hindustani,1e7de02f-e77f-405a-a033-f31117aaf955/Kumar_Gandharva/Raag_Bhairav___Dhani/Raag_Bhairav_0a11bf6f-b55d-459c-9447-7a5a555a286f.pitch,Raag_Bhairav_0a11bf6f-b55d-459c-9447-7a5a555a286f.pitch,.pitch,7774809
Hindustani,1e7de02f-e77f-405a-a033-f31117aaf955/Kumar_Gandharva/Raag_Bhairav___Dhani/Raag_Bhairav_0a11bf6f-b55d-459c-9447-7a5a555a286f.tonic,Raag_Bhairav_0a11bf6f-b55d-459c-9447-7a5a555a286f.tonic,.tonic,11
Hindustani,1e7de02f-e77f-405a-a033-f31117aaf955/Salamat_Ali_Khan/Timeless_Music_From_Pakistan_Vol__2/Raga_Bhairav_ef6c848a-8f36-49fa-98f1-2b3d40391ddd.pitchSilIntrpPP,Raga_Bhairav_ef6c848a-8f36-49fa-98f1-2b3d40391ddd.pitchSilIntrpPP,.pitchsilintrppp,8553400
Hindustani,1e7de02f-e77f-405a-a033-f31117aaf955/Salamat_Ali_Khan/Timeless_Music_From_Pakistan_Vol__2/Raga_Bhairav_ef6c848a-8f36-49fa-98f1-2b3d40391ddd.pitch,Raga_Bhairav_ef6c848a-8f36-49fa-98f1-2b3d40391ddd.pitch,.pitch,3961600
Hindustani,1e7de02f-e77f-405a-a033-f31117aaf955/Salamat_Ali_Khan/Timeless_Music_From_Pakistan_Vol__2/Raga_Bhairav_ef6c848a-8f36-49fa-98f1-2b3d40391ddd.tonicFine,Raga_Bhairav_ef6c848a-8f36-49fa-98f1-2b3d40391ddd.tonicFine,.tonicfine,25
Hindustani,1e7de02f-e77f-405a-a033-f31117aaf955/Salamat_Ali_Khan/Timeless_Music_From_Pakistan_Vol__2/Raga_Bhairav_ef6c848a-8f36-49fa-98f1-2b3d40391ddd.tonic,Raga_Bhairav_ef6c848a-8f36-49fa-98f1-2b3d40391ddd.tonic,.tonic,11
Hindustani,1e7de02f-e77f-405a-a033-f31117aaf955/Salamat_Ali_Khan/Timeless_Music_From_Pakistan_Vol__2/Raga_Bhairav_ef6c848a-8f36-49fa-98f1-2b3d40391ddd.flatSegNyas,Raga_Bhairav_ef6c848a-8f36-49fa-98f1-2b3d40391ddd.flatSegNyas,.flatsegnyas,10175
Hindustani,1e7de02f-e77f-405a-a033-f31117aaf955/Salamat_Ali_Khan/Timeless_Music_From_Pakistan_Vol__2/Raga_Bhairav_ef6c848a-8f36-49fa-98f1-2b3d40391ddd.taniSegKNN,Raga_Bhairav_ef6c848a-8f36-49fa-98f1-2b3d40391ddd.taniSegKNN,.tanisegknn,0
Hindustani,a7d98897-e2fe-4d75-b9dc-e5b4dc88e1c6/Abdul_Rashid_Khan/Rasan_Piya_-_Volume_1/Nayan_Bich_Dore_Lal_c8c0b93e-0e7d-4e08-a1cc-95b0eecee5db.pitchSilIntrpPP,Nayan_Bich_Dore_Lal_c8c0b93e-0e7d-4e08-a1cc-95b0eecee5db.pitchSilIntrpPP,.pitchsilintrppp,5119400
Hindustani,a7d98897-e2fe-4d75-b9dc-e5b4dc88e1c6/Abdul_Rashid_Khan/Rasan_Piya_-_Volume_1/Bane-Bane_Thane-Thane_8f983ca1-2b51-4a9f-9265-b797b09c91c9.flatSegNyas,Bane-Bane_Thane-Thane_8f983ca1-2b51-4a9f-9265-b797b09c91c9.flatSegNyas,.flatsegnyas,9676
Hindustani,a7d98897-e2fe-4d75-b9dc-e5b4dc88e1c6/Abdul_Rashid_Khan/Rasan_Piya_-_Volume_1/Nayan_Bich_Dore_Lal_c8c0b93e-0e7d-4e08-a1cc-95b0eecee5db.tonic,Nayan_Bich_Dore_Lal_c8c0b93e-0e7d-4e08-a1cc-95b0eecee5db.tonic,.tonic,11
Hindustani,a7d98897-e2fe-4d75-b9dc-e5b4dc88e1c6/Abdul_Rashid_Khan/Rasan_Piya_-_Volume_1/Dhan_Dhan_Re_Tere_Ladla_ee202972-59a1-4576-9883-6e82124b356a.tonic,Dhan_Dhan_Re_Tere_Ladla_ee202972-59a1-4576-9883-6e82124b356a.tonic,.tonic,11
Hindustani,a7d98897-e2fe-4d75-b9dc-e5b4dc88e1c6/Abdul_Rashid_Khan/Rasan_Piya_-_Volume_1/Dhan_Dhan_Re_Tere_Ladla_ee202972-59a1-4576-9883-6e82124b356a.taniSegKNN,Dhan_Dhan_Re_Tere_Ladla_ee202972-59a1-4576-9883-6e82124b356a.taniSegKNN,.tanisegknn,0
Hindustani,a7d98897-e2fe-4d75-b9dc-e5b4dc88e1c6/Abdul_Rashid_Khan/Rasan_Piya_-_Volume_1/Bane-Bane_Thane-Thane_8f983ca1-2b51-4a9f-9265-b797b09c91c9.taniSegKNN,Bane-Bane_Thane-Thane_8f983ca1-2b51-4a9f-9265-b797b09c91c9.taniSegKNN,.tanisegknn,0
Hindustani,a7d98897-e2fe-4d75-b9dc-e5b4dc88e1c6/Abdul_Rashid_Khan/Rasan_Piya_-_Volume_1/Nayan_Bich_Dore_Lal_c8c0b93e-0e7d-4e08-a1cc-95b0eecee5db.taniSegKNN,Nayan_Bich_Dore_Lal_c8c0b93e-0e7d-4e08-a1cc-95b0eecee5db.taniSegKNN,.tanisegknn,0
Hindustani,a7d98897-e2fe-4d75-b9dc-e5b4dc88e1c6/Abdul_Rashid_Khan/Rasan_Piya_-_Volume_1/Daiya_Moko_Ka_Kahega_Logava_907e6bb0-130e-4ec5-aad0-6c768e8e9dcd.flatSegNyas,Daiya_Moko_Ka_Kahega_Logava_907e6bb0-130e-4ec5-aad0-6c768e8e9dcd.flatSegNyas,.flatsegnyas,8099
Hindustani,a7d98897-e2fe-4d75-b9dc-e5b4dc88e1c6/Abdul_Rashid_Khan/Rasan_Piya_-_Volume_1/Qutab_Rabani_Mehboob_Subhani_858a82b8-562e-4a7c-a7a2-6cbc65967e99.flatSegNyas,Qutab_Rabani_Mehboob_Subhani_858a82b8-562e-4a7c-a7a2-6cbc65967e99.flatSegNyas,.flatsegnyas,13459
Hindustani,a7d98897-e2fe-4d75-b9dc-e5b4dc88e1c6/Abdul_Rashid_Khan/Rasan_Piya_-_Volume_1/Bane-Bane_Thane-Thane_8f983ca1-2b51-4a9f-9265-b797b09c91c9.pitchSilIntrpPP,Bane-Bane_Thane-Thane_8f983ca1-2b51-4a9f-9265-b797b09c91c9.pitchSilIntrpPP,.pitchsilintrppp,5363050
Hindustani,a7d98897-e2fe-4d75-b9dc-e5b4dc88e1c6/Abdul_Rashid_Khan/Rasan_Piya_-_Volume_1/Qutab_Rabani_Mehboob_Subhani_858a82b8-562e-4a7c-a7a2-6cbc65967e99.taniSegKNN,Qutab_Rabani_Mehboob_Subhani_858a82b8-562e-4a7c-a7a2-6cbc65967e99.taniSegKNN,.tanisegknn,0
Hindustani,a7d98897-e2fe-4d75-b9dc-e5b4dc88e1c6/Abdul_Rashid_Khan/Rasan_Piya_-_Volume_1/Dhan_Dhan_Re_Tere_Ladla_ee202972-59a1-4576-9883-6e82124b356a.pitch,Dhan_Dhan_Re_Tere_Ladla_ee202972-59a1-4576-9883-6e82124b356a.pitch,.pitch,9912482
Hindustani,a7d98897-e2fe-4d75-b9dc-e5b4dc88e1c6/Abdul_Rashid_Khan/Rasan_Piya_-_Volume_1/Bane-Bane_Thane-Thane_8f983ca1-2b51-4a9f-9265-b797b09c91c9.tonicFine,Bane-Bane_Thane-Thane_8f983ca1-2b51-4a9f-9265-b797b09c91c9.tonicFine,.tonicfine,25
Hindustani,a7d98897-e2fe-4d75-b9dc-e5b4dc88e1c6/Abdul_Rashid_Khan/Rasan_Piya_-_Volume_1/Qutab_Rabani_Mehboob_Subhani_858a82b8-562e-4a7c-a7a2-6cbc65967e99.pitchSilIntrpPP,Qutab_Rabani_Mehboob_Subhani_858a82b8-562e-4a7c-a7a2-6cbc65967e99.pitchSilIntrpPP,.pitchsilintrppp,8180450
Hindustani,a7d98897-e2fe-4d75-b9dc-e5b4dc88e1c6/Abdul_Rashid_Khan/Rasan_Piya_-_Volume_1/Daiya_Moko_Ka_Kahega_Logava_907e6bb0-130e-4ec5-aad0-6c768e8e9dcd.pitch,Daiya_Moko_Ka_Kahega_Logava_907e6bb0-130e-4ec5-aad0-6c768e8e9dcd.pitch,.pitch,2482485
Hindustani,a7d98897-e2fe-4d75-b9dc-e5b4dc88e1c6/Abdul_Rashid_Khan/Rasan_Piya_-_Volume_1/Qutab_Rabani_Mehboob_Subhani_858a82b8-562e-4a7c-a7a2-6cbc65967e99.tonic,Qutab_Rabani_Mehboob_Subhani_858a82b8-562e-4a7c-a7a2-6cbc65967e99.tonic,.tonic,11
Hindustani,a7d98897-e2fe-4d75-b9dc-e5b4dc88e1c6/Abdul_Rashid_Khan/Rasan_Piya_-_Volume_1/Bane-Bane_Thane-Thane_8f983ca1-2b51-4a9f-9265-b797b09c91c9.tonic,Bane-Bane_Thane-Thane_8f983ca1-2b51-4a9f-9265-b797b09c91c9.tonic,.tonic,11
Hindustani,a7d98897-e2fe-4d75-b9dc-e5b4dc88e1c6/Abdul_Rashid_Khan/Rasan_Piya_-_Volume_1/Dhan_Dhan_Re_Tere_Ladla_ee202972-59a1-4576-9883-6e82124b356a.flatSegNyas,Dhan_Dhan_Re_Tere_Ladla_ee202972-59a1-4576-9883-6e82124b356a.flatSegNyas,.flatsegnyas,21474
Hindustani,a7d98897-e2fe-4d75-b9dc-e5b4dc88e1c6/Abdul_Rashid_Khan/Rasan_Piya_-_Volume_1/Bane-Bane_Thane-Thane_8f983ca1-2b51-4a9f-9265-b797b09c91c9.pitch,Bane-Bane_Thane-Thane_8f983ca1-2b51-4a9f-9265-b797b09c91c9.pitch,.pitch,2494895
Hindustani,a7d98897-e2fe-4d75-b9dc-e5b4dc88e1c6/Abdul_Rashid_Khan/Rasan_Piya_-_Volume_1/Daiya_Moko_Ka_Kahega_Logava_907e6bb0-130e-4ec5-aad0-6c768e8e9dcd.taniSegKNN,Daiya_Moko_Ka_Kahega_Logava_907e6bb0-130e-4ec5-aad0-6c768e8e9dcd.taniSegKNN,.tanisegknn,0
Hindustani,a7d98897-e2fe-4d75-b9dc-e5b4dc88e1c6/Abdul_Rashid_Khan/Rasan_Piya_-_Volume_1/Daiya_Moko_Ka_Kahega_Logava_907e6bb0-130e-4ec5-aad0-6c768e8e9dcd.tonicFine,Daiya_Moko_Ka_Kahega_Logava_907e6bb0-130e-4ec5-aad0-6c768e8e9dcd.tonicFine,.tonicfine,25
Hindustani,a7d98897-e2fe-4d75-b9dc-e5b4dc88e1c6/Abdul_Rashid_Khan/Rasan_Piya_-_Volume_1/Nayan_Bich_Dore_Lal_c8c0b93e-0e7d-4e08-a1cc-95b0eecee5db.pitch,Nayan_Bich_Dore_Lal_c8c0b93e-0e7d-4e08-a1cc-95b0eecee5db.pitch,.pitch,2376662
Hindustani,a7d98897-e2fe-4d75-b9dc-e5b4dc88e1c6/Abdul_Rashid_Khan/Rasan_Piya_-_Volume_1/Nayan_Bich_Dore_Lal_c8c0b93e-0e7d-4e08-a1cc-95b0eecee5db.flatSegNyas,Nayan_Bich_Dore_Lal_c8c0b93e-0e7d-4e08-a1cc-95b0eecee5db.flatSegNyas,.flatsegnyas,9578
Hindustani,a7d98897-e2fe-4d75-b9dc-e5b4dc88e1c6/Abdul_Rashid_Khan/Rasan_Piya_-_Volume_1/Dhan_Dhan_Re_Tere_Ladla_ee202972-59a1-4576-9883-6e82124b356a.tonicFine,Dhan_Dhan_Re_Tere_Ladla_ee202972-59a1-4576-9883-6e82124b356a.tonicFine,.tonicfine,25
Hindustani,a7d98897-e2fe-4d75-b9dc-e5b4dc88e1c6/Abdul_Rashid_Khan/Rasan_Piya_-_Volume_1/Daiya_Moko_Ka_Kahega_Logava_907e6bb0-130e-4ec5-aad0-6c768e8e9dcd.tonic,Daiya_Moko_Ka_Kahega_Logava_907e6bb0-130e-4ec5-aad0-6c768e8e9dcd.tonic,.tonic,11
Hindustani,a7d98897-e2fe-4d75-b9dc-e5b4dc88e1c6/Abdul_Rashid_Khan/Rasan_Piya_-_Volume_1/Dhan_Dhan_Re_Tere_Ladla_ee202972-59a1-4576-9883-6e82124b356a.pitchSilIntrpPP,Dhan_Dhan_Re_Tere_Ladla_ee202972-59a1-4576-9883-6e82124b356a.pitchSilIntrpPP,.pitchsilintrppp,20814850
Hindustani,a7d98897-e2fe-4d75-b9dc-e5b4dc88e1c6/Abdul_Rashid_Khan/Rasan_Piya_-_Volume_1/Nayan_Bich_Dore_Lal_c8c0b93e-0e7d-4e08-a1cc-95b0eecee5db.tonicFine,Nayan_Bich_Dore_Lal_c8c0b93e-0e7d-4e08-a1cc-95b0eecee5db.tonicFine,.tonicfine,25
Hindustani,a7d98897-e2fe-4d75-b9dc-e5b4dc88e1c6/Abdul_Rashid_Khan/Rasan_Piya_-_Volume_1/Daiya_Moko_Ka_Kahega_Logava_907e6bb0-130e-4ec5-aad0-6c768e8e9dcd.pitchSilIntrpPP,Daiya_Moko_Ka_Kahega_Logava_907e6bb0-130e-4ec5-aad0-6c768e8e9dcd.pitchSilIntrpPP,.pitchsilintrppp,5342750
Hindustani,a7d98897-e2fe-4d75-b9dc-e5b4dc88e1c6/Abdul_Rashid_Khan/Rasan_Piya_-_Volume_1/Qutab_Rabani_Mehboob_Subhani_858a82b8-562e-4a7c-a7a2-6cbc65967e99.tonicFine,Qutab_Rabani_Mehboob_Subhani_858a82b8-562e-4a7c-a7a2-6cbc65967e99.tonicFine,.tonicfine,25
Hindustani,a7d98897-e2fe-4d75-b9dc-e5b4dc88e1c6/Abdul_Rashid_Khan/Rasan_Piya_-_Volume_1/Qutab_Rabani_Mehboob_Subhani_858a82b8-562e-4a7c-a7a2-6cbc65967e99.pitch,Qutab_Rabani_Mehboob_Subhani_858a82b8-562e-4a7c-a7a2-6cbc65967e99.pitch,.pitch,3819492
Hindustani,a7d98897-e2fe-4d75-b9dc-e5b4dc88e1c6/Omkar_Dadarkar/Raag_Bihag___Bhairavi_Dadra/Raag_Bihag_5d56b3ab-99d1-48c3-a785-269d74ccc944.pitchSilIntrpPP,Raag_Bihag_5d56b3ab-99d1-48c3-a785-269d74ccc944.pitchSilIntrpPP,.pitchsilintrppp,28316950
Hindustani,a7d98897-e2fe-4d75-b9dc-e5b4dc88e1c6/Omkar_Dadarkar/Raag_Bihag___Bhairavi_Dadra/Raag_Bihag_5d56b3ab-99d1-48c3-a785-269d74ccc944.pitch,Raag_Bihag_5d56b3ab-99d1-48c3-a785-269d74ccc944.pitch,.pitch,13585651
Hindustani,a7d98897-e2fe-4d75-b9dc-e5b4dc88e1c6/Omkar_Dadarkar/Raag_Bihag___Bhairavi_Dadra/Raag_Bihag_5d56b3ab-99d1-48c3-a785-269d74ccc944.taniSegKNN,Raag_Bihag_5d56b3ab-99d1-48c3-a785-269d74ccc944.taniSegKNN,.tanisegknn,0
Hindustani,a7d98897-e2fe-4d75-b9dc-e5b4dc88e1c6/Omkar_Dadarkar/Raag_Bihag___Bhairavi_Dadra/Raag_Bihag_5d56b3ab-99d1-48c3-a785-269d74ccc944.flatSegNyas,Raag_Bihag_5d56b3ab-99d1-48c3-a785-269d74ccc944.flatSegNyas,.flatsegnyas,36009
Hindustani,a7d98897-e2fe-4d75-b9dc-e5b4dc88e1c6/Omkar_Dadarkar/Raag_Bihag___Bhairavi_Dadra/Raag_Bihag_5d56b3ab-99d1-48c3-a785-269d74ccc944.tonic,Raag_Bihag_5d56b3ab-99d1-48c3-a785-269d74ccc944.tonic,.tonic,4
Hindustani,a7d98897-e2fe-4d75-b9dc-e5b4dc88e1c6/Omkar_Dadarkar/Raag_Bihag___Bhairavi_Dadra/Raag_Bihag_5d56b3ab-99d1-48c3-a785-269d74ccc944.tonicFine,Raag_Bihag_5d56b3ab-99d1-48c3-a785-269d74ccc944.tonicFine,.tonicfine,25
Hindustani,a7d98897-e2fe-4d75-b9dc-e5b4dc88e1c6/Omkarnath_Thakur/An_Undying_Parampara_Vol__2/Kaise_Siukh_Soye_fecfe4a8-a68e-4ced-93d9-5d47fd4505cd.tonic,Kaise_Siukh_Soye_fecfe4a8-a68e-4ced-93d9-5d47fd4505cd.tonic,.tonic,11
Hindustani,a7d98897-e2fe-4d75-b9dc-e5b4dc88e1c6/Omkarnath_Thakur/An_Undying_Parampara_Vol__2/Ab_Ho_Lalan_Mai_3148a17b-6be7-4f5e-bc35-84196b3c64b6.flatSegNyas,Ab_Ho_Lalan_Mai_3148a17b-6be7-4f5e-bc35-84196b3c64b6.flatSegNyas,.flatsegnyas,4828
Hindustani,a7d98897-e2fe-4d75-b9dc-e5b4dc88e1c6/Omkarnath_Thakur/An_Undying_Parampara_Vol__2/Ab_Ho_Lalan_Mai_3148a17b-6be7-4f5e-bc35-84196b3c64b6.taniSegKNN,Ab_Ho_Lalan_Mai_3148a17b-6be7-4f5e-bc35-84196b3c64b6.taniSegKNN,.tanisegknn,0
Hindustani,a7d98897-e2fe-4d75-b9dc-e5b4dc88e1c6/Omkarnath_Thakur/An_Undying_Parampara_Vol__2/Kaise_Siukh_Soye_fecfe4a8-a68e-4ced-93d9-5d47fd4505cd.flatSegNyas,Kaise_Siukh_Soye_fecfe4a8-a68e-4ced-93d9-5d47fd4505cd.flatSegNyas,.flatsegnyas,29610
Hindustani,a7d98897-e2fe-4d75-b9dc-e5b4dc88e1c6/Omkarnath_Thakur/An_Undying_Parampara_Vol__2/Ab_Ho_Lalan_Mai_3148a17b-6be7-4f5e-bc35-84196b3c64b6.pitch,Ab_Ho_Lalan_Mai_3148a17b-6be7-4f5e-bc35-84196b3c64b6.pitch,.pitch,2015292
Hindustani,a7d98897-e2fe-4d75-b9dc-e5b4dc88e1c6/Omkarnath_Thakur/An_Undying_Parampara_Vol__2/Kaise_Siukh_Soye_fecfe4a8-a68e-4ced-93d9-5d47fd4505cd.pitchSilIntrpPP,Kaise_Siukh_Soye_fecfe4a8-a68e-4ced-93d9-5d47fd4505cd.pitchSilIntrpPP,.pitchsilintrppp,20880650
Hindustani,a7d98897-e2fe-4d75-b9dc-e5b4dc88e1c6/Omkarnath_Thakur/An_Undying_Parampara_Vol__2/Kaise_Siukh_Soye_fecfe4a8-a68e-4ced-93d9-5d47fd4505cd.pitch,Kaise_Siukh_Soye_fecfe4a8-a68e-4ced-93d9-5d47fd4505cd.pitch,.pitch,9895093
Hindustani,a7d98897-e2fe-4d75-b9dc-e5b4dc88e1c6/Omkarnath_Thakur/An_Undying_Parampara_Vol__2/Ab_Ho_Lalan_Mai_3148a17b-6be7-4f5e-bc35-84196b3c64b6.tonicFine,Ab_Ho_Lalan_Mai_3148a17b-6be7-4f5e-bc35-84196b3c64b6.tonicFine,.tonicfine,25
Hindustani,a7d98897-e2fe-4d75-b9dc-e5b4dc88e1c6/Omkarnath_Thakur/An_Undying_Parampara_Vol__2/Kaise_Siukh_Soye_fecfe4a8-a68e-4ced-93d9-5d47fd4505cd.tonicFine,Kaise_Siukh_Soye_fecfe4a8-a68e-4ced-93d9-5d47fd4505cd.tonicFine,.tonicfine,25
Hindustani,a7d98897-e2fe-4d75-b9dc-e5b4dc88e1c6/Omkarnath_Thakur/An_Undying_Parampara_Vol__2/Ab_Ho_Lalan_Mai_3148a17b-6be7-4f5e-bc35-84196b3c64b6.tonic,Ab_Ho_Lalan_Mai_3148a17b-6be7-4f5e-bc35-84196b3c64b6.tonic,.tonic,11
Hindustani,a7d98897-e2fe-4d75-b9dc-e5b4dc88e1c6/Omkarnath_Thakur/An_Undying_Parampara_Vol__2/Ab_Ho_Lalan_Mai_3148a17b-6be7-4f5e-bc35-84196b3c64b6.pitchSilIntrpPP,Ab_Ho_Lalan_Mai_3148a17b-6be7-4f5e-bc35-84196b3c64b6.pitchSilIntrpPP,.pitchsilintrppp,4371600
Hindustani,a7d98897-e2fe-4d75-b9dc-e5b4dc88e1c6/Omkarnath_Thakur/An_Undying_Parampara_Vol__2/Kaise_Siukh_Soye_fecfe4a8-a68e-4ced-93d9-5d47fd4505cd.taniSegKNN,Kaise_Siukh_Soye_fecfe4a8-a68e-4ced-93d9-5d47fd4505cd.taniSegKNN,.tanisegknn,0
Hindustani,a7d98897-e2fe-4d75-b9dc-e5b4dc88e1c6/Deborshee_Bhattacharya/Raag_Bihag/Raag_Bihag_f0ce173e-e69b-4baf-8c23-cdd63fd15ab1.taniSegKNN,Raag_Bihag_f0ce173e-e69b-4baf-8c23-cdd63fd15ab1.taniSegKNN,.tanisegknn,0
Hindustani,a7d98897-e2fe-4d75-b9dc-e5b4dc88e1c6/Deborshee_Bhattacharya/Raag_Bihag/Raag_Bihag_f0ce173e-e69b-4baf-8c23-cdd63fd15ab1.flatSegNyas,Raag_Bihag_f0ce173e-e69b-4baf-8c23-cdd63fd15ab1.flatSegNyas,.flatsegnyas,71963
Hindustani,a7d98897-e2fe-4d75-b9dc-e5b4dc88e1c6/Deborshee_Bhattacharya/Raag_Bihag/Raag_Bihag_f0ce173e-e69b-4baf-8c23-cdd63fd15ab1.tonicFine,Raag_Bihag_f0ce173e-e69b-4baf-8c23-cdd63fd15ab1.tonicFine,.tonicfine,25
Hindustani,a7d98897-e2fe-4d75-b9dc-e5b4dc88e1c6/Deborshee_Bhattacharya/Raag_Bihag/Raag_Bihag_f0ce173e-e69b-4baf-8c23-cdd63fd15ab1.tonic,Raag_Bihag_f0ce173e-e69b-4baf-8c23-cdd63fd15ab1.tonic,.tonic,11
Hindustani,a7d98897-e2fe-4d75-b9dc-e5b4dc88e1c6/Deborshee_Bhattacharya/Raag_Bihag/Raag_Bihag_f0ce173e-e69b-4baf-8c23-cdd63fd15ab1.pitchSilIntrpPP,Raag_Bihag_f0ce173e-e69b-4baf-8c23-cdd63fd15ab1.pitchSilIntrpPP,.pitchsilintrppp,44884850
Hindustani,a7d98897-e2fe-4d75-b9dc-e5b4dc88e1c6/Deborshee_Bhattacharya/Raag_Bihag/Raag_Bihag_f0ce173e-e69b-4baf-8c23-cdd63fd15ab1.pitch,Raag_Bihag_f0ce173e-e69b-4baf-8c23-cdd63fd15ab1.pitch,.pitch,21775436
Hindustani,a7d98897-e2fe-4d75-b9dc-e5b4dc88e1c6/Manik_Bhide/The_Sanctity_of_Parampara/Bajeri_Mori_Payal_Jhanana_and_Lat_Ulajhi_Sulajha_Ja_Balam_82d9adb4-ad60-4437-b3ed-a5dda2a77f61.tonic,Bajeri_Mori_Payal_Jhanana_and_Lat_Ulajhi_Sulajha_Ja_Balam_82d9adb4-ad60-4437-b3ed-a5dda2a77f61.tonic,.tonic,11
Hindustani,a7d98897-e2fe-4d75-b9dc-e5b4dc88e1c6/Manik_Bhide/The_Sanctity_of_Parampara/Bajeri_Mori_Payal_Jhanana_and_Lat_Ulajhi_Sulajha_Ja_Balam_82d9adb4-ad60-4437-b3ed-a5dda2a77f61.pitch,Bajeri_Mori_Payal_Jhanana_and_Lat_Ulajhi_Sulajha_Ja_Balam_82d9adb4-ad60-4437-b3ed-a5dda2a77f61.pitch,.pitch,9684856
Hindustani,a7d98897-e2fe-4d75-b9dc-e5b4dc88e1c6/Manik_Bhide/The_Sanctity_of_Parampara/Bajeri_Mori_Payal_Jhanana_and_Lat_Ulajhi_Sulajha_Ja_Balam_82d9adb4-ad60-4437-b3ed-a5dda2a77f61.pitchSilIntrpPP,Bajeri_Mori_Payal_Jhanana_and_Lat_Ulajhi_Sulajha_Ja_Balam_82d9adb4-ad60-4437-b3ed-a5dda2a77f61.pitchSilIntrpPP,.pitchsilintrppp,20298000
Hindustani,a7d98897-e2fe-4d75-b9dc-e5b4dc88e1c6/Manik_Bhide/The_Sanctity_of_Parampara/Bajeri_Mori_Payal_Jhanana_and_Lat_Ulajhi_Sulajha_Ja_Balam_82d9adb4-ad60-4437-b3ed-a5dda2a77f61.taniSegKNN,Bajeri_Mori_Payal_Jhanana_and_Lat_Ulajhi_Sulajha_Ja_Balam_82d9adb4-ad60-4437-b3ed-a5dda2a77f61.taniSegKNN,.tanisegknn,0
Hindustani,a7d98897-e2fe-4d75-b9dc-e5b4dc88e1c6/Manik_Bhide/The_Sanctity_of_Parampara/Bajeri_Mori_Payal_Jhanana_and_Lat_Ulajhi_Sulajha_Ja_Balam_82d9adb4-ad60-4437-b3ed-a5dda2a77f61.tonicFine,Bajeri_Mori_Payal_Jhanana_and_Lat_Ulajhi_Sulajha_Ja_Balam_82d9adb4-ad60-4437-b3ed-a5dda2a77f61.tonicFine,.tonicfine,25
Hindustani,a7d98897-e2fe-4d75-b9dc-e5b4dc88e1c6/Manik_Bhide/The_Sanctity_of_Parampara/Bajeri_Mori_Payal_Jhanana_and_Lat_Ulajhi_Sulajha_Ja_Balam_82d9adb4-ad60-4437-b3ed-a5dda2a77f61.flatSegNyas,Bajeri_Mori_Payal_Jhanana_and_Lat_Ulajhi_Sulajha_Ja_Balam_82d9adb4-ad60-4437-b3ed-a5dda2a77f61.flatSegNyas,.flatsegnyas,29936
Hindustani,063ea5a0-23b1-4bb5-8537-3d924fe8ebb3/Brajeshwar_Mukherjee/Raag_Jog___Hameer/Raag_Jog_d0781259-2c63-4b35-8ca3-75c19a98e275.taniSegKNN,Raag_Jog_d0781259-2c63-4b35-8ca3-75c19a98e275.taniSegKNN,.tanisegknn,0
Hindustani,063ea5a0-23b1-4bb5-8537-3d924fe8ebb3/Brajeshwar_Mukherjee/Raag_Jog___Hameer/Raag_Jog_d0781259-2c63-4b35-8ca3-75c19a98e275.pitchSilIntrpPP,Raag_Jog_d0781259-2c63-4b35-8ca3-75c19a98e275.pitchSilIntrpPP,.pitchsilintrppp,22651850
Hindustani,063ea5a0-23b1-4bb5-8537-3d924fe8ebb3/Brajeshwar_Mukherjee/Raag_Jog___Hameer/Raag_Jog_d0781259-2c63-4b35-8ca3-75c19a98e275.flatSegNyas,Raag_Jog_d0781259-2c63-4b35-8ca3-75c19a98e275.flatSegNyas,.flatsegnyas,24938
Hindustani,063ea5a0-23b1-4bb5-8537-3d924fe8ebb3/Brajeshwar_Mukherjee/Raag_Jog___Hameer/Raag_Jog_d0781259-2c63-4b35-8ca3-75c19a98e275.tonic,Raag_Jog_d0781259-2c63-4b35-8ca3-75c19a98e275.tonic,.tonic,11
Hindustani,063ea5a0-23b1-4bb5-8537-3d924fe8ebb3/Brajeshwar_Mukherjee/Raag_Jog___Hameer/Raag_Jog_d0781259-2c63-4b35-8ca3-75c19a98e275.pitch,Raag_Jog_d0781259-2c63-4b35-8ca3-75c19a98e275.pitch,.pitch,10794386
Hindustani,063ea5a0-23b1-4bb5-8537-3d924fe8ebb3/Brajeshwar_Mukherjee/Raag_Jog___Hameer/Raag_Jog_d0781259-2c63-4b35-8ca3-75c19a98e275.tonicFine,Raag_Jog_d0781259-2c63-4b35-8ca3-75c19a98e275.tonicFine,.tonicfine,25
Hindustani,063ea5a0-23b1-4bb5-8537-3d924fe8ebb3/Girija_Devi/Diva/Raag_Jog_-_Khayal_59ebf93e-fb88-4ac1-b400-000ffbc7ae3d.pitchSilIntrpPP,Raag_Jog_-_Khayal_59ebf93e-fb88-4ac1-b400-000ffbc7ae3d.pitchSilIntrpPP,.pitchsilintrppp,25029350
Hindustani,063ea5a0-23b1-4bb5-8537-3d924fe8ebb3/Girija_Devi/Diva/Raag_Jog_-_Khayal_59ebf93e-fb88-4ac1-b400-000ffbc7ae3d.tonic,Raag_Jog_-_Khayal_59ebf93e-fb88-4ac1-b400-000ffbc7ae3d.tonic,.tonic,11
Hindustani,063ea5a0-23b1-4bb5-8537-3d924fe8ebb3/Girija_Devi/Diva/Raag_Jog_-_Khayal_59ebf93e-fb88-4ac1-b400-000ffbc7ae3d.flatSegNyas,Raag_Jog_-_Khayal_59ebf93e-fb88-4ac1-b400-000ffbc7ae3d.flatSegNyas,.flatsegnyas,38693
Hindustani,063ea5a0-23b1-4bb5-8537-3d924fe8ebb3/Girija_Devi/Diva/Raag_Jog_-_Khayal_59ebf93e-fb88-4ac1-b400-000ffbc7ae3d.tonicFine,Raag_Jog_-_Khayal_59ebf93e-fb88-4ac1-b400-000ffbc7ae3d.tonicFine,.tonicfine,25
Hindustani,063ea5a0-23b1-4bb5-8537-3d924fe8ebb3/Girija_Devi/Diva/Raag_Jog_-_Khayal_59ebf93e-fb88-4ac1-b400-000ffbc7ae3d.taniSegKNN,Raag_Jog_-_Khayal_59ebf93e-fb88-4ac1-b400-000ffbc7ae3d.taniSegKNN,.tanisegknn,0
Hindustani,063ea5a0-23b1-4bb5-8537-3d924fe8ebb3/Girija_Devi/Diva/Raag_Jog_-_Khayal_59ebf93e-fb88-4ac1-b400-000ffbc7ae3d.pitch,Raag_Jog_-_Khayal_59ebf93e-fb88-4ac1-b400-000ffbc7ae3d.pitch,.pitch,11976974
Hindustani,063ea5a0-23b1-4bb5-8537-3d924fe8ebb3/Ajoy_Chakrabarty/Raag_Kedar___Jog/Raag_Jog_566d6c64-ae66-45e7-9f91-e33cd6c0f18f.taniSegKNN,Raag_Jog_566d6c64-ae66-45e7-9f91-e33cd6c0f18f.taniSegKNN,.tanisegknn,0
Hindustani,063ea5a0-23b1-4bb5-8537-3d924fe8ebb3/Ajoy_Chakrabarty/Raag_Kedar___Jog/Raag_Jog_566d6c64-ae66-45e7-9f91-e33cd6c0f18f.pitchSilIntrpPP,Raag_Jog_566d6c64-ae66-45e7-9f91-e33cd6c0f18f.pitchSilIntrpPP,.pitchsilintrppp,35407900
Hindustani,063ea5a0-23b1-4bb5-8537-3d924fe8ebb3/Ajoy_Chakrabarty/Raag_Kedar___Jog/Raag_Jog_566d6c64-ae66-45e7-9f91-e33cd6c0f18f.flatSegNyas,Raag_Jog_566d6c64-ae66-45e7-9f91-e33cd6c0f18f.flatSegNyas,.flatsegnyas,47819
Hindustani,063ea5a0-23b1-4bb5-8537-3d924fe8ebb3/Ajoy_Chakrabarty/Raag_Kedar___Jog/Raag_Jog_566d6c64-ae66-45e7-9f91-e33cd6c0f18f.pitch,Raag_Jog_566d6c64-ae66-45e7-9f91-e33cd6c0f18f.pitch,.pitch,17070717
Hindustani,063ea5a0-23b1-4bb5-8537-3d924fe8ebb3/Ajoy_Chakrabarty/Raag_Kedar___Jog/Raag_Jog_566d6c64-ae66-45e7-9f91-e33cd6c0f18f.tonicFine,Raag_Jog_566d6c64-ae66-45e7-9f91-e33cd6c0f18f.tonicFine,.tonicfine,25
Hindustani,063ea5a0-23b1-4bb5-8537-3d924fe8ebb3/Ajoy_Chakrabarty/Raag_Kedar___Jog/Raag_Jog_566d6c64-ae66-45e7-9f91-e33cd6c0f18f.tonic,Raag_Jog_566d6c64-ae66-45e7-9f91-e33cd6c0f18f.tonic,.tonic,11
Hindustani,063ea5a0-23b1-4bb5-8537-3d924fe8ebb3/Kaustuv_Kanti_Ganguli/Raag_Jog___Kirwani_Bhajan/Raag_Jog_99dcaebe-ab49-4fa3-ab6c-a9458143af8e.tonicFine,Raag_Jog_99dcaebe-ab49-4fa3-ab6c-a9458143af8e.tonicFine,.tonicfine,25
Hindustani,063ea5a0-23b1-4bb5-8537-3d924fe8ebb3/Kaustuv_Kanti_Ganguli/Raag_Jog___Kirwani_Bhajan/Raag_Jog_99dcaebe-ab49-4fa3-ab6c-a9458143af8e.taniSegKNN,Raag_Jog_99dcaebe-ab49-4fa3-ab6c-a9458143af8e.taniSegKNN,.tanisegknn,0
Hindustani,063ea5a0-23b1-4bb5-8537-3d924fe8ebb3/Kaustuv_Kanti_Ganguli/Raag_Jog___Kirwani_Bhajan/Raag_Jog_99dcaebe-ab49-4fa3-ab6c-a9458143af8e.tonic,Raag_Jog_99dcaebe-ab49-4fa3-ab6c-a9458143af8e.tonic,.tonic,11
Hindustani,063ea5a0-23b1-4bb5-8537-3d924fe8ebb3/Kaustuv_Kanti_Ganguli/Raag_Jog___Kirwani_Bhajan/Raag_Jog_99dcaebe-ab49-4fa3-ab6c-a9458143af8e.flatSegNyas,Raag_Jog_99dcaebe-ab49-4fa3-ab6c-a9458143af8e.flatSegNyas,.flatsegnyas,44007
Hindustani,063ea5a0-23b1-4bb5-8537-3d924fe8ebb3/Kaustuv_Kanti_Ganguli/Raag_Jog___Kirwani_Bhajan/Raag_Jog_99dcaebe-ab49-4fa3-ab6c-a9458143af8e.pitchSilIntrpPP,Raag_Jog_99dcaebe-ab49-4fa3-ab6c-a9458143af8e.pitchSilIntrpPP,.pitchsilintrppp,32891750
Hindustani,063ea5a0-23b1-4bb5-8537-3d924fe8ebb3/Kaustuv_Kanti_Ganguli/Raag_Jog___Kirwani_Bhajan/Raag_Jog_99dcaebe-ab49-4fa3-ab6c-a9458143af8e.pitch,Raag_Jog_99dcaebe-ab49-4fa3-ab6c-a9458143af8e.pitch,.pitch,15979577
Hindustani,063ea5a0-23b1-4bb5-8537-3d924fe8ebb3/Jasraj/Devataa/Bandish_In_Vlambit_Ektaal_-_Raag_Jog_3f66f0dc-73b7-48c4-8ad7-1f1a7dacd8bb.flatSegNyas,Bandish_In_Vlambit_Ektaal_-_Raag_Jog_3f66f0dc-73b7-48c4-8ad7-1f1a7dacd8bb.flatSegNyas,.flatsegnyas,32368
Hindustani,063ea5a0-23b1-4bb5-8537-3d924fe8ebb3/Jasraj/Devataa/Alaap_And_Stuti_-_Raag_Jog_86d7779a-1610-4514-83a6-883997250abe.tonicFine,Alaap_And_Stuti_-_Raag_Jog_86d7779a-1610-4514-83a6-883997250abe.tonicFine,.tonicfine,25
Hindustani,063ea5a0-23b1-4bb5-8537-3d924fe8ebb3/Jasraj/Devataa/Bandish_In_Drut_Teentaal_-_Raag_Jog_c02f714f-e4e6-4da6-af07-cea8a03c0e5c.pitchSilIntrpPP,Bandish_In_Drut_Teentaal_-_Raag_Jog_c02f714f-e4e6-4da6-af07-cea8a03c0e5c.pitchSilIntrpPP,.pitchsilintrppp,11167400
Hindustani,063ea5a0-23b1-4bb5-8537-3d924fe8ebb3/Jasraj/Devataa/Alaap_And_Stuti_-_Raag_Jog_86d7779a-1610-4514-83a6-883997250abe.pitch,Alaap_And_Stuti_-_Raag_Jog_86d7779a-1610-4514-83a6-883997250abe.pitch,.pitch,1732236
Hindustani,063ea5a0-23b1-4bb5-8537-3d924fe8ebb3/Jasraj/Devataa/Bandish_In_Drut_Teentaal_-_Raag_Jog_c02f714f-e4e6-4da6-af07-cea8a03c0e5c.tonicFine,Bandish_In_Drut_Teentaal_-_Raag_Jog_c02f714f-e4e6-4da6-af07-cea8a03c0e5c.tonicFine,.tonicfine,25
Hindustani,063ea5a0-23b1-4bb5-8537-3d924fe8ebb3/Jasraj/Devataa/Alaap_And_Stuti_-_Raag_Jog_86d7779a-1610-4514-83a6-883997250abe.pitchSilIntrpPP,Alaap_And_Stuti_-_Raag_Jog_86d7779a-1610-4514-83a6-883997250abe.pitchSilIntrpPP,.pitchsilintrppp,3762000
Hindustani,063ea5a0-23b1-4bb5-8537-3d924fe8ebb3/Jasraj/Devataa/Bandish_In_Vlambit_Ektaal_-_Raag_Jog_3f66f0dc-73b7-48c4-8ad7-1f1a7dacd8bb.pitchSilIntrpPP,Bandish_In_Vlambit_Ektaal_-_Raag_Jog_3f66f0dc-73b7-48c4-8ad7-1f1a7dacd8bb.pitchSilIntrpPP,.pitchsilintrppp,27625850
Hindustani,063ea5a0-23b1-4bb5-8537-3d924fe8ebb3/Jasraj/Devataa/Bandish_In_Vlambit_Ektaal_-_Raag_Jog_3f66f0dc-73b7-48c4-8ad7-1f1a7dacd8bb.tonic,Bandish_In_Vlambit_Ektaal_-_Raag_Jog_3f66f0dc-73b7-48c4-8ad7-1f1a7dacd8bb.tonic,.tonic,11
Hindustani,063ea5a0-23b1-4bb5-8537-3d924fe8ebb3/Jasraj/Devataa/Bandish_In_Drut_Teentaal_-_Raag_Jog_c02f714f-e4e6-4da6-af07-cea8a03c0e5c.flatSegNyas,Bandish_In_Drut_Teentaal_-_Raag_Jog_c02f714f-e4e6-4da6-af07-cea8a03c0e5c.flatSegNyas,.flatsegnyas,16963
Hindustani,063ea5a0-23b1-4bb5-8537-3d924fe8ebb3/Jasraj/Devataa/Bandish_In_Vlambit_Ektaal_-_Raag_Jog_3f66f0dc-73b7-48c4-8ad7-1f1a7dacd8bb.taniSegKNN,Bandish_In_Vlambit_Ektaal_-_Raag_Jog_3f66f0dc-73b7-48c4-8ad7-1f1a7dacd8bb.taniSegKNN,.tanisegknn,0
Hindustani,063ea5a0-23b1-4bb5-8537-3d924fe8ebb3/Jasraj/Devataa/Alaap_And_Stuti_-_Raag_Jog_86d7779a-1610-4514-83a6-883997250abe.tonic,Alaap_And_Stuti_-_Raag_Jog_86d7779a-1610-4514-83a6-883997250abe.tonic,.tonic,11
Hindustani,063ea5a0-23b1-4bb5-8537-3d924fe8ebb3/Jasraj/Devataa/Bandish_In_Drut_Teentaal_-_Raag_Jog_c02f714f-e4e6-4da6-af07-cea8a03c0e5c.pitch,Bandish_In_Drut_Teentaal_-_Raag_Jog_c02f714f-e4e6-4da6-af07-cea8a03c0e5c.pitch,.pitch,5186281
Hindustani,063ea5a0-23b1-4bb5-8537-3d924fe8ebb3/Jasraj/Devataa/Alaap_And_Stuti_-_Raag_Jog_86d7779a-1610-4514-83a6-883997250abe.flatSegNyas,Alaap_And_Stuti_-_Raag_Jog_86d7779a-1610-4514-83a6-883997250abe.flatSegNyas,.flatsegnyas,3107
Hindustani,063ea5a0-23b1-4bb5-8537-3d924fe8ebb3/Jasraj/Devataa/Bandish_In_Drut_Teentaal_-_Raag_Jog_c02f714f-e4e6-4da6-af07-cea8a03c0e5c.tonic,Bandish_In_Drut_Teentaal_-_Raag_Jog_c02f714f-e4e6-4da6-af07-cea8a03c0e5c.tonic,.tonic,11
Hindustani,063ea5a0-23b1-4bb5-8537-3d924fe8ebb3/Jasraj/Devataa/Bandish_In_Drut_Teentaal_-_Raag_Jog_c02f714f-e4e6-4da6-af07-cea8a03c0e5c.taniSegKNN,Bandish_In_Drut_Teentaal_-_Raag_Jog_c02f714f-e4e6-4da6-af07-cea8a03c0e5c.taniSegKNN,.tanisegknn,0
Hindustani,063ea5a0-23b1-4bb5-8537-3d924fe8ebb3/Jasraj/Devataa/Alaap_And_Stuti_-_Raag_Jog_86d7779a-1610-4514-83a6-883997250abe.taniSegKNN,Alaap_And_Stuti_-_Raag_Jog_86d7779a-1610-4514-83a6-883997250abe.taniSegKNN,.tanisegknn,0
Hindustani,063ea5a0-23b1-4bb5-8537-3d924fe8ebb3/Jasraj/Devataa/Bandish_In_Vlambit_Ektaal_-_Raag_Jog_3f66f0dc-73b7-48c4-8ad7-1f1a7dacd8bb.tonicFine,Bandish_In_Vlambit_Ektaal_-_Raag_Jog_3f66f0dc-73b7-48c4-8ad7-1f1a7dacd8bb.tonicFine,.tonicfine,25
Hindustani,063ea5a0-23b1-4bb5-8537-3d924fe8ebb3/Jasraj/Devataa/Bandish_In_Vlambit_Ektaal_-_Raag_Jog_3f66f0dc-73b7-48c4-8ad7-1f1a7dacd8bb.pitch,Bandish_In_Vlambit_Ektaal_-_Raag_Jog_3f66f0dc-73b7-48c4-8ad7-1f1a7dacd8bb.pitch,.pitch,13179727
Hindustani,063ea5a0-23b1-4bb5-8537-3d924fe8ebb3/Amir_Khan/From_The_Archives_Of_Sangeet_Natak_Akademi/Raga_Jog_7a383e3f-b0a6-4aca-92df-e53c3d928a2d.pitchSilIntrpPP,Raga_Jog_7a383e3f-b0a6-4aca-92df-e53c3d928a2d.pitchSilIntrpPP,.pitchsilintrppp,20506850
Hindustani,063ea5a0-23b1-4bb5-8537-3d924fe8ebb3/Amir_Khan/From_The_Archives_Of_Sangeet_Natak_Akademi/Raga_Jog_7a383e3f-b0a6-4aca-92df-e53c3d928a2d.tonic,Raga_Jog_7a383e3f-b0a6-4aca-92df-e53c3d928a2d.tonic,.tonic,4
Hindustani,063ea5a0-23b1-4bb5-8537-3d924fe8ebb3/Amir_Khan/From_The_Archives_Of_Sangeet_Natak_Akademi/Raga_Jog_7a383e3f-b0a6-4aca-92df-e53c3d928a2d.taniSegKNN,Raga_Jog_7a383e3f-b0a6-4aca-92df-e53c3d928a2d.taniSegKNN,.tanisegknn,0
Hindustani,063ea5a0-23b1-4bb5-8537-3d924fe8ebb3/Amir_Khan/From_The_Archives_Of_Sangeet_Natak_Akademi/Raga_Jog_7a383e3f-b0a6-4aca-92df-e53c3d928a2d.pitch,Raga_Jog_7a383e3f-b0a6-4aca-92df-e53c3d928a2d.pitch,.pitch,9722928
Hindustani,063ea5a0-23b1-4bb5-8537-3d924fe8ebb3/Amir_Khan/From_The_Archives_Of_Sangeet_Natak_Akademi/Raga_Jog_7a383e3f-b0a6-4aca-92df-e53c3d928a2d.flatSegNyas,Raga_Jog_7a383e3f-b0a6-4aca-92df-e53c3d928a2d.flatSegNyas,.flatsegnyas,17148
Hindustani,063ea5a0-23b1-4bb5-8537-3d924fe8ebb3/Amir_Khan/From_The_Archives_Of_Sangeet_Natak_Akademi/Raga_Jog_7a383e3f-b0a6-4aca-92df-e53c3d928a2d.tonicFine,Raga_Jog_7a383e3f-b0a6-4aca-92df-e53c3d928a2d.tonicFine,.tonicfine,25
Hindustani,063ea5a0-23b1-4bb5-8537-3d924fe8ebb3/Madhup_Mudgal/Eternal_Music/Raga_Jog_baea9093-d2c8-4529-8bc8-02ce7554c555.taniSegKNN,Raga_Jog_baea9093-d2c8-4529-8bc8-02ce7554c555.taniSegKNN,.tanisegknn,0
Hindustani,063ea5a0-23b1-4bb5-8537-3d924fe8ebb3/Madhup_Mudgal/Eternal_Music/Raga_Jog_baea9093-d2c8-4529-8bc8-02ce7554c555.tonic,Raga_Jog_baea9093-d2c8-4529-8bc8-02ce7554c555.tonic,.tonic,11
Hindustani,063ea5a0-23b1-4bb5-8537-3d924fe8ebb3/Madhup_Mudgal/Eternal_Music/Raga_Jog_baea9093-d2c8-4529-8bc8-02ce7554c555.pitch,Raga_Jog_baea9093-d2c8-4529-8bc8-02ce7554c555.pitch,.pitch,3048065
Hindustani,063ea5a0-23b1-4bb5-8537-3d924fe8ebb3/Madhup_Mudgal/Eternal_Music/Raga_Jog_baea9093-d2c8-4529-8bc8-02ce7554c555.flatSegNyas,Raga_Jog_baea9093-d2c8-4529-8bc8-02ce7554c555.flatSegNyas,.flatsegnyas,10687
Hindustani,063ea5a0-23b1-4bb5-8537-3d924fe8ebb3/Madhup_Mudgal/Eternal_Music/Raga_Jog_baea9093-d2c8-4529-8bc8-02ce7554c555.tonicFine,Raga_Jog_baea9093-d2c8-4529-8bc8-02ce7554c555.tonicFine,.tonicfine,25
Hindustani,063ea5a0-23b1-4bb5-8537-3d924fe8ebb3/Madhup_Mudgal/Eternal_Music/Raga_Jog_baea9093-d2c8-4529-8bc8-02ce7554c555.pitchSilIntrpPP,Raga_Jog_baea9093-d2c8-4529-8bc8-02ce7554c555.pitchSilIntrpPP,.pitchsilintrppp,6557350
Hindustani,063ea5a0-23b1-4bb5-8537-3d924fe8ebb3/Shrinivas_Joshi/Swarakruti/Raga_Jog_a7f6551d-9696-4713-becb-b22acf71a7db.taniSegKNN,Raga_Jog_a7f6551d-9696-4713-becb-b22acf71a7db.taniSegKNN,.tanisegknn,0
Hindustani,063ea5a0-23b1-4bb5-8537-3d924fe8ebb3/Shrinivas_Joshi/Swarakruti/Raga_Jog_a7f6551d-9696-4713-becb-b22acf71a7db.pitchSilIntrpPP,Raga_Jog_a7f6551d-9696-4713-becb-b22acf71a7db.pitchSilIntrpPP,.pitchsilintrppp,4009150
Hindustani,063ea5a0-23b1-4bb5-8537-3d924fe8ebb3/Shrinivas_Joshi/Swarakruti/Raga_Jog_a7f6551d-9696-4713-becb-b22acf71a7db.flatSegNyas,Raga_Jog_a7f6551d-9696-4713-becb-b22acf71a7db.flatSegNyas,.flatsegnyas,4249
Hindustani,063ea5a0-23b1-4bb5-8537-3d924fe8ebb3/Shrinivas_Joshi/Swarakruti/Raga_Jog_a7f6551d-9696-4713-becb-b22acf71a7db.pitch,Raga_Jog_a7f6551d-9696-4713-becb-b22acf71a7db.pitch,.pitch,1846469
Hindustani,063ea5a0-23b1-4bb5-8537-3d924fe8ebb3/Shrinivas_Joshi/Swarakruti/Raga_Jog_a7f6551d-9696-4713-becb-b22acf71a7db.tonicFine,Raga_Jog_a7f6551d-9696-4713-becb-b22acf71a7db.tonicFine,.tonicfine,25
Hindustani,063ea5a0-23b1-4bb5-8537-3d924fe8ebb3/Shrinivas_Joshi/Swarakruti/Raga_Jog_a7f6551d-9696-4713-becb-b22acf71a7db.tonic,Raga_Jog_a7f6551d-9696-4713-becb-b22acf71a7db.tonic,.tonic,11
Hindustani,dd59147d-8775-44ff-a36b-0d9f15b31319/Rashid_Khan/Evergreen/Raga_Bilaskhani_Todi_a655cf94-bb5f-4971-897a-9c20cdab828b.tonicFine,Raga_Bilaskhani_Todi_a655cf94-bb5f-4971-897a-9c20cdab828b.tonicFine,.tonicfine,25
Hindustani,dd59147d-8775-44ff-a36b-0d9f15b31319/Rashid_Khan/Evergreen/Raga_Bilaskhani_Todi_a655cf94-bb5f-4971-897a-9c20cdab828b.flatSegNyas,Raga_Bilaskhani_Todi_a655cf94-bb5f-4971-897a-9c20cdab828b.flatSegNyas,.flatsegnyas,14543
Hindustani,dd59147d-8775-44ff-a36b-0d9f15b31319/Rashid_Khan/Evergreen/Raga_Bilaskhani_Todi_a655cf94-bb5f-4971-897a-9c20cdab828b.taniSegKNN,Raga_Bilaskhani_Todi_a655cf94-bb5f-4971-897a-9c20cdab828b.taniSegKNN,.tanisegknn,0
Hindustani,dd59147d-8775-44ff-a36b-0d9f15b31319/Rashid_Khan/Evergreen/Raga_Bilaskhani_Todi_a655cf94-bb5f-4971-897a-9c20cdab828b.pitch,Raga_Bilaskhani_Todi_a655cf94-bb5f-4971-897a-9c20cdab828b.pitch,.pitch,4594410
Hindustani,dd59147d-8775-44ff-a36b-0d9f15b31319/Rashid_Khan/Evergreen/Raga_Bilaskhani_Todi_a655cf94-bb5f-4971-897a-9c20cdab828b.tonic,Raga_Bilaskhani_Todi_a655cf94-bb5f-4971-897a-9c20cdab828b.tonic,.tonic,11
Hindustani,dd59147d-8775-44ff-a36b-0d9f15b31319/Rashid_Khan/Evergreen/Raga_Bilaskhani_Todi_a655cf94-bb5f-4971-897a-9c20cdab828b.pitchSilIntrpPP,Raga_Bilaskhani_Todi_a655cf94-bb5f-4971-897a-9c20cdab828b.pitchSilIntrpPP,.pitchsilintrppp,9866150
Hindustani,dd59147d-8775-44ff-a36b-0d9f15b31319/Shruti_Sadolikar/Khayal/Raga_-_Bilaskhani_Todi_cdd148c7-07e4-46c9-88d9-fbbfcea2edf5.tonic,Raga_-_Bilaskhani_Todi_cdd148c7-07e4-46c9-88d9-fbbfcea2edf5.tonic,.tonic,11
Hindustani,dd59147d-8775-44ff-a36b-0d9f15b31319/Shruti_Sadolikar/Khayal/Raga_-_Bilaskhani_Todi_cdd148c7-07e4-46c9-88d9-fbbfcea2edf5.tonicFine,Raga_-_Bilaskhani_Todi_cdd148c7-07e4-46c9-88d9-fbbfcea2edf5.tonicFine,.tonicfine,25
Hindustani,dd59147d-8775-44ff-a36b-0d9f15b31319/Shruti_Sadolikar/Khayal/Raga_-_Bilaskhani_Todi_cdd148c7-07e4-46c9-88d9-fbbfcea2edf5.flatSegNyas,Raga_-_Bilaskhani_Todi_cdd148c7-07e4-46c9-88d9-fbbfcea2edf5.flatSegNyas,.flatsegnyas,23197
Hindustani,dd59147d-8775-44ff-a36b-0d9f15b31319/Shruti_Sadolikar/Khayal/Raga_-_Bilaskhani_Todi_cdd148c7-07e4-46c9-88d9-fbbfcea2edf5.pitchSilIntrpPP,Raga_-_Bilaskhani_Todi_cdd148c7-07e4-46c9-88d9-fbbfcea2edf5.pitchSilIntrpPP,.pitchsilintrppp,18870650
Hindustani,dd59147d-8775-44ff-a36b-0d9f15b31319/Shruti_Sadolikar/Khayal/Raga_-_Bilaskhani_Todi_cdd148c7-07e4-46c9-88d9-fbbfcea2edf5.taniSegKNN,Raga_-_Bilaskhani_Todi_cdd148c7-07e4-46c9-88d9-fbbfcea2edf5.taniSegKNN,.tanisegknn,0
Hindustani,dd59147d-8775-44ff-a36b-0d9f15b31319/Shruti_Sadolikar/Khayal/Raga_-_Bilaskhani_Todi_cdd148c7-07e4-46c9-88d9-fbbfcea2edf5.pitch,Raga_-_Bilaskhani_Todi_cdd148c7-07e4-46c9-88d9-fbbfcea2edf5.pitch,.pitch,8983840
Hindustani,dd59147d-8775-44ff-a36b-0d9f15b31319/Girija_Devi/Masterworks_from_the_NCPA_Archives/Khyal_in_Raga_Bilaskhani_(Teental)_c6e488e4-daa6-401d-a3db-cfe3f0ae63d6.tonic,Khyal_in_Raga_Bilaskhani_(Teental)_c6e488e4-daa6-401d-a3db-cfe3f0ae63d6.tonic,.tonic,11
Hindustani,dd59147d-8775-44ff-a36b-0d9f15b31319/Girija_Devi/Masterworks_from_the_NCPA_Archives/Khyal_in_Raga_Bilaskhani_(Teental)_c6e488e4-daa6-401d-a3db-cfe3f0ae63d6.tonicFine,Khyal_in_Raga_Bilaskhani_(Teental)_c6e488e4-daa6-401d-a3db-cfe3f0ae63d6.tonicFine,.tonicfine,25
Hindustani,dd59147d-8775-44ff-a36b-0d9f15b31319/Girija_Devi/Masterworks_from_the_NCPA_Archives/Khyal_in_Raga_Bilaskhani_(Teental)_c6e488e4-daa6-401d-a3db-cfe3f0ae63d6.taniSegKNN,Khyal_in_Raga_Bilaskhani_(Teental)_c6e488e4-daa6-401d-a3db-cfe3f0ae63d6.taniSegKNN,.tanisegknn,0
Hindustani,dd59147d-8775-44ff-a36b-0d9f15b31319/Girija_Devi/Masterworks_from_the_NCPA_Archives/Khyal_in_Raga_Bilaskhani_(Teental)_c6e488e4-daa6-401d-a3db-cfe3f0ae63d6.flatSegNyas,Khyal_in_Raga_Bilaskhani_(Teental)_c6e488e4-daa6-401d-a3db-cfe3f0ae63d6.flatSegNyas,.flatsegnyas,39411
Hindustani,dd59147d-8775-44ff-a36b-0d9f15b31319/Girija_Devi/Masterworks_from_the_NCPA_Archives/Khyal_in_Raga_Bilaskhani_(Teental)_c6e488e4-daa6-401d-a3db-cfe3f0ae63d6.pitchSilIntrpPP,Khyal_in_Raga_Bilaskhani_(Teental)_c6e488e4-daa6-401d-a3db-cfe3f0ae63d6.pitchSilIntrpPP,.pitchsilintrppp,20405450
Hindustani,dd59147d-8775-44ff-a36b-0d9f15b31319/Girija_Devi/Masterworks_from_the_NCPA_Archives/Khyal_in_Raga_Bilaskhani_(Teental)_c6e488e4-daa6-401d-a3db-cfe3f0ae63d6.pitch,Khyal_in_Raga_Bilaskhani_(Teental)_c6e488e4-daa6-401d-a3db-cfe3f0ae63d6.pitch,.pitch,9876090
Hindustani,dd59147d-8775-44ff-a36b-0d9f15b31319/Ajoy_Chakrabarty/The_Genius_Of_Pt__Ajoy_Chakraborty/Raga_Bilaskhani_Todi_d7510269-b26c-4735-a491-245f3c732a58.tonic,Raga_Bilaskhani_Todi_d7510269-b26c-4735-a491-245f3c732a58.tonic,.tonic,11
Hindustani,dd59147d-8775-44ff-a36b-0d9f15b31319/Ajoy_Chakrabarty/The_Genius_Of_Pt__Ajoy_Chakraborty/Raga_Bilaskhani_Todi_d7510269-b26c-4735-a491-245f3c732a58.tonicFine,Raga_Bilaskhani_Todi_d7510269-b26c-4735-a491-245f3c732a58.tonicFine,.tonicfine,25
Hindustani,dd59147d-8775-44ff-a36b-0d9f15b31319/Ajoy_Chakrabarty/The_Genius_Of_Pt__Ajoy_Chakraborty/Raga_Bilaskhani_Todi_d7510269-b26c-4735-a491-245f3c732a58.pitch,Raga_Bilaskhani_Todi_d7510269-b26c-4735-a491-245f3c732a58.pitch,.pitch,8458304
Hindustani,dd59147d-8775-44ff-a36b-0d9f15b31319/Ajoy_Chakrabarty/The_Genius_Of_Pt__Ajoy_Chakraborty/Raga_Bilaskhani_Todi_d7510269-b26c-4735-a491-245f3c732a58.taniSegKNN,Raga_Bilaskhani_Todi_d7510269-b26c-4735-a491-245f3c732a58.taniSegKNN,.tanisegknn,0
Hindustani,dd59147d-8775-44ff-a36b-0d9f15b31319/Ajoy_Chakrabarty/The_Genius_Of_Pt__Ajoy_Chakraborty/Raga_Bilaskhani_Todi_d7510269-b26c-4735-a491-245f3c732a58.pitchSilIntrpPP,Raga_Bilaskhani_Todi_d7510269-b26c-4735-a491-245f3c732a58.pitchSilIntrpPP,.pitchsilintrppp,17890150
Hindustani,dd59147d-8775-44ff-a36b-0d9f15b31319/Ajoy_Chakrabarty/The_Genius_Of_Pt__Ajoy_Chakraborty/Raga_Bilaskhani_Todi_d7510269-b26c-4735-a491-245f3c732a58.flatSegNyas,Raga_Bilaskhani_Todi_d7510269-b26c-4735-a491-245f3c732a58.flatSegNyas,.flatsegnyas,23314
Hindustani,dd59147d-8775-44ff-a36b-0d9f15b31319/Ajoy_Chakrabarty/Geetinandan___Part-3/Bilaskhani_Todi_3124479b-5118-4cf3-823f-8fefad45e586.pitchSilIntrpPP,Bilaskhani_Todi_3124479b-5118-4cf3-823f-8fefad45e586.pitchSilIntrpPP,.pitchsilintrppp,9604600
Hindustani,dd59147d-8775-44ff-a36b-0d9f15b31319/Ajoy_Chakrabarty/Geetinandan___Part-3/Bilaskhani_Todi_3124479b-5118-4cf3-823f-8fefad45e586.taniSegKNN,Bilaskhani_Todi_3124479b-5118-4cf3-823f-8fefad45e586.taniSegKNN,.tanisegknn,0
Hindustani,dd59147d-8775-44ff-a36b-0d9f15b31319/Ajoy_Chakrabarty/Geetinandan___Part-3/Bilaskhani_Todi_3124479b-5118-4cf3-823f-8fefad45e586.tonic,Bilaskhani_Todi_3124479b-5118-4cf3-823f-8fefad45e586.tonic,.tonic,11
Hindustani,dd59147d-8775-44ff-a36b-0d9f15b31319/Ajoy_Chakrabarty/Geetinandan___Part-3/Bilaskhani_Todi_3124479b-5118-4cf3-823f-8fefad45e586.tonicFine,Bilaskhani_Todi_3124479b-5118-4cf3-823f-8fefad45e586.tonicFine,.tonicfine,25
Hindustani,dd59147d-8775-44ff-a36b-0d9f15b31319/Ajoy_Chakrabarty/Geetinandan___Part-3/Bilaskhani_Todi_3124479b-5118-4cf3-823f-8fefad45e586.flatSegNyas,Bilaskhani_Todi_3124479b-5118-4cf3-823f-8fefad45e586.flatSegNyas,.flatsegnyas,13227
Hindustani,dd59147d-8775-44ff-a36b-0d9f15b31319/Ajoy_Chakrabarty/Geetinandan___Part-3/Bilaskhani_Todi_3124479b-5118-4cf3-823f-8fefad45e586.pitch,Bilaskhani_Todi_3124479b-5118-4cf3-823f-8fefad45e586.pitch,.pitch,4503449
Hindustani,dd59147d-8775-44ff-a36b-0d9f15b31319/Jasraj/Legends__Sangeet_Martand_Pandit_Jasraj_(Vol__1)/Raga_-_Bilaskhani_Todi_e23eb921-de6e-452b-bc2f-7fbd0772c4fd.taniSegKNN,Raga_-_Bilaskhani_Todi_e23eb921-de6e-452b-bc2f-7fbd0772c4fd.taniSegKNN,.tanisegknn,0
Hindustani,dd59147d-8775-44ff-a36b-0d9f15b31319/Jasraj/Legends__Sangeet_Martand_Pandit_Jasraj_(Vol__1)/Raga_-_Bilaskhani_Todi_e23eb921-de6e-452b-bc2f-7fbd0772c4fd.pitchSilIntrpPP,Raga_-_Bilaskhani_Todi_e23eb921-de6e-452b-bc2f-7fbd0772c4fd.pitchSilIntrpPP,.pitchsilintrppp,14651050
Hindustani,dd59147d-8775-44ff-a36b-0d9f15b31319/Jasraj/Legends__Sangeet_Martand_Pandit_Jasraj_(Vol__1)/Raga_-_Bilaskhani_Todi_e23eb921-de6e-452b-bc2f-7fbd0772c4fd.tonicFine,Raga_-_Bilaskhani_Todi_e23eb921-de6e-452b-bc2f-7fbd0772c4fd.tonicFine,.tonicfine,25
Hindustani,dd59147d-8775-44ff-a36b-0d9f15b31319/Jasraj/Legends__Sangeet_Martand_Pandit_Jasraj_(Vol__1)/Raga_-_Bilaskhani_Todi_e23eb921-de6e-452b-bc2f-7fbd0772c4fd.flatSegNyas,Raga_-_Bilaskhani_Todi_e23eb921-de6e-452b-bc2f-7fbd0772c4fd.flatSegNyas,.flatsegnyas,17528
Hindustani,dd59147d-8775-44ff-a36b-0d9f15b31319/Jasraj/Legends__Sangeet_Martand_Pandit_Jasraj_(Vol__1)/Raga_-_Bilaskhani_Todi_e23eb921-de6e-452b-bc2f-7fbd0772c4fd.tonic,Raga_-_Bilaskhani_Todi_e23eb921-de6e-452b-bc2f-7fbd0772c4fd.tonic,.tonic,11
Hindustani,dd59147d-8775-44ff-a36b-0d9f15b31319/Jasraj/Legends__Sangeet_Martand_Pandit_Jasraj_(Vol__1)/Raga_-_Bilaskhani_Todi_e23eb921-de6e-452b-bc2f-7fbd0772c4fd.pitch,Raga_-_Bilaskhani_Todi_e23eb921-de6e-452b-bc2f-7fbd0772c4fd.pitch,.pitch,6930761
Hindustani,dd59147d-8775-44ff-a36b-0d9f15b31319/Kaushiki_Chakrabarty/Manomay/Raga_Bilaskhani_Todi_-_Vilambit__Drut_Khayal_b20456b8-7abc-4158-bb53-5ea8d80e5999.taniSegKNN,Raga_Bilaskhani_Todi_-_Vilambit__Drut_Khayal_b20456b8-7abc-4158-bb53-5ea8d80e5999.taniSegKNN,.tanisegknn,0
Hindustani,dd59147d-8775-44ff-a36b-0d9f15b31319/Kaushiki_Chakrabarty/Manomay/Raga_Bilaskhani_Todi_-_Vilambit__Drut_Khayal_b20456b8-7abc-4158-bb53-5ea8d80e5999.pitch,Raga_Bilaskhani_Todi_-_Vilambit__Drut_Khayal_b20456b8-7abc-4158-bb53-5ea8d80e5999.pitch,.pitch,14002749
Hindustani,dd59147d-8775-44ff-a36b-0d9f15b31319/Kaushiki_Chakrabarty/Manomay/Raga_Bilaskhani_Todi_-_Vilambit__Drut_Khayal_b20456b8-7abc-4158-bb53-5ea8d80e5999.pitchSilIntrpPP,Raga_Bilaskhani_Todi_-_Vilambit__Drut_Khayal_b20456b8-7abc-4158-bb53-5ea8d80e5999.pitchSilIntrpPP,.pitchsilintrppp,29046650
Hindustani,dd59147d-8775-44ff-a36b-0d9f15b31319/Kaushiki_Chakrabarty/Manomay/Raga_Bilaskhani_Todi_-_Vilambit__Drut_Khayal_b20456b8-7abc-4158-bb53-5ea8d80e5999.tonic,Raga_Bilaskhani_Todi_-_Vilambit__Drut_Khayal_b20456b8-7abc-4158-bb53-5ea8d80e5999.tonic,.tonic,11
Hindustani,dd59147d-8775-44ff-a36b-0d9f15b31319/Kaushiki_Chakrabarty/Manomay/Raga_Bilaskhani_Todi_-_Vilambit__Drut_Khayal_b20456b8-7abc-4158-bb53-5ea8d80e5999.flatSegNyas,Raga_Bilaskhani_Todi_-_Vilambit__Drut_Khayal_b20456b8-7abc-4158-bb53-5ea8d80e5999.flatSegNyas,.flatsegnyas,36099
Hindustani,dd59147d-8775-44ff-a36b-0d9f15b31319/Kaushiki_Chakrabarty/Manomay/Raga_Bilaskhani_Todi_-_Vilambit__Drut_Khayal_b20456b8-7abc-4158-bb53-5ea8d80e5999.tonicFine,Raga_Bilaskhani_Todi_-_Vilambit__Drut_Khayal_b20456b8-7abc-4158-bb53-5ea8d80e5999.tonicFine,.tonicfine,25
Hindustani,dd59147d-8775-44ff-a36b-0d9f15b31319/Amir_Khan/The_Great_Heritage__Ustad_Amir_Khan/Raga_Bilaskhani_Todi_Bairagi_Roop_7d3f5b32-34f2-402c-b3b3-a87f1dedd3a8.taniSegKNN,Raga_Bilaskhani_Todi_Bairagi_Roop_7d3f5b32-34f2-402c-b3b3-a87f1dedd3a8.taniSegKNN,.tanisegknn,0
Hindustani,dd59147d-8775-44ff-a36b-0d9f15b31319/Amir_Khan/The_Great_Heritage__Ustad_Amir_Khan/Raga_Bilaskhani_Todi_Bairagi_Roop_7d3f5b32-34f2-402c-b3b3-a87f1dedd3a8.flatSegNyas,Raga_Bilaskhani_Todi_Bairagi_Roop_7d3f5b32-34f2-402c-b3b3-a87f1dedd3a8.flatSegNyas,.flatsegnyas,16383
Hindustani,dd59147d-8775-44ff-a36b-0d9f15b31319/Amir_Khan/The_Great_Heritage__Ustad_Amir_Khan/Raga_Bilaskhani_Todi_Bairagi_Roop_7d3f5b32-34f2-402c-b3b3-a87f1dedd3a8.pitch,Raga_Bilaskhani_Todi_Bairagi_Roop_7d3f5b32-34f2-402c-b3b3-a87f1dedd3a8.pitch,.pitch,7217993
Hindustani,dd59147d-8775-44ff-a36b-0d9f15b31319/Amir_Khan/The_Great_Heritage__Ustad_Amir_Khan/Raga_Bilaskhani_Todi_Bairagi_Roop_7d3f5b32-34f2-402c-b3b3-a87f1dedd3a8.tonic,Raga_Bilaskhani_Todi_Bairagi_Roop_7d3f5b32-34f2-402c-b3b3-a87f1dedd3a8.tonic,.tonic,11
Hindustani,dd59147d-8775-44ff-a36b-0d9f15b31319/Amir_Khan/The_Great_Heritage__Ustad_Amir_Khan/Raga_Bilaskhani_Todi_Bairagi_Roop_7d3f5b32-34f2-402c-b3b3-a87f1dedd3a8.pitchSilIntrpPP,Raga_Bilaskhani_Todi_Bairagi_Roop_7d3f5b32-34f2-402c-b3b3-a87f1dedd3a8.pitchSilIntrpPP,.pitchsilintrppp,15263200
Hindustani,dd59147d-8775-44ff-a36b-0d9f15b31319/Amir_Khan/The_Great_Heritage__Ustad_Amir_Khan/Raga_Bilaskhani_Todi_Bairagi_Roop_7d3f5b32-34f2-402c-b3b3-a87f1dedd3a8.tonicFine,Raga_Bilaskhani_Todi_Bairagi_Roop_7d3f5b32-34f2-402c-b3b3-a87f1dedd3a8.tonicFine,.tonicfine,25
Hindustani,dd59147d-8775-44ff-a36b-0d9f15b31319/Basavraj_Rajaguru/The_Genius_Of_Basavraj_Rajguru/Raga_Bilashkani_Todi_182dd9f9-d3b7-4ebc-9d18-9e0544c6e8cc.pitchSilIntrpPP,Raga_Bilashkani_Todi_182dd9f9-d3b7-4ebc-9d18-9e0544c6e8cc.pitchSilIntrpPP,.pitchsilintrppp,13906050
Hindustani,dd59147d-8775-44ff-a36b-0d9f15b31319/Basavraj_Rajaguru/The_Genius_Of_Basavraj_Rajguru/Raga_Bilashkani_Todi_182dd9f9-d3b7-4ebc-9d18-9e0544c6e8cc.tonicFine,Raga_Bilashkani_Todi_182dd9f9-d3b7-4ebc-9d18-9e0544c6e8cc.tonicFine,.tonicfine,25
Hindustani,dd59147d-8775-44ff-a36b-0d9f15b31319/Basavraj_Rajaguru/The_Genius_Of_Basavraj_Rajguru/Raga_Bilashkani_Todi_182dd9f9-d3b7-4ebc-9d18-9e0544c6e8cc.pitch,Raga_Bilashkani_Todi_182dd9f9-d3b7-4ebc-9d18-9e0544c6e8cc.pitch,.pitch,6575391
Hindustani,dd59147d-8775-44ff-a36b-0d9f15b31319/Basavraj_Rajaguru/The_Genius_Of_Basavraj_Rajguru/Raga_Bilashkani_Todi_182dd9f9-d3b7-4ebc-9d18-9e0544c6e8cc.flatSegNyas,Raga_Bilashkani_Todi_182dd9f9-d3b7-4ebc-9d18-9e0544c6e8cc.flatSegNyas,.flatsegnyas,24954
Hindustani,dd59147d-8775-44ff-a36b-0d9f15b31319/Basavraj_Rajaguru/The_Genius_Of_Basavraj_Rajguru/Raga_Bilashkani_Todi_182dd9f9-d3b7-4ebc-9d18-9e0544c6e8cc.tonic,Raga_Bilashkani_Todi_182dd9f9-d3b7-4ebc-9d18-9e0544c6e8cc.tonic,.tonic,11
Hindustani,dd59147d-8775-44ff-a36b-0d9f15b31319/Basavraj_Rajaguru/The_Genius_Of_Basavraj_Rajguru/Raga_Bilashkani_Todi_182dd9f9-d3b7-4ebc-9d18-9e0544c6e8cc.taniSegKNN,Raga_Bilashkani_Todi_182dd9f9-d3b7-4ebc-9d18-9e0544c6e8cc.taniSegKNN,.tanisegknn,0
Hindustani,dd59147d-8775-44ff-a36b-0d9f15b31319/Satyasheel_Deshpande/Kahen/Balam_Mori_Chando_Kalaiya_62ccf764-ddbd-49d4-a05a-cda03f4192a6.pitch,Balam_Mori_Chando_Kalaiya_62ccf764-ddbd-49d4-a05a-cda03f4192a6.pitch,.pitch,1744748
Hindustani,dd59147d-8775-44ff-a36b-0d9f15b31319/Satyasheel_Deshpande/Kahen/Balam_Mori_Chando_Kalaiya_62ccf764-ddbd-49d4-a05a-cda03f4192a6.pitchSilIntrpPP,Balam_Mori_Chando_Kalaiya_62ccf764-ddbd-49d4-a05a-cda03f4192a6.pitchSilIntrpPP,.pitchsilintrppp,3743800
Hindustani,dd59147d-8775-44ff-a36b-0d9f15b31319/Satyasheel_Deshpande/Kahen/Balam_Mori_Chando_Kalaiya_62ccf764-ddbd-49d4-a05a-cda03f4192a6.taniSegKNN,Balam_Mori_Chando_Kalaiya_62ccf764-ddbd-49d4-a05a-cda03f4192a6.taniSegKNN,.tanisegknn,0
Hindustani,dd59147d-8775-44ff-a36b-0d9f15b31319/Satyasheel_Deshpande/Kahen/Balam_Mori_Chando_Kalaiya_62ccf764-ddbd-49d4-a05a-cda03f4192a6.tonicFine,Balam_Mori_Chando_Kalaiya_62ccf764-ddbd-49d4-a05a-cda03f4192a6.tonicFine,.tonicfine,25
Hindustani,dd59147d-8775-44ff-a36b-0d9f15b31319/Satyasheel_Deshpande/Kahen/Balam_Mori_Chando_Kalaiya_62ccf764-ddbd-49d4-a05a-cda03f4192a6.tonic,Balam_Mori_Chando_Kalaiya_62ccf764-ddbd-49d4-a05a-cda03f4192a6.tonic,.tonic,10
Hindustani,dd59147d-8775-44ff-a36b-0d9f15b31319/Satyasheel_Deshpande/Kahen/Balam_Mori_Chando_Kalaiya_62ccf764-ddbd-49d4-a05a-cda03f4192a6.flatSegNyas,Balam_Mori_Chando_Kalaiya_62ccf764-ddbd-49d4-a05a-cda03f4192a6.flatSegNyas,.flatsegnyas,6026
Hindustani,3eb7ba30-4b94-432e-9618-875ee57e01ab/Rashid_Khan/Masterworks/Raga_Marwa_c6232a25-3f5a-4394-a85c-43dc1efcc1de.pitch,Raga_Marwa_c6232a25-3f5a-4394-a85c-43dc1efcc1de.pitch,.pitch,12120581
Hindustani,3eb7ba30-4b94-432e-9618-875ee57e01ab/Rashid_Khan/Masterworks/Raga_Marwa_c6232a25-3f5a-4394-a85c-43dc1efcc1de.tonicFine,Raga_Marwa_c6232a25-3f5a-4394-a85c-43dc1efcc1de.tonicFine,.tonicfine,25
Hindustani,3eb7ba30-4b94-432e-9618-875ee57e01ab/Rashid_Khan/Masterworks/Raga_Marwa_c6232a25-3f5a-4394-a85c-43dc1efcc1de.pitchSilIntrpPP,Raga_Marwa_c6232a25-3f5a-4394-a85c-43dc1efcc1de.pitchSilIntrpPP,.pitchsilintrppp,25105150
Hindustani,3eb7ba30-4b94-432e-9618-875ee57e01ab/Rashid_Khan/Masterworks/Raga_Marwa_c6232a25-3f5a-4394-a85c-43dc1efcc1de.flatSegNyas,Raga_Marwa_c6232a25-3f5a-4394-a85c-43dc1efcc1de.flatSegNyas,.flatsegnyas,37198
Hindustani,3eb7ba30-4b94-432e-9618-875ee57e01ab/Rashid_Khan/Masterworks/Raga_Marwa_c6232a25-3f5a-4394-a85c-43dc1efcc1de.taniSegKNN,Raga_Marwa_c6232a25-3f5a-4394-a85c-43dc1efcc1de.taniSegKNN,.tanisegknn,0
Hindustani,3eb7ba30-4b94-432e-9618-875ee57e01ab/Rashid_Khan/Masterworks/Raga_Marwa_c6232a25-3f5a-4394-a85c-43dc1efcc1de.tonic,Raga_Marwa_c6232a25-3f5a-4394-a85c-43dc1efcc1de.tonic,.tonic,11
Hindustani,3eb7ba30-4b94-432e-9618-875ee57e01ab/Rashid_Khan/Vocal/Piya_More_Anat_Des_and_Kaunki_Reet_Kou_Kare_Sakhiri_3c6fa59c-a492-4e76-a3f0-be3e81053ca5.tonicFine,Piya_More_Anat_Des_and_Kaunki_Reet_Kou_Kare_Sakhiri_3c6fa59c-a492-4e76-a3f0-be3e81053ca5.tonicFine,.tonicfine,25
Hindustani,3eb7ba30-4b94-432e-9618-875ee57e01ab/Rashid_Khan/Vocal/Piya_More_Anat_Des_and_Kaunki_Reet_Kou_Kare_Sakhiri_3c6fa59c-a492-4e76-a3f0-be3e81053ca5.pitchSilIntrpPP,Piya_More_Anat_Des_and_Kaunki_Reet_Kou_Kare_Sakhiri_3c6fa59c-a492-4e76-a3f0-be3e81053ca5.pitchSilIntrpPP,.pitchsilintrppp,17466400
Hindustani,3eb7ba30-4b94-432e-9618-875ee57e01ab/Rashid_Khan/Vocal/Piya_More_Anat_Des_and_Kaunki_Reet_Kou_Kare_Sakhiri_3c6fa59c-a492-4e76-a3f0-be3e81053ca5.flatSegNyas,Piya_More_Anat_Des_and_Kaunki_Reet_Kou_Kare_Sakhiri_3c6fa59c-a492-4e76-a3f0-be3e81053ca5.flatSegNyas,.flatsegnyas,21113
Hindustani,3eb7ba30-4b94-432e-9618-875ee57e01ab/Rashid_Khan/Vocal/Piya_More_Anat_Des_and_Kaunki_Reet_Kou_Kare_Sakhiri_3c6fa59c-a492-4e76-a3f0-be3e81053ca5.taniSegKNN,Piya_More_Anat_Des_and_Kaunki_Reet_Kou_Kare_Sakhiri_3c6fa59c-a492-4e76-a3f0-be3e81053ca5.taniSegKNN,.tanisegknn,0
Hindustani,3eb7ba30-4b94-432e-9618-875ee57e01ab/Rashid_Khan/Vocal/Piya_More_Anat_Des_and_Kaunki_Reet_Kou_Kare_Sakhiri_3c6fa59c-a492-4e76-a3f0-be3e81053ca5.tonic,Piya_More_Anat_Des_and_Kaunki_Reet_Kou_Kare_Sakhiri_3c6fa59c-a492-4e76-a3f0-be3e81053ca5.tonic,.tonic,11
Hindustani,3eb7ba30-4b94-432e-9618-875ee57e01ab/Rashid_Khan/Vocal/Piya_More_Anat_Des_and_Kaunki_Reet_Kou_Kare_Sakhiri_3c6fa59c-a492-4e76-a3f0-be3e81053ca5.pitch,Piya_More_Anat_Des_and_Kaunki_Reet_Kou_Kare_Sakhiri_3c6fa59c-a492-4e76-a3f0-be3e81053ca5.pitch,.pitch,8250265
Hindustani,3eb7ba30-4b94-432e-9618-875ee57e01ab/Omkar_Dadarkar/Raag_Marwa___Shree/Raag_Marwa_98afad39-5abc-4c96-b7af-5f2c70831066.pitch,Raag_Marwa_98afad39-5abc-4c96-b7af-5f2c70831066.pitch,.pitch,10506893
Hindustani,3eb7ba30-4b94-432e-9618-875ee57e01ab/Omkar_Dadarkar/Raag_Marwa___Shree/Raag_Marwa_98afad39-5abc-4c96-b7af-5f2c70831066.flatSegNyas,Raag_Marwa_98afad39-5abc-4c96-b7af-5f2c70831066.flatSegNyas,.flatsegnyas,28800
Hindustani,3eb7ba30-4b94-432e-9618-875ee57e01ab/Omkar_Dadarkar/Raag_Marwa___Shree/Raag_Marwa_98afad39-5abc-4c96-b7af-5f2c70831066.pitchSilIntrpPP,Raag_Marwa_98afad39-5abc-4c96-b7af-5f2c70831066.pitchSilIntrpPP,.pitchsilintrppp,21800500
Hindustani,3eb7ba30-4b94-432e-9618-875ee57e01ab/Omkar_Dadarkar/Raag_Marwa___Shree/Raag_Marwa_98afad39-5abc-4c96-b7af-5f2c70831066.taniSegKNN,Raag_Marwa_98afad39-5abc-4c96-b7af-5f2c70831066.taniSegKNN,.tanisegknn,0
Hindustani,3eb7ba30-4b94-432e-9618-875ee57e01ab/Omkar_Dadarkar/Raag_Marwa___Shree/Raag_Marwa_98afad39-5abc-4c96-b7af-5f2c70831066.tonicFine,Raag_Marwa_98afad39-5abc-4c96-b7af-5f2c70831066.tonicFine,.tonicfine,25
Hindustani,3eb7ba30-4b94-432e-9618-875ee57e01ab/Omkar_Dadarkar/Raag_Marwa___Shree/Raag_Marwa_98afad39-5abc-4c96-b7af-5f2c70831066.tonic,Raag_Marwa_98afad39-5abc-4c96-b7af-5f2c70831066.tonic,.tonic,11
Hindustani,3eb7ba30-4b94-432e-9618-875ee57e01ab/C_R_Vyas/The_Eternal_Rhapsody/Raga_Marwa_-_Rakho_Mori_Laaj_Khayal_In_Madhyalaya_Jhaptaal_c568bab8-7653-4252-a4d9-aebcc26fc752.flatSegNyas,Raga_Marwa_-_Rakho_Mori_Laaj_Khayal_In_Madhyalaya_Jhaptaal_c568bab8-7653-4252-a4d9-aebcc26fc752.flatSegNyas,.flatsegnyas,16127
Hindustani,3eb7ba30-4b94-432e-9618-875ee57e01ab/C_R_Vyas/The_Eternal_Rhapsody/Raga_Marwa_-_Rakho_Mori_Laaj_Khayal_In_Madhyalaya_Jhaptaal_c568bab8-7653-4252-a4d9-aebcc26fc752.tonic,Raga_Marwa_-_Rakho_Mori_Laaj_Khayal_In_Madhyalaya_Jhaptaal_c568bab8-7653-4252-a4d9-aebcc26fc752.tonic,.tonic,11
Hindustani,3eb7ba30-4b94-432e-9618-875ee57e01ab/C_R_Vyas/The_Eternal_Rhapsody/Raga_Marwa_-_Rakho_Mori_Laaj_Khayal_In_Madhyalaya_Jhaptaal_c568bab8-7653-4252-a4d9-aebcc26fc752.pitchSilIntrpPP,Raga_Marwa_-_Rakho_Mori_Laaj_Khayal_In_Madhyalaya_Jhaptaal_c568bab8-7653-4252-a4d9-aebcc26fc752.pitchSilIntrpPP,.pitchsilintrppp,10114450
Hindustani,3eb7ba30-4b94-432e-9618-875ee57e01ab/C_R_Vyas/The_Eternal_Rhapsody/Raga_Marwa_-_Rakho_Mori_Laaj_Khayal_In_Madhyalaya_Jhaptaal_c568bab8-7653-4252-a4d9-aebcc26fc752.tonicFine,Raga_Marwa_-_Rakho_Mori_Laaj_Khayal_In_Madhyalaya_Jhaptaal_c568bab8-7653-4252-a4d9-aebcc26fc752.tonicFine,.tonicfine,25
Hindustani,3eb7ba30-4b94-432e-9618-875ee57e01ab/C_R_Vyas/The_Eternal_Rhapsody/Raga_Marwa_-_Rakho_Mori_Laaj_Khayal_In_Madhyalaya_Jhaptaal_c568bab8-7653-4252-a4d9-aebcc26fc752.pitch,Raga_Marwa_-_Rakho_Mori_Laaj_Khayal_In_Madhyalaya_Jhaptaal_c568bab8-7653-4252-a4d9-aebcc26fc752.pitch,.pitch,4735913
Hindustani,3eb7ba30-4b94-432e-9618-875ee57e01ab/C_R_Vyas/The_Eternal_Rhapsody/Raga_Marwa_-_Rakho_Mori_Laaj_Khayal_In_Madhyalaya_Jhaptaal_c568bab8-7653-4252-a4d9-aebcc26fc752.taniSegKNN,Raga_Marwa_-_Rakho_Mori_Laaj_Khayal_In_Madhyalaya_Jhaptaal_c568bab8-7653-4252-a4d9-aebcc26fc752.taniSegKNN,.tanisegknn,0
Hindustani,3eb7ba30-4b94-432e-9618-875ee57e01ab/Jasraj/Khazana/Raga_Marwa_344dca74-fb8a-4c7e-a7e6-0a52088edd71.flatSegNyas,Raga_Marwa_344dca74-fb8a-4c7e-a7e6-0a52088edd71.flatSegNyas,.flatsegnyas,50764
Hindustani,3eb7ba30-4b94-432e-9618-875ee57e01ab/Jasraj/Khazana/Raga_Marwa_344dca74-fb8a-4c7e-a7e6-0a52088edd71.tonic,Raga_Marwa_344dca74-fb8a-4c7e-a7e6-0a52088edd71.tonic,.tonic,6
Hindustani,3eb7ba30-4b94-432e-9618-875ee57e01ab/Jasraj/Khazana/Raga_Marwa_344dca74-fb8a-4c7e-a7e6-0a52088edd71.pitch,Raga_Marwa_344dca74-fb8a-4c7e-a7e6-0a52088edd71.pitch,.pitch,16541968
Hindustani,3eb7ba30-4b94-432e-9618-875ee57e01ab/Jasraj/Khazana/Raga_Marwa_344dca74-fb8a-4c7e-a7e6-0a52088edd71.pitchSilIntrpPP,Raga_Marwa_344dca74-fb8a-4c7e-a7e6-0a52088edd71.pitchSilIntrpPP,.pitchsilintrppp,34325850
Hindustani,3eb7ba30-4b94-432e-9618-875ee57e01ab/Jasraj/Khazana/Raga_Marwa_344dca74-fb8a-4c7e-a7e6-0a52088edd71.tonicFine,Raga_Marwa_344dca74-fb8a-4c7e-a7e6-0a52088edd71.tonicFine,.tonicfine,25
Hindustani,3eb7ba30-4b94-432e-9618-875ee57e01ab/Jasraj/Khazana/Raga_Marwa_344dca74-fb8a-4c7e-a7e6-0a52088edd71.taniSegKNN,Raga_Marwa_344dca74-fb8a-4c7e-a7e6-0a52088edd71.taniSegKNN,.tanisegknn,0
Hindustani,3eb7ba30-4b94-432e-9618-875ee57e01ab/Amir_Khan/The_Great_Heritage__Ustad_Amir_Khan/Raga_Marwa_Piya_More_fb73793a-3791-4986-b3f8-00621a16a522.taniSegKNN,Raga_Marwa_Piya_More_fb73793a-3791-4986-b3f8-00621a16a522.taniSegKNN,.tanisegknn,0
Hindustani,3eb7ba30-4b94-432e-9618-875ee57e01ab/Amir_Khan/The_Great_Heritage__Ustad_Amir_Khan/Raga_Marwa_Piya_More_fb73793a-3791-4986-b3f8-00621a16a522.pitchSilIntrpPP,Raga_Marwa_Piya_More_fb73793a-3791-4986-b3f8-00621a16a522.pitchSilIntrpPP,.pitchsilintrppp,12481350
Hindustani,3eb7ba30-4b94-432e-9618-875ee57e01ab/Amir_Khan/The_Great_Heritage__Ustad_Amir_Khan/Raga_Marwa_Piya_More_fb73793a-3791-4986-b3f8-00621a16a522.pitch,Raga_Marwa_Piya_More_fb73793a-3791-4986-b3f8-00621a16a522.pitch,.pitch,5845436
Hindustani,3eb7ba30-4b94-432e-9618-875ee57e01ab/Amir_Khan/The_Great_Heritage__Ustad_Amir_Khan/Raga_Marwa_Piya_More_fb73793a-3791-4986-b3f8-00621a16a522.tonicFine,Raga_Marwa_Piya_More_fb73793a-3791-4986-b3f8-00621a16a522.tonicFine,.tonicfine,25
Hindustani,3eb7ba30-4b94-432e-9618-875ee57e01ab/Amir_Khan/The_Great_Heritage__Ustad_Amir_Khan/Raga_Marwa_Piya_More_fb73793a-3791-4986-b3f8-00621a16a522.flatSegNyas,Raga_Marwa_Piya_More_fb73793a-3791-4986-b3f8-00621a16a522.flatSegNyas,.flatsegnyas,13612
Hindustani,3eb7ba30-4b94-432e-9618-875ee57e01ab/Amir_Khan/The_Great_Heritage__Ustad_Amir_Khan/Raga_Marwa_Piya_More_fb73793a-3791-4986-b3f8-00621a16a522.tonic,Raga_Marwa_Piya_More_fb73793a-3791-4986-b3f8-00621a16a522.tonic,.tonic,11
Hindustani,3eb7ba30-4b94-432e-9618-875ee57e01ab/Hirabai_Barodekar/The_Great_Heritage__Hirabai_Barodekar/Ata_Tana_Dere_Na_7081d924-c8e4-4216-9e69-ca397c10550b.flatSegNyas,Ata_Tana_Dere_Na_7081d924-c8e4-4216-9e69-ca397c10550b.flatSegNyas,.flatsegnyas,4341
Hindustani,3eb7ba30-4b94-432e-9618-875ee57e01ab/Hirabai_Barodekar/The_Great_Heritage__Hirabai_Barodekar/Ata_Tana_Dere_Na_7081d924-c8e4-4216-9e69-ca397c10550b.taniSegKNN,Ata_Tana_Dere_Na_7081d924-c8e4-4216-9e69-ca397c10550b.taniSegKNN,.tanisegknn,0
Hindustani,3eb7ba30-4b94-432e-9618-875ee57e01ab/Hirabai_Barodekar/The_Great_Heritage__Hirabai_Barodekar/Ata_Tana_Dere_Na_7081d924-c8e4-4216-9e69-ca397c10550b.tonic,Ata_Tana_Dere_Na_7081d924-c8e4-4216-9e69-ca397c10550b.tonic,.tonic,4
Hindustani,3eb7ba30-4b94-432e-9618-875ee57e01ab/Hirabai_Barodekar/The_Great_Heritage__Hirabai_Barodekar/Ata_Tana_Dere_Na_7081d924-c8e4-4216-9e69-ca397c10550b.pitch,Ata_Tana_Dere_Na_7081d924-c8e4-4216-9e69-ca397c10550b.pitch,.pitch,1108133
Hindustani,3eb7ba30-4b94-432e-9618-875ee57e01ab/Hirabai_Barodekar/The_Great_Heritage__Hirabai_Barodekar/Ata_Tana_Dere_Na_7081d924-c8e4-4216-9e69-ca397c10550b.pitchSilIntrpPP,Ata_Tana_Dere_Na_7081d924-c8e4-4216-9e69-ca397c10550b.pitchSilIntrpPP,.pitchsilintrppp,2393700
Hindustani,3eb7ba30-4b94-432e-9618-875ee57e01ab/Hirabai_Barodekar/The_Great_Heritage__Hirabai_Barodekar/Ata_Tana_Dere_Na_7081d924-c8e4-4216-9e69-ca397c10550b.tonicFine,Ata_Tana_Dere_Na_7081d924-c8e4-4216-9e69-ca397c10550b.tonicFine,.tonicfine,25
Hindustani,3eb7ba30-4b94-432e-9618-875ee57e01ab/Vasantrao_Deshpande/Dr__Vasant_Rao_Deshpande_(Compilation)/Ye_Madmati_Chal__Bol_Na_Bin_-_Khayal_-_1972_66de36d2-f8b5-44aa-b586-ce75bd665a46.pitchSilIntrpPP,Ye_Madmati_Chal__Bol_Na_Bin_-_Khayal_-_1972_66de36d2-f8b5-44aa-b586-ce75bd665a46.pitchSilIntrpPP,.pitchsilintrppp,12802550
Hindustani,3eb7ba30-4b94-432e-9618-875ee57e01ab/Vasantrao_Deshpande/Dr__Vasant_Rao_Deshpande_(Compilation)/Ye_Madmati_Chal__Bol_Na_Bin_-_Khayal_-_1972_66de36d2-f8b5-44aa-b586-ce75bd665a46.pitch,Ye_Madmati_Chal__Bol_Na_Bin_-_Khayal_-_1972_66de36d2-f8b5-44aa-b586-ce75bd665a46.pitch,.pitch,6009557
Hindustani,3eb7ba30-4b94-432e-9618-875ee57e01ab/Vasantrao_Deshpande/Dr__Vasant_Rao_Deshpande_(Compilation)/Ye_Madmati_Chal__Bol_Na_Bin_-_Khayal_-_1972_66de36d2-f8b5-44aa-b586-ce75bd665a46.taniSegKNN,Ye_Madmati_Chal__Bol_Na_Bin_-_Khayal_-_1972_66de36d2-f8b5-44aa-b586-ce75bd665a46.taniSegKNN,.tanisegknn,0
Hindustani,3eb7ba30-4b94-432e-9618-875ee57e01ab/Vasantrao_Deshpande/Dr__Vasant_Rao_Deshpande_(Compilation)/Ye_Madmati_Chal__Bol_Na_Bin_-_Khayal_-_1972_66de36d2-f8b5-44aa-b586-ce75bd665a46.tonic,Ye_Madmati_Chal__Bol_Na_Bin_-_Khayal_-_1972_66de36d2-f8b5-44aa-b586-ce75bd665a46.tonic,.tonic,11
Hindustani,3eb7ba30-4b94-432e-9618-875ee57e01ab/Vasantrao_Deshpande/Dr__Vasant_Rao_Deshpande_(Compilation)/Ye_Madmati_Chal__Bol_Na_Bin_-_Khayal_-_1972_66de36d2-f8b5-44aa-b586-ce75bd665a46.flatSegNyas,Ye_Madmati_Chal__Bol_Na_Bin_-_Khayal_-_1972_66de36d2-f8b5-44aa-b586-ce75bd665a46.flatSegNyas,.flatsegnyas,16418
Hindustani,3eb7ba30-4b94-432e-9618-875ee57e01ab/Vasantrao_Deshpande/Dr__Vasant_Rao_Deshpande_(Compilation)/Ye_Madmati_Chal__Bol_Na_Bin_-_Khayal_-_1972_66de36d2-f8b5-44aa-b586-ce75bd665a46.tonicFine,Ye_Madmati_Chal__Bol_Na_Bin_-_Khayal_-_1972_66de36d2-f8b5-44aa-b586-ce75bd665a46.tonicFine,.tonicfine,25
Hindustani,3eb7ba30-4b94-432e-9618-875ee57e01ab/Sameehan_Kashalkar/Raag_Marwa___Hameer/Raag_Marwa_1a311323-791b-46fa-ab59-b749adcd18e1.taniSegKNN,Raag_Marwa_1a311323-791b-46fa-ab59-b749adcd18e1.taniSegKNN,.tanisegknn,0
Hindustani,3eb7ba30-4b94-432e-9618-875ee57e01ab/Sameehan_Kashalkar/Raag_Marwa___Hameer/Raag_Marwa_1a311323-791b-46fa-ab59-b749adcd18e1.flatSegNyas,Raag_Marwa_1a311323-791b-46fa-ab59-b749adcd18e1.flatSegNyas,.flatsegnyas,31568
Hindustani,3eb7ba30-4b94-432e-9618-875ee57e01ab/Sameehan_Kashalkar/Raag_Marwa___Hameer/Raag_Marwa_1a311323-791b-46fa-ab59-b749adcd18e1.tonic,Raag_Marwa_1a311323-791b-46fa-ab59-b749adcd18e1.tonic,.tonic,11
Hindustani,3eb7ba30-4b94-432e-9618-875ee57e01ab/Sameehan_Kashalkar/Raag_Marwa___Hameer/Raag_Marwa_1a311323-791b-46fa-ab59-b749adcd18e1.tonicFine,Raag_Marwa_1a311323-791b-46fa-ab59-b749adcd18e1.tonicFine,.tonicfine,25
Hindustani,3eb7ba30-4b94-432e-9618-875ee57e01ab/Sameehan_Kashalkar/Raag_Marwa___Hameer/Raag_Marwa_1a311323-791b-46fa-ab59-b749adcd18e1.pitchSilIntrpPP,Raag_Marwa_1a311323-791b-46fa-ab59-b749adcd18e1.pitchSilIntrpPP,.pitchsilintrppp,22947100
Hindustani,3eb7ba30-4b94-432e-9618-875ee57e01ab/Sameehan_Kashalkar/Raag_Marwa___Hameer/Raag_Marwa_1a311323-791b-46fa-ab59-b749adcd18e1.pitch,Raag_Marwa_1a311323-791b-46fa-ab59-b749adcd18e1.pitch,.pitch,10903333
Hindustani,3eb7ba30-4b94-432e-9618-875ee57e01ab/Shrinivas_Joshi/Swarakruti/Raga_Marwa_6504d224-d5e7-4353-841f-47adfcda0bd3.pitchSilIntrpPP,Raga_Marwa_6504d224-d5e7-4353-841f-47adfcda0bd3.pitchSilIntrpPP,.pitchsilintrppp,4752350
Hindustani,3eb7ba30-4b94-432e-9618-875ee57e01ab/Shrinivas_Joshi/Swarakruti/Raga_Marwa_6504d224-d5e7-4353-841f-47adfcda0bd3.pitch,Raga_Marwa_6504d224-d5e7-4353-841f-47adfcda0bd3.pitch,.pitch,2188644
Hindustani,3eb7ba30-4b94-432e-9618-875ee57e01ab/Shrinivas_Joshi/Swarakruti/Raga_Marwa_6504d224-d5e7-4353-841f-47adfcda0bd3.flatSegNyas,Raga_Marwa_6504d224-d5e7-4353-841f-47adfcda0bd3.flatSegNyas,.flatsegnyas,5728
Hindustani,3eb7ba30-4b94-432e-9618-875ee57e01ab/Shrinivas_Joshi/Swarakruti/Raga_Marwa_6504d224-d5e7-4353-841f-47adfcda0bd3.tonicFine,Raga_Marwa_6504d224-d5e7-4353-841f-47adfcda0bd3.tonicFine,.tonicfine,25
Hindustani,3eb7ba30-4b94-432e-9618-875ee57e01ab/Shrinivas_Joshi/Swarakruti/Raga_Marwa_6504d224-d5e7-4353-841f-47adfcda0bd3.taniSegKNN,Raga_Marwa_6504d224-d5e7-4353-841f-47adfcda0bd3.taniSegKNN,.tanisegknn,0
Hindustani,3eb7ba30-4b94-432e-9618-875ee57e01ab/Shrinivas_Joshi/Swarakruti/Raga_Marwa_6504d224-d5e7-4353-841f-47adfcda0bd3.tonic,Raga_Marwa_6504d224-d5e7-4353-841f-47adfcda0bd3.tonic,.tonic,11
Hindustani,40dbe1db-858f-4366-bef8-9076eb67340d/Bade_Ghulam_Ali_Khan/The_Great_Heritage__Ustad_Bade_Ghulam_Ali_Khan/Raga_Shuddha_Sarang_ab50e3e6-e6cb-4faa-a5ad-f0a94de30f86.taniSegKNN,Raga_Shuddha_Sarang_ab50e3e6-e6cb-4faa-a5ad-f0a94de30f86.taniSegKNN,.tanisegknn,0
Hindustani,40dbe1db-858f-4366-bef8-9076eb67340d/Bade_Ghulam_Ali_Khan/The_Great_Heritage__Ustad_Bade_Ghulam_Ali_Khan/Raga_Shuddha_Sarang_ab50e3e6-e6cb-4faa-a5ad-f0a94de30f86.pitchSilIntrpPP,Raga_Shuddha_Sarang_ab50e3e6-e6cb-4faa-a5ad-f0a94de30f86.pitchSilIntrpPP,.pitchsilintrppp,14706900
Hindustani,40dbe1db-858f-4366-bef8-9076eb67340d/Bade_Ghulam_Ali_Khan/The_Great_Heritage__Ustad_Bade_Ghulam_Ali_Khan/Raga_Shuddha_Sarang_ab50e3e6-e6cb-4faa-a5ad-f0a94de30f86.pitch,Raga_Shuddha_Sarang_ab50e3e6-e6cb-4faa-a5ad-f0a94de30f86.pitch,.pitch,6929183
Hindustani,40dbe1db-858f-4366-bef8-9076eb67340d/Bade_Ghulam_Ali_Khan/The_Great_Heritage__Ustad_Bade_Ghulam_Ali_Khan/Raga_Shuddha_Sarang_ab50e3e6-e6cb-4faa-a5ad-f0a94de30f86.tonic,Raga_Shuddha_Sarang_ab50e3e6-e6cb-4faa-a5ad-f0a94de30f86.tonic,.tonic,11
Hindustani,40dbe1db-858f-4366-bef8-9076eb67340d/Bade_Ghulam_Ali_Khan/The_Great_Heritage__Ustad_Bade_Ghulam_Ali_Khan/Raga_Shuddha_Sarang_ab50e3e6-e6cb-4faa-a5ad-f0a94de30f86.flatSegNyas,Raga_Shuddha_Sarang_ab50e3e6-e6cb-4faa-a5ad-f0a94de30f86.flatSegNyas,.flatsegnyas,20857
Hindustani,40dbe1db-858f-4366-bef8-9076eb67340d/Bade_Ghulam_Ali_Khan/The_Great_Heritage__Ustad_Bade_Ghulam_Ali_Khan/Raga_Shuddha_Sarang_ab50e3e6-e6cb-4faa-a5ad-f0a94de30f86.tonicFine,Raga_Shuddha_Sarang_ab50e3e6-e6cb-4faa-a5ad-f0a94de30f86.tonicFine,.tonicfine,25
Hindustani,40dbe1db-858f-4366-bef8-9076eb67340d/Ajoy_Chakrabarty/Geetinandan___Part-3/Sudh_Sarang_3a75a312-b119-41f8-8a5a-e799ebeed0cc.taniSegKNN,Sudh_Sarang_3a75a312-b119-41f8-8a5a-e799ebeed0cc.taniSegKNN,.tanisegknn,0
Hindustani,40dbe1db-858f-4366-bef8-9076eb67340d/Ajoy_Chakrabarty/Geetinandan___Part-3/Sudh_Sarang_3a75a312-b119-41f8-8a5a-e799ebeed0cc.tonic,Sudh_Sarang_3a75a312-b119-41f8-8a5a-e799ebeed0cc.tonic,.tonic,11
Hindustani,40dbe1db-858f-4366-bef8-9076eb67340d/Ajoy_Chakrabarty/Geetinandan___Part-3/Sudh_Sarang_3a75a312-b119-41f8-8a5a-e799ebeed0cc.pitch,Sudh_Sarang_3a75a312-b119-41f8-8a5a-e799ebeed0cc.pitch,.pitch,4239662
Hindustani,40dbe1db-858f-4366-bef8-9076eb67340d/Ajoy_Chakrabarty/Geetinandan___Part-3/Sudh_Sarang_3a75a312-b119-41f8-8a5a-e799ebeed0cc.flatSegNyas,Sudh_Sarang_3a75a312-b119-41f8-8a5a-e799ebeed0cc.flatSegNyas,.flatsegnyas,11134
Hindustani,40dbe1db-858f-4366-bef8-9076eb67340d/Ajoy_Chakrabarty/Geetinandan___Part-3/Sudh_Sarang_3a75a312-b119-41f8-8a5a-e799ebeed0cc.tonicFine,Sudh_Sarang_3a75a312-b119-41f8-8a5a-e799ebeed0cc.tonicFine,.tonicfine,25
Hindustani,40dbe1db-858f-4366-bef8-9076eb67340d/Ajoy_Chakrabarty/Geetinandan___Part-3/Sudh_Sarang_3a75a312-b119-41f8-8a5a-e799ebeed0cc.pitchSilIntrpPP,Sudh_Sarang_3a75a312-b119-41f8-8a5a-e799ebeed0cc.pitchSilIntrpPP,.pitchsilintrppp,9053550
Hindustani,40dbe1db-858f-4366-bef8-9076eb67340d/Jasraj/Legends__Sangeet_Martand_Pandit_Jasraj_(Vol__2)/Raga_-_Shudh_Sarang_3ce253e3-20a1-4148-b6c7-420a9784c242.tonicFine,Raga_-_Shudh_Sarang_3ce253e3-20a1-4148-b6c7-420a9784c242.tonicFine,.tonicfine,25
Hindustani,40dbe1db-858f-4366-bef8-9076eb67340d/Jasraj/Legends__Sangeet_Martand_Pandit_Jasraj_(Vol__2)/Raga_-_Shudh_Sarang_3ce253e3-20a1-4148-b6c7-420a9784c242.pitchSilIntrpPP,Raga_-_Shudh_Sarang_3ce253e3-20a1-4148-b6c7-420a9784c242.pitchSilIntrpPP,.pitchsilintrppp,13538450
Hindustani,40dbe1db-858f-4366-bef8-9076eb67340d/Jasraj/Legends__Sangeet_Martand_Pandit_Jasraj_(Vol__2)/Raga_-_Shudh_Sarang_3ce253e3-20a1-4148-b6c7-420a9784c242.pitch,Raga_-_Shudh_Sarang_3ce253e3-20a1-4148-b6c7-420a9784c242.pitch,.pitch,6361283
Hindustani,40dbe1db-858f-4366-bef8-9076eb67340d/Jasraj/Legends__Sangeet_Martand_Pandit_Jasraj_(Vol__2)/Raga_-_Shudh_Sarang_3ce253e3-20a1-4148-b6c7-420a9784c242.tonic,Raga_-_Shudh_Sarang_3ce253e3-20a1-4148-b6c7-420a9784c242.tonic,.tonic,6
Hindustani,40dbe1db-858f-4366-bef8-9076eb67340d/Jasraj/Legends__Sangeet_Martand_Pandit_Jasraj_(Vol__2)/Raga_-_Shudh_Sarang_3ce253e3-20a1-4148-b6c7-420a9784c242.flatSegNyas,Raga_-_Shudh_Sarang_3ce253e3-20a1-4148-b6c7-420a9784c242.flatSegNyas,.flatsegnyas,18784
Hindustani,40dbe1db-858f-4366-bef8-9076eb67340d/Jasraj/Legends__Sangeet_Martand_Pandit_Jasraj_(Vol__2)/Raga_-_Shudh_Sarang_3ce253e3-20a1-4148-b6c7-420a9784c242.taniSegKNN,Raga_-_Shudh_Sarang_3ce253e3-20a1-4148-b6c7-420a9784c242.taniSegKNN,.tanisegknn,0
Hindustani,40dbe1db-858f-4366-bef8-9076eb67340d/Kumar_Mardur/Classical_Essence/Raga_Shudh_Saarang_f0dfbbd2-7c91-4d7f-aa8d-30d95ee22c29.pitchSilIntrpPP,Raga_Shudh_Saarang_f0dfbbd2-7c91-4d7f-aa8d-30d95ee22c29.pitchSilIntrpPP,.pitchsilintrppp,26375000
Hindustani,40dbe1db-858f-4366-bef8-9076eb67340d/Kumar_Mardur/Classical_Essence/Raga_Shudh_Saarang_f0dfbbd2-7c91-4d7f-aa8d-30d95ee22c29.pitch,Raga_Shudh_Saarang_f0dfbbd2-7c91-4d7f-aa8d-30d95ee22c29.pitch,.pitch,12568561
Hindustani,40dbe1db-858f-4366-bef8-9076eb67340d/Kumar_Mardur/Classical_Essence/Raga_Shudh_Saarang_f0dfbbd2-7c91-4d7f-aa8d-30d95ee22c29.tonicFine,Raga_Shudh_Saarang_f0dfbbd2-7c91-4d7f-aa8d-30d95ee22c29.tonicFine,.tonicfine,25
Hindustani,40dbe1db-858f-4366-bef8-9076eb67340d/Kumar_Mardur/Classical_Essence/Raga_Shudh_Saarang_f0dfbbd2-7c91-4d7f-aa8d-30d95ee22c29.flatSegNyas,Raga_Shudh_Saarang_f0dfbbd2-7c91-4d7f-aa8d-30d95ee22c29.flatSegNyas,.flatsegnyas,24823
Hindustani,40dbe1db-858f-4366-bef8-9076eb67340d/Kumar_Mardur/Classical_Essence/Raga_Shudh_Saarang_f0dfbbd2-7c91-4d7f-aa8d-30d95ee22c29.taniSegKNN,Raga_Shudh_Saarang_f0dfbbd2-7c91-4d7f-aa8d-30d95ee22c29.taniSegKNN,.tanisegknn,0
Hindustani,40dbe1db-858f-4366-bef8-9076eb67340d/Kumar_Mardur/Classical_Essence/Raga_Shudh_Saarang_f0dfbbd2-7c91-4d7f-aa8d-30d95ee22c29.tonic,Raga_Shudh_Saarang_f0dfbbd2-7c91-4d7f-aa8d-30d95ee22c29.tonic,.tonic,11
Hindustani,40dbe1db-858f-4366-bef8-9076eb67340d/Kumar_Gandharva/Pt__Kumar_Gandharva-Vocal/Naina_Na_Mane_Mora_ed4b8208-d0bf-4269-b513-5799a9ae3884.taniSegKNN,Naina_Na_Mane_Mora_ed4b8208-d0bf-4269-b513-5799a9ae3884.taniSegKNN,.tanisegknn,0
Hindustani,40dbe1db-858f-4366-bef8-9076eb67340d/Kumar_Gandharva/Pt__Kumar_Gandharva-Vocal/Naina_Na_Mane_Mora_ed4b8208-d0bf-4269-b513-5799a9ae3884.pitchSilIntrpPP,Naina_Na_Mane_Mora_ed4b8208-d0bf-4269-b513-5799a9ae3884.pitchSilIntrpPP,.pitchsilintrppp,5122350
Hindustani,40dbe1db-858f-4366-bef8-9076eb67340d/Kumar_Gandharva/Pt__Kumar_Gandharva-Vocal/Naina_Na_Mane_Mora_ed4b8208-d0bf-4269-b513-5799a9ae3884.tonicFine,Naina_Na_Mane_Mora_ed4b8208-d0bf-4269-b513-5799a9ae3884.tonicFine,.tonicfine,25
Hindustani,40dbe1db-858f-4366-bef8-9076eb67340d/Kumar_Gandharva/Pt__Kumar_Gandharva-Vocal/Naina_Na_Mane_Mora_ed4b8208-d0bf-4269-b513-5799a9ae3884.flatSegNyas,Naina_Na_Mane_Mora_ed4b8208-d0bf-4269-b513-5799a9ae3884.flatSegNyas,.flatsegnyas,8780
Hindustani,40dbe1db-858f-4366-bef8-9076eb67340d/Kumar_Gandharva/Pt__Kumar_Gandharva-Vocal/Naina_Na_Mane_Mora_ed4b8208-d0bf-4269-b513-5799a9ae3884.tonic,Naina_Na_Mane_Mora_ed4b8208-d0bf-4269-b513-5799a9ae3884.tonic,.tonic,11
Hindustani,40dbe1db-858f-4366-bef8-9076eb67340d/Kumar_Gandharva/Pt__Kumar_Gandharva-Vocal/Naina_Na_Mane_Mora_ed4b8208-d0bf-4269-b513-5799a9ae3884.pitch,Naina_Na_Mane_Mora_ed4b8208-d0bf-4269-b513-5799a9ae3884.pitch,.pitch,2391554
Hindustani,40dbe1db-858f-4366-bef8-9076eb67340d/Veena_Sahasrabuddhe/Ritu_Chakra_Vol__3/Raga_Shudh_Sarang_6df73a9c-3978-4db0-af6a-7d833467234b.flatSegNyas,Raga_Shudh_Sarang_6df73a9c-3978-4db0-af6a-7d833467234b.flatSegNyas,.flatsegnyas,22580
Hindustani,40dbe1db-858f-4366-bef8-9076eb67340d/Veena_Sahasrabuddhe/Ritu_Chakra_Vol__3/Raga_Shudh_Sarang_6df73a9c-3978-4db0-af6a-7d833467234b.tonicFine,Raga_Shudh_Sarang_6df73a9c-3978-4db0-af6a-7d833467234b.tonicFine,.tonicfine,25
Hindustani,40dbe1db-858f-4366-bef8-9076eb67340d/Veena_Sahasrabuddhe/Ritu_Chakra_Vol__3/Raga_Shudh_Sarang_6df73a9c-3978-4db0-af6a-7d833467234b.pitchSilIntrpPP,Raga_Shudh_Sarang_6df73a9c-3978-4db0-af6a-7d833467234b.pitchSilIntrpPP,.pitchsilintrppp,16405200
Hindustani,40dbe1db-858f-4366-bef8-9076eb67340d/Veena_Sahasrabuddhe/Ritu_Chakra_Vol__3/Raga_Shudh_Sarang_6df73a9c-3978-4db0-af6a-7d833467234b.tonic,Raga_Shudh_Sarang_6df73a9c-3978-4db0-af6a-7d833467234b.tonic,.tonic,11
Hindustani,40dbe1db-858f-4366-bef8-9076eb67340d/Veena_Sahasrabuddhe/Ritu_Chakra_Vol__3/Raga_Shudh_Sarang_6df73a9c-3978-4db0-af6a-7d833467234b.pitch,Raga_Shudh_Sarang_6df73a9c-3978-4db0-af6a-7d833467234b.pitch,.pitch,7791432
Hindustani,40dbe1db-858f-4366-bef8-9076eb67340d/Veena_Sahasrabuddhe/Ritu_Chakra_Vol__3/Raga_Shudh_Sarang_6df73a9c-3978-4db0-af6a-7d833467234b.taniSegKNN,Raga_Shudh_Sarang_6df73a9c-3978-4db0-af6a-7d833467234b.taniSegKNN,.tanisegknn,0
Hindustani,40dbe1db-858f-4366-bef8-9076eb67340d/Basavraj_Rajaguru/The_Genius_Of_Basavraj_Rajguru/Raga_Shuddh_Sarang_43688da7-80e9-4814-b486-b01534a6ed44.tonicFine,Raga_Shuddh_Sarang_43688da7-80e9-4814-b486-b01534a6ed44.tonicFine,.tonicfine,25
Hindustani,40dbe1db-858f-4366-bef8-9076eb67340d/Basavraj_Rajaguru/The_Genius_Of_Basavraj_Rajguru/Raga_Shuddh_Sarang_43688da7-80e9-4814-b486-b01534a6ed44.flatSegNyas,Raga_Shuddh_Sarang_43688da7-80e9-4814-b486-b01534a6ed44.flatSegNyas,.flatsegnyas,21004
Hindustani,40dbe1db-858f-4366-bef8-9076eb67340d/Basavraj_Rajaguru/The_Genius_Of_Basavraj_Rajguru/Raga_Shuddh_Sarang_43688da7-80e9-4814-b486-b01534a6ed44.pitch,Raga_Shuddh_Sarang_43688da7-80e9-4814-b486-b01534a6ed44.pitch,.pitch,4916248
Hindustani,40dbe1db-858f-4366-bef8-9076eb67340d/Basavraj_Rajaguru/The_Genius_Of_Basavraj_Rajguru/Raga_Shuddh_Sarang_43688da7-80e9-4814-b486-b01534a6ed44.pitchSilIntrpPP,Raga_Shuddh_Sarang_43688da7-80e9-4814-b486-b01534a6ed44.pitchSilIntrpPP,.pitchsilintrppp,10476500
Hindustani,40dbe1db-858f-4366-bef8-9076eb67340d/Basavraj_Rajaguru/The_Genius_Of_Basavraj_Rajguru/Raga_Shuddh_Sarang_43688da7-80e9-4814-b486-b01534a6ed44.tonic,Raga_Shuddh_Sarang_43688da7-80e9-4814-b486-b01534a6ed44.tonic,.tonic,11
Hindustani,40dbe1db-858f-4366-bef8-9076eb67340d/Basavraj_Rajaguru/The_Genius_Of_Basavraj_Rajguru/Raga_Shuddh_Sarang_43688da7-80e9-4814-b486-b01534a6ed44.taniSegKNN,Raga_Shuddh_Sarang_43688da7-80e9-4814-b486-b01534a6ed44.taniSegKNN,.tanisegknn,0
Hindustani,40dbe1db-858f-4366-bef8-9076eb67340d/Satyasheel_Deshpande/Kahen/Kite_Din_Piya_Dekhe_Bin_Beete_f11c7c0c-d148-4084-8cfc-b5e81893f5cf.tonicFine,Kite_Din_Piya_Dekhe_Bin_Beete_f11c7c0c-d148-4084-8cfc-b5e81893f5cf.tonicFine,.tonicfine,25
Hindustani,40dbe1db-858f-4366-bef8-9076eb67340d/Satyasheel_Deshpande/Kahen/Bataide_Mohe_Gan_Surjnava_97c2c622-af6f-4a70-98be-9e44d5c933db.pitchSilIntrpPP,Bataide_Mohe_Gan_Surjnava_97c2c622-af6f-4a70-98be-9e44d5c933db.pitchSilIntrpPP,.pitchsilintrppp,3212150
Hindustani,40dbe1db-858f-4366-bef8-9076eb67340d/Satyasheel_Deshpande/Kahen/Kite_Din_Piya_Dekhe_Bin_Beete_f11c7c0c-d148-4084-8cfc-b5e81893f5cf.flatSegNyas,Kite_Din_Piya_Dekhe_Bin_Beete_f11c7c0c-d148-4084-8cfc-b5e81893f5cf.flatSegNyas,.flatsegnyas,3132
Hindustani,40dbe1db-858f-4366-bef8-9076eb67340d/Satyasheel_Deshpande/Kahen/Tapan_Lagi_Gahare_e63679b8-d529-4815-9e58-aac403e079e1.pitchSilIntrpPP,Tapan_Lagi_Gahare_e63679b8-d529-4815-9e58-aac403e079e1.pitchSilIntrpPP,.pitchsilintrppp,5905850
Hindustani,40dbe1db-858f-4366-bef8-9076eb67340d/Satyasheel_Deshpande/Kahen/Kite_Din_Piya_Dekhe_Bin_Beete_f11c7c0c-d148-4084-8cfc-b5e81893f5cf.tonic,Kite_Din_Piya_Dekhe_Bin_Beete_f11c7c0c-d148-4084-8cfc-b5e81893f5cf.tonic,.tonic,11
Hindustani,40dbe1db-858f-4366-bef8-9076eb67340d/Satyasheel_Deshpande/Kahen/Bataide_Mohe_Gan_Surjnava_97c2c622-af6f-4a70-98be-9e44d5c933db.flatSegNyas,Bataide_Mohe_Gan_Surjnava_97c2c622-af6f-4a70-98be-9e44d5c933db.flatSegNyas,.flatsegnyas,5704
Hindustani,40dbe1db-858f-4366-bef8-9076eb67340d/Satyasheel_Deshpande/Kahen/Tapan_Lagi_Gahare_e63679b8-d529-4815-9e58-aac403e079e1.tonicFine,Tapan_Lagi_Gahare_e63679b8-d529-4815-9e58-aac403e079e1.tonicFine,.tonicfine,25
Hindustani,40dbe1db-858f-4366-bef8-9076eb67340d/Satyasheel_Deshpande/Kahen/Kite_Din_Piya_Dekhe_Bin_Beete_f11c7c0c-d148-4084-8cfc-b5e81893f5cf.pitchSilIntrpPP,Kite_Din_Piya_Dekhe_Bin_Beete_f11c7c0c-d148-4084-8cfc-b5e81893f5cf.pitchSilIntrpPP,.pitchsilintrppp,2673500
Hindustani,40dbe1db-858f-4366-bef8-9076eb67340d/Satyasheel_Deshpande/Kahen/Tapan_Lagi_Gahare_e63679b8-d529-4815-9e58-aac403e079e1.tonic,Tapan_Lagi_Gahare_e63679b8-d529-4815-9e58-aac403e079e1.tonic,.tonic,11
Hindustani,40dbe1db-858f-4366-bef8-9076eb67340d/Satyasheel_Deshpande/Kahen/Tapan_Lagi_Gahare_e63679b8-d529-4815-9e58-aac403e079e1.taniSegKNN,Tapan_Lagi_Gahare_e63679b8-d529-4815-9e58-aac403e079e1.taniSegKNN,.tanisegknn,0
Hindustani,40dbe1db-858f-4366-bef8-9076eb67340d/Satyasheel_Deshpande/Kahen/Tapan_Lagi_Gahare_e63679b8-d529-4815-9e58-aac403e079e1.flatSegNyas,Tapan_Lagi_Gahare_e63679b8-d529-4815-9e58-aac403e079e1.flatSegNyas,.flatsegnyas,8938
Hindustani,40dbe1db-858f-4366-bef8-9076eb67340d/Satyasheel_Deshpande/Kahen/Bataide_Mohe_Gan_Surjnava_97c2c622-af6f-4a70-98be-9e44d5c933db.tonicFine,Bataide_Mohe_Gan_Surjnava_97c2c622-af6f-4a70-98be-9e44d5c933db.tonicFine,.tonicfine,25
Hindustani,40dbe1db-858f-4366-bef8-9076eb67340d/Satyasheel_Deshpande/Kahen/Kite_Din_Piya_Dekhe_Bin_Beete_f11c7c0c-d148-4084-8cfc-b5e81893f5cf.pitch,Kite_Din_Piya_Dekhe_Bin_Beete_f11c7c0c-d148-4084-8cfc-b5e81893f5cf.pitch,.pitch,1235183
Hindustani,40dbe1db-858f-4366-bef8-9076eb67340d/Satyasheel_Deshpande/Kahen/Tapan_Lagi_Gahare_e63679b8-d529-4815-9e58-aac403e079e1.pitch,Tapan_Lagi_Gahare_e63679b8-d529-4815-9e58-aac403e079e1.pitch,.pitch,2755972
Hindustani,40dbe1db-858f-4366-bef8-9076eb67340d/Satyasheel_Deshpande/Kahen/Bataide_Mohe_Gan_Surjnava_97c2c622-af6f-4a70-98be-9e44d5c933db.taniSegKNN,Bataide_Mohe_Gan_Surjnava_97c2c622-af6f-4a70-98be-9e44d5c933db.taniSegKNN,.tanisegknn,0
Hindustani,40dbe1db-858f-4366-bef8-9076eb67340d/Satyasheel_Deshpande/Kahen/Bataide_Mohe_Gan_Surjnava_97c2c622-af6f-4a70-98be-9e44d5c933db.tonic,Bataide_Mohe_Gan_Surjnava_97c2c622-af6f-4a70-98be-9e44d5c933db.tonic,.tonic,11
Hindustani,40dbe1db-858f-4366-bef8-9076eb67340d/Satyasheel_Deshpande/Kahen/Bataide_Mohe_Gan_Surjnava_97c2c622-af6f-4a70-98be-9e44d5c933db.pitch,Bataide_Mohe_Gan_Surjnava_97c2c622-af6f-4a70-98be-9e44d5c933db.pitch,.pitch,1491739
Hindustani,40dbe1db-858f-4366-bef8-9076eb67340d/Satyasheel_Deshpande/Kahen/Kite_Din_Piya_Dekhe_Bin_Beete_f11c7c0c-d148-4084-8cfc-b5e81893f5cf.taniSegKNN,Kite_Din_Piya_Dekhe_Bin_Beete_f11c7c0c-d148-4084-8cfc-b5e81893f5cf.taniSegKNN,.tanisegknn,0
Hindustani,7591faad-e68a-4550-b675-8082842c6056/Rashid_Khan/Vocal/Raga_Bageshri_1d378f5b-33ac-47ae-9219-a03a394de1b9.tonic,Raga_Bageshri_1d378f5b-33ac-47ae-9219-a03a394de1b9.tonic,.tonic,11
Hindustani,7591faad-e68a-4550-b675-8082842c6056/Rashid_Khan/Vocal/Raga_Bageshri_1d378f5b-33ac-47ae-9219-a03a394de1b9.taniSegKNN,Raga_Bageshri_1d378f5b-33ac-47ae-9219-a03a394de1b9.taniSegKNN,.tanisegknn,0
Hindustani,7591faad-e68a-4550-b675-8082842c6056/Rashid_Khan/Vocal/Raga_Bageshri_1d378f5b-33ac-47ae-9219-a03a394de1b9.flatSegNyas,Raga_Bageshri_1d378f5b-33ac-47ae-9219-a03a394de1b9.flatSegNyas,.flatsegnyas,37168
Hindustani,7591faad-e68a-4550-b675-8082842c6056/Rashid_Khan/Vocal/Raga_Bageshri_1d378f5b-33ac-47ae-9219-a03a394de1b9.pitch,Raga_Bageshri_1d378f5b-33ac-47ae-9219-a03a394de1b9.pitch,.pitch,12945347
Hindustani,7591faad-e68a-4550-b675-8082842c6056/Rashid_Khan/Vocal/Raga_Bageshri_1d378f5b-33ac-47ae-9219-a03a394de1b9.pitchSilIntrpPP,Raga_Bageshri_1d378f5b-33ac-47ae-9219-a03a394de1b9.pitchSilIntrpPP,.pitchsilintrppp,27085600
Hindustani,7591faad-e68a-4550-b675-8082842c6056/Rashid_Khan/Vocal/Raga_Bageshri_1d378f5b-33ac-47ae-9219-a03a394de1b9.tonicFine,Raga_Bageshri_1d378f5b-33ac-47ae-9219-a03a394de1b9.tonicFine,.tonicfine,25
Hindustani,7591faad-e68a-4550-b675-8082842c6056/Ajoy_Chakrabarty/The_Genius_Of_Pt__Ajoy_Chakraborty/Raga_Bageshree_186b62f6-3073-4817-a075-439cad73305c.taniSegKNN,Raga_Bageshree_186b62f6-3073-4817-a075-439cad73305c.taniSegKNN,.tanisegknn,0
Hindustani,7591faad-e68a-4550-b675-8082842c6056/Ajoy_Chakrabarty/The_Genius_Of_Pt__Ajoy_Chakraborty/Raga_Bageshree_186b62f6-3073-4817-a075-439cad73305c.flatSegNyas,Raga_Bageshree_186b62f6-3073-4817-a075-439cad73305c.flatSegNyas,.flatsegnyas,20263
Hindustani,7591faad-e68a-4550-b675-8082842c6056/Ajoy_Chakrabarty/The_Genius_Of_Pt__Ajoy_Chakraborty/Raga_Bageshree_186b62f6-3073-4817-a075-439cad73305c.tonicFine,Raga_Bageshree_186b62f6-3073-4817-a075-439cad73305c.tonicFine,.tonicfine,25
Hindustani,7591faad-e68a-4550-b675-8082842c6056/Ajoy_Chakrabarty/The_Genius_Of_Pt__Ajoy_Chakraborty/Raga_Bageshree_186b62f6-3073-4817-a075-439cad73305c.pitch,Raga_Bageshree_186b62f6-3073-4817-a075-439cad73305c.pitch,.pitch,8108907
Hindustani,7591faad-e68a-4550-b675-8082842c6056/Ajoy_Chakrabarty/The_Genius_Of_Pt__Ajoy_Chakraborty/Raga_Bageshree_186b62f6-3073-4817-a075-439cad73305c.tonic,Raga_Bageshree_186b62f6-3073-4817-a075-439cad73305c.tonic,.tonic,11
Hindustani,7591faad-e68a-4550-b675-8082842c6056/Ajoy_Chakrabarty/The_Genius_Of_Pt__Ajoy_Chakraborty/Raga_Bageshree_186b62f6-3073-4817-a075-439cad73305c.pitchSilIntrpPP,Raga_Bageshree_186b62f6-3073-4817-a075-439cad73305c.pitchSilIntrpPP,.pitchsilintrppp,17186050
Hindustani,7591faad-e68a-4550-b675-8082842c6056/Sanjeev_Abhyankar/Soaring_Heights-_Vol_2/Kaum_Fande_Mope_Daal_Gayo_and_Ja_Re_Balama_To_Se_Nahin_Bolun_afe4855b-9b3e-477a-944a-251b6bb7dd97.taniSegKNN,Kaum_Fande_Mope_Daal_Gayo_and_Ja_Re_Balama_To_Se_Nahin_Bolun_afe4855b-9b3e-477a-944a-251b6bb7dd97.taniSegKNN,.tanisegknn,0
Hindustani,7591faad-e68a-4550-b675-8082842c6056/Sanjeev_Abhyankar/Soaring_Heights-_Vol_2/Kaum_Fande_Mope_Daal_Gayo_and_Ja_Re_Balama_To_Se_Nahin_Bolun_afe4855b-9b3e-477a-944a-251b6bb7dd97.flatSegNyas,Kaum_Fande_Mope_Daal_Gayo_and_Ja_Re_Balama_To_Se_Nahin_Bolun_afe4855b-9b3e-477a-944a-251b6bb7dd97.flatSegNyas,.flatsegnyas,22484
Hindustani,7591faad-e68a-4550-b675-8082842c6056/Sanjeev_Abhyankar/Soaring_Heights-_Vol_2/Kaum_Fande_Mope_Daal_Gayo_and_Ja_Re_Balama_To_Se_Nahin_Bolun_afe4855b-9b3e-477a-944a-251b6bb7dd97.tonic,Kaum_Fande_Mope_Daal_Gayo_and_Ja_Re_Balama_To_Se_Nahin_Bolun_afe4855b-9b3e-477a-944a-251b6bb7dd97.tonic,.tonic,11
Hindustani,7591faad-e68a-4550-b675-8082842c6056/Sanjeev_Abhyankar/Soaring_Heights-_Vol_2/Kaum_Fande_Mope_Daal_Gayo_and_Ja_Re_Balama_To_Se_Nahin_Bolun_afe4855b-9b3e-477a-944a-251b6bb7dd97.pitchSilIntrpPP,Kaum_Fande_Mope_Daal_Gayo_and_Ja_Re_Balama_To_Se_Nahin_Bolun_afe4855b-9b3e-477a-944a-251b6bb7dd97.pitchSilIntrpPP,.pitchsilintrppp,19152950
Hindustani,7591faad-e68a-4550-b675-8082842c6056/Sanjeev_Abhyankar/Soaring_Heights-_Vol_2/Kaum_Fande_Mope_Daal_Gayo_and_Ja_Re_Balama_To_Se_Nahin_Bolun_afe4855b-9b3e-477a-944a-251b6bb7dd97.tonicFine,Kaum_Fande_Mope_Daal_Gayo_and_Ja_Re_Balama_To_Se_Nahin_Bolun_afe4855b-9b3e-477a-944a-251b6bb7dd97.tonicFine,.tonicfine,25
Hindustani,7591faad-e68a-4550-b675-8082842c6056/Sanjeev_Abhyankar/Soaring_Heights-_Vol_2/Kaum_Fande_Mope_Daal_Gayo_and_Ja_Re_Balama_To_Se_Nahin_Bolun_afe4855b-9b3e-477a-944a-251b6bb7dd97.pitch,Kaum_Fande_Mope_Daal_Gayo_and_Ja_Re_Balama_To_Se_Nahin_Bolun_afe4855b-9b3e-477a-944a-251b6bb7dd97.pitch,.pitch,9114577
Hindustani,7591faad-e68a-4550-b675-8082842c6056/Amir_Khan/A_Life_in_Music/Raga_Bageshri_47b78e45-4a67-49e7-94db-aac7fc8a3db7.tonic,Raga_Bageshri_47b78e45-4a67-49e7-94db-aac7fc8a3db7.tonic,.tonic,3
Hindustani,7591faad-e68a-4550-b675-8082842c6056/Amir_Khan/A_Life_in_Music/Raga_Bageshri_47b78e45-4a67-49e7-94db-aac7fc8a3db7.tonicFine,Raga_Bageshri_47b78e45-4a67-49e7-94db-aac7fc8a3db7.tonicFine,.tonicfine,25
Hindustani,7591faad-e68a-4550-b675-8082842c6056/Amir_Khan/A_Life_in_Music/Raga_Bageshri_47b78e45-4a67-49e7-94db-aac7fc8a3db7.pitch,Raga_Bageshri_47b78e45-4a67-49e7-94db-aac7fc8a3db7.pitch,.pitch,8539246
Hindustani,7591faad-e68a-4550-b675-8082842c6056/Amir_Khan/A_Life_in_Music/Raga_Bageshri_47b78e45-4a67-49e7-94db-aac7fc8a3db7.taniSegKNN,Raga_Bageshri_47b78e45-4a67-49e7-94db-aac7fc8a3db7.taniSegKNN,.tanisegknn,0
Hindustani,7591faad-e68a-4550-b675-8082842c6056/Amir_Khan/A_Life_in_Music/Raga_Bageshri_47b78e45-4a67-49e7-94db-aac7fc8a3db7.pitchSilIntrpPP,Raga_Bageshri_47b78e45-4a67-49e7-94db-aac7fc8a3db7.pitchSilIntrpPP,.pitchsilintrppp,18060900
Hindustani,7591faad-e68a-4550-b675-8082842c6056/Amir_Khan/A_Life_in_Music/Raga_Bageshri_47b78e45-4a67-49e7-94db-aac7fc8a3db7.flatSegNyas,Raga_Bageshri_47b78e45-4a67-49e7-94db-aac7fc8a3db7.flatSegNyas,.flatsegnyas,19737
Hindustani,7591faad-e68a-4550-b675-8082842c6056/Prabhakar_Karekar/Swarprabha/Mohe_Manavan_Aaya_and_Na_Daro_Rang_c6dfc5f0-34cb-4d1e-90a0-712a845beb38.pitchSilIntrpPP,Mohe_Manavan_Aaya_and_Na_Daro_Rang_c6dfc5f0-34cb-4d1e-90a0-712a845beb38.pitchSilIntrpPP,.pitchsilintrppp,17612450
Hindustani,7591faad-e68a-4550-b675-8082842c6056/Prabhakar_Karekar/Swarprabha/Mohe_Manavan_Aaya_and_Na_Daro_Rang_c6dfc5f0-34cb-4d1e-90a0-712a845beb38.tonicFine,Mohe_Manavan_Aaya_and_Na_Daro_Rang_c6dfc5f0-34cb-4d1e-90a0-712a845beb38.tonicFine,.tonicfine,25
Hindustani,7591faad-e68a-4550-b675-8082842c6056/Prabhakar_Karekar/Swarprabha/Mohe_Manavan_Aaya_and_Na_Daro_Rang_c6dfc5f0-34cb-4d1e-90a0-712a845beb38.flatSegNyas,Mohe_Manavan_Aaya_and_Na_Daro_Rang_c6dfc5f0-34cb-4d1e-90a0-712a845beb38.flatSegNyas,.flatsegnyas,22284
Hindustani,7591faad-e68a-4550-b675-8082842c6056/Prabhakar_Karekar/Swarprabha/Mohe_Manavan_Aaya_and_Na_Daro_Rang_c6dfc5f0-34cb-4d1e-90a0-712a845beb38.pitch,Mohe_Manavan_Aaya_and_Na_Daro_Rang_c6dfc5f0-34cb-4d1e-90a0-712a845beb38.pitch,.pitch,8375014
Hindustani,7591faad-e68a-4550-b675-8082842c6056/Prabhakar_Karekar/Swarprabha/Mohe_Manavan_Aaya_and_Na_Daro_Rang_c6dfc5f0-34cb-4d1e-90a0-712a845beb38.tonic,Mohe_Manavan_Aaya_and_Na_Daro_Rang_c6dfc5f0-34cb-4d1e-90a0-712a845beb38.tonic,.tonic,11
Hindustani,7591faad-e68a-4550-b675-8082842c6056/Prabhakar_Karekar/Swarprabha/Mohe_Manavan_Aaya_and_Na_Daro_Rang_c6dfc5f0-34cb-4d1e-90a0-712a845beb38.taniSegKNN,Mohe_Manavan_Aaya_and_Na_Daro_Rang_c6dfc5f0-34cb-4d1e-90a0-712a845beb38.taniSegKNN,.tanisegknn,0
Hindustani,7591faad-e68a-4550-b675-8082842c6056/Veena_Sahasrabuddhe/Veena_Sahasrabuddhe_-_First_Milestone/Sakhi_Mana_Lage_Na_and_Shyaam_Ghan_Chhaye_58ffbe74-0145-48b9-bc41-fa9e4b3a59cc.taniSegKNN,Sakhi_Mana_Lage_Na_and_Shyaam_Ghan_Chhaye_58ffbe74-0145-48b9-bc41-fa9e4b3a59cc.taniSegKNN,.tanisegknn,0
Hindustani,7591faad-e68a-4550-b675-8082842c6056/Veena_Sahasrabuddhe/Veena_Sahasrabuddhe_-_First_Milestone/Sakhi_Mana_Lage_Na_and_Shyaam_Ghan_Chhaye_58ffbe74-0145-48b9-bc41-fa9e4b3a59cc.tonic,Sakhi_Mana_Lage_Na_and_Shyaam_Ghan_Chhaye_58ffbe74-0145-48b9-bc41-fa9e4b3a59cc.tonic,.tonic,4
Hindustani,7591faad-e68a-4550-b675-8082842c6056/Veena_Sahasrabuddhe/Veena_Sahasrabuddhe_-_First_Milestone/Sakhi_Mana_Lage_Na_and_Shyaam_Ghan_Chhaye_58ffbe74-0145-48b9-bc41-fa9e4b3a59cc.flatSegNyas,Sakhi_Mana_Lage_Na_and_Shyaam_Ghan_Chhaye_58ffbe74-0145-48b9-bc41-fa9e4b3a59cc.flatSegNyas,.flatsegnyas,28629
Hindustani,7591faad-e68a-4550-b675-8082842c6056/Veena_Sahasrabuddhe/Veena_Sahasrabuddhe_-_First_Milestone/Sakhi_Mana_Lage_Na_and_Shyaam_Ghan_Chhaye_58ffbe74-0145-48b9-bc41-fa9e4b3a59cc.tonicFine,Sakhi_Mana_Lage_Na_and_Shyaam_Ghan_Chhaye_58ffbe74-0145-48b9-bc41-fa9e4b3a59cc.tonicFine,.tonicfine,25
Hindustani,7591faad-e68a-4550-b675-8082842c6056/Veena_Sahasrabuddhe/Veena_Sahasrabuddhe_-_First_Milestone/Sakhi_Mana_Lage_Na_and_Shyaam_Ghan_Chhaye_58ffbe74-0145-48b9-bc41-fa9e4b3a59cc.pitch,Sakhi_Mana_Lage_Na_and_Shyaam_Ghan_Chhaye_58ffbe74-0145-48b9-bc41-fa9e4b3a59cc.pitch,.pitch,9826910
Hindustani,7591faad-e68a-4550-b675-8082842c6056/Veena_Sahasrabuddhe/Veena_Sahasrabuddhe_-_First_Milestone/Sakhi_Mana_Lage_Na_and_Shyaam_Ghan_Chhaye_58ffbe74-0145-48b9-bc41-fa9e4b3a59cc.pitchSilIntrpPP,Sakhi_Mana_Lage_Na_and_Shyaam_Ghan_Chhaye_58ffbe74-0145-48b9-bc41-fa9e4b3a59cc.pitchSilIntrpPP,.pitchsilintrppp,20485100
Hindustani,7591faad-e68a-4550-b675-8082842c6056/Satyasheel_Deshpande/Raag_Bageshree___Bhairavi_Bhajan/Raag_Bageshree_897f4174-24be-493a-be1c-57fd3c018601.flatSegNyas,Raag_Bageshree_897f4174-24be-493a-be1c-57fd3c018601.flatSegNyas,.flatsegnyas,47021
Hindustani,7591faad-e68a-4550-b675-8082842c6056/Satyasheel_Deshpande/Raag_Bageshree___Bhairavi_Bhajan/Raag_Bageshree_897f4174-24be-493a-be1c-57fd3c018601.pitch,Raag_Bageshree_897f4174-24be-493a-be1c-57fd3c018601.pitch,.pitch,13340433
Hindustani,7591faad-e68a-4550-b675-8082842c6056/Satyasheel_Deshpande/Raag_Bageshree___Bhairavi_Bhajan/Raag_Bageshree_897f4174-24be-493a-be1c-57fd3c018601.tonicFine,Raag_Bageshree_897f4174-24be-493a-be1c-57fd3c018601.tonicFine,.tonicfine,25
Hindustani,7591faad-e68a-4550-b675-8082842c6056/Satyasheel_Deshpande/Raag_Bageshree___Bhairavi_Bhajan/Raag_Bageshree_897f4174-24be-493a-be1c-57fd3c018601.pitchSilIntrpPP,Raag_Bageshree_897f4174-24be-493a-be1c-57fd3c018601.pitchSilIntrpPP,.pitchsilintrppp,27765900
Hindustani,7591faad-e68a-4550-b675-8082842c6056/Satyasheel_Deshpande/Raag_Bageshree___Bhairavi_Bhajan/Raag_Bageshree_897f4174-24be-493a-be1c-57fd3c018601.tonic,Raag_Bageshree_897f4174-24be-493a-be1c-57fd3c018601.tonic,.tonic,11
Hindustani,7591faad-e68a-4550-b675-8082842c6056/Satyasheel_Deshpande/Raag_Bageshree___Bhairavi_Bhajan/Raag_Bageshree_897f4174-24be-493a-be1c-57fd3c018601.taniSegKNN,Raag_Bageshree_897f4174-24be-493a-be1c-57fd3c018601.taniSegKNN,.tanisegknn,0
Hindustani,7591faad-e68a-4550-b675-8082842c6056/Malini_Rajurkar/Classical_Vocal/Raga_Bageshree_bf3e009b-5d36-46a2-8fde-3c019c9fef1a.taniSegKNN,Raga_Bageshree_bf3e009b-5d36-46a2-8fde-3c019c9fef1a.taniSegKNN,.tanisegknn,0
Hindustani,7591faad-e68a-4550-b675-8082842c6056/Malini_Rajurkar/Classical_Vocal/Raga_Bageshree_bf3e009b-5d36-46a2-8fde-3c019c9fef1a.pitchSilIntrpPP,Raga_Bageshree_bf3e009b-5d36-46a2-8fde-3c019c9fef1a.pitchSilIntrpPP,.pitchsilintrppp,19857400
Hindustani,7591faad-e68a-4550-b675-8082842c6056/Malini_Rajurkar/Classical_Vocal/Raga_Bageshree_bf3e009b-5d36-46a2-8fde-3c019c9fef1a.pitch,Raga_Bageshree_bf3e009b-5d36-46a2-8fde-3c019c9fef1a.pitch,.pitch,9496154
Hindustani,7591faad-e68a-4550-b675-8082842c6056/Malini_Rajurkar/Classical_Vocal/Raga_Bageshree_bf3e009b-5d36-46a2-8fde-3c019c9fef1a.tonicFine,Raga_Bageshree_bf3e009b-5d36-46a2-8fde-3c019c9fef1a.tonicFine,.tonicfine,25
Hindustani,7591faad-e68a-4550-b675-8082842c6056/Malini_Rajurkar/Classical_Vocal/Raga_Bageshree_bf3e009b-5d36-46a2-8fde-3c019c9fef1a.tonic,Raga_Bageshree_bf3e009b-5d36-46a2-8fde-3c019c9fef1a.tonic,.tonic,4
Hindustani,7591faad-e68a-4550-b675-8082842c6056/Malini_Rajurkar/Classical_Vocal/Raga_Bageshree_bf3e009b-5d36-46a2-8fde-3c019c9fef1a.flatSegNyas,Raga_Bageshree_bf3e009b-5d36-46a2-8fde-3c019c9fef1a.flatSegNyas,.flatsegnyas,31107
Hindustani,7591faad-e68a-4550-b675-8082842c6056/Jagdish_Prasad/Shraddhanjali__Jagdish_Prasad/Raga_Bhageshri_6cb0fc24-76bf-48a8-8a45-8552b70127ea.flatSegNyas,Raga_Bhageshri_6cb0fc24-76bf-48a8-8a45-8552b70127ea.flatSegNyas,.flatsegnyas,15026
Hindustani,7591faad-e68a-4550-b675-8082842c6056/Jagdish_Prasad/Shraddhanjali__Jagdish_Prasad/Raga_Bhageshri_6cb0fc24-76bf-48a8-8a45-8552b70127ea.tonicFine,Raga_Bhageshri_6cb0fc24-76bf-48a8-8a45-8552b70127ea.tonicFine,.tonicfine,25
Hindustani,7591faad-e68a-4550-b675-8082842c6056/Jagdish_Prasad/Shraddhanjali__Jagdish_Prasad/Raga_Bhageshri_6cb0fc24-76bf-48a8-8a45-8552b70127ea.pitchSilIntrpPP,Raga_Bhageshri_6cb0fc24-76bf-48a8-8a45-8552b70127ea.pitchSilIntrpPP,.pitchsilintrppp,12268600
Hindustani,7591faad-e68a-4550-b675-8082842c6056/Jagdish_Prasad/Shraddhanjali__Jagdish_Prasad/Raga_Bhageshri_6cb0fc24-76bf-48a8-8a45-8552b70127ea.pitch,Raga_Bhageshri_6cb0fc24-76bf-48a8-8a45-8552b70127ea.pitch,.pitch,5730912
Hindustani,7591faad-e68a-4550-b675-8082842c6056/Jagdish_Prasad/Shraddhanjali__Jagdish_Prasad/Raga_Bhageshri_6cb0fc24-76bf-48a8-8a45-8552b70127ea.tonic,Raga_Bhageshri_6cb0fc24-76bf-48a8-8a45-8552b70127ea.tonic,.tonic,6
Hindustani,7591faad-e68a-4550-b675-8082842c6056/Jagdish_Prasad/Shraddhanjali__Jagdish_Prasad/Raga_Bhageshri_6cb0fc24-76bf-48a8-8a45-8552b70127ea.taniSegKNN,Raga_Bhageshri_6cb0fc24-76bf-48a8-8a45-8552b70127ea.taniSegKNN,.tanisegknn,0
Hindustani,7591faad-e68a-4550-b675-8082842c6056/Mukul_Shivaputra_Bhanumatey/Hindustani_Vocal/Raga_Bageshri_c12784d9-c5d7-4883-adae-8140551480c4.pitchSilIntrpPP,Raga_Bageshri_c12784d9-c5d7-4883-adae-8140551480c4.pitchSilIntrpPP,.pitchsilintrppp,19270200
Hindustani,7591faad-e68a-4550-b675-8082842c6056/Mukul_Shivaputra_Bhanumatey/Hindustani_Vocal/Raga_Bageshri_c12784d9-c5d7-4883-adae-8140551480c4.taniSegKNN,Raga_Bageshri_c12784d9-c5d7-4883-adae-8140551480c4.taniSegKNN,.tanisegknn,0
Hindustani,7591faad-e68a-4550-b675-8082842c6056/Mukul_Shivaputra_Bhanumatey/Hindustani_Vocal/Raga_Bageshri_c12784d9-c5d7-4883-adae-8140551480c4.tonicFine,Raga_Bageshri_c12784d9-c5d7-4883-adae-8140551480c4.tonicFine,.tonicfine,25
Hindustani,7591faad-e68a-4550-b675-8082842c6056/Mukul_Shivaputra_Bhanumatey/Hindustani_Vocal/Raga_Bageshri_c12784d9-c5d7-4883-adae-8140551480c4.flatSegNyas,Raga_Bageshri_c12784d9-c5d7-4883-adae-8140551480c4.flatSegNyas,.flatsegnyas,25587
Hindustani,7591faad-e68a-4550-b675-8082842c6056/Mukul_Shivaputra_Bhanumatey/Hindustani_Vocal/Raga_Bageshri_c12784d9-c5d7-4883-adae-8140551480c4.tonic,Raga_Bageshri_c12784d9-c5d7-4883-adae-8140551480c4.tonic,.tonic,11
Hindustani,7591faad-e68a-4550-b675-8082842c6056/Mukul_Shivaputra_Bhanumatey/Hindustani_Vocal/Raga_Bageshri_c12784d9-c5d7-4883-adae-8140551480c4.pitch,Raga_Bageshri_c12784d9-c5d7-4883-adae-8140551480c4.pitch,.pitch,9212529
Hindustani,2ed9379f-14c9-49af-8e4d-f9b63e96801f/Abdul_Rashid_Khan/Rasan_Piya_-_Volume_2/Kahe_Ko_Garabh_Keeno_f5689624-b636-4a6c-831f-53d1678d9bb6.pitch,Kahe_Ko_Garabh_Keeno_f5689624-b636-4a6c-831f-53d1678d9bb6.pitch,.pitch,5966720
Hindustani,2ed9379f-14c9-49af-8e4d-f9b63e96801f/Abdul_Rashid_Khan/Rasan_Piya_-_Volume_2/Kahe_Ko_Garabh_Keeno_f5689624-b636-4a6c-831f-53d1678d9bb6.taniSegKNN,Kahe_Ko_Garabh_Keeno_f5689624-b636-4a6c-831f-53d1678d9bb6.taniSegKNN,.tanisegknn,0
Hindustani,2ed9379f-14c9-49af-8e4d-f9b63e96801f/Abdul_Rashid_Khan/Rasan_Piya_-_Volume_2/Kahe_Ko_Garabh_Keeno_f5689624-b636-4a6c-831f-53d1678d9bb6.tonicFine,Kahe_Ko_Garabh_Keeno_f5689624-b636-4a6c-831f-53d1678d9bb6.tonicFine,.tonicfine,25
Hindustani,2ed9379f-14c9-49af-8e4d-f9b63e96801f/Abdul_Rashid_Khan/Rasan_Piya_-_Volume_2/Kahe_Ko_Garabh_Keeno_f5689624-b636-4a6c-831f-53d1678d9bb6.pitchSilIntrpPP,Kahe_Ko_Garabh_Keeno_f5689624-b636-4a6c-831f-53d1678d9bb6.pitchSilIntrpPP,.pitchsilintrppp,12704700
Hindustani,2ed9379f-14c9-49af-8e4d-f9b63e96801f/Abdul_Rashid_Khan/Rasan_Piya_-_Volume_2/Kahe_Ko_Garabh_Keeno_f5689624-b636-4a6c-831f-53d1678d9bb6.tonic,Kahe_Ko_Garabh_Keeno_f5689624-b636-4a6c-831f-53d1678d9bb6.tonic,.tonic,11
Hindustani,2ed9379f-14c9-49af-8e4d-f9b63e96801f/Abdul_Rashid_Khan/Rasan_Piya_-_Volume_2/Kahe_Ko_Garabh_Keeno_f5689624-b636-4a6c-831f-53d1678d9bb6.flatSegNyas,Kahe_Ko_Garabh_Keeno_f5689624-b636-4a6c-831f-53d1678d9bb6.flatSegNyas,.flatsegnyas,22810
Hindustani,2ed9379f-14c9-49af-8e4d-f9b63e96801f/Dattatreya_L_Velankar/Sura_Sindhu/Raga_Alahiya_Bilawal-Drut_Teental_0017d78e-a39d-4151-8d93-826ab2eb00d8.pitchSilIntrpPP,Raga_Alahiya_Bilawal-Drut_Teental_0017d78e-a39d-4151-8d93-826ab2eb00d8.pitchSilIntrpPP,.pitchsilintrppp,4454950
Hindustani,2ed9379f-14c9-49af-8e4d-f9b63e96801f/Dattatreya_L_Velankar/Sura_Sindhu/Raga_Alahiya_Bilawal-Vilambit_Teental_b22390c8-88bb-4e1f-9e23-bd3e237043ba.taniSegKNN,Raga_Alahiya_Bilawal-Vilambit_Teental_b22390c8-88bb-4e1f-9e23-bd3e237043ba.taniSegKNN,.tanisegknn,0
Hindustani,2ed9379f-14c9-49af-8e4d-f9b63e96801f/Dattatreya_L_Velankar/Sura_Sindhu/Raga_Alahiya_Bilawal-Drut_Teental_0017d78e-a39d-4151-8d93-826ab2eb00d8.flatSegNyas,Raga_Alahiya_Bilawal-Drut_Teental_0017d78e-a39d-4151-8d93-826ab2eb00d8.flatSegNyas,.flatsegnyas,6478
Hindustani,2ed9379f-14c9-49af-8e4d-f9b63e96801f/Dattatreya_L_Velankar/Sura_Sindhu/Raga_Alahiya_Bilawal-Vilambit_Teental_b22390c8-88bb-4e1f-9e23-bd3e237043ba.pitch,Raga_Alahiya_Bilawal-Vilambit_Teental_b22390c8-88bb-4e1f-9e23-bd3e237043ba.pitch,.pitch,5795365
Hindustani,2ed9379f-14c9-49af-8e4d-f9b63e96801f/Dattatreya_L_Velankar/Sura_Sindhu/Raga_Alahiya_Bilawal-Vilambit_Teental_b22390c8-88bb-4e1f-9e23-bd3e237043ba.pitchSilIntrpPP,Raga_Alahiya_Bilawal-Vilambit_Teental_b22390c8-88bb-4e1f-9e23-bd3e237043ba.pitchSilIntrpPP,.pitchsilintrppp,12366450
Hindustani,2ed9379f-14c9-49af-8e4d-f9b63e96801f/Dattatreya_L_Velankar/Sura_Sindhu/Raga_Alahiya_Bilawal-Drut_Teental_0017d78e-a39d-4151-8d93-826ab2eb00d8.tonicFine,Raga_Alahiya_Bilawal-Drut_Teental_0017d78e-a39d-4151-8d93-826ab2eb00d8.tonicFine,.tonicfine,25
Hindustani,2ed9379f-14c9-49af-8e4d-f9b63e96801f/Dattatreya_L_Velankar/Sura_Sindhu/Raga_Alahiya_Bilawal-Vilambit_Teental_b22390c8-88bb-4e1f-9e23-bd3e237043ba.flatSegNyas,Raga_Alahiya_Bilawal-Vilambit_Teental_b22390c8-88bb-4e1f-9e23-bd3e237043ba.flatSegNyas,.flatsegnyas,16508
Hindustani,2ed9379f-14c9-49af-8e4d-f9b63e96801f/Dattatreya_L_Velankar/Sura_Sindhu/Raga_Alahiya_Bilawal-Drut_Teental_0017d78e-a39d-4151-8d93-826ab2eb00d8.taniSegKNN,Raga_Alahiya_Bilawal-Drut_Teental_0017d78e-a39d-4151-8d93-826ab2eb00d8.taniSegKNN,.tanisegknn,0
Hindustani,2ed9379f-14c9-49af-8e4d-f9b63e96801f/Dattatreya_L_Velankar/Sura_Sindhu/Raga_Alahiya_Bilawal-Vilambit_Teental_b22390c8-88bb-4e1f-9e23-bd3e237043ba.tonic,Raga_Alahiya_Bilawal-Vilambit_Teental_b22390c8-88bb-4e1f-9e23-bd3e237043ba.tonic,.tonic,11
Hindustani,2ed9379f-14c9-49af-8e4d-f9b63e96801f/Dattatreya_L_Velankar/Sura_Sindhu/Raga_Alahiya_Bilawal-Vilambit_Teental_b22390c8-88bb-4e1f-9e23-bd3e237043ba.tonicFine,Raga_Alahiya_Bilawal-Vilambit_Teental_b22390c8-88bb-4e1f-9e23-bd3e237043ba.tonicFine,.tonicfine,25
Hindustani,2ed9379f-14c9-49af-8e4d-f9b63e96801f/Dattatreya_L_Velankar/Sura_Sindhu/Raga_Alahiya_Bilawal-Drut_Teental_0017d78e-a39d-4151-8d93-826ab2eb00d8.pitch,Raga_Alahiya_Bilawal-Drut_Teental_0017d78e-a39d-4151-8d93-826ab2eb00d8.pitch,.pitch,2068272
Hindustani,2ed9379f-14c9-49af-8e4d-f9b63e96801f/Dattatreya_L_Velankar/Sura_Sindhu/Raga_Alahiya_Bilawal-Drut_Teental_0017d78e-a39d-4151-8d93-826ab2eb00d8.tonic,Raga_Alahiya_Bilawal-Drut_Teental_0017d78e-a39d-4151-8d93-826ab2eb00d8.tonic,.tonic,11
Hindustani,2ed9379f-14c9-49af-8e4d-f9b63e96801f/Kishori_Amonkar/Sampradaya__Carrying_Forward_a_Tradition/Raga_Alhaiya_Bilawal_Drut_Khayal_-_Teental_Sitarkhani_04d506c4-df9e-410c-a3e2-037abffe7b9c.taniSegKNN,Raga_Alhaiya_Bilawal_Drut_Khayal_-_Teental_Sitarkhani_04d506c4-df9e-410c-a3e2-037abffe7b9c.taniSegKNN,.tanisegknn,0
Hindustani,2ed9379f-14c9-49af-8e4d-f9b63e96801f/Kishori_Amonkar/Sampradaya__Carrying_Forward_a_Tradition/Raga_Alhaiya_Bilawal_Drut_Khayal_-_Teental_Sitarkhani_04d506c4-df9e-410c-a3e2-037abffe7b9c.tonic,Raga_Alhaiya_Bilawal_Drut_Khayal_-_Teental_Sitarkhani_04d506c4-df9e-410c-a3e2-037abffe7b9c.tonic,.tonic,11
Hindustani,2ed9379f-14c9-49af-8e4d-f9b63e96801f/Kishori_Amonkar/Sampradaya__Carrying_Forward_a_Tradition/Raga_Alhaiya_Bilawal_Drut_Khayal_-_Teental_Sitarkhani_04d506c4-df9e-410c-a3e2-037abffe7b9c.tonicFine,Raga_Alhaiya_Bilawal_Drut_Khayal_-_Teental_Sitarkhani_04d506c4-df9e-410c-a3e2-037abffe7b9c.tonicFine,.tonicfine,25
Hindustani,2ed9379f-14c9-49af-8e4d-f9b63e96801f/Kishori_Amonkar/Sampradaya__Carrying_Forward_a_Tradition/Raga_Alhaiya_Bilawal_Drut_Khayal_-_Teental_Sitarkhani_04d506c4-df9e-410c-a3e2-037abffe7b9c.pitchSilIntrpPP,Raga_Alhaiya_Bilawal_Drut_Khayal_-_Teental_Sitarkhani_04d506c4-df9e-410c-a3e2-037abffe7b9c.pitchSilIntrpPP,.pitchsilintrppp,11833350
Hindustani,2ed9379f-14c9-49af-8e4d-f9b63e96801f/Kishori_Amonkar/Sampradaya__Carrying_Forward_a_Tradition/Raga_Alhaiya_Bilawal_Vilambit_Khayal_-_Teental_30261aa8-aa4d-4f66-a2d4-b087668b00a8.pitchSilIntrpPP,Raga_Alhaiya_Bilawal_Vilambit_Khayal_-_Teental_30261aa8-aa4d-4f66-a2d4-b087668b00a8.pitchSilIntrpPP,.pitchsilintrppp,32578450
Hindustani,2ed9379f-14c9-49af-8e4d-f9b63e96801f/Kishori_Amonkar/Sampradaya__Carrying_Forward_a_Tradition/Raga_Alhaiya_Bilawal_Drut_Khayal_-_Teental_Sitarkhani_04d506c4-df9e-410c-a3e2-037abffe7b9c.pitch,Raga_Alhaiya_Bilawal_Drut_Khayal_-_Teental_Sitarkhani_04d506c4-df9e-410c-a3e2-037abffe7b9c.pitch,.pitch,5571195
Hindustani,2ed9379f-14c9-49af-8e4d-f9b63e96801f/Kishori_Amonkar/Sampradaya__Carrying_Forward_a_Tradition/Raga_Alhaiya_Bilawal_Vilambit_Khayal_-_Teental_30261aa8-aa4d-4f66-a2d4-b087668b00a8.taniSegKNN,Raga_Alhaiya_Bilawal_Vilambit_Khayal_-_Teental_30261aa8-aa4d-4f66-a2d4-b087668b00a8.taniSegKNN,.tanisegknn,0
Hindustani,2ed9379f-14c9-49af-8e4d-f9b63e96801f/Kishori_Amonkar/Sampradaya__Carrying_Forward_a_Tradition/Raga_Alhaiya_Bilawal_Vilambit_Khayal_-_Teental_30261aa8-aa4d-4f66-a2d4-b087668b00a8.tonic,Raga_Alhaiya_Bilawal_Vilambit_Khayal_-_Teental_30261aa8-aa4d-4f66-a2d4-b087668b00a8.tonic,.tonic,11
Hindustani,2ed9379f-14c9-49af-8e4d-f9b63e96801f/Kishori_Amonkar/Sampradaya__Carrying_Forward_a_Tradition/Raga_Alhaiya_Bilawal_Vilambit_Khayal_-_Teental_30261aa8-aa4d-4f66-a2d4-b087668b00a8.flatSegNyas,Raga_Alhaiya_Bilawal_Vilambit_Khayal_-_Teental_30261aa8-aa4d-4f66-a2d4-b087668b00a8.flatSegNyas,.flatsegnyas,43219
Hindustani,2ed9379f-14c9-49af-8e4d-f9b63e96801f/Kishori_Amonkar/Sampradaya__Carrying_Forward_a_Tradition/Raga_Alhaiya_Bilawal_Vilambit_Khayal_-_Teental_30261aa8-aa4d-4f66-a2d4-b087668b00a8.tonicFine,Raga_Alhaiya_Bilawal_Vilambit_Khayal_-_Teental_30261aa8-aa4d-4f66-a2d4-b087668b00a8.tonicFine,.tonicfine,25
Hindustani,2ed9379f-14c9-49af-8e4d-f9b63e96801f/Kishori_Amonkar/Sampradaya__Carrying_Forward_a_Tradition/Raga_Alhaiya_Bilawal_Drut_Khayal_-_Teental_Sitarkhani_04d506c4-df9e-410c-a3e2-037abffe7b9c.flatSegNyas,Raga_Alhaiya_Bilawal_Drut_Khayal_-_Teental_Sitarkhani_04d506c4-df9e-410c-a3e2-037abffe7b9c.flatSegNyas,.flatsegnyas,19203
Hindustani,2ed9379f-14c9-49af-8e4d-f9b63e96801f/Kishori_Amonkar/Sampradaya__Carrying_Forward_a_Tradition/Raga_Alhaiya_Bilawal_Vilambit_Khayal_-_Teental_30261aa8-aa4d-4f66-a2d4-b087668b00a8.pitch,Raga_Alhaiya_Bilawal_Vilambit_Khayal_-_Teental_30261aa8-aa4d-4f66-a2d4-b087668b00a8.pitch,.pitch,15804644
Hindustani,2ed9379f-14c9-49af-8e4d-f9b63e96801f/Jasraj/The_Genius_of_Pt__Jasraj/Raga_Alahiya_Bilawal_9117fa28-df28-4bb8-a0e3-b70e60fed262.tonicFine,Raga_Alahiya_Bilawal_9117fa28-df28-4bb8-a0e3-b70e60fed262.tonicFine,.tonicfine,25
Hindustani,2ed9379f-14c9-49af-8e4d-f9b63e96801f/Jasraj/The_Genius_of_Pt__Jasraj/Raga_Alahiya_Bilawal_9117fa28-df28-4bb8-a0e3-b70e60fed262.tonic,Raga_Alahiya_Bilawal_9117fa28-df28-4bb8-a0e3-b70e60fed262.tonic,.tonic,11
Hindustani,2ed9379f-14c9-49af-8e4d-f9b63e96801f/Jasraj/The_Genius_of_Pt__Jasraj/Raga_Alahiya_Bilawal_9117fa28-df28-4bb8-a0e3-b70e60fed262.taniSegKNN,Raga_Alahiya_Bilawal_9117fa28-df28-4bb8-a0e3-b70e60fed262.taniSegKNN,.tanisegknn,0
Hindustani,2ed9379f-14c9-49af-8e4d-f9b63e96801f/Jasraj/The_Genius_of_Pt__Jasraj/Raga_Alahiya_Bilawal_9117fa28-df28-4bb8-a0e3-b70e60fed262.pitch,Raga_Alahiya_Bilawal_9117fa28-df28-4bb8-a0e3-b70e60fed262.pitch,.pitch,8942477
Hindustani,2ed9379f-14c9-49af-8e4d-f9b63e96801f/Jasraj/The_Genius_of_Pt__Jasraj/Raga_Alahiya_Bilawal_9117fa28-df28-4bb8-a0e3-b70e60fed262.pitchSilIntrpPP,Raga_Alahiya_Bilawal_9117fa28-df28-4bb8-a0e3-b70e60fed262.pitchSilIntrpPP,.pitchsilintrppp,18733300
Hindustani,2ed9379f-14c9-49af-8e4d-f9b63e96801f/Jasraj/The_Genius_of_Pt__Jasraj/Raga_Alahiya_Bilawal_9117fa28-df28-4bb8-a0e3-b70e60fed262.flatSegNyas,Raga_Alahiya_Bilawal_9117fa28-df28-4bb8-a0e3-b70e60fed262.flatSegNyas,.flatsegnyas,30043
Hindustani,2ed9379f-14c9-49af-8e4d-f9b63e96801f/Jasraj/Legends__Sangeet_Martand_Pandit_Jasraj_(Vol__1)/Karat_Shringar_Maiya_Man_Bhavat_7ed38940-f5e5-46cb-897d-ed408ddf8c85.tonicFine,Karat_Shringar_Maiya_Man_Bhavat_7ed38940-f5e5-46cb-897d-ed408ddf8c85.tonicFine,.tonicfine,25
Hindustani,2ed9379f-14c9-49af-8e4d-f9b63e96801f/Jasraj/Legends__Sangeet_Martand_Pandit_Jasraj_(Vol__1)/Karat_Shringar_Maiya_Man_Bhavat_7ed38940-f5e5-46cb-897d-ed408ddf8c85.taniSegKNN,Karat_Shringar_Maiya_Man_Bhavat_7ed38940-f5e5-46cb-897d-ed408ddf8c85.taniSegKNN,.tanisegknn,0
Hindustani,2ed9379f-14c9-49af-8e4d-f9b63e96801f/Jasraj/Legends__Sangeet_Martand_Pandit_Jasraj_(Vol__1)/Karat_Shringar_Maiya_Man_Bhavat_7ed38940-f5e5-46cb-897d-ed408ddf8c85.tonic,Karat_Shringar_Maiya_Man_Bhavat_7ed38940-f5e5-46cb-897d-ed408ddf8c85.tonic,.tonic,11
Hindustani,2ed9379f-14c9-49af-8e4d-f9b63e96801f/Jasraj/Legends__Sangeet_Martand_Pandit_Jasraj_(Vol__1)/Karat_Shringar_Maiya_Man_Bhavat_7ed38940-f5e5-46cb-897d-ed408ddf8c85.pitch,Karat_Shringar_Maiya_Man_Bhavat_7ed38940-f5e5-46cb-897d-ed408ddf8c85.pitch,.pitch,1673218
Hindustani,2ed9379f-14c9-49af-8e4d-f9b63e96801f/Jasraj/Legends__Sangeet_Martand_Pandit_Jasraj_(Vol__1)/Karat_Shringar_Maiya_Man_Bhavat_7ed38940-f5e5-46cb-897d-ed408ddf8c85.flatSegNyas,Karat_Shringar_Maiya_Man_Bhavat_7ed38940-f5e5-46cb-897d-ed408ddf8c85.flatSegNyas,.flatsegnyas,4652
Hindustani,2ed9379f-14c9-49af-8e4d-f9b63e96801f/Jasraj/Legends__Sangeet_Martand_Pandit_Jasraj_(Vol__1)/Karat_Shringar_Maiya_Man_Bhavat_7ed38940-f5e5-46cb-897d-ed408ddf8c85.pitchSilIntrpPP,Karat_Shringar_Maiya_Man_Bhavat_7ed38940-f5e5-46cb-897d-ed408ddf8c85.pitchSilIntrpPP,.pitchsilintrppp,3610150
Hindustani,2ed9379f-14c9-49af-8e4d-f9b63e96801f/Aslam_Hussain_Khan/Vocal/Mangta_Hoon_Tere_Dar_Ka__E_Ha_Jiyo_Pa_c53396aa-f369-4875-8c61-3f29787da6f5.pitch,Mangta_Hoon_Tere_Dar_Ka__E_Ha_Jiyo_Pa_c53396aa-f369-4875-8c61-3f29787da6f5.pitch,.pitch,4357750
Hindustani,2ed9379f-14c9-49af-8e4d-f9b63e96801f/Aslam_Hussain_Khan/Vocal/Mangta_Hoon_Tere_Dar_Ka__E_Ha_Jiyo_Pa_c53396aa-f369-4875-8c61-3f29787da6f5.flatSegNyas,Mangta_Hoon_Tere_Dar_Ka__E_Ha_Jiyo_Pa_c53396aa-f369-4875-8c61-3f29787da6f5.flatSegNyas,.flatsegnyas,10276
Hindustani,2ed9379f-14c9-49af-8e4d-f9b63e96801f/Aslam_Hussain_Khan/Vocal/Mangta_Hoon_Tere_Dar_Ka__E_Ha_Jiyo_Pa_c53396aa-f369-4875-8c61-3f29787da6f5.tonicFine,Mangta_Hoon_Tere_Dar_Ka__E_Ha_Jiyo_Pa_c53396aa-f369-4875-8c61-3f29787da6f5.tonicFine,.tonicfine,25
Hindustani,2ed9379f-14c9-49af-8e4d-f9b63e96801f/Aslam_Hussain_Khan/Vocal/Mangta_Hoon_Tere_Dar_Ka__E_Ha_Jiyo_Pa_c53396aa-f369-4875-8c61-3f29787da6f5.taniSegKNN,Mangta_Hoon_Tere_Dar_Ka__E_Ha_Jiyo_Pa_c53396aa-f369-4875-8c61-3f29787da6f5.taniSegKNN,.tanisegknn,0
Hindustani,2ed9379f-14c9-49af-8e4d-f9b63e96801f/Aslam_Hussain_Khan/Vocal/Mangta_Hoon_Tere_Dar_Ka__E_Ha_Jiyo_Pa_c53396aa-f369-4875-8c61-3f29787da6f5.pitchSilIntrpPP,Mangta_Hoon_Tere_Dar_Ka__E_Ha_Jiyo_Pa_c53396aa-f369-4875-8c61-3f29787da6f5.pitchSilIntrpPP,.pitchsilintrppp,9304550
Hindustani,2ed9379f-14c9-49af-8e4d-f9b63e96801f/Aslam_Hussain_Khan/Vocal/Mangta_Hoon_Tere_Dar_Ka__E_Ha_Jiyo_Pa_c53396aa-f369-4875-8c61-3f29787da6f5.tonic,Mangta_Hoon_Tere_Dar_Ka__E_Ha_Jiyo_Pa_c53396aa-f369-4875-8c61-3f29787da6f5.tonic,.tonic,11
Hindustani,2ed9379f-14c9-49af-8e4d-f9b63e96801f/Kumar_Gandharva/Pt__Kumar_Gandharva-Vocal/Laita_Jaiyo_3766bcb1-57b6-4c16-9196-c2ed94d80331.pitch,Laita_Jaiyo_3766bcb1-57b6-4c16-9196-c2ed94d80331.pitch,.pitch,2016951
Hindustani,2ed9379f-14c9-49af-8e4d-f9b63e96801f/Kumar_Gandharva/Pt__Kumar_Gandharva-Vocal/Laita_Jaiyo_3766bcb1-57b6-4c16-9196-c2ed94d80331.tonicFine,Laita_Jaiyo_3766bcb1-57b6-4c16-9196-c2ed94d80331.tonicFine,.tonicfine,25
Hindustani,2ed9379f-14c9-49af-8e4d-f9b63e96801f/Kumar_Gandharva/Pt__Kumar_Gandharva-Vocal/Laita_Jaiyo_3766bcb1-57b6-4c16-9196-c2ed94d80331.tonic,Laita_Jaiyo_3766bcb1-57b6-4c16-9196-c2ed94d80331.tonic,.tonic,11
Hindustani,2ed9379f-14c9-49af-8e4d-f9b63e96801f/Kumar_Gandharva/Pt__Kumar_Gandharva-Vocal/Laita_Jaiyo_3766bcb1-57b6-4c16-9196-c2ed94d80331.taniSegKNN,Laita_Jaiyo_3766bcb1-57b6-4c16-9196-c2ed94d80331.taniSegKNN,.tanisegknn,0
Hindustani,2ed9379f-14c9-49af-8e4d-f9b63e96801f/Kumar_Gandharva/Pt__Kumar_Gandharva-Vocal/Laita_Jaiyo_3766bcb1-57b6-4c16-9196-c2ed94d80331.pitchSilIntrpPP,Laita_Jaiyo_3766bcb1-57b6-4c16-9196-c2ed94d80331.pitchSilIntrpPP,.pitchsilintrppp,4349450
Hindustani,2ed9379f-14c9-49af-8e4d-f9b63e96801f/Kumar_Gandharva/Pt__Kumar_Gandharva-Vocal/Laita_Jaiyo_3766bcb1-57b6-4c16-9196-c2ed94d80331.flatSegNyas,Laita_Jaiyo_3766bcb1-57b6-4c16-9196-c2ed94d80331.flatSegNyas,.flatsegnyas,5984
Hindustani,2ed9379f-14c9-49af-8e4d-f9b63e96801f/Basavraj_Rajaguru/The_Genius_Of_Basavraj_Rajguru/Raga_Alhaiya_Bilawal_3d0539f5-2d30-422f-9647-b3e14fd9787d.tonic,Raga_Alhaiya_Bilawal_3d0539f5-2d30-422f-9647-b3e14fd9787d.tonic,.tonic,11
Hindustani,2ed9379f-14c9-49af-8e4d-f9b63e96801f/Basavraj_Rajaguru/The_Genius_Of_Basavraj_Rajguru/Raga_Alhaiya_Bilawal_3d0539f5-2d30-422f-9647-b3e14fd9787d.taniSegKNN,Raga_Alhaiya_Bilawal_3d0539f5-2d30-422f-9647-b3e14fd9787d.taniSegKNN,.tanisegknn,0
Hindustani,2ed9379f-14c9-49af-8e4d-f9b63e96801f/Basavraj_Rajaguru/The_Genius_Of_Basavraj_Rajguru/Raga_Alhaiya_Bilawal_3d0539f5-2d30-422f-9647-b3e14fd9787d.flatSegNyas,Raga_Alhaiya_Bilawal_3d0539f5-2d30-422f-9647-b3e14fd9787d.flatSegNyas,.flatsegnyas,19686
Hindustani,2ed9379f-14c9-49af-8e4d-f9b63e96801f/Basavraj_Rajaguru/The_Genius_Of_Basavraj_Rajguru/Raga_Alhaiya_Bilawal_3d0539f5-2d30-422f-9647-b3e14fd9787d.tonicFine,Raga_Alhaiya_Bilawal_3d0539f5-2d30-422f-9647-b3e14fd9787d.tonicFine,.tonicfine,25
Hindustani,2ed9379f-14c9-49af-8e4d-f9b63e96801f/Basavraj_Rajaguru/The_Genius_Of_Basavraj_Rajguru/Raga_Alhaiya_Bilawal_3d0539f5-2d30-422f-9647-b3e14fd9787d.pitch,Raga_Alhaiya_Bilawal_3d0539f5-2d30-422f-9647-b3e14fd9787d.pitch,.pitch,5779308
Hindustani,2ed9379f-14c9-49af-8e4d-f9b63e96801f/Basavraj_Rajaguru/The_Genius_Of_Basavraj_Rajguru/Raga_Alhaiya_Bilawal_3d0539f5-2d30-422f-9647-b3e14fd9787d.pitchSilIntrpPP,Raga_Alhaiya_Bilawal_3d0539f5-2d30-422f-9647-b3e14fd9787d.pitchSilIntrpPP,.pitchsilintrppp,12263300
Hindustani,e771a74d-545d-41d5-816b-43403a818b0c/Abdul_Rashid_Khan/Rasan_Piya_-_Volume_1/Tirwat_-_Bhopali_64a44651-dab9-4ee1-a49e-dcca4cf67c53.tonicFine,Tirwat_-_Bhopali_64a44651-dab9-4ee1-a49e-dcca4cf67c53.tonicFine,.tonicfine,25
Hindustani,e771a74d-545d-41d5-816b-43403a818b0c/Abdul_Rashid_Khan/Rasan_Piya_-_Volume_1/Tirwat_-_Bhopali_64a44651-dab9-4ee1-a49e-dcca4cf67c53.taniSegKNN,Tirwat_-_Bhopali_64a44651-dab9-4ee1-a49e-dcca4cf67c53.taniSegKNN,.tanisegknn,0
Hindustani,e771a74d-545d-41d5-816b-43403a818b0c/Abdul_Rashid_Khan/Rasan_Piya_-_Volume_1/Tirwat_-_Bhopali_64a44651-dab9-4ee1-a49e-dcca4cf67c53.pitch,Tirwat_-_Bhopali_64a44651-dab9-4ee1-a49e-dcca4cf67c53.pitch,.pitch,2355883
Hindustani,e771a74d-545d-41d5-816b-43403a818b0c/Abdul_Rashid_Khan/Rasan_Piya_-_Volume_1/Tirwat_-_Bhopali_64a44651-dab9-4ee1-a49e-dcca4cf67c53.pitchSilIntrpPP,Tirwat_-_Bhopali_64a44651-dab9-4ee1-a49e-dcca4cf67c53.pitchSilIntrpPP,.pitchsilintrppp,5073600
Hindustani,e771a74d-545d-41d5-816b-43403a818b0c/Abdul_Rashid_Khan/Rasan_Piya_-_Volume_1/Tirwat_-_Bhopali_64a44651-dab9-4ee1-a49e-dcca4cf67c53.flatSegNyas,Tirwat_-_Bhopali_64a44651-dab9-4ee1-a49e-dcca4cf67c53.flatSegNyas,.flatsegnyas,7380
Hindustani,e771a74d-545d-41d5-816b-43403a818b0c/Abdul_Rashid_Khan/Rasan_Piya_-_Volume_1/Tirwat_-_Bhopali_64a44651-dab9-4ee1-a49e-dcca4cf67c53.tonic,Tirwat_-_Bhopali_64a44651-dab9-4ee1-a49e-dcca4cf67c53.tonic,.tonic,11
Hindustani,e771a74d-545d-41d5-816b-43403a818b0c/Bade_Ghulam_Ali_Khan/The_Great_Heritage__Ustad_Bade_Ghulam_Ali_Khan/Raga_Bhoopali_dd42bbc9-4ec1-4881-81df-8b6813d460cf.taniSegKNN,Raga_Bhoopali_dd42bbc9-4ec1-4881-81df-8b6813d460cf.taniSegKNN,.tanisegknn,0
Hindustani,e771a74d-545d-41d5-816b-43403a818b0c/Bade_Ghulam_Ali_Khan/The_Great_Heritage__Ustad_Bade_Ghulam_Ali_Khan/Raga_Bhoopali_dd42bbc9-4ec1-4881-81df-8b6813d460cf.tonic,Raga_Bhoopali_dd42bbc9-4ec1-4881-81df-8b6813d460cf.tonic,.tonic,11
Hindustani,e771a74d-545d-41d5-816b-43403a818b0c/Bade_Ghulam_Ali_Khan/The_Great_Heritage__Ustad_Bade_Ghulam_Ali_Khan/Raga_Bhoopali_dd42bbc9-4ec1-4881-81df-8b6813d460cf.flatSegNyas,Raga_Bhoopali_dd42bbc9-4ec1-4881-81df-8b6813d460cf.flatSegNyas,.flatsegnyas,19619
Hindustani,e771a74d-545d-41d5-816b-43403a818b0c/Bade_Ghulam_Ali_Khan/The_Great_Heritage__Ustad_Bade_Ghulam_Ali_Khan/Raga_Bhoopali_dd42bbc9-4ec1-4881-81df-8b6813d460cf.tonicFine,Raga_Bhoopali_dd42bbc9-4ec1-4881-81df-8b6813d460cf.tonicFine,.tonicfine,25
Hindustani,e771a74d-545d-41d5-816b-43403a818b0c/Bade_Ghulam_Ali_Khan/The_Great_Heritage__Ustad_Bade_Ghulam_Ali_Khan/Raga_Bhoopali_dd42bbc9-4ec1-4881-81df-8b6813d460cf.pitch,Raga_Bhoopali_dd42bbc9-4ec1-4881-81df-8b6813d460cf.pitch,.pitch,7642073
Hindustani,e771a74d-545d-41d5-816b-43403a818b0c/Bade_Ghulam_Ali_Khan/The_Great_Heritage__Ustad_Bade_Ghulam_Ali_Khan/Raga_Bhoopali_dd42bbc9-4ec1-4881-81df-8b6813d460cf.pitchSilIntrpPP,Raga_Bhoopali_dd42bbc9-4ec1-4881-81df-8b6813d460cf.pitchSilIntrpPP,.pitchsilintrppp,16199500
Hindustani,e771a74d-545d-41d5-816b-43403a818b0c/Rashid_Khan/Masterworks/Raga_Bhoopali_77c887ad-de19-45b8-b83f-37446eae378d.pitchSilIntrpPP,Raga_Bhoopali_77c887ad-de19-45b8-b83f-37446eae378d.pitchSilIntrpPP,.pitchsilintrppp,15098900
Hindustani,e771a74d-545d-41d5-816b-43403a818b0c/Rashid_Khan/Masterworks/Raga_Bhoopali_77c887ad-de19-45b8-b83f-37446eae378d.flatSegNyas,Raga_Bhoopali_77c887ad-de19-45b8-b83f-37446eae378d.flatSegNyas,.flatsegnyas,16052
Hindustani,e771a74d-545d-41d5-816b-43403a818b0c/Rashid_Khan/Masterworks/Raga_Bhoopali_77c887ad-de19-45b8-b83f-37446eae378d.pitch,Raga_Bhoopali_77c887ad-de19-45b8-b83f-37446eae378d.pitch,.pitch,7115169
Hindustani,e771a74d-545d-41d5-816b-43403a818b0c/Rashid_Khan/Masterworks/Raga_Bhoopali_77c887ad-de19-45b8-b83f-37446eae378d.tonic,Raga_Bhoopali_77c887ad-de19-45b8-b83f-37446eae378d.tonic,.tonic,11
Hindustani,e771a74d-545d-41d5-816b-43403a818b0c/Rashid_Khan/Masterworks/Raga_Bhoopali_77c887ad-de19-45b8-b83f-37446eae378d.tonicFine,Raga_Bhoopali_77c887ad-de19-45b8-b83f-37446eae378d.tonicFine,.tonicfine,25
Hindustani,e771a74d-545d-41d5-816b-43403a818b0c/Rashid_Khan/Masterworks/Raga_Bhoopali_77c887ad-de19-45b8-b83f-37446eae378d.taniSegKNN,Raga_Bhoopali_77c887ad-de19-45b8-b83f-37446eae378d.taniSegKNN,.tanisegknn,0
Hindustani,e771a74d-545d-41d5-816b-43403a818b0c/Omkar_Dadarkar/Raag_Bhoopali___Gavti/Raag_Bhoopali_bfefde58-4eb2-49b0-9c63-7e4ce1070e61.tonicFine,Raag_Bhoopali_bfefde58-4eb2-49b0-9c63-7e4ce1070e61.tonicFine,.tonicfine,25
Hindustani,e771a74d-545d-41d5-816b-43403a818b0c/Omkar_Dadarkar/Raag_Bhoopali___Gavti/Raag_Bhoopali_bfefde58-4eb2-49b0-9c63-7e4ce1070e61.tonic,Raag_Bhoopali_bfefde58-4eb2-49b0-9c63-7e4ce1070e61.tonic,.tonic,11
Hindustani,e771a74d-545d-41d5-816b-43403a818b0c/Omkar_Dadarkar/Raag_Bhoopali___Gavti/Raag_Bhoopali_bfefde58-4eb2-49b0-9c63-7e4ce1070e61.pitch,Raag_Bhoopali_bfefde58-4eb2-49b0-9c63-7e4ce1070e61.pitch,.pitch,18225892
Hindustani,e771a74d-545d-41d5-816b-43403a818b0c/Omkar_Dadarkar/Raag_Bhoopali___Gavti/Raag_Bhoopali_bfefde58-4eb2-49b0-9c63-7e4ce1070e61.taniSegKNN,Raag_Bhoopali_bfefde58-4eb2-49b0-9c63-7e4ce1070e61.taniSegKNN,.tanisegknn,0
Hindustani,e771a74d-545d-41d5-816b-43403a818b0c/Omkar_Dadarkar/Raag_Bhoopali___Gavti/Raag_Bhoopali_bfefde58-4eb2-49b0-9c63-7e4ce1070e61.pitchSilIntrpPP,Raag_Bhoopali_bfefde58-4eb2-49b0-9c63-7e4ce1070e61.pitchSilIntrpPP,.pitchsilintrppp,37649600
Hindustani,e771a74d-545d-41d5-816b-43403a818b0c/Omkar_Dadarkar/Raag_Bhoopali___Gavti/Raag_Bhoopali_bfefde58-4eb2-49b0-9c63-7e4ce1070e61.flatSegNyas,Raag_Bhoopali_bfefde58-4eb2-49b0-9c63-7e4ce1070e61.flatSegNyas,.flatsegnyas,49344
Hindustani,e771a74d-545d-41d5-816b-43403a818b0c/Kishori_Amonkar/Live_in_Concert__New_Delhi_1992/Bhopali_-_drut_teentaal_-_Tarana_157f546c-90c8-4b3b-a72c-42fa5b0dd820.taniSegKNN,Bhopali_-_drut_teentaal_-_Tarana_157f546c-90c8-4b3b-a72c-42fa5b0dd820.taniSegKNN,.tanisegknn,0
Hindustani,e771a74d-545d-41d5-816b-43403a818b0c/Kishori_Amonkar/Live_in_Concert__New_Delhi_1992/Bhopali_-_vilambit_teentaal_-_Pratham_Sur_Saadhe_809196fd-2e16-435e-9d18-6c6132da0797.tonic,Bhopali_-_vilambit_teentaal_-_Pratham_Sur_Saadhe_809196fd-2e16-435e-9d18-6c6132da0797.tonic,.tonic,11
Hindustani,e771a74d-545d-41d5-816b-43403a818b0c/Kishori_Amonkar/Live_in_Concert__New_Delhi_1992/Bhopali_-_vilambit_teentaal_-_Pratham_Sur_Saadhe_809196fd-2e16-435e-9d18-6c6132da0797.flatSegNyas,Bhopali_-_vilambit_teentaal_-_Pratham_Sur_Saadhe_809196fd-2e16-435e-9d18-6c6132da0797.flatSegNyas,.flatsegnyas,19423
Hindustani,e771a74d-545d-41d5-816b-43403a818b0c/Kishori_Amonkar/Live_in_Concert__New_Delhi_1992/Bhopali_-_vilambit_teentaal_-_Pratham_Sur_Saadhe_809196fd-2e16-435e-9d18-6c6132da0797.tonicFine,Bhopali_-_vilambit_teentaal_-_Pratham_Sur_Saadhe_809196fd-2e16-435e-9d18-6c6132da0797.tonicFine,.tonicfine,25
Hindustani,e771a74d-545d-41d5-816b-43403a818b0c/Kishori_Amonkar/Live_in_Concert__New_Delhi_1992/Bhopali_-_drut_teentaal_-_Tarana_157f546c-90c8-4b3b-a72c-42fa5b0dd820.tonicFine,Bhopali_-_drut_teentaal_-_Tarana_157f546c-90c8-4b3b-a72c-42fa5b0dd820.tonicFine,.tonicfine,25
Hindustani,e771a74d-545d-41d5-816b-43403a818b0c/Kishori_Amonkar/Live_in_Concert__New_Delhi_1992/Bhopali_-_drut_teentaal_-_Tarana_157f546c-90c8-4b3b-a72c-42fa5b0dd820.tonic,Bhopali_-_drut_teentaal_-_Tarana_157f546c-90c8-4b3b-a72c-42fa5b0dd820.tonic,.tonic,3
Hindustani,e771a74d-545d-41d5-816b-43403a818b0c/Kishori_Amonkar/Live_in_Concert__New_Delhi_1992/Bhopali_-_vilambit_teentaal_-_Pratham_Sur_Saadhe_809196fd-2e16-435e-9d18-6c6132da0797.pitchSilIntrpPP,Bhopali_-_vilambit_teentaal_-_Pratham_Sur_Saadhe_809196fd-2e16-435e-9d18-6c6132da0797.pitchSilIntrpPP,.pitchsilintrppp,14563750
Hindustani,e771a74d-545d-41d5-816b-43403a818b0c/Kishori_Amonkar/Live_in_Concert__New_Delhi_1992/Bhopali_-_drut_teentaal_-_Tarana_157f546c-90c8-4b3b-a72c-42fa5b0dd820.pitch,Bhopali_-_drut_teentaal_-_Tarana_157f546c-90c8-4b3b-a72c-42fa5b0dd820.pitch,.pitch,2655675
Hindustani,e771a74d-545d-41d5-816b-43403a818b0c/Kishori_Amonkar/Live_in_Concert__New_Delhi_1992/Bhopali_-_drut_teentaal_-_Tarana_157f546c-90c8-4b3b-a72c-42fa5b0dd820.flatSegNyas,Bhopali_-_drut_teentaal_-_Tarana_157f546c-90c8-4b3b-a72c-42fa5b0dd820.flatSegNyas,.flatsegnyas,7665
Hindustani,e771a74d-545d-41d5-816b-43403a818b0c/Kishori_Amonkar/Live_in_Concert__New_Delhi_1992/Bhopali_-_drut_teentaal_-_Tarana_157f546c-90c8-4b3b-a72c-42fa5b0dd820.pitchSilIntrpPP,Bhopali_-_drut_teentaal_-_Tarana_157f546c-90c8-4b3b-a72c-42fa5b0dd820.pitchSilIntrpPP,.pitchsilintrppp,5698150
Hindustani,e771a74d-545d-41d5-816b-43403a818b0c/Kishori_Amonkar/Live_in_Concert__New_Delhi_1992/Bhopali_-_vilambit_teentaal_-_Pratham_Sur_Saadhe_809196fd-2e16-435e-9d18-6c6132da0797.pitch,Bhopali_-_vilambit_teentaal_-_Pratham_Sur_Saadhe_809196fd-2e16-435e-9d18-6c6132da0797.pitch,.pitch,6928710
Hindustani,e771a74d-545d-41d5-816b-43403a818b0c/Kishori_Amonkar/Live_in_Concert__New_Delhi_1992/Bhopali_-_vilambit_teentaal_-_Pratham_Sur_Saadhe_809196fd-2e16-435e-9d18-6c6132da0797.taniSegKNN,Bhopali_-_vilambit_teentaal_-_Pratham_Sur_Saadhe_809196fd-2e16-435e-9d18-6c6132da0797.taniSegKNN,.tanisegknn,0
Hindustani,e771a74d-545d-41d5-816b-43403a818b0c/Kishori_Amonkar/Live_in_Concert__Nehru_Center_Bombay/Raga_Bhoop_-_Drut_Teentaal_8cee9d53-b105-45bc-bd1d-4a608d59b2fd.tonicFine,Raga_Bhoop_-_Drut_Teentaal_8cee9d53-b105-45bc-bd1d-4a608d59b2fd.tonicFine,.tonicfine,25
Hindustani,e771a74d-545d-41d5-816b-43403a818b0c/Kishori_Amonkar/Live_in_Concert__Nehru_Center_Bombay/Raga_Bhoop_Vilambit_Teentaal_a3479fbe-fea4-4db7-9c1f-8b4ca613e5f0.pitchSilIntrpPP,Raga_Bhoop_Vilambit_Teentaal_a3479fbe-fea4-4db7-9c1f-8b4ca613e5f0.pitchSilIntrpPP,.pitchsilintrppp,20036950
Hindustani,e771a74d-545d-41d5-816b-43403a818b0c/Kishori_Amonkar/Live_in_Concert__Nehru_Center_Bombay/Raga_Bhoop_Vilambit_Teentaal_a3479fbe-fea4-4db7-9c1f-8b4ca613e5f0.tonic,Raga_Bhoop_Vilambit_Teentaal_a3479fbe-fea4-4db7-9c1f-8b4ca613e5f0.tonic,.tonic,3
Hindustani,e771a74d-545d-41d5-816b-43403a818b0c/Kishori_Amonkar/Live_in_Concert__Nehru_Center_Bombay/Raga_Bhoop_-_Drut_Teentaal_8cee9d53-b105-45bc-bd1d-4a608d59b2fd.tonic,Raga_Bhoop_-_Drut_Teentaal_8cee9d53-b105-45bc-bd1d-4a608d59b2fd.tonic,.tonic,11
Hindustani,e771a74d-545d-41d5-816b-43403a818b0c/Kishori_Amonkar/Live_in_Concert__Nehru_Center_Bombay/Raga_Bhoop_-_Drut_Teentaal_8cee9d53-b105-45bc-bd1d-4a608d59b2fd.flatSegNyas,Raga_Bhoop_-_Drut_Teentaal_8cee9d53-b105-45bc-bd1d-4a608d59b2fd.flatSegNyas,.flatsegnyas,4934
Hindustani,e771a74d-545d-41d5-816b-43403a818b0c/Kishori_Amonkar/Live_in_Concert__Nehru_Center_Bombay/Raga_Bhoop_-_Drut_Teentaal_8cee9d53-b105-45bc-bd1d-4a608d59b2fd.pitchSilIntrpPP,Raga_Bhoop_-_Drut_Teentaal_8cee9d53-b105-45bc-bd1d-4a608d59b2fd.pitchSilIntrpPP,.pitchsilintrppp,3454600
Hindustani,e771a74d-545d-41d5-816b-43403a818b0c/Kishori_Amonkar/Live_in_Concert__Nehru_Center_Bombay/Raga_Bhoop_-_Drut_Teentaal_8cee9d53-b105-45bc-bd1d-4a608d59b2fd.pitch,Raga_Bhoop_-_Drut_Teentaal_8cee9d53-b105-45bc-bd1d-4a608d59b2fd.pitch,.pitch,1599494
Hindustani,e771a74d-545d-41d5-816b-43403a818b0c/Kishori_Amonkar/Live_in_Concert__Nehru_Center_Bombay/Raga_Bhoop_Vilambit_Teentaal_a3479fbe-fea4-4db7-9c1f-8b4ca613e5f0.tonicFine,Raga_Bhoop_Vilambit_Teentaal_a3479fbe-fea4-4db7-9c1f-8b4ca613e5f0.tonicFine,.tonicfine,25
Hindustani,e771a74d-545d-41d5-816b-43403a818b0c/Kishori_Amonkar/Live_in_Concert__Nehru_Center_Bombay/Raga_Bhoop_Vilambit_Teentaal_a3479fbe-fea4-4db7-9c1f-8b4ca613e5f0.taniSegKNN,Raga_Bhoop_Vilambit_Teentaal_a3479fbe-fea4-4db7-9c1f-8b4ca613e5f0.taniSegKNN,.tanisegknn,0
Hindustani,e771a74d-545d-41d5-816b-43403a818b0c/Kishori_Amonkar/Live_in_Concert__Nehru_Center_Bombay/Raga_Bhoop_-_Drut_Teentaal_8cee9d53-b105-45bc-bd1d-4a608d59b2fd.taniSegKNN,Raga_Bhoop_-_Drut_Teentaal_8cee9d53-b105-45bc-bd1d-4a608d59b2fd.taniSegKNN,.tanisegknn,0
Hindustani,e771a74d-545d-41d5-816b-43403a818b0c/Kishori_Amonkar/Live_in_Concert__Nehru_Center_Bombay/Raga_Bhoop_Vilambit_Teentaal_a3479fbe-fea4-4db7-9c1f-8b4ca613e5f0.flatSegNyas,Raga_Bhoop_Vilambit_Teentaal_a3479fbe-fea4-4db7-9c1f-8b4ca613e5f0.flatSegNyas,.flatsegnyas,24103
Hindustani,e771a74d-545d-41d5-816b-43403a818b0c/Kishori_Amonkar/Live_in_Concert__Nehru_Center_Bombay/Raga_Bhoop_Vilambit_Teentaal_a3479fbe-fea4-4db7-9c1f-8b4ca613e5f0.pitch,Raga_Bhoop_Vilambit_Teentaal_a3479fbe-fea4-4db7-9c1f-8b4ca613e5f0.pitch,.pitch,9568579
Hindustani,e771a74d-545d-41d5-816b-43403a818b0c/D_V_Paluskar/Echoes_of_a_Golden_Voice/Raga_Bhoop_82b207d0-a974-4c45-bf48-79bda319c985.pitch,Raga_Bhoop_82b207d0-a974-4c45-bf48-79bda319c985.pitch,.pitch,9073033
Hindustani,e771a74d-545d-41d5-816b-43403a818b0c/D_V_Paluskar/Echoes_of_a_Golden_Voice/Raga_Bhoop_82b207d0-a974-4c45-bf48-79bda319c985.flatSegNyas,Raga_Bhoop_82b207d0-a974-4c45-bf48-79bda319c985.flatSegNyas,.flatsegnyas,27572
Hindustani,e771a74d-545d-41d5-816b-43403a818b0c/D_V_Paluskar/Echoes_of_a_Golden_Voice/Raga_Bhoop_82b207d0-a974-4c45-bf48-79bda319c985.taniSegKNN,Raga_Bhoop_82b207d0-a974-4c45-bf48-79bda319c985.taniSegKNN,.tanisegknn,0
Hindustani,e771a74d-545d-41d5-816b-43403a818b0c/D_V_Paluskar/Echoes_of_a_Golden_Voice/Raga_Bhoop_82b207d0-a974-4c45-bf48-79bda319c985.tonic,Raga_Bhoop_82b207d0-a974-4c45-bf48-79bda319c985.tonic,.tonic,11
Hindustani,e771a74d-545d-41d5-816b-43403a818b0c/D_V_Paluskar/Echoes_of_a_Golden_Voice/Raga_Bhoop_82b207d0-a974-4c45-bf48-79bda319c985.pitchSilIntrpPP,Raga_Bhoop_82b207d0-a974-4c45-bf48-79bda319c985.pitchSilIntrpPP,.pitchsilintrppp,19028650
Hindustani,e771a74d-545d-41d5-816b-43403a818b0c/D_V_Paluskar/Echoes_of_a_Golden_Voice/Raga_Bhoop_82b207d0-a974-4c45-bf48-79bda319c985.tonicFine,Raga_Bhoop_82b207d0-a974-4c45-bf48-79bda319c985.tonicFine,.tonicfine,25
Hindustani,e771a74d-545d-41d5-816b-43403a818b0c/Kumar_Gandharva/Pt__Kumar_Gandharva-Vocal/Ni_Mori_Ka_833a49b0-cb9e-41e5-b341-ab718e03b97c.pitchSilIntrpPP,Ni_Mori_Ka_833a49b0-cb9e-41e5-b341-ab718e03b97c.pitchSilIntrpPP,.pitchsilintrppp,4467000
Hindustani,e771a74d-545d-41d5-816b-43403a818b0c/Kumar_Gandharva/Pt__Kumar_Gandharva-Vocal/Ni_Mori_Ka_833a49b0-cb9e-41e5-b341-ab718e03b97c.flatSegNyas,Ni_Mori_Ka_833a49b0-cb9e-41e5-b341-ab718e03b97c.flatSegNyas,.flatsegnyas,6722
Hindustani,e771a74d-545d-41d5-816b-43403a818b0c/Kumar_Gandharva/Pt__Kumar_Gandharva-Vocal/Ni_Mori_Ka_833a49b0-cb9e-41e5-b341-ab718e03b97c.pitch,Ni_Mori_Ka_833a49b0-cb9e-41e5-b341-ab718e03b97c.pitch,.pitch,2065370
Hindustani,e771a74d-545d-41d5-816b-43403a818b0c/Kumar_Gandharva/Pt__Kumar_Gandharva-Vocal/Ni_Mori_Ka_833a49b0-cb9e-41e5-b341-ab718e03b97c.taniSegKNN,Ni_Mori_Ka_833a49b0-cb9e-41e5-b341-ab718e03b97c.taniSegKNN,.tanisegknn,0
Hindustani,e771a74d-545d-41d5-816b-43403a818b0c/Kumar_Gandharva/Pt__Kumar_Gandharva-Vocal/Ni_Mori_Ka_833a49b0-cb9e-41e5-b341-ab718e03b97c.tonicFine,Ni_Mori_Ka_833a49b0-cb9e-41e5-b341-ab718e03b97c.tonicFine,.tonicfine,25
Hindustani,e771a74d-545d-41d5-816b-43403a818b0c/Kumar_Gandharva/Pt__Kumar_Gandharva-Vocal/Ni_Mori_Ka_833a49b0-cb9e-41e5-b341-ab718e03b97c.tonic,Ni_Mori_Ka_833a49b0-cb9e-41e5-b341-ab718e03b97c.tonic,.tonic,11
Hindustani,a9ee554f-f146-43e9-b2d0-9bb31fd4b57d/Abdul_Rashid_Khan/Rasan_Piya_-_Volume_3/Balma_Tore_karana_4a9eb951-9a45-4292-a7c8-aeb103349e86.taniSegKNN,Balma_Tore_karana_4a9eb951-9a45-4292-a7c8-aeb103349e86.taniSegKNN,.tanisegknn,0
Hindustani,a9ee554f-f146-43e9-b2d0-9bb31fd4b57d/Abdul_Rashid_Khan/Rasan_Piya_-_Volume_3/Bajat_Kartal_Dasrath_Dwar_effa2f04-c0ab-4910-b822-55d8548363df.pitchSilIntrpPP,Bajat_Kartal_Dasrath_Dwar_effa2f04-c0ab-4910-b822-55d8548363df.pitchSilIntrpPP,.pitchsilintrppp,9323950
Hindustani,a9ee554f-f146-43e9-b2d0-9bb31fd4b57d/Abdul_Rashid_Khan/Rasan_Piya_-_Volume_3/Upama_Raat_Ki_Badan_Dekh_89430adb-e414-4ea4-abde-1ec568641c93.taniSegKNN,Upama_Raat_Ki_Badan_Dekh_89430adb-e414-4ea4-abde-1ec568641c93.taniSegKNN,.tanisegknn,0
Hindustani,a9ee554f-f146-43e9-b2d0-9bb31fd4b57d/Abdul_Rashid_Khan/Rasan_Piya_-_Volume_3/Upama_Raat_Ki_Badan_Dekh_89430adb-e414-4ea4-abde-1ec568641c93.pitch,Upama_Raat_Ki_Badan_Dekh_89430adb-e414-4ea4-abde-1ec568641c93.pitch,.pitch,7547158
Hindustani,a9ee554f-f146-43e9-b2d0-9bb31fd4b57d/Abdul_Rashid_Khan/Rasan_Piya_-_Volume_3/Mano_Piya_Jagee_Saari_Raat_e0f9998f-0341-4621-8cf2-80c3d3b59855.pitch,Mano_Piya_Jagee_Saari_Raat_e0f9998f-0341-4621-8cf2-80c3d3b59855.pitch,.pitch,3352614
Hindustani,a9ee554f-f146-43e9-b2d0-9bb31fd4b57d/Abdul_Rashid_Khan/Rasan_Piya_-_Volume_3/Balma_Tore_karana_4a9eb951-9a45-4292-a7c8-aeb103349e86.flatSegNyas,Balma_Tore_karana_4a9eb951-9a45-4292-a7c8-aeb103349e86.flatSegNyas,.flatsegnyas,9980
Hindustani,a9ee554f-f146-43e9-b2d0-9bb31fd4b57d/Abdul_Rashid_Khan/Rasan_Piya_-_Volume_3/Allah_Tere_Shaan_Maula_Tere_Shaan_256d06c1-34e2-43fc-aa14-c2f191f680f1.tonic,Allah_Tere_Shaan_Maula_Tere_Shaan_256d06c1-34e2-43fc-aa14-c2f191f680f1.tonic,.tonic,11
Hindustani,a9ee554f-f146-43e9-b2d0-9bb31fd4b57d/Abdul_Rashid_Khan/Rasan_Piya_-_Volume_3/Balma_Tore_karana_4a9eb951-9a45-4292-a7c8-aeb103349e86.pitchSilIntrpPP,Balma_Tore_karana_4a9eb951-9a45-4292-a7c8-aeb103349e86.pitchSilIntrpPP,.pitchsilintrppp,8981250
Hindustani,a9ee554f-f146-43e9-b2d0-9bb31fd4b57d/Abdul_Rashid_Khan/Rasan_Piya_-_Volume_3/Bajat_Kartal_Dasrath_Dwar_effa2f04-c0ab-4910-b822-55d8548363df.tonicFine,Bajat_Kartal_Dasrath_Dwar_effa2f04-c0ab-4910-b822-55d8548363df.tonicFine,.tonicfine,25
Hindustani,a9ee554f-f146-43e9-b2d0-9bb31fd4b57d/Abdul_Rashid_Khan/Rasan_Piya_-_Volume_3/Upama_Raat_Ki_Badan_Dekh_89430adb-e414-4ea4-abde-1ec568641c93.tonic,Upama_Raat_Ki_Badan_Dekh_89430adb-e414-4ea4-abde-1ec568641c93.tonic,.tonic,11
Hindustani,a9ee554f-f146-43e9-b2d0-9bb31fd4b57d/Abdul_Rashid_Khan/Rasan_Piya_-_Volume_3/Balma_Tore_karana_4a9eb951-9a45-4292-a7c8-aeb103349e86.pitch,Balma_Tore_karana_4a9eb951-9a45-4292-a7c8-aeb103349e86.pitch,.pitch,4176284
Hindustani,a9ee554f-f146-43e9-b2d0-9bb31fd4b57d/Abdul_Rashid_Khan/Rasan_Piya_-_Volume_3/Mano_Piya_Jagee_Saari_Raat_e0f9998f-0341-4621-8cf2-80c3d3b59855.pitchSilIntrpPP,Mano_Piya_Jagee_Saari_Raat_e0f9998f-0341-4621-8cf2-80c3d3b59855.pitchSilIntrpPP,.pitchsilintrppp,7199800
Hindustani,a9ee554f-f146-43e9-b2d0-9bb31fd4b57d/Abdul_Rashid_Khan/Rasan_Piya_-_Volume_3/Upama_Raat_Ki_Badan_Dekh_89430adb-e414-4ea4-abde-1ec568641c93.flatSegNyas,Upama_Raat_Ki_Badan_Dekh_89430adb-e414-4ea4-abde-1ec568641c93.flatSegNyas,.flatsegnyas,16578
Hindustani,a9ee554f-f146-43e9-b2d0-9bb31fd4b57d/Abdul_Rashid_Khan/Rasan_Piya_-_Volume_3/Bajat_Kartal_Dasrath_Dwar_effa2f04-c0ab-4910-b822-55d8548363df.taniSegKNN,Bajat_Kartal_Dasrath_Dwar_effa2f04-c0ab-4910-b822-55d8548363df.taniSegKNN,.tanisegknn,0
Hindustani,a9ee554f-f146-43e9-b2d0-9bb31fd4b57d/Abdul_Rashid_Khan/Rasan_Piya_-_Volume_3/Mano_Piya_Jagee_Saari_Raat_e0f9998f-0341-4621-8cf2-80c3d3b59855.tonic,Mano_Piya_Jagee_Saari_Raat_e0f9998f-0341-4621-8cf2-80c3d3b59855.tonic,.tonic,11
Hindustani,a9ee554f-f146-43e9-b2d0-9bb31fd4b57d/Abdul_Rashid_Khan/Rasan_Piya_-_Volume_3/Allah_Tere_Shaan_Maula_Tere_Shaan_256d06c1-34e2-43fc-aa14-c2f191f680f1.pitch,Allah_Tere_Shaan_Maula_Tere_Shaan_256d06c1-34e2-43fc-aa14-c2f191f680f1.pitch,.pitch,2032372
Hindustani,a9ee554f-f146-43e9-b2d0-9bb31fd4b57d/Abdul_Rashid_Khan/Rasan_Piya_-_Volume_3/Allah_Tere_Shaan_Maula_Tere_Shaan_256d06c1-34e2-43fc-aa14-c2f191f680f1.flatSegNyas,Allah_Tere_Shaan_Maula_Tere_Shaan_256d06c1-34e2-43fc-aa14-c2f191f680f1.flatSegNyas,.flatsegnyas,6045
Hindustani,a9ee554f-f146-43e9-b2d0-9bb31fd4b57d/Abdul_Rashid_Khan/Rasan_Piya_-_Volume_3/Balma_Tore_karana_4a9eb951-9a45-4292-a7c8-aeb103349e86.tonicFine,Balma_Tore_karana_4a9eb951-9a45-4292-a7c8-aeb103349e86.tonicFine,.tonicfine,25
Hindustani,a9ee554f-f146-43e9-b2d0-9bb31fd4b57d/Abdul_Rashid_Khan/Rasan_Piya_-_Volume_3/Upama_Raat_Ki_Badan_Dekh_89430adb-e414-4ea4-abde-1ec568641c93.pitchSilIntrpPP,Upama_Raat_Ki_Badan_Dekh_89430adb-e414-4ea4-abde-1ec568641c93.pitchSilIntrpPP,.pitchsilintrppp,15946150
Hindustani,a9ee554f-f146-43e9-b2d0-9bb31fd4b57d/Abdul_Rashid_Khan/Rasan_Piya_-_Volume_3/Allah_Tere_Shaan_Maula_Tere_Shaan_256d06c1-34e2-43fc-aa14-c2f191f680f1.pitchSilIntrpPP,Allah_Tere_Shaan_Maula_Tere_Shaan_256d06c1-34e2-43fc-aa14-c2f191f680f1.pitchSilIntrpPP,.pitchsilintrppp,4388250
Hindustani,a9ee554f-f146-43e9-b2d0-9bb31fd4b57d/Abdul_Rashid_Khan/Rasan_Piya_-_Volume_3/Mano_Piya_Jagee_Saari_Raat_e0f9998f-0341-4621-8cf2-80c3d3b59855.tonicFine,Mano_Piya_Jagee_Saari_Raat_e0f9998f-0341-4621-8cf2-80c3d3b59855.tonicFine,.tonicfine,25
Hindustani,a9ee554f-f146-43e9-b2d0-9bb31fd4b57d/Abdul_Rashid_Khan/Rasan_Piya_-_Volume_3/Bajat_Kartal_Dasrath_Dwar_effa2f04-c0ab-4910-b822-55d8548363df.pitch,Bajat_Kartal_Dasrath_Dwar_effa2f04-c0ab-4910-b822-55d8548363df.pitch,.pitch,4336493
Hindustani,a9ee554f-f146-43e9-b2d0-9bb31fd4b57d/Abdul_Rashid_Khan/Rasan_Piya_-_Volume_3/Mano_Piya_Jagee_Saari_Raat_e0f9998f-0341-4621-8cf2-80c3d3b59855.flatSegNyas,Mano_Piya_Jagee_Saari_Raat_e0f9998f-0341-4621-8cf2-80c3d3b59855.flatSegNyas,.flatsegnyas,9816
Hindustani,a9ee554f-f146-43e9-b2d0-9bb31fd4b57d/Abdul_Rashid_Khan/Rasan_Piya_-_Volume_3/Bajat_Kartal_Dasrath_Dwar_effa2f04-c0ab-4910-b822-55d8548363df.flatSegNyas,Bajat_Kartal_Dasrath_Dwar_effa2f04-c0ab-4910-b822-55d8548363df.flatSegNyas,.flatsegnyas,11252
Hindustani,a9ee554f-f146-43e9-b2d0-9bb31fd4b57d/Abdul_Rashid_Khan/Rasan_Piya_-_Volume_3/Mano_Piya_Jagee_Saari_Raat_e0f9998f-0341-4621-8cf2-80c3d3b59855.taniSegKNN,Mano_Piya_Jagee_Saari_Raat_e0f9998f-0341-4621-8cf2-80c3d3b59855.taniSegKNN,.tanisegknn,0
Hindustani,a9ee554f-f146-43e9-b2d0-9bb31fd4b57d/Abdul_Rashid_Khan/Rasan_Piya_-_Volume_3/Balma_Tore_karana_4a9eb951-9a45-4292-a7c8-aeb103349e86.tonic,Balma_Tore_karana_4a9eb951-9a45-4292-a7c8-aeb103349e86.tonic,.tonic,11
Hindustani,a9ee554f-f146-43e9-b2d0-9bb31fd4b57d/Abdul_Rashid_Khan/Rasan_Piya_-_Volume_3/Upama_Raat_Ki_Badan_Dekh_89430adb-e414-4ea4-abde-1ec568641c93.tonicFine,Upama_Raat_Ki_Badan_Dekh_89430adb-e414-4ea4-abde-1ec568641c93.tonicFine,.tonicfine,25
Hindustani,a9ee554f-f146-43e9-b2d0-9bb31fd4b57d/Abdul_Rashid_Khan/Rasan_Piya_-_Volume_3/Allah_Tere_Shaan_Maula_Tere_Shaan_256d06c1-34e2-43fc-aa14-c2f191f680f1.taniSegKNN,Allah_Tere_Shaan_Maula_Tere_Shaan_256d06c1-34e2-43fc-aa14-c2f191f680f1.taniSegKNN,.tanisegknn,0
Hindustani,a9ee554f-f146-43e9-b2d0-9bb31fd4b57d/Abdul_Rashid_Khan/Rasan_Piya_-_Volume_3/Allah_Tere_Shaan_Maula_Tere_Shaan_256d06c1-34e2-43fc-aa14-c2f191f680f1.tonicFine,Allah_Tere_Shaan_Maula_Tere_Shaan_256d06c1-34e2-43fc-aa14-c2f191f680f1.tonicFine,.tonicfine,25
Hindustani,a9ee554f-f146-43e9-b2d0-9bb31fd4b57d/Abdul_Rashid_Khan/Rasan_Piya_-_Volume_3/Bajat_Kartal_Dasrath_Dwar_effa2f04-c0ab-4910-b822-55d8548363df.tonic,Bajat_Kartal_Dasrath_Dwar_effa2f04-c0ab-4910-b822-55d8548363df.tonic,.tonic,11
Hindustani,a9ee554f-f146-43e9-b2d0-9bb31fd4b57d/Jayateerth_Mevundi/Sunset_In_Dharwad/Kedar-_Chaartal_Ki_Sawari_Ban_Than_Kaha_Sawan_Ki_Bundaniya_cfaafb25-78e1-4d27-93d8-a5b160ee77fc.pitch,Kedar-_Chaartal_Ki_Sawari_Ban_Than_Kaha_Sawan_Ki_Bundaniya_cfaafb25-78e1-4d27-93d8-a5b160ee77fc.pitch,.pitch,9356478
Hindustani,a9ee554f-f146-43e9-b2d0-9bb31fd4b57d/Jayateerth_Mevundi/Sunset_In_Dharwad/Kedar-_Chaartal_Ki_Sawari_Ban_Than_Kaha_Sawan_Ki_Bundaniya_cfaafb25-78e1-4d27-93d8-a5b160ee77fc.taniSegKNN,Kedar-_Chaartal_Ki_Sawari_Ban_Than_Kaha_Sawan_Ki_Bundaniya_cfaafb25-78e1-4d27-93d8-a5b160ee77fc.taniSegKNN,.tanisegknn,0
Hindustani,a9ee554f-f146-43e9-b2d0-9bb31fd4b57d/Jayateerth_Mevundi/Sunset_In_Dharwad/Kedar-_Chaartal_Ki_Sawari_Ban_Than_Kaha_Sawan_Ki_Bundaniya_cfaafb25-78e1-4d27-93d8-a5b160ee77fc.tonic,Kedar-_Chaartal_Ki_Sawari_Ban_Than_Kaha_Sawan_Ki_Bundaniya_cfaafb25-78e1-4d27-93d8-a5b160ee77fc.tonic,.tonic,11
Hindustani,a9ee554f-f146-43e9-b2d0-9bb31fd4b57d/Jayateerth_Mevundi/Sunset_In_Dharwad/Kedar-_Chaartal_Ki_Sawari_Ban_Than_Kaha_Sawan_Ki_Bundaniya_cfaafb25-78e1-4d27-93d8-a5b160ee77fc.tonicFine,Kedar-_Chaartal_Ki_Sawari_Ban_Than_Kaha_Sawan_Ki_Bundaniya_cfaafb25-78e1-4d27-93d8-a5b160ee77fc.tonicFine,.tonicfine,25
Hindustani,a9ee554f-f146-43e9-b2d0-9bb31fd4b57d/Jayateerth_Mevundi/Sunset_In_Dharwad/Kedar-_Chaartal_Ki_Sawari_Ban_Than_Kaha_Sawan_Ki_Bundaniya_cfaafb25-78e1-4d27-93d8-a5b160ee77fc.flatSegNyas,Kedar-_Chaartal_Ki_Sawari_Ban_Than_Kaha_Sawan_Ki_Bundaniya_cfaafb25-78e1-4d27-93d8-a5b160ee77fc.flatSegNyas,.flatsegnyas,23595
Hindustani,a9ee554f-f146-43e9-b2d0-9bb31fd4b57d/Jayateerth_Mevundi/Sunset_In_Dharwad/Kedar-_Chaartal_Ki_Sawari_Ban_Than_Kaha_Sawan_Ki_Bundaniya_cfaafb25-78e1-4d27-93d8-a5b160ee77fc.pitchSilIntrpPP,Kedar-_Chaartal_Ki_Sawari_Ban_Than_Kaha_Sawan_Ki_Bundaniya_cfaafb25-78e1-4d27-93d8-a5b160ee77fc.pitchSilIntrpPP,.pitchsilintrppp,19717200
Hindustani,a9ee554f-f146-43e9-b2d0-9bb31fd4b57d/Rashid_Khan/Live_at_St__John_s_Smith_Square_London/Raga_Kedar_2c29d660-b4ed-4302-a447-866a1e1d86b3.tonic,Raga_Kedar_2c29d660-b4ed-4302-a447-866a1e1d86b3.tonic,.tonic,11
Hindustani,a9ee554f-f146-43e9-b2d0-9bb31fd4b57d/Rashid_Khan/Live_at_St__John_s_Smith_Square_London/Raga_Kedar_2c29d660-b4ed-4302-a447-866a1e1d86b3.pitch,Raga_Kedar_2c29d660-b4ed-4302-a447-866a1e1d86b3.pitch,.pitch,7243665
Hindustani,a9ee554f-f146-43e9-b2d0-9bb31fd4b57d/Rashid_Khan/Live_at_St__John_s_Smith_Square_London/Raga_Kedar_2c29d660-b4ed-4302-a447-866a1e1d86b3.taniSegKNN,Raga_Kedar_2c29d660-b4ed-4302-a447-866a1e1d86b3.taniSegKNN,.tanisegknn,0
Hindustani,a9ee554f-f146-43e9-b2d0-9bb31fd4b57d/Rashid_Khan/Live_at_St__John_s_Smith_Square_London/Raga_Kedar_2c29d660-b4ed-4302-a447-866a1e1d86b3.tonicFine,Raga_Kedar_2c29d660-b4ed-4302-a447-866a1e1d86b3.tonicFine,.tonicfine,25
Hindustani,a9ee554f-f146-43e9-b2d0-9bb31fd4b57d/Rashid_Khan/Live_at_St__John_s_Smith_Square_London/Raga_Kedar_2c29d660-b4ed-4302-a447-866a1e1d86b3.flatSegNyas,Raga_Kedar_2c29d660-b4ed-4302-a447-866a1e1d86b3.flatSegNyas,.flatsegnyas,13320
Hindustani,a9ee554f-f146-43e9-b2d0-9bb31fd4b57d/Rashid_Khan/Live_at_St__John_s_Smith_Square_London/Raga_Kedar_2c29d660-b4ed-4302-a447-866a1e1d86b3.pitchSilIntrpPP,Raga_Kedar_2c29d660-b4ed-4302-a447-866a1e1d86b3.pitchSilIntrpPP,.pitchsilintrppp,15316200
Hindustani,a9ee554f-f146-43e9-b2d0-9bb31fd4b57d/Bhimsen_Joshi/The_Multifaceted/Raga_Shudha_Kedar_4ec29190-b7c9-46f6-81d8-db4b0c2a5b40.flatSegNyas,Raga_Shudha_Kedar_4ec29190-b7c9-46f6-81d8-db4b0c2a5b40.flatSegNyas,.flatsegnyas,11381
Hindustani,a9ee554f-f146-43e9-b2d0-9bb31fd4b57d/Bhimsen_Joshi/The_Multifaceted/Raga_Shudha_Kedar_4ec29190-b7c9-46f6-81d8-db4b0c2a5b40.tonicFine,Raga_Shudha_Kedar_4ec29190-b7c9-46f6-81d8-db4b0c2a5b40.tonicFine,.tonicfine,25
Hindustani,a9ee554f-f146-43e9-b2d0-9bb31fd4b57d/Bhimsen_Joshi/The_Multifaceted/Raga_Shudha_Kedar_4ec29190-b7c9-46f6-81d8-db4b0c2a5b40.taniSegKNN,Raga_Shudha_Kedar_4ec29190-b7c9-46f6-81d8-db4b0c2a5b40.taniSegKNN,.tanisegknn,0
Hindustani,a9ee554f-f146-43e9-b2d0-9bb31fd4b57d/Bhimsen_Joshi/The_Multifaceted/Raga_Shudha_Kedar_4ec29190-b7c9-46f6-81d8-db4b0c2a5b40.pitchSilIntrpPP,Raga_Shudha_Kedar_4ec29190-b7c9-46f6-81d8-db4b0c2a5b40.pitchSilIntrpPP,.pitchsilintrppp,12482250
Hindustani,a9ee554f-f146-43e9-b2d0-9bb31fd4b57d/Bhimsen_Joshi/The_Multifaceted/Raga_Shudha_Kedar_4ec29190-b7c9-46f6-81d8-db4b0c2a5b40.pitch,Raga_Shudha_Kedar_4ec29190-b7c9-46f6-81d8-db4b0c2a5b40.pitch,.pitch,5840839
Hindustani,a9ee554f-f146-43e9-b2d0-9bb31fd4b57d/Bhimsen_Joshi/The_Multifaceted/Raga_Shudha_Kedar_4ec29190-b7c9-46f6-81d8-db4b0c2a5b40.tonic,Raga_Shudha_Kedar_4ec29190-b7c9-46f6-81d8-db4b0c2a5b40.tonic,.tonic,11
Hindustani,a9ee554f-f146-43e9-b2d0-9bb31fd4b57d/Ajoy_Chakrabarty/Raag_Kedar___Jog/Raag_Kedar_dc09e696-88d1-427f-bb1b-92d899ed9af1.taniSegKNN,Raag_Kedar_dc09e696-88d1-427f-bb1b-92d899ed9af1.taniSegKNN,.tanisegknn,0
Hindustani,a9ee554f-f146-43e9-b2d0-9bb31fd4b57d/Ajoy_Chakrabarty/Raag_Kedar___Jog/Raag_Kedar_dc09e696-88d1-427f-bb1b-92d899ed9af1.pitch,Raag_Kedar_dc09e696-88d1-427f-bb1b-92d899ed9af1.pitch,.pitch,14682440
Hindustani,a9ee554f-f146-43e9-b2d0-9bb31fd4b57d/Ajoy_Chakrabarty/Raag_Kedar___Jog/Raag_Kedar_dc09e696-88d1-427f-bb1b-92d899ed9af1.tonicFine,Raag_Kedar_dc09e696-88d1-427f-bb1b-92d899ed9af1.tonicFine,.tonicfine,25
Hindustani,a9ee554f-f146-43e9-b2d0-9bb31fd4b57d/Ajoy_Chakrabarty/Raag_Kedar___Jog/Raag_Kedar_dc09e696-88d1-427f-bb1b-92d899ed9af1.flatSegNyas,Raag_Kedar_dc09e696-88d1-427f-bb1b-92d899ed9af1.flatSegNyas,.flatsegnyas,42089
Hindustani,a9ee554f-f146-43e9-b2d0-9bb31fd4b57d/Ajoy_Chakrabarty/Raag_Kedar___Jog/Raag_Kedar_dc09e696-88d1-427f-bb1b-92d899ed9af1.pitchSilIntrpPP,Raag_Kedar_dc09e696-88d1-427f-bb1b-92d899ed9af1.pitchSilIntrpPP,.pitchsilintrppp,30679350
Hindustani,a9ee554f-f146-43e9-b2d0-9bb31fd4b57d/Ajoy_Chakrabarty/Raag_Kedar___Jog/Raag_Kedar_dc09e696-88d1-427f-bb1b-92d899ed9af1.tonic,Raag_Kedar_dc09e696-88d1-427f-bb1b-92d899ed9af1.tonic,.tonic,11
Hindustani,a9ee554f-f146-43e9-b2d0-9bb31fd4b57d/Jasraj/Legends__Sangeet_Martand_Pandit_Jasraj_(Vol__4)/Raga_Kedar_9a133da0-33a1-42c9-a0f1-d2619e4a8782.pitchSilIntrpPP,Raga_Kedar_9a133da0-33a1-42c9-a0f1-d2619e4a8782.pitchSilIntrpPP,.pitchsilintrppp,10227300
Hindustani,a9ee554f-f146-43e9-b2d0-9bb31fd4b57d/Jasraj/Legends__Sangeet_Martand_Pandit_Jasraj_(Vol__4)/Raga_Kedar_9a133da0-33a1-42c9-a0f1-d2619e4a8782.tonic,Raga_Kedar_9a133da0-33a1-42c9-a0f1-d2619e4a8782.tonic,.tonic,11
Hindustani,a9ee554f-f146-43e9-b2d0-9bb31fd4b57d/Jasraj/Legends__Sangeet_Martand_Pandit_Jasraj_(Vol__4)/Raga_Kedar_9a133da0-33a1-42c9-a0f1-d2619e4a8782.flatSegNyas,Raga_Kedar_9a133da0-33a1-42c9-a0f1-d2619e4a8782.flatSegNyas,.flatsegnyas,13588
Hindustani,a9ee554f-f146-43e9-b2d0-9bb31fd4b57d/Jasraj/Legends__Sangeet_Martand_Pandit_Jasraj_(Vol__4)/Raga_Kedar_9a133da0-33a1-42c9-a0f1-d2619e4a8782.tonicFine,Raga_Kedar_9a133da0-33a1-42c9-a0f1-d2619e4a8782.tonicFine,.tonicfine,25
Hindustani,a9ee554f-f146-43e9-b2d0-9bb31fd4b57d/Jasraj/Legends__Sangeet_Martand_Pandit_Jasraj_(Vol__4)/Raga_Kedar_9a133da0-33a1-42c9-a0f1-d2619e4a8782.taniSegKNN,Raga_Kedar_9a133da0-33a1-42c9-a0f1-d2619e4a8782.taniSegKNN,.tanisegknn,0
Hindustani,a9ee554f-f146-43e9-b2d0-9bb31fd4b57d/Jasraj/Legends__Sangeet_Martand_Pandit_Jasraj_(Vol__4)/Raga_Kedar_9a133da0-33a1-42c9-a0f1-d2619e4a8782.pitch,Raga_Kedar_9a133da0-33a1-42c9-a0f1-d2619e4a8782.pitch,.pitch,4772902
Hindustani,d9c603fa-875f-4b84-b851-c6a345427898/Rashid_Khan/Live_at_St__John_s_Smith_Square_London/Bonus_Track_b63f8746-775e-447b-8bd5-1f32c4ef0b44.pitchSilIntrpPP,Bonus_Track_b63f8746-775e-447b-8bd5-1f32c4ef0b44.pitchSilIntrpPP,.pitchsilintrppp,11786900
Hindustani,d9c603fa-875f-4b84-b851-c6a345427898/Rashid_Khan/Live_at_St__John_s_Smith_Square_London/Bonus_Track_b63f8746-775e-447b-8bd5-1f32c4ef0b44.tonicFine,Bonus_Track_b63f8746-775e-447b-8bd5-1f32c4ef0b44.tonicFine,.tonicfine,25
Hindustani,d9c603fa-875f-4b84-b851-c6a345427898/Rashid_Khan/Live_at_St__John_s_Smith_Square_London/Bonus_Track_b63f8746-775e-447b-8bd5-1f32c4ef0b44.flatSegNyas,Bonus_Track_b63f8746-775e-447b-8bd5-1f32c4ef0b44.flatSegNyas,.flatsegnyas,15306
Hindustani,d9c603fa-875f-4b84-b851-c6a345427898/Rashid_Khan/Live_at_St__John_s_Smith_Square_London/Bonus_Track_b63f8746-775e-447b-8bd5-1f32c4ef0b44.tonic,Bonus_Track_b63f8746-775e-447b-8bd5-1f32c4ef0b44.tonic,.tonic,11
Hindustani,d9c603fa-875f-4b84-b851-c6a345427898/Rashid_Khan/Live_at_St__John_s_Smith_Square_London/Bonus_Track_b63f8746-775e-447b-8bd5-1f32c4ef0b44.pitch,Bonus_Track_b63f8746-775e-447b-8bd5-1f32c4ef0b44.pitch,.pitch,5531069
Hindustani,d9c603fa-875f-4b84-b851-c6a345427898/Rashid_Khan/Live_at_St__John_s_Smith_Square_London/Bonus_Track_b63f8746-775e-447b-8bd5-1f32c4ef0b44.taniSegKNN,Bonus_Track_b63f8746-775e-447b-8bd5-1f32c4ef0b44.taniSegKNN,.tanisegknn,0
Hindustani,d9c603fa-875f-4b84-b851-c6a345427898/Bhimsen_Joshi/The_Multifaceted/Raga_Abhogi_d29c44a0-d688-47f1-8d83-8c07f0b76b22.pitch,Raga_Abhogi_d29c44a0-d688-47f1-8d83-8c07f0b76b22.pitch,.pitch,2028764
Hindustani,d9c603fa-875f-4b84-b851-c6a345427898/Bhimsen_Joshi/The_Multifaceted/Raga_Abhogi_d29c44a0-d688-47f1-8d83-8c07f0b76b22.flatSegNyas,Raga_Abhogi_d29c44a0-d688-47f1-8d83-8c07f0b76b22.flatSegNyas,.flatsegnyas,5374
Hindustani,d9c603fa-875f-4b84-b851-c6a345427898/Bhimsen_Joshi/The_Multifaceted/Raga_Abhogi_d29c44a0-d688-47f1-8d83-8c07f0b76b22.tonic,Raga_Abhogi_d29c44a0-d688-47f1-8d83-8c07f0b76b22.tonic,.tonic,11
Hindustani,d9c603fa-875f-4b84-b851-c6a345427898/Bhimsen_Joshi/The_Multifaceted/Raga_Abhogi_d29c44a0-d688-47f1-8d83-8c07f0b76b22.pitchSilIntrpPP,Raga_Abhogi_d29c44a0-d688-47f1-8d83-8c07f0b76b22.pitchSilIntrpPP,.pitchsilintrppp,4395900
Hindustani,d9c603fa-875f-4b84-b851-c6a345427898/Bhimsen_Joshi/The_Multifaceted/Raga_Abhogi_d29c44a0-d688-47f1-8d83-8c07f0b76b22.tonicFine,Raga_Abhogi_d29c44a0-d688-47f1-8d83-8c07f0b76b22.tonicFine,.tonicfine,25
Hindustani,d9c603fa-875f-4b84-b851-c6a345427898/Bhimsen_Joshi/The_Multifaceted/Raga_Abhogi_d29c44a0-d688-47f1-8d83-8c07f0b76b22.taniSegKNN,Raga_Abhogi_d29c44a0-d688-47f1-8d83-8c07f0b76b22.taniSegKNN,.tanisegknn,0
Hindustani,d9c603fa-875f-4b84-b851-c6a345427898/Bhimsen_Joshi/The_Essential_Collection/Rag_Abhogi_Drut_Ektal_15fae9e1-01a0-4b4b-bcc9-4c84321a66a0.flatSegNyas,Rag_Abhogi_Drut_Ektal_15fae9e1-01a0-4b4b-bcc9-4c84321a66a0.flatSegNyas,.flatsegnyas,5181
Hindustani,d9c603fa-875f-4b84-b851-c6a345427898/Bhimsen_Joshi/The_Essential_Collection/Rag_Abhogi_Jhaptal_7060e016-7772-45c9-bfc6-8d3911ae0a06.pitch,Rag_Abhogi_Jhaptal_7060e016-7772-45c9-bfc6-8d3911ae0a06.pitch,.pitch,6168651
Hindustani,d9c603fa-875f-4b84-b851-c6a345427898/Bhimsen_Joshi/The_Essential_Collection/Rag_Abhogi_Jhaptal_7060e016-7772-45c9-bfc6-8d3911ae0a06.flatSegNyas,Rag_Abhogi_Jhaptal_7060e016-7772-45c9-bfc6-8d3911ae0a06.flatSegNyas,.flatsegnyas,15344
Hindustani,d9c603fa-875f-4b84-b851-c6a345427898/Bhimsen_Joshi/The_Essential_Collection/Rag_Abhogi_Drut_Ektal_15fae9e1-01a0-4b4b-bcc9-4c84321a66a0.tonicFine,Rag_Abhogi_Drut_Ektal_15fae9e1-01a0-4b4b-bcc9-4c84321a66a0.tonicFine,.tonicfine,25
Hindustani,d9c603fa-875f-4b84-b851-c6a345427898/Bhimsen_Joshi/The_Essential_Collection/Rag_Abhogi_Drut_Ektal_15fae9e1-01a0-4b4b-bcc9-4c84321a66a0.pitch,Rag_Abhogi_Drut_Ektal_15fae9e1-01a0-4b4b-bcc9-4c84321a66a0.pitch,.pitch,1684822
Hindustani,d9c603fa-875f-4b84-b851-c6a345427898/Bhimsen_Joshi/The_Essential_Collection/Rag_Abhogi_Drut_Ektal_15fae9e1-01a0-4b4b-bcc9-4c84321a66a0.taniSegKNN,Rag_Abhogi_Drut_Ektal_15fae9e1-01a0-4b4b-bcc9-4c84321a66a0.taniSegKNN,.tanisegknn,0
Hindustani,d9c603fa-875f-4b84-b851-c6a345427898/Bhimsen_Joshi/The_Essential_Collection/Rag_Abhogi_Drut_Ektal_15fae9e1-01a0-4b4b-bcc9-4c84321a66a0.tonic,Rag_Abhogi_Drut_Ektal_15fae9e1-01a0-4b4b-bcc9-4c84321a66a0.tonic,.tonic,11
Hindustani,d9c603fa-875f-4b84-b851-c6a345427898/Bhimsen_Joshi/The_Essential_Collection/Rag_Abhogi_Jhaptal_7060e016-7772-45c9-bfc6-8d3911ae0a06.taniSegKNN,Rag_Abhogi_Jhaptal_7060e016-7772-45c9-bfc6-8d3911ae0a06.taniSegKNN,.tanisegknn,0
Hindustani,d9c603fa-875f-4b84-b851-c6a345427898/Bhimsen_Joshi/The_Essential_Collection/Rag_Abhogi_Jhaptal_7060e016-7772-45c9-bfc6-8d3911ae0a06.tonicFine,Rag_Abhogi_Jhaptal_7060e016-7772-45c9-bfc6-8d3911ae0a06.tonicFine,.tonicfine,25
Hindustani,d9c603fa-875f-4b84-b851-c6a345427898/Bhimsen_Joshi/The_Essential_Collection/Rag_Abhogi_Drut_Ektal_15fae9e1-01a0-4b4b-bcc9-4c84321a66a0.pitchSilIntrpPP,Rag_Abhogi_Drut_Ektal_15fae9e1-01a0-4b4b-bcc9-4c84321a66a0.pitchSilIntrpPP,.pitchsilintrppp,3623600
Hindustani,d9c603fa-875f-4b84-b851-c6a345427898/Bhimsen_Joshi/The_Essential_Collection/Rag_Abhogi_Jhaptal_7060e016-7772-45c9-bfc6-8d3911ae0a06.pitchSilIntrpPP,Rag_Abhogi_Jhaptal_7060e016-7772-45c9-bfc6-8d3911ae0a06.pitchSilIntrpPP,.pitchsilintrppp,13144650
Hindustani,d9c603fa-875f-4b84-b851-c6a345427898/Bhimsen_Joshi/The_Essential_Collection/Rag_Abhogi_Jhaptal_7060e016-7772-45c9-bfc6-8d3911ae0a06.tonic,Rag_Abhogi_Jhaptal_7060e016-7772-45c9-bfc6-8d3911ae0a06.tonic,.tonic,11
Hindustani,d9c603fa-875f-4b84-b851-c6a345427898/Tripti_Mukherjee/Jasrangi/Raga_Abhogi_cc7999c1-feb7-4fa7-8b45-7e6fc39c0ec6.flatSegNyas,Raga_Abhogi_cc7999c1-feb7-4fa7-8b45-7e6fc39c0ec6.flatSegNyas,.flatsegnyas,15962
Hindustani,d9c603fa-875f-4b84-b851-c6a345427898/Tripti_Mukherjee/Jasrangi/Raga_Abhogi_cc7999c1-feb7-4fa7-8b45-7e6fc39c0ec6.pitch,Raga_Abhogi_cc7999c1-feb7-4fa7-8b45-7e6fc39c0ec6.pitch,.pitch,5722666
Hindustani,d9c603fa-875f-4b84-b851-c6a345427898/Tripti_Mukherjee/Jasrangi/Raga_Abhogi_cc7999c1-feb7-4fa7-8b45-7e6fc39c0ec6.taniSegKNN,Raga_Abhogi_cc7999c1-feb7-4fa7-8b45-7e6fc39c0ec6.taniSegKNN,.tanisegknn,0
Hindustani,d9c603fa-875f-4b84-b851-c6a345427898/Tripti_Mukherjee/Jasrangi/Raga_Abhogi_cc7999c1-feb7-4fa7-8b45-7e6fc39c0ec6.tonic,Raga_Abhogi_cc7999c1-feb7-4fa7-8b45-7e6fc39c0ec6.tonic,.tonic,4
Hindustani,d9c603fa-875f-4b84-b851-c6a345427898/Tripti_Mukherjee/Jasrangi/Raga_Abhogi_cc7999c1-feb7-4fa7-8b45-7e6fc39c0ec6.pitchSilIntrpPP,Raga_Abhogi_cc7999c1-feb7-4fa7-8b45-7e6fc39c0ec6.pitchSilIntrpPP,.pitchsilintrppp,12177000
Hindustani,d9c603fa-875f-4b84-b851-c6a345427898/Tripti_Mukherjee/Jasrangi/Raga_Abhogi_cc7999c1-feb7-4fa7-8b45-7e6fc39c0ec6.tonicFine,Raga_Abhogi_cc7999c1-feb7-4fa7-8b45-7e6fc39c0ec6.tonicFine,.tonicfine,25
Hindustani,d9c603fa-875f-4b84-b851-c6a345427898/Girija_Devi/The_Genius_of_Girija_Devi/Raga_Abhogi_Kanada_409903ce-cfe7-41fd-b42b-3b7790c0e917.taniSegKNN,Raga_Abhogi_Kanada_409903ce-cfe7-41fd-b42b-3b7790c0e917.taniSegKNN,.tanisegknn,0
Hindustani,d9c603fa-875f-4b84-b851-c6a345427898/Girija_Devi/The_Genius_of_Girija_Devi/Raga_Abhogi_Kanada_409903ce-cfe7-41fd-b42b-3b7790c0e917.pitch,Raga_Abhogi_Kanada_409903ce-cfe7-41fd-b42b-3b7790c0e917.pitch,.pitch,5030373
Hindustani,d9c603fa-875f-4b84-b851-c6a345427898/Girija_Devi/The_Genius_of_Girija_Devi/Raga_Abhogi_Kanada_409903ce-cfe7-41fd-b42b-3b7790c0e917.flatSegNyas,Raga_Abhogi_Kanada_409903ce-cfe7-41fd-b42b-3b7790c0e917.flatSegNyas,.flatsegnyas,13205
Hindustani,d9c603fa-875f-4b84-b851-c6a345427898/Girija_Devi/The_Genius_of_Girija_Devi/Raga_Abhogi_Kanada_409903ce-cfe7-41fd-b42b-3b7790c0e917.tonic,Raga_Abhogi_Kanada_409903ce-cfe7-41fd-b42b-3b7790c0e917.tonic,.tonic,11
Hindustani,d9c603fa-875f-4b84-b851-c6a345427898/Girija_Devi/The_Genius_of_Girija_Devi/Raga_Abhogi_Kanada_409903ce-cfe7-41fd-b42b-3b7790c0e917.pitchSilIntrpPP,Raga_Abhogi_Kanada_409903ce-cfe7-41fd-b42b-3b7790c0e917.pitchSilIntrpPP,.pitchsilintrppp,10757450
Hindustani,d9c603fa-875f-4b84-b851-c6a345427898/Girija_Devi/The_Genius_of_Girija_Devi/Raga_Abhogi_Kanada_409903ce-cfe7-41fd-b42b-3b7790c0e917.tonicFine,Raga_Abhogi_Kanada_409903ce-cfe7-41fd-b42b-3b7790c0e917.tonicFine,.tonicfine,25
Hindustani,"d9c603fa-875f-4b84-b851-c6a345427898/Ajoy_Chakrabarty/Raag_Abhogi,_Rageshree___Khamaj/Raag_Abhogi_a01ac873-dff4-420f-9fd8-490dd87c58e9.taniSegKNN",Raag_Abhogi_a01ac873-dff4-420f-9fd8-490dd87c58e9.taniSegKNN,.tanisegknn,0
Hindustani,"d9c603fa-875f-4b84-b851-c6a345427898/Ajoy_Chakrabarty/Raag_Abhogi,_Rageshree___Khamaj/Raag_Abhogi_a01ac873-dff4-420f-9fd8-490dd87c58e9.tonicFine",Raag_Abhogi_a01ac873-dff4-420f-9fd8-490dd87c58e9.tonicFine,.tonicfine,25
Hindustani,"d9c603fa-875f-4b84-b851-c6a345427898/Ajoy_Chakrabarty/Raag_Abhogi,_Rageshree___Khamaj/Raag_Abhogi_a01ac873-dff4-420f-9fd8-490dd87c58e9.flatSegNyas",Raag_Abhogi_a01ac873-dff4-420f-9fd8-490dd87c58e9.flatSegNyas,.flatsegnyas,34079
Hindustani,"d9c603fa-875f-4b84-b851-c6a345427898/Ajoy_Chakrabarty/Raag_Abhogi,_Rageshree___Khamaj/Raag_Abhogi_a01ac873-dff4-420f-9fd8-490dd87c58e9.pitchSilIntrpPP",Raag_Abhogi_a01ac873-dff4-420f-9fd8-490dd87c58e9.pitchSilIntrpPP,.pitchsilintrppp,28902650
Hindustani,"d9c603fa-875f-4b84-b851-c6a345427898/Ajoy_Chakrabarty/Raag_Abhogi,_Rageshree___Khamaj/Raag_Abhogi_a01ac873-dff4-420f-9fd8-490dd87c58e9.tonic",Raag_Abhogi_a01ac873-dff4-420f-9fd8-490dd87c58e9.tonic,.tonic,13
Hindustani,"d9c603fa-875f-4b84-b851-c6a345427898/Ajoy_Chakrabarty/Raag_Abhogi,_Rageshree___Khamaj/Raag_Abhogi_a01ac873-dff4-420f-9fd8-490dd87c58e9.pitch",Raag_Abhogi_a01ac873-dff4-420f-9fd8-490dd87c58e9.pitch,.pitch,13797304
Hindustani,d9c603fa-875f-4b84-b851-c6a345427898/Salamat_Ali_Khan/Timeless_Music_From_Pakistan_Vol__2/Raga_Abhogi_Kanrha_8d2eb825-77d6-4f61-ae4c-1a8639dd912b.pitchSilIntrpPP,Raga_Abhogi_Kanrha_8d2eb825-77d6-4f61-ae4c-1a8639dd912b.pitchSilIntrpPP,.pitchsilintrppp,7866600
Hindustani,d9c603fa-875f-4b84-b851-c6a345427898/Salamat_Ali_Khan/Timeless_Music_From_Pakistan_Vol__2/Raga_Abhogi_Kanrha_8d2eb825-77d6-4f61-ae4c-1a8639dd912b.flatSegNyas,Raga_Abhogi_Kanrha_8d2eb825-77d6-4f61-ae4c-1a8639dd912b.flatSegNyas,.flatsegnyas,9935
Hindustani,d9c603fa-875f-4b84-b851-c6a345427898/Salamat_Ali_Khan/Timeless_Music_From_Pakistan_Vol__2/Raga_Abhogi_Kanrha_8d2eb825-77d6-4f61-ae4c-1a8639dd912b.tonic,Raga_Abhogi_Kanrha_8d2eb825-77d6-4f61-ae4c-1a8639dd912b.tonic,.tonic,11
Hindustani,d9c603fa-875f-4b84-b851-c6a345427898/Salamat_Ali_Khan/Timeless_Music_From_Pakistan_Vol__2/Raga_Abhogi_Kanrha_8d2eb825-77d6-4f61-ae4c-1a8639dd912b.taniSegKNN,Raga_Abhogi_Kanrha_8d2eb825-77d6-4f61-ae4c-1a8639dd912b.taniSegKNN,.tanisegknn,0
Hindustani,d9c603fa-875f-4b84-b851-c6a345427898/Salamat_Ali_Khan/Timeless_Music_From_Pakistan_Vol__2/Raga_Abhogi_Kanrha_8d2eb825-77d6-4f61-ae4c-1a8639dd912b.pitch,Raga_Abhogi_Kanrha_8d2eb825-77d6-4f61-ae4c-1a8639dd912b.pitch,.pitch,3639687
Hindustani,d9c603fa-875f-4b84-b851-c6a345427898/Salamat_Ali_Khan/Timeless_Music_From_Pakistan_Vol__2/Raga_Abhogi_Kanrha_8d2eb825-77d6-4f61-ae4c-1a8639dd912b.tonicFine,Raga_Abhogi_Kanrha_8d2eb825-77d6-4f61-ae4c-1a8639dd912b.tonicFine,.tonicfine,25
Hindustani,d9c603fa-875f-4b84-b851-c6a345427898/Anol_Chatterjee/Raag_Abhogi___Megh/Raag_Abhogi_e40375a2-01d2-4137-823a-3e62503baf98.pitchSilIntrpPP,Raag_Abhogi_e40375a2-01d2-4137-823a-3e62503baf98.pitchSilIntrpPP,.pitchsilintrppp,21180400
Hindustani,d9c603fa-875f-4b84-b851-c6a345427898/Anol_Chatterjee/Raag_Abhogi___Megh/Raag_Abhogi_e40375a2-01d2-4137-823a-3e62503baf98.pitch,Raag_Abhogi_e40375a2-01d2-4137-823a-3e62503baf98.pitch,.pitch,10136338
Hindustani,d9c603fa-875f-4b84-b851-c6a345427898/Anol_Chatterjee/Raag_Abhogi___Megh/Raag_Abhogi_e40375a2-01d2-4137-823a-3e62503baf98.tonicFine,Raag_Abhogi_e40375a2-01d2-4137-823a-3e62503baf98.tonicFine,.tonicfine,25
Hindustani,d9c603fa-875f-4b84-b851-c6a345427898/Anol_Chatterjee/Raag_Abhogi___Megh/Raag_Abhogi_e40375a2-01d2-4137-823a-3e62503baf98.tonic,Raag_Abhogi_e40375a2-01d2-4137-823a-3e62503baf98.tonic,.tonic,7
Hindustani,d9c603fa-875f-4b84-b851-c6a345427898/Anol_Chatterjee/Raag_Abhogi___Megh/Raag_Abhogi_e40375a2-01d2-4137-823a-3e62503baf98.flatSegNyas,Raag_Abhogi_e40375a2-01d2-4137-823a-3e62503baf98.flatSegNyas,.flatsegnyas,22484
Hindustani,d9c603fa-875f-4b84-b851-c6a345427898/Anol_Chatterjee/Raag_Abhogi___Megh/Raag_Abhogi_e40375a2-01d2-4137-823a-3e62503baf98.taniSegKNN,Raag_Abhogi_e40375a2-01d2-4137-823a-3e62503baf98.taniSegKNN,.tanisegknn,0
Hindustani,d9c603fa-875f-4b84-b851-c6a345427898/Jagdish_Prasad/Laaj_Rakho_Mori/Raga_Abhogee_Dulahan_Raj_Dulare_-_Vilambit_Ek_Taal_41e85340-5071-4cdf-a988-6e0aabed3dd6.pitch,Raga_Abhogee_Dulahan_Raj_Dulare_-_Vilambit_Ek_Taal_41e85340-5071-4cdf-a988-6e0aabed3dd6.pitch,.pitch,9359699
Hindustani,d9c603fa-875f-4b84-b851-c6a345427898/Jagdish_Prasad/Laaj_Rakho_Mori/Raga_Abhogee_Dulahan_Raj_Dulare_-_Vilambit_Ek_Taal_41e85340-5071-4cdf-a988-6e0aabed3dd6.tonic,Raga_Abhogee_Dulahan_Raj_Dulare_-_Vilambit_Ek_Taal_41e85340-5071-4cdf-a988-6e0aabed3dd6.tonic,.tonic,11
Hindustani,d9c603fa-875f-4b84-b851-c6a345427898/Jagdish_Prasad/Laaj_Rakho_Mori/Raga_Abhogee_Dulahan_Raj_Dulare_-_Vilambit_Ek_Taal_41e85340-5071-4cdf-a988-6e0aabed3dd6.taniSegKNN,Raga_Abhogee_Dulahan_Raj_Dulare_-_Vilambit_Ek_Taal_41e85340-5071-4cdf-a988-6e0aabed3dd6.taniSegKNN,.tanisegknn,0
Hindustani,d9c603fa-875f-4b84-b851-c6a345427898/Jagdish_Prasad/Laaj_Rakho_Mori/Raga_Abhogee_Dulahan_Raj_Dulare_-_Vilambit_Ek_Taal_41e85340-5071-4cdf-a988-6e0aabed3dd6.flatSegNyas,Raga_Abhogee_Dulahan_Raj_Dulare_-_Vilambit_Ek_Taal_41e85340-5071-4cdf-a988-6e0aabed3dd6.flatSegNyas,.flatsegnyas,23117
Hindustani,d9c603fa-875f-4b84-b851-c6a345427898/Jagdish_Prasad/Laaj_Rakho_Mori/Raga_Abhogee_Dulahan_Raj_Dulare_-_Vilambit_Ek_Taal_41e85340-5071-4cdf-a988-6e0aabed3dd6.pitchSilIntrpPP,Raga_Abhogee_Dulahan_Raj_Dulare_-_Vilambit_Ek_Taal_41e85340-5071-4cdf-a988-6e0aabed3dd6.pitchSilIntrpPP,.pitchsilintrppp,19798300
Hindustani,d9c603fa-875f-4b84-b851-c6a345427898/Jagdish_Prasad/Laaj_Rakho_Mori/Raga_Abhogee_Dulahan_Raj_Dulare_-_Vilambit_Ek_Taal_41e85340-5071-4cdf-a988-6e0aabed3dd6.tonicFine,Raga_Abhogee_Dulahan_Raj_Dulare_-_Vilambit_Ek_Taal_41e85340-5071-4cdf-a988-6e0aabed3dd6.tonicFine,.tonicfine,25
Hindustani,b143adaa-f1a6-4de4-8985-a5bd35e96279/Rashid_Khan/Evergreen/Raga_Bairagi_Bhairav_c83a26a9-452f-49f4-bb4e-fad2d9bb9af1.pitchSilIntrpPP,Raga_Bairagi_Bhairav_c83a26a9-452f-49f4-bb4e-fad2d9bb9af1.pitchSilIntrpPP,.pitchsilintrppp,6921200
Hindustani,b143adaa-f1a6-4de4-8985-a5bd35e96279/Rashid_Khan/Evergreen/Raga_Bairagi_Bhairav_c83a26a9-452f-49f4-bb4e-fad2d9bb9af1.flatSegNyas,Raga_Bairagi_Bhairav_c83a26a9-452f-49f4-bb4e-fad2d9bb9af1.flatSegNyas,.flatsegnyas,9943
Hindustani,b143adaa-f1a6-4de4-8985-a5bd35e96279/Rashid_Khan/Evergreen/Raga_Bairagi_Bhairav_c83a26a9-452f-49f4-bb4e-fad2d9bb9af1.tonicFine,Raga_Bairagi_Bhairav_c83a26a9-452f-49f4-bb4e-fad2d9bb9af1.tonicFine,.tonicfine,25
Hindustani,b143adaa-f1a6-4de4-8985-a5bd35e96279/Rashid_Khan/Evergreen/Raga_Bairagi_Bhairav_c83a26a9-452f-49f4-bb4e-fad2d9bb9af1.tonic,Raga_Bairagi_Bhairav_c83a26a9-452f-49f4-bb4e-fad2d9bb9af1.tonic,.tonic,11
Hindustani,b143adaa-f1a6-4de4-8985-a5bd35e96279/Rashid_Khan/Evergreen/Raga_Bairagi_Bhairav_c83a26a9-452f-49f4-bb4e-fad2d9bb9af1.pitch,Raga_Bairagi_Bhairav_c83a26a9-452f-49f4-bb4e-fad2d9bb9af1.pitch,.pitch,3230726
Hindustani,b143adaa-f1a6-4de4-8985-a5bd35e96279/Rashid_Khan/Evergreen/Raga_Bairagi_Bhairav_c83a26a9-452f-49f4-bb4e-fad2d9bb9af1.taniSegKNN,Raga_Bairagi_Bhairav_c83a26a9-452f-49f4-bb4e-fad2d9bb9af1.taniSegKNN,.tanisegknn,0
Hindustani,b143adaa-f1a6-4de4-8985-a5bd35e96279/Brajeshwar_Mukherjee/New_Signature/Raag_Bairagi_ea36cb14-7c11-41d0-acb8-70ec66e61063.pitchSilIntrpPP,Raag_Bairagi_ea36cb14-7c11-41d0-acb8-70ec66e61063.pitchSilIntrpPP,.pitchsilintrppp,28275500
Hindustani,b143adaa-f1a6-4de4-8985-a5bd35e96279/Brajeshwar_Mukherjee/New_Signature/Raag_Bairagi_ea36cb14-7c11-41d0-acb8-70ec66e61063.tonic,Raag_Bairagi_ea36cb14-7c11-41d0-acb8-70ec66e61063.tonic,.tonic,11
Hindustani,b143adaa-f1a6-4de4-8985-a5bd35e96279/Brajeshwar_Mukherjee/New_Signature/Raag_Bairagi_ea36cb14-7c11-41d0-acb8-70ec66e61063.pitch,Raag_Bairagi_ea36cb14-7c11-41d0-acb8-70ec66e61063.pitch,.pitch,13531966
Hindustani,b143adaa-f1a6-4de4-8985-a5bd35e96279/Brajeshwar_Mukherjee/New_Signature/Raag_Bairagi_ea36cb14-7c11-41d0-acb8-70ec66e61063.tonicFine,Raag_Bairagi_ea36cb14-7c11-41d0-acb8-70ec66e61063.tonicFine,.tonicfine,25
Hindustani,b143adaa-f1a6-4de4-8985-a5bd35e96279/Brajeshwar_Mukherjee/New_Signature/Raag_Bairagi_ea36cb14-7c11-41d0-acb8-70ec66e61063.flatSegNyas,Raag_Bairagi_ea36cb14-7c11-41d0-acb8-70ec66e61063.flatSegNyas,.flatsegnyas,29079
Hindustani,b143adaa-f1a6-4de4-8985-a5bd35e96279/Brajeshwar_Mukherjee/New_Signature/Raag_Bairagi_ea36cb14-7c11-41d0-acb8-70ec66e61063.taniSegKNN,Raag_Bairagi_ea36cb14-7c11-41d0-acb8-70ec66e61063.taniSegKNN,.tanisegknn,0
Hindustani,b143adaa-f1a6-4de4-8985-a5bd35e96279/Ajoy_Chakrabarty/Ragamala/Sur_Sur_Se_Sadh_Le_Rasika_Sabada_Salone_Laya_Tala_Surana_2e399218-6978-47ef-ad3f-c7eca6dad81b.pitchSilIntrpPP,Sur_Sur_Se_Sadh_Le_Rasika_Sabada_Salone_Laya_Tala_Surana_2e399218-6978-47ef-ad3f-c7eca6dad81b.pitchSilIntrpPP,.pitchsilintrppp,11437200
Hindustani,b143adaa-f1a6-4de4-8985-a5bd35e96279/Ajoy_Chakrabarty/Ragamala/Sur_Sur_Se_Sadh_Le_Rasika_Sabada_Salone_Laya_Tala_Surana_2e399218-6978-47ef-ad3f-c7eca6dad81b.tonicFine,Sur_Sur_Se_Sadh_Le_Rasika_Sabada_Salone_Laya_Tala_Surana_2e399218-6978-47ef-ad3f-c7eca6dad81b.tonicFine,.tonicfine,25
Hindustani,b143adaa-f1a6-4de4-8985-a5bd35e96279/Ajoy_Chakrabarty/Ragamala/Mere_Maname_Baso_Ram_Abhiram_Puran_Ho_Sab_Kaam_950c9b6a-53e6-43e2-9339-82ba49ade152.taniSegKNN,Mere_Maname_Baso_Ram_Abhiram_Puran_Ho_Sab_Kaam_950c9b6a-53e6-43e2-9339-82ba49ade152.taniSegKNN,.tanisegknn,0
Hindustani,b143adaa-f1a6-4de4-8985-a5bd35e96279/Ajoy_Chakrabarty/Ragamala/Mere_Maname_Baso_Ram_Abhiram_Puran_Ho_Sab_Kaam_950c9b6a-53e6-43e2-9339-82ba49ade152.tonic,Mere_Maname_Baso_Ram_Abhiram_Puran_Ho_Sab_Kaam_950c9b6a-53e6-43e2-9339-82ba49ade152.tonic,.tonic,11
Hindustani,b143adaa-f1a6-4de4-8985-a5bd35e96279/Ajoy_Chakrabarty/Ragamala/Mere_Maname_Baso_Ram_Abhiram_Puran_Ho_Sab_Kaam_950c9b6a-53e6-43e2-9339-82ba49ade152.tonicFine,Mere_Maname_Baso_Ram_Abhiram_Puran_Ho_Sab_Kaam_950c9b6a-53e6-43e2-9339-82ba49ade152.tonicFine,.tonicfine,25
Hindustani,b143adaa-f1a6-4de4-8985-a5bd35e96279/Ajoy_Chakrabarty/Ragamala/Sur_Sur_Se_Sadh_Le_Rasika_Sabada_Salone_Laya_Tala_Surana_2e399218-6978-47ef-ad3f-c7eca6dad81b.taniSegKNN,Sur_Sur_Se_Sadh_Le_Rasika_Sabada_Salone_Laya_Tala_Surana_2e399218-6978-47ef-ad3f-c7eca6dad81b.taniSegKNN,.tanisegknn,0
Hindustani,b143adaa-f1a6-4de4-8985-a5bd35e96279/Ajoy_Chakrabarty/Ragamala/Sur_Sur_Se_Sadh_Le_Rasika_Sabada_Salone_Laya_Tala_Surana_2e399218-6978-47ef-ad3f-c7eca6dad81b.flatSegNyas,Sur_Sur_Se_Sadh_Le_Rasika_Sabada_Salone_Laya_Tala_Surana_2e399218-6978-47ef-ad3f-c7eca6dad81b.flatSegNyas,.flatsegnyas,12903
Hindustani,b143adaa-f1a6-4de4-8985-a5bd35e96279/Ajoy_Chakrabarty/Ragamala/Sur_Sur_Se_Sadh_Le_Rasika_Sabada_Salone_Laya_Tala_Surana_2e399218-6978-47ef-ad3f-c7eca6dad81b.pitch,Sur_Sur_Se_Sadh_Le_Rasika_Sabada_Salone_Laya_Tala_Surana_2e399218-6978-47ef-ad3f-c7eca6dad81b.pitch,.pitch,5320474
Hindustani,b143adaa-f1a6-4de4-8985-a5bd35e96279/Ajoy_Chakrabarty/Ragamala/Mere_Maname_Baso_Ram_Abhiram_Puran_Ho_Sab_Kaam_950c9b6a-53e6-43e2-9339-82ba49ade152.pitch,Mere_Maname_Baso_Ram_Abhiram_Puran_Ho_Sab_Kaam_950c9b6a-53e6-43e2-9339-82ba49ade152.pitch,.pitch,9239521
Hindustani,b143adaa-f1a6-4de4-8985-a5bd35e96279/Ajoy_Chakrabarty/Ragamala/Mere_Maname_Baso_Ram_Abhiram_Puran_Ho_Sab_Kaam_950c9b6a-53e6-43e2-9339-82ba49ade152.pitchSilIntrpPP,Mere_Maname_Baso_Ram_Abhiram_Puran_Ho_Sab_Kaam_950c9b6a-53e6-43e2-9339-82ba49ade152.pitchSilIntrpPP,.pitchsilintrppp,19516200
Hindustani,b143adaa-f1a6-4de4-8985-a5bd35e96279/Ajoy_Chakrabarty/Ragamala/Sur_Sur_Se_Sadh_Le_Rasika_Sabada_Salone_Laya_Tala_Surana_2e399218-6978-47ef-ad3f-c7eca6dad81b.tonic,Sur_Sur_Se_Sadh_Le_Rasika_Sabada_Salone_Laya_Tala_Surana_2e399218-6978-47ef-ad3f-c7eca6dad81b.tonic,.tonic,11
Hindustani,b143adaa-f1a6-4de4-8985-a5bd35e96279/Ajoy_Chakrabarty/Ragamala/Mere_Maname_Baso_Ram_Abhiram_Puran_Ho_Sab_Kaam_950c9b6a-53e6-43e2-9339-82ba49ade152.flatSegNyas,Mere_Maname_Baso_Ram_Abhiram_Puran_Ho_Sab_Kaam_950c9b6a-53e6-43e2-9339-82ba49ade152.flatSegNyas,.flatsegnyas,21984
Hindustani,b143adaa-f1a6-4de4-8985-a5bd35e96279/Ajoy_Chakrabarty/Geetinandan___Part-3/Bairagi_b71c2774-2532-4692-8761-5452e2a83118.flatSegNyas,Bairagi_b71c2774-2532-4692-8761-5452e2a83118.flatSegNyas,.flatsegnyas,12524
Hindustani,b143adaa-f1a6-4de4-8985-a5bd35e96279/Ajoy_Chakrabarty/Geetinandan___Part-3/Bairagi_b71c2774-2532-4692-8761-5452e2a83118.pitch,Bairagi_b71c2774-2532-4692-8761-5452e2a83118.pitch,.pitch,4734657
Hindustani,b143adaa-f1a6-4de4-8985-a5bd35e96279/Ajoy_Chakrabarty/Geetinandan___Part-3/Bairagi_b71c2774-2532-4692-8761-5452e2a83118.pitchSilIntrpPP,Bairagi_b71c2774-2532-4692-8761-5452e2a83118.pitchSilIntrpPP,.pitchsilintrppp,10110050
Hindustani,b143adaa-f1a6-4de4-8985-a5bd35e96279/Ajoy_Chakrabarty/Geetinandan___Part-3/Bairagi_b71c2774-2532-4692-8761-5452e2a83118.tonicFine,Bairagi_b71c2774-2532-4692-8761-5452e2a83118.tonicFine,.tonicfine,25
Hindustani,b143adaa-f1a6-4de4-8985-a5bd35e96279/Ajoy_Chakrabarty/Geetinandan___Part-3/Bairagi_b71c2774-2532-4692-8761-5452e2a83118.taniSegKNN,Bairagi_b71c2774-2532-4692-8761-5452e2a83118.taniSegKNN,.tanisegknn,0
Hindustani,b143adaa-f1a6-4de4-8985-a5bd35e96279/Ajoy_Chakrabarty/Geetinandan___Part-3/Bairagi_b71c2774-2532-4692-8761-5452e2a83118.tonic,Bairagi_b71c2774-2532-4692-8761-5452e2a83118.tonic,.tonic,11
Hindustani,b143adaa-f1a6-4de4-8985-a5bd35e96279/Kumar_Mardur/Classical_Essence/Raga_Bairagi_ef986f34-db14-4d1e-8dea-a623286b35fc.tonic,Raga_Bairagi_ef986f34-db14-4d1e-8dea-a623286b35fc.tonic,.tonic,11
Hindustani,b143adaa-f1a6-4de4-8985-a5bd35e96279/Kumar_Mardur/Classical_Essence/Raga_Bairagi_ef986f34-db14-4d1e-8dea-a623286b35fc.taniSegKNN,Raga_Bairagi_ef986f34-db14-4d1e-8dea-a623286b35fc.taniSegKNN,.tanisegknn,0
Hindustani,b143adaa-f1a6-4de4-8985-a5bd35e96279/Kumar_Mardur/Classical_Essence/Raga_Bairagi_ef986f34-db14-4d1e-8dea-a623286b35fc.pitchSilIntrpPP,Raga_Bairagi_ef986f34-db14-4d1e-8dea-a623286b35fc.pitchSilIntrpPP,.pitchsilintrppp,1842400
Hindustani,b143adaa-f1a6-4de4-8985-a5bd35e96279/Kumar_Mardur/Classical_Essence/Raga_Bairagi_ef986f34-db14-4d1e-8dea-a623286b35fc.tonicFine,Raga_Bairagi_ef986f34-db14-4d1e-8dea-a623286b35fc.tonicFine,.tonicfine,25
Hindustani,b143adaa-f1a6-4de4-8985-a5bd35e96279/Kumar_Mardur/Classical_Essence/Raga_Bairagi_ef986f34-db14-4d1e-8dea-a623286b35fc.flatSegNyas,Raga_Bairagi_ef986f34-db14-4d1e-8dea-a623286b35fc.flatSegNyas,.flatsegnyas,1334
Hindustani,b143adaa-f1a6-4de4-8985-a5bd35e96279/Kumar_Mardur/Classical_Essence/Raga_Bairagi_ef986f34-db14-4d1e-8dea-a623286b35fc.pitch,Raga_Bairagi_ef986f34-db14-4d1e-8dea-a623286b35fc.pitch,.pitch,840790
Hindustani,b143adaa-f1a6-4de4-8985-a5bd35e96279/Aslam_Hussain_Khan/The_Ultimate/Karat_Hun_Tero_Hi_Dhyan_9f4a4fc5-d5c0-4757-b875-9dbb2a83302f.pitch,Karat_Hun_Tero_Hi_Dhyan_9f4a4fc5-d5c0-4757-b875-9dbb2a83302f.pitch,.pitch,1673615
Hindustani,b143adaa-f1a6-4de4-8985-a5bd35e96279/Aslam_Hussain_Khan/The_Ultimate/Bina_Prabhu_Kaun_4b587d3f-4014-4d68-a958-17d51fe2c1c1.pitchSilIntrpPP,Bina_Prabhu_Kaun_4b587d3f-4014-4d68-a958-17d51fe2c1c1.pitchSilIntrpPP,.pitchsilintrppp,14969400
Hindustani,b143adaa-f1a6-4de4-8985-a5bd35e96279/Aslam_Hussain_Khan/The_Ultimate/Bina_Prabhu_Kaun_4b587d3f-4014-4d68-a958-17d51fe2c1c1.flatSegNyas,Bina_Prabhu_Kaun_4b587d3f-4014-4d68-a958-17d51fe2c1c1.flatSegNyas,.flatsegnyas,17953
Hindustani,b143adaa-f1a6-4de4-8985-a5bd35e96279/Aslam_Hussain_Khan/The_Ultimate/Bina_Prabhu_Kaun_4b587d3f-4014-4d68-a958-17d51fe2c1c1.tonic,Bina_Prabhu_Kaun_4b587d3f-4014-4d68-a958-17d51fe2c1c1.tonic,.tonic,11
Hindustani,b143adaa-f1a6-4de4-8985-a5bd35e96279/Aslam_Hussain_Khan/The_Ultimate/Karat_Hun_Tero_Hi_Dhyan_9f4a4fc5-d5c0-4757-b875-9dbb2a83302f.tonicFine,Karat_Hun_Tero_Hi_Dhyan_9f4a4fc5-d5c0-4757-b875-9dbb2a83302f.tonicFine,.tonicfine,25
Hindustani,b143adaa-f1a6-4de4-8985-a5bd35e96279/Aslam_Hussain_Khan/The_Ultimate/Bina_Prabhu_Kaun_4b587d3f-4014-4d68-a958-17d51fe2c1c1.taniSegKNN,Bina_Prabhu_Kaun_4b587d3f-4014-4d68-a958-17d51fe2c1c1.taniSegKNN,.tanisegknn,0
Hindustani,b143adaa-f1a6-4de4-8985-a5bd35e96279/Aslam_Hussain_Khan/The_Ultimate/Bina_Prabhu_Kaun_4b587d3f-4014-4d68-a958-17d51fe2c1c1.pitch,Bina_Prabhu_Kaun_4b587d3f-4014-4d68-a958-17d51fe2c1c1.pitch,.pitch,7049623
Hindustani,b143adaa-f1a6-4de4-8985-a5bd35e96279/Aslam_Hussain_Khan/The_Ultimate/Karat_Hun_Tero_Hi_Dhyan_9f4a4fc5-d5c0-4757-b875-9dbb2a83302f.taniSegKNN,Karat_Hun_Tero_Hi_Dhyan_9f4a4fc5-d5c0-4757-b875-9dbb2a83302f.taniSegKNN,.tanisegknn,0
Hindustani,b143adaa-f1a6-4de4-8985-a5bd35e96279/Aslam_Hussain_Khan/The_Ultimate/Bina_Prabhu_Kaun_4b587d3f-4014-4d68-a958-17d51fe2c1c1.tonicFine,Bina_Prabhu_Kaun_4b587d3f-4014-4d68-a958-17d51fe2c1c1.tonicFine,.tonicfine,25
Hindustani,b143adaa-f1a6-4de4-8985-a5bd35e96279/Aslam_Hussain_Khan/The_Ultimate/Karat_Hun_Tero_Hi_Dhyan_9f4a4fc5-d5c0-4757-b875-9dbb2a83302f.pitchSilIntrpPP,Karat_Hun_Tero_Hi_Dhyan_9f4a4fc5-d5c0-4757-b875-9dbb2a83302f.pitchSilIntrpPP,.pitchsilintrppp,3621050
Hindustani,b143adaa-f1a6-4de4-8985-a5bd35e96279/Aslam_Hussain_Khan/The_Ultimate/Karat_Hun_Tero_Hi_Dhyan_9f4a4fc5-d5c0-4757-b875-9dbb2a83302f.flatSegNyas,Karat_Hun_Tero_Hi_Dhyan_9f4a4fc5-d5c0-4757-b875-9dbb2a83302f.flatSegNyas,.flatsegnyas,4244
Hindustani,b143adaa-f1a6-4de4-8985-a5bd35e96279/Aslam_Hussain_Khan/The_Ultimate/Karat_Hun_Tero_Hi_Dhyan_9f4a4fc5-d5c0-4757-b875-9dbb2a83302f.tonic,Karat_Hun_Tero_Hi_Dhyan_9f4a4fc5-d5c0-4757-b875-9dbb2a83302f.tonic,.tonic,11
Hindustani,b143adaa-f1a6-4de4-8985-a5bd35e96279/Amir_Khan/The_Great_Heritage__Ustad_Amir_Khan/Raga_Bairagi_Man_Sumarat_Nis_Din_Tumharo_Naam_205d79c6-ad14-4193-be7c-3f32457eda60.tonicFine,Raga_Bairagi_Man_Sumarat_Nis_Din_Tumharo_Naam_205d79c6-ad14-4193-be7c-3f32457eda60.tonicFine,.tonicfine,25
Hindustani,b143adaa-f1a6-4de4-8985-a5bd35e96279/Amir_Khan/The_Great_Heritage__Ustad_Amir_Khan/Raga_Bairagi_Man_Sumarat_Nis_Din_Tumharo_Naam_205d79c6-ad14-4193-be7c-3f32457eda60.flatSegNyas,Raga_Bairagi_Man_Sumarat_Nis_Din_Tumharo_Naam_205d79c6-ad14-4193-be7c-3f32457eda60.flatSegNyas,.flatsegnyas,8739
Hindustani,b143adaa-f1a6-4de4-8985-a5bd35e96279/Amir_Khan/The_Great_Heritage__Ustad_Amir_Khan/Raga_Bairagi_Man_Sumarat_Nis_Din_Tumharo_Naam_205d79c6-ad14-4193-be7c-3f32457eda60.pitchSilIntrpPP,Raga_Bairagi_Man_Sumarat_Nis_Din_Tumharo_Naam_205d79c6-ad14-4193-be7c-3f32457eda60.pitchSilIntrpPP,.pitchsilintrppp,7263250
Hindustani,b143adaa-f1a6-4de4-8985-a5bd35e96279/Amir_Khan/The_Great_Heritage__Ustad_Amir_Khan/Raga_Bairagi_Man_Sumarat_Nis_Din_Tumharo_Naam_205d79c6-ad14-4193-be7c-3f32457eda60.pitch,Raga_Bairagi_Man_Sumarat_Nis_Din_Tumharo_Naam_205d79c6-ad14-4193-be7c-3f32457eda60.pitch,.pitch,3367798
Hindustani,b143adaa-f1a6-4de4-8985-a5bd35e96279/Amir_Khan/The_Great_Heritage__Ustad_Amir_Khan/Raga_Bairagi_Man_Sumarat_Nis_Din_Tumharo_Naam_205d79c6-ad14-4193-be7c-3f32457eda60.taniSegKNN,Raga_Bairagi_Man_Sumarat_Nis_Din_Tumharo_Naam_205d79c6-ad14-4193-be7c-3f32457eda60.taniSegKNN,.tanisegknn,0
Hindustani,b143adaa-f1a6-4de4-8985-a5bd35e96279/Amir_Khan/The_Great_Heritage__Ustad_Amir_Khan/Raga_Bairagi_Man_Sumarat_Nis_Din_Tumharo_Naam_205d79c6-ad14-4193-be7c-3f32457eda60.tonic,Raga_Bairagi_Man_Sumarat_Nis_Din_Tumharo_Naam_205d79c6-ad14-4193-be7c-3f32457eda60.tonic,.tonic,11
Hindustani,b143adaa-f1a6-4de4-8985-a5bd35e96279/Veena_Sahasrabuddhe/Immaculate_Ragas_Vol_2/Raga_Bairagi_d56b4f36-3101-4962-867b-40ee9906dd5a.pitch,Raga_Bairagi_d56b4f36-3101-4962-867b-40ee9906dd5a.pitch,.pitch,10113209
Hindustani,b143adaa-f1a6-4de4-8985-a5bd35e96279/Veena_Sahasrabuddhe/Immaculate_Ragas_Vol_2/Raga_Bairagi_d56b4f36-3101-4962-867b-40ee9906dd5a.tonic,Raga_Bairagi_d56b4f36-3101-4962-867b-40ee9906dd5a.tonic,.tonic,11
Hindustani,b143adaa-f1a6-4de4-8985-a5bd35e96279/Veena_Sahasrabuddhe/Immaculate_Ragas_Vol_2/Raga_Bairagi_d56b4f36-3101-4962-867b-40ee9906dd5a.flatSegNyas,Raga_Bairagi_d56b4f36-3101-4962-867b-40ee9906dd5a.flatSegNyas,.flatsegnyas,27422
Hindustani,b143adaa-f1a6-4de4-8985-a5bd35e96279/Veena_Sahasrabuddhe/Immaculate_Ragas_Vol_2/Raga_Bairagi_d56b4f36-3101-4962-867b-40ee9906dd5a.taniSegKNN,Raga_Bairagi_d56b4f36-3101-4962-867b-40ee9906dd5a.taniSegKNN,.tanisegknn,0
Hindustani,b143adaa-f1a6-4de4-8985-a5bd35e96279/Veena_Sahasrabuddhe/Immaculate_Ragas_Vol_2/Raga_Bairagi_d56b4f36-3101-4962-867b-40ee9906dd5a.pitchSilIntrpPP,Raga_Bairagi_d56b4f36-3101-4962-867b-40ee9906dd5a.pitchSilIntrpPP,.pitchsilintrppp,21115750
Hindustani,b143adaa-f1a6-4de4-8985-a5bd35e96279/Veena_Sahasrabuddhe/Immaculate_Ragas_Vol_2/Raga_Bairagi_d56b4f36-3101-4962-867b-40ee9906dd5a.tonicFine,Raga_Bairagi_d56b4f36-3101-4962-867b-40ee9906dd5a.tonicFine,.tonicfine,25
Hindustani,"ba3242d0-8d40-4d93-865e-d2e2497ea2a8/Omkar_Dadarkar/Raag_Bahar,_Gaud_Malhar___Yaman/Raag_Gaud_Malhar_73b74f57-4ba1-4f22-a969-1d9b2e26b5ea.flatSegNyas",Raag_Gaud_Malhar_73b74f57-4ba1-4f22-a969-1d9b2e26b5ea.flatSegNyas,.flatsegnyas,26251
Hindustani,"ba3242d0-8d40-4d93-865e-d2e2497ea2a8/Omkar_Dadarkar/Raag_Bahar,_Gaud_Malhar___Yaman/Raag_Gaud_Malhar_73b74f57-4ba1-4f22-a969-1d9b2e26b5ea.taniSegKNN",Raag_Gaud_Malhar_73b74f57-4ba1-4f22-a969-1d9b2e26b5ea.taniSegKNN,.tanisegknn,0
Hindustani,"ba3242d0-8d40-4d93-865e-d2e2497ea2a8/Omkar_Dadarkar/Raag_Bahar,_Gaud_Malhar___Yaman/Raag_Gaud_Malhar_73b74f57-4ba1-4f22-a969-1d9b2e26b5ea.pitchSilIntrpPP",Raag_Gaud_Malhar_73b74f57-4ba1-4f22-a969-1d9b2e26b5ea.pitchSilIntrpPP,.pitchsilintrppp,17494900
Hindustani,"ba3242d0-8d40-4d93-865e-d2e2497ea2a8/Omkar_Dadarkar/Raag_Bahar,_Gaud_Malhar___Yaman/Raag_Gaud_Malhar_73b74f57-4ba1-4f22-a969-1d9b2e26b5ea.pitch",Raag_Gaud_Malhar_73b74f57-4ba1-4f22-a969-1d9b2e26b5ea.pitch,.pitch,8316362
Hindustani,"ba3242d0-8d40-4d93-865e-d2e2497ea2a8/Omkar_Dadarkar/Raag_Bahar,_Gaud_Malhar___Yaman/Raag_Gaud_Malhar_73b74f57-4ba1-4f22-a969-1d9b2e26b5ea.tonic",Raag_Gaud_Malhar_73b74f57-4ba1-4f22-a969-1d9b2e26b5ea.tonic,.tonic,11
Hindustani,"ba3242d0-8d40-4d93-865e-d2e2497ea2a8/Omkar_Dadarkar/Raag_Bahar,_Gaud_Malhar___Yaman/Raag_Gaud_Malhar_73b74f57-4ba1-4f22-a969-1d9b2e26b5ea.tonicFine",Raag_Gaud_Malhar_73b74f57-4ba1-4f22-a969-1d9b2e26b5ea.tonicFine,.tonicfine,25
Hindustani,ba3242d0-8d40-4d93-865e-d2e2497ea2a8/Kishori_Amonkar/Malhar_Malika/Raga_Gaud_Malhar_5e9d1ce8-9dcf-4c3c-a58a-7bc8734791d0.tonicFine,Raga_Gaud_Malhar_5e9d1ce8-9dcf-4c3c-a58a-7bc8734791d0.tonicFine,.tonicfine,25
Hindustani,ba3242d0-8d40-4d93-865e-d2e2497ea2a8/Kishori_Amonkar/Malhar_Malika/Raga_Gaud_Malhar_5e9d1ce8-9dcf-4c3c-a58a-7bc8734791d0.pitch,Raga_Gaud_Malhar_5e9d1ce8-9dcf-4c3c-a58a-7bc8734791d0.pitch,.pitch,14613089
Hindustani,ba3242d0-8d40-4d93-865e-d2e2497ea2a8/Kishori_Amonkar/Malhar_Malika/Raga_Gaud_Malhar_5e9d1ce8-9dcf-4c3c-a58a-7bc8734791d0.flatSegNyas,Raga_Gaud_Malhar_5e9d1ce8-9dcf-4c3c-a58a-7bc8734791d0.flatSegNyas,.flatsegnyas,46430
Hindustani,ba3242d0-8d40-4d93-865e-d2e2497ea2a8/Kishori_Amonkar/Malhar_Malika/Raga_Gaud_Malhar_5e9d1ce8-9dcf-4c3c-a58a-7bc8734791d0.pitchSilIntrpPP,Raga_Gaud_Malhar_5e9d1ce8-9dcf-4c3c-a58a-7bc8734791d0.pitchSilIntrpPP,.pitchsilintrppp,30446950
Hindustani,ba3242d0-8d40-4d93-865e-d2e2497ea2a8/Kishori_Amonkar/Malhar_Malika/Raga_Gaud_Malhar_5e9d1ce8-9dcf-4c3c-a58a-7bc8734791d0.tonic,Raga_Gaud_Malhar_5e9d1ce8-9dcf-4c3c-a58a-7bc8734791d0.tonic,.tonic,11
Hindustani,ba3242d0-8d40-4d93-865e-d2e2497ea2a8/Kishori_Amonkar/Malhar_Malika/Raga_Gaud_Malhar_5e9d1ce8-9dcf-4c3c-a58a-7bc8734791d0.taniSegKNN,Raga_Gaud_Malhar_5e9d1ce8-9dcf-4c3c-a58a-7bc8734791d0.taniSegKNN,.tanisegknn,0
Hindustani,ba3242d0-8d40-4d93-865e-d2e2497ea2a8/Kishori_Amonkar/The_Malhars__Gaud_Malhar/Raga_Gaud_Malhar_Vilambit_Teental_50a45482-2a3e-44a8-beea-1320f529fa00.tonicFine,Raga_Gaud_Malhar_Vilambit_Teental_50a45482-2a3e-44a8-beea-1320f529fa00.tonicFine,.tonicfine,25
Hindustani,ba3242d0-8d40-4d93-865e-d2e2497ea2a8/Kishori_Amonkar/The_Malhars__Gaud_Malhar/Raga_Gaud_Malhar_Vilambit_Teental_0efd0dde-018c-4c30-972b-9dc14c6f09b5.pitchSilIntrpPP,Raga_Gaud_Malhar_Vilambit_Teental_0efd0dde-018c-4c30-972b-9dc14c6f09b5.pitchSilIntrpPP,.pitchsilintrppp,9007800
Hindustani,ba3242d0-8d40-4d93-865e-d2e2497ea2a8/Kishori_Amonkar/The_Malhars__Gaud_Malhar/Raga_Gaud_Malhar_Vilambit_Teental_50a45482-2a3e-44a8-beea-1320f529fa00.pitchSilIntrpPP,Raga_Gaud_Malhar_Vilambit_Teental_50a45482-2a3e-44a8-beea-1320f529fa00.pitchSilIntrpPP,.pitchsilintrppp,15368100
Hindustani,ba3242d0-8d40-4d93-865e-d2e2497ea2a8/Kishori_Amonkar/The_Malhars__Gaud_Malhar/Raga_Gaud_Malhar_Vilambit_Teental_0efd0dde-018c-4c30-972b-9dc14c6f09b5.tonicFine,Raga_Gaud_Malhar_Vilambit_Teental_0efd0dde-018c-4c30-972b-9dc14c6f09b5.tonicFine,.tonicfine,25
Hindustani,ba3242d0-8d40-4d93-865e-d2e2497ea2a8/Kishori_Amonkar/The_Malhars__Gaud_Malhar/Raga_Gaud_Malhar_Vilambit_Teental_0efd0dde-018c-4c30-972b-9dc14c6f09b5.flatSegNyas,Raga_Gaud_Malhar_Vilambit_Teental_0efd0dde-018c-4c30-972b-9dc14c6f09b5.flatSegNyas,.flatsegnyas,10837
Hindustani,ba3242d0-8d40-4d93-865e-d2e2497ea2a8/Kishori_Amonkar/The_Malhars__Gaud_Malhar/Raga_Gaud_Malhar_Drut_Teental_28dd1d68-ee23-47f4-8776-33cc18adc44a.pitch,Raga_Gaud_Malhar_Drut_Teental_28dd1d68-ee23-47f4-8776-33cc18adc44a.pitch,.pitch,2788323
Hindustani,ba3242d0-8d40-4d93-865e-d2e2497ea2a8/Kishori_Amonkar/The_Malhars__Gaud_Malhar/Raga_Gaud_Malhar_Vilambit_Teental_0efd0dde-018c-4c30-972b-9dc14c6f09b5.pitch,Raga_Gaud_Malhar_Vilambit_Teental_0efd0dde-018c-4c30-972b-9dc14c6f09b5.pitch,.pitch,4182882
Hindustani,ba3242d0-8d40-4d93-865e-d2e2497ea2a8/Kishori_Amonkar/The_Malhars__Gaud_Malhar/Raga_Gaud_Malhar_Vilambit_Teental_0efd0dde-018c-4c30-972b-9dc14c6f09b5.taniSegKNN,Raga_Gaud_Malhar_Vilambit_Teental_0efd0dde-018c-4c30-972b-9dc14c6f09b5.taniSegKNN,.tanisegknn,0
Hindustani,ba3242d0-8d40-4d93-865e-d2e2497ea2a8/Kishori_Amonkar/The_Malhars__Gaud_Malhar/Raga_Gaud_Malhar_Vilambit_Teental_50a45482-2a3e-44a8-beea-1320f529fa00.tonic,Raga_Gaud_Malhar_Vilambit_Teental_50a45482-2a3e-44a8-beea-1320f529fa00.tonic,.tonic,11
Hindustani,ba3242d0-8d40-4d93-865e-d2e2497ea2a8/Kishori_Amonkar/The_Malhars__Gaud_Malhar/Raga_Gaud_Malhar_Drut_Teental_28dd1d68-ee23-47f4-8776-33cc18adc44a.tonic,Raga_Gaud_Malhar_Drut_Teental_28dd1d68-ee23-47f4-8776-33cc18adc44a.tonic,.tonic,11
Hindustani,ba3242d0-8d40-4d93-865e-d2e2497ea2a8/Kishori_Amonkar/The_Malhars__Gaud_Malhar/Raga_Gaud_Malhar_Vilambit_Teental_0efd0dde-018c-4c30-972b-9dc14c6f09b5.tonic,Raga_Gaud_Malhar_Vilambit_Teental_0efd0dde-018c-4c30-972b-9dc14c6f09b5.tonic,.tonic,11
Hindustani,ba3242d0-8d40-4d93-865e-d2e2497ea2a8/Kishori_Amonkar/The_Malhars__Gaud_Malhar/Raga_Gaud_Malhar_Vilambit_Teental_50a45482-2a3e-44a8-beea-1320f529fa00.taniSegKNN,Raga_Gaud_Malhar_Vilambit_Teental_50a45482-2a3e-44a8-beea-1320f529fa00.taniSegKNN,.tanisegknn,0
Hindustani,ba3242d0-8d40-4d93-865e-d2e2497ea2a8/Kishori_Amonkar/The_Malhars__Gaud_Malhar/Raga_Gaud_Malhar_Drut_Teental_28dd1d68-ee23-47f4-8776-33cc18adc44a.pitchSilIntrpPP,Raga_Gaud_Malhar_Drut_Teental_28dd1d68-ee23-47f4-8776-33cc18adc44a.pitchSilIntrpPP,.pitchsilintrppp,6014950
Hindustani,ba3242d0-8d40-4d93-865e-d2e2497ea2a8/Kishori_Amonkar/The_Malhars__Gaud_Malhar/Raga_Gaud_Malhar_Drut_Teental_28dd1d68-ee23-47f4-8776-33cc18adc44a.tonicFine,Raga_Gaud_Malhar_Drut_Teental_28dd1d68-ee23-47f4-8776-33cc18adc44a.tonicFine,.tonicfine,25
Hindustani,ba3242d0-8d40-4d93-865e-d2e2497ea2a8/Kishori_Amonkar/The_Malhars__Gaud_Malhar/Raga_Gaud_Malhar_Drut_Teental_28dd1d68-ee23-47f4-8776-33cc18adc44a.taniSegKNN,Raga_Gaud_Malhar_Drut_Teental_28dd1d68-ee23-47f4-8776-33cc18adc44a.taniSegKNN,.tanisegknn,0
Hindustani,ba3242d0-8d40-4d93-865e-d2e2497ea2a8/Kishori_Amonkar/The_Malhars__Gaud_Malhar/Raga_Gaud_Malhar_Vilambit_Teental_50a45482-2a3e-44a8-beea-1320f529fa00.flatSegNyas,Raga_Gaud_Malhar_Vilambit_Teental_50a45482-2a3e-44a8-beea-1320f529fa00.flatSegNyas,.flatsegnyas,25044
Hindustani,ba3242d0-8d40-4d93-865e-d2e2497ea2a8/Kishori_Amonkar/The_Malhars__Gaud_Malhar/Raga_Gaud_Malhar_Drut_Teental_28dd1d68-ee23-47f4-8776-33cc18adc44a.flatSegNyas,Raga_Gaud_Malhar_Drut_Teental_28dd1d68-ee23-47f4-8776-33cc18adc44a.flatSegNyas,.flatsegnyas,7449
Hindustani,ba3242d0-8d40-4d93-865e-d2e2497ea2a8/Kishori_Amonkar/The_Malhars__Gaud_Malhar/Raga_Gaud_Malhar_Vilambit_Teental_50a45482-2a3e-44a8-beea-1320f529fa00.pitch,Raga_Gaud_Malhar_Vilambit_Teental_50a45482-2a3e-44a8-beea-1320f529fa00.pitch,.pitch,7260844
Hindustani,ba3242d0-8d40-4d93-865e-d2e2497ea2a8/Rajan_Mishra/Classical_Wonders_of_India/Raga_Gaud_Malhar_acf065cc-7a66-4f9d-9eb9-3a86b35fa447.pitch,Raga_Gaud_Malhar_acf065cc-7a66-4f9d-9eb9-3a86b35fa447.pitch,.pitch,19729815
Hindustani,ba3242d0-8d40-4d93-865e-d2e2497ea2a8/Rajan_Mishra/Classical_Wonders_of_India/Raga_Gaud_Malhar_acf065cc-7a66-4f9d-9eb9-3a86b35fa447.tonic,Raga_Gaud_Malhar_acf065cc-7a66-4f9d-9eb9-3a86b35fa447.tonic,.tonic,11
Hindustani,ba3242d0-8d40-4d93-865e-d2e2497ea2a8/Rajan_Mishra/Classical_Wonders_of_India/Raga_Gaud_Malhar_acf065cc-7a66-4f9d-9eb9-3a86b35fa447.taniSegKNN,Raga_Gaud_Malhar_acf065cc-7a66-4f9d-9eb9-3a86b35fa447.taniSegKNN,.tanisegknn,0
Hindustani,ba3242d0-8d40-4d93-865e-d2e2497ea2a8/Rajan_Mishra/Classical_Wonders_of_India/Raga_Gaud_Malhar_acf065cc-7a66-4f9d-9eb9-3a86b35fa447.flatSegNyas,Raga_Gaud_Malhar_acf065cc-7a66-4f9d-9eb9-3a86b35fa447.flatSegNyas,.flatsegnyas,55404
Hindustani,ba3242d0-8d40-4d93-865e-d2e2497ea2a8/Rajan_Mishra/Classical_Wonders_of_India/Raga_Gaud_Malhar_acf065cc-7a66-4f9d-9eb9-3a86b35fa447.tonicFine,Raga_Gaud_Malhar_acf065cc-7a66-4f9d-9eb9-3a86b35fa447.tonicFine,.tonicfine,25
Hindustani,ba3242d0-8d40-4d93-865e-d2e2497ea2a8/Rajan_Mishra/Classical_Wonders_of_India/Raga_Gaud_Malhar_acf065cc-7a66-4f9d-9eb9-3a86b35fa447.pitchSilIntrpPP,Raga_Gaud_Malhar_acf065cc-7a66-4f9d-9eb9-3a86b35fa447.pitchSilIntrpPP,.pitchsilintrppp,40783800
Hindustani,ba3242d0-8d40-4d93-865e-d2e2497ea2a8/Gauri_Pathare/Malhar/Raga_Gaud_Malhar_56c945ef-f5ed-4b03-ace1-80ed9b7acf25.pitch,Raga_Gaud_Malhar_56c945ef-f5ed-4b03-ace1-80ed9b7acf25.pitch,.pitch,8795619
Hindustani,ba3242d0-8d40-4d93-865e-d2e2497ea2a8/Gauri_Pathare/Malhar/Raga_Gaud_Malhar_56c945ef-f5ed-4b03-ace1-80ed9b7acf25.tonicFine,Raga_Gaud_Malhar_56c945ef-f5ed-4b03-ace1-80ed9b7acf25.tonicFine,.tonicfine,25
Hindustani,ba3242d0-8d40-4d93-865e-d2e2497ea2a8/Gauri_Pathare/Malhar/Raga_Gaud_Malhar_56c945ef-f5ed-4b03-ace1-80ed9b7acf25.taniSegKNN,Raga_Gaud_Malhar_56c945ef-f5ed-4b03-ace1-80ed9b7acf25.taniSegKNN,.tanisegknn,0
Hindustani,ba3242d0-8d40-4d93-865e-d2e2497ea2a8/Gauri_Pathare/Malhar/Raga_Gaud_Malhar_56c945ef-f5ed-4b03-ace1-80ed9b7acf25.flatSegNyas,Raga_Gaud_Malhar_56c945ef-f5ed-4b03-ace1-80ed9b7acf25.flatSegNyas,.flatsegnyas,25554
Hindustani,ba3242d0-8d40-4d93-865e-d2e2497ea2a8/Gauri_Pathare/Malhar/Raga_Gaud_Malhar_56c945ef-f5ed-4b03-ace1-80ed9b7acf25.pitchSilIntrpPP,Raga_Gaud_Malhar_56c945ef-f5ed-4b03-ace1-80ed9b7acf25.pitchSilIntrpPP,.pitchsilintrppp,18454400
Hindustani,ba3242d0-8d40-4d93-865e-d2e2497ea2a8/Gauri_Pathare/Malhar/Raga_Gaud_Malhar_56c945ef-f5ed-4b03-ace1-80ed9b7acf25.tonic,Raga_Gaud_Malhar_56c945ef-f5ed-4b03-ace1-80ed9b7acf25.tonic,.tonic,11
Hindustani,ba3242d0-8d40-4d93-865e-d2e2497ea2a8/Mallikarjun_Mansur/First_Time_on_CD/Raga__Gaud_Malhar_2f76f164-f02c-4b22-8bc0-4fe5500039b1.tonicFine,Raga__Gaud_Malhar_2f76f164-f02c-4b22-8bc0-4fe5500039b1.tonicFine,.tonicfine,25
Hindustani,ba3242d0-8d40-4d93-865e-d2e2497ea2a8/Mallikarjun_Mansur/First_Time_on_CD/Raga__Gaud_Malhar_2f76f164-f02c-4b22-8bc0-4fe5500039b1.pitchSilIntrpPP,Raga__Gaud_Malhar_2f76f164-f02c-4b22-8bc0-4fe5500039b1.pitchSilIntrpPP,.pitchsilintrppp,12205200
Hindustani,ba3242d0-8d40-4d93-865e-d2e2497ea2a8/Mallikarjun_Mansur/First_Time_on_CD/Raga__Gaud_Malhar_2f76f164-f02c-4b22-8bc0-4fe5500039b1.pitch,Raga__Gaud_Malhar_2f76f164-f02c-4b22-8bc0-4fe5500039b1.pitch,.pitch,5752925
Hindustani,ba3242d0-8d40-4d93-865e-d2e2497ea2a8/Mallikarjun_Mansur/First_Time_on_CD/Raga__Gaud_Malhar_2f76f164-f02c-4b22-8bc0-4fe5500039b1.taniSegKNN,Raga__Gaud_Malhar_2f76f164-f02c-4b22-8bc0-4fe5500039b1.taniSegKNN,.tanisegknn,0
Hindustani,ba3242d0-8d40-4d93-865e-d2e2497ea2a8/Mallikarjun_Mansur/First_Time_on_CD/Raga__Gaud_Malhar_2f76f164-f02c-4b22-8bc0-4fe5500039b1.tonic,Raga__Gaud_Malhar_2f76f164-f02c-4b22-8bc0-4fe5500039b1.tonic,.tonic,11
Hindustani,ba3242d0-8d40-4d93-865e-d2e2497ea2a8/Mallikarjun_Mansur/First_Time_on_CD/Raga__Gaud_Malhar_2f76f164-f02c-4b22-8bc0-4fe5500039b1.flatSegNyas,Raga__Gaud_Malhar_2f76f164-f02c-4b22-8bc0-4fe5500039b1.flatSegNyas,.flatsegnyas,18284
Hindustani,ba3242d0-8d40-4d93-865e-d2e2497ea2a8/Satyasheel_Deshpande/Kahen/Kisko_Aisi_Baat_Kahein_73f6dda2-50bf-416f-8b77-2de40d24b455.pitchSilIntrpPP,Kisko_Aisi_Baat_Kahein_73f6dda2-50bf-416f-8b77-2de40d24b455.pitchSilIntrpPP,.pitchsilintrppp,5753000
Hindustani,ba3242d0-8d40-4d93-865e-d2e2497ea2a8/Satyasheel_Deshpande/Kahen/Kisko_Aisi_Baat_Kahein_73f6dda2-50bf-416f-8b77-2de40d24b455.pitch,Kisko_Aisi_Baat_Kahein_73f6dda2-50bf-416f-8b77-2de40d24b455.pitch,.pitch,2689427
Hindustani,ba3242d0-8d40-4d93-865e-d2e2497ea2a8/Satyasheel_Deshpande/Kahen/Kisko_Aisi_Baat_Kahein_73f6dda2-50bf-416f-8b77-2de40d24b455.tonic,Kisko_Aisi_Baat_Kahein_73f6dda2-50bf-416f-8b77-2de40d24b455.tonic,.tonic,11
Hindustani,ba3242d0-8d40-4d93-865e-d2e2497ea2a8/Satyasheel_Deshpande/Kahen/Kisko_Aisi_Baat_Kahein_73f6dda2-50bf-416f-8b77-2de40d24b455.flatSegNyas,Kisko_Aisi_Baat_Kahein_73f6dda2-50bf-416f-8b77-2de40d24b455.flatSegNyas,.flatsegnyas,9458
Hindustani,ba3242d0-8d40-4d93-865e-d2e2497ea2a8/Satyasheel_Deshpande/Kahen/Kisko_Aisi_Baat_Kahein_73f6dda2-50bf-416f-8b77-2de40d24b455.tonicFine,Kisko_Aisi_Baat_Kahein_73f6dda2-50bf-416f-8b77-2de40d24b455.tonicFine,.tonicfine,25
Hindustani,ba3242d0-8d40-4d93-865e-d2e2497ea2a8/Satyasheel_Deshpande/Kahen/Kisko_Aisi_Baat_Kahein_73f6dda2-50bf-416f-8b77-2de40d24b455.taniSegKNN,Kisko_Aisi_Baat_Kahein_73f6dda2-50bf-416f-8b77-2de40d24b455.taniSegKNN,.tanisegknn,0
Hindustani,ba3242d0-8d40-4d93-865e-d2e2497ea2a8/Malini_Rajurkar/First_Time_On_CD/Kaahe_Ho_Hamso_Pritam_and_Garajat_Barasat_Bheejat_Aailo_27994cb8-23ae-4c32-959e-625b51727412.pitch,Kaahe_Ho_Hamso_Pritam_and_Garajat_Barasat_Bheejat_Aailo_27994cb8-23ae-4c32-959e-625b51727412.pitch,.pitch,9382878
Hindustani,ba3242d0-8d40-4d93-865e-d2e2497ea2a8/Malini_Rajurkar/First_Time_On_CD/Kaahe_Ho_Hamso_Pritam_and_Garajat_Barasat_Bheejat_Aailo_27994cb8-23ae-4c32-959e-625b51727412.taniSegKNN,Kaahe_Ho_Hamso_Pritam_and_Garajat_Barasat_Bheejat_Aailo_27994cb8-23ae-4c32-959e-625b51727412.taniSegKNN,.tanisegknn,0
Hindustani,ba3242d0-8d40-4d93-865e-d2e2497ea2a8/Malini_Rajurkar/First_Time_On_CD/Kaahe_Ho_Hamso_Pritam_and_Garajat_Barasat_Bheejat_Aailo_27994cb8-23ae-4c32-959e-625b51727412.tonic,Kaahe_Ho_Hamso_Pritam_and_Garajat_Barasat_Bheejat_Aailo_27994cb8-23ae-4c32-959e-625b51727412.tonic,.tonic,11
Hindustani,ba3242d0-8d40-4d93-865e-d2e2497ea2a8/Malini_Rajurkar/First_Time_On_CD/Kaahe_Ho_Hamso_Pritam_and_Garajat_Barasat_Bheejat_Aailo_27994cb8-23ae-4c32-959e-625b51727412.flatSegNyas,Kaahe_Ho_Hamso_Pritam_and_Garajat_Barasat_Bheejat_Aailo_27994cb8-23ae-4c32-959e-625b51727412.flatSegNyas,.flatsegnyas,24213
Hindustani,ba3242d0-8d40-4d93-865e-d2e2497ea2a8/Malini_Rajurkar/First_Time_On_CD/Kaahe_Ho_Hamso_Pritam_and_Garajat_Barasat_Bheejat_Aailo_27994cb8-23ae-4c32-959e-625b51727412.pitchSilIntrpPP,Kaahe_Ho_Hamso_Pritam_and_Garajat_Barasat_Bheejat_Aailo_27994cb8-23ae-4c32-959e-625b51727412.pitchSilIntrpPP,.pitchsilintrppp,19736600
Hindustani,ba3242d0-8d40-4d93-865e-d2e2497ea2a8/Malini_Rajurkar/First_Time_On_CD/Kaahe_Ho_Hamso_Pritam_and_Garajat_Barasat_Bheejat_Aailo_27994cb8-23ae-4c32-959e-625b51727412.tonicFine,Kaahe_Ho_Hamso_Pritam_and_Garajat_Barasat_Bheejat_Aailo_27994cb8-23ae-4c32-959e-625b51727412.tonicFine,.tonicfine,25
Hindustani,0b3bbf97-0ec3-41da-add4-722d87329ec3/Kaustuv_Kanti_Ganguli/Hindustani_Alaps/Raag_Madhukauns_89224046-f086-4530-b2a3-70f9ae697faf.pitchSilIntrpPP,Raag_Madhukauns_89224046-f086-4530-b2a3-70f9ae697faf.pitchSilIntrpPP,.pitchsilintrppp,6361050
Hindustani,0b3bbf97-0ec3-41da-add4-722d87329ec3/Kaustuv_Kanti_Ganguli/Hindustani_Alaps/Raag_Madhukauns_89224046-f086-4530-b2a3-70f9ae697faf.taniSegKNN,Raag_Madhukauns_89224046-f086-4530-b2a3-70f9ae697faf.taniSegKNN,.tanisegknn,0
Hindustani,0b3bbf97-0ec3-41da-add4-722d87329ec3/Kaustuv_Kanti_Ganguli/Hindustani_Alaps/Raag_Madhukauns_89224046-f086-4530-b2a3-70f9ae697faf.tonic,Raag_Madhukauns_89224046-f086-4530-b2a3-70f9ae697faf.tonic,.tonic,10
Hindustani,0b3bbf97-0ec3-41da-add4-722d87329ec3/Kaustuv_Kanti_Ganguli/Hindustani_Alaps/Raag_Madhukauns_89224046-f086-4530-b2a3-70f9ae697faf.tonicFine,Raag_Madhukauns_89224046-f086-4530-b2a3-70f9ae697faf.tonicFine,.tonicfine,25
Hindustani,0b3bbf97-0ec3-41da-add4-722d87329ec3/Kaustuv_Kanti_Ganguli/Hindustani_Alaps/Raag_Madhukauns_89224046-f086-4530-b2a3-70f9ae697faf.flatSegNyas,Raag_Madhukauns_89224046-f086-4530-b2a3-70f9ae697faf.flatSegNyas,.flatsegnyas,5680
Hindustani,0b3bbf97-0ec3-41da-add4-722d87329ec3/Kaustuv_Kanti_Ganguli/Hindustani_Alaps/Raag_Madhukauns_89224046-f086-4530-b2a3-70f9ae697faf.pitch,Raag_Madhukauns_89224046-f086-4530-b2a3-70f9ae697faf.pitch,.pitch,2979608
Hindustani,0b3bbf97-0ec3-41da-add4-722d87329ec3/Amir_Khan/The_Great_Heritage__Ustad_Amir_Khan/02_RAGA_-_MADHUKAUNS-_BAIRANBHAI_RAIN_57db6960-6038-4b48-b22f-a10d22752767.pitch,02_RAGA_-_MADHUKAUNS-_BAIRANBHAI_RAIN_57db6960-6038-4b48-b22f-a10d22752767.pitch,.pitch,5556742
Hindustani,0b3bbf97-0ec3-41da-add4-722d87329ec3/Amir_Khan/The_Great_Heritage__Ustad_Amir_Khan/02_RAGA_-_MADHUKAUNS-_BAIRANBHAI_RAIN_57db6960-6038-4b48-b22f-a10d22752767.flatSegNyas,02_RAGA_-_MADHUKAUNS-_BAIRANBHAI_RAIN_57db6960-6038-4b48-b22f-a10d22752767.flatSegNyas,.flatsegnyas,13066
Hindustani,0b3bbf97-0ec3-41da-add4-722d87329ec3/Amir_Khan/The_Great_Heritage__Ustad_Amir_Khan/02_RAGA_-_MADHUKAUNS-_BAIRANBHAI_RAIN_57db6960-6038-4b48-b22f-a10d22752767.tonicFine,02_RAGA_-_MADHUKAUNS-_BAIRANBHAI_RAIN_57db6960-6038-4b48-b22f-a10d22752767.tonicFine,.tonicfine,25
Hindustani,0b3bbf97-0ec3-41da-add4-722d87329ec3/Amir_Khan/The_Great_Heritage__Ustad_Amir_Khan/02_RAGA_-_MADHUKAUNS-_BAIRANBHAI_RAIN_57db6960-6038-4b48-b22f-a10d22752767.pitchSilIntrpPP,02_RAGA_-_MADHUKAUNS-_BAIRANBHAI_RAIN_57db6960-6038-4b48-b22f-a10d22752767.pitchSilIntrpPP,.pitchsilintrppp,11928950
Hindustani,0b3bbf97-0ec3-41da-add4-722d87329ec3/Amir_Khan/The_Great_Heritage__Ustad_Amir_Khan/02_RAGA_-_MADHUKAUNS-_BAIRANBHAI_RAIN_57db6960-6038-4b48-b22f-a10d22752767.tonic,02_RAGA_-_MADHUKAUNS-_BAIRANBHAI_RAIN_57db6960-6038-4b48-b22f-a10d22752767.tonic,.tonic,11
Hindustani,0b3bbf97-0ec3-41da-add4-722d87329ec3/Amir_Khan/The_Great_Heritage__Ustad_Amir_Khan/02_RAGA_-_MADHUKAUNS-_BAIRANBHAI_RAIN_57db6960-6038-4b48-b22f-a10d22752767.taniSegKNN,02_RAGA_-_MADHUKAUNS-_BAIRANBHAI_RAIN_57db6960-6038-4b48-b22f-a10d22752767.taniSegKNN,.tanisegknn,0
Hindustani,0b3bbf97-0ec3-41da-add4-722d87329ec3/Prabha_Atre/Madhukauns/Tarana_Drut_Ektal_1174dd02-87d2-4be3-bae1-d222b8a5f5a4.pitchSilIntrpPP,Tarana_Drut_Ektal_1174dd02-87d2-4be3-bae1-d222b8a5f5a4.pitchSilIntrpPP,.pitchsilintrppp,7695550
Hindustani,0b3bbf97-0ec3-41da-add4-722d87329ec3/Prabha_Atre/Madhukauns/Tarana_Drut_Ektal_1174dd02-87d2-4be3-bae1-d222b8a5f5a4.tonicFine,Tarana_Drut_Ektal_1174dd02-87d2-4be3-bae1-d222b8a5f5a4.tonicFine,.tonicfine,25
Hindustani,0b3bbf97-0ec3-41da-add4-722d87329ec3/Prabha_Atre/Madhukauns/Binati_Suno_Mori_6c0c6e87-c78c-44df-8955-3595575a06a7.flatSegNyas,Binati_Suno_Mori_6c0c6e87-c78c-44df-8955-3595575a06a7.flatSegNyas,.flatsegnyas,15422
Hindustani,0b3bbf97-0ec3-41da-add4-722d87329ec3/Prabha_Atre/Madhukauns/Tarana_Drut_Ektal_1174dd02-87d2-4be3-bae1-d222b8a5f5a4.taniSegKNN,Tarana_Drut_Ektal_1174dd02-87d2-4be3-bae1-d222b8a5f5a4.taniSegKNN,.tanisegknn,0
Hindustani,0b3bbf97-0ec3-41da-add4-722d87329ec3/Prabha_Atre/Madhukauns/Binati_Suno_Mori_6c0c6e87-c78c-44df-8955-3595575a06a7.tonicFine,Binati_Suno_Mori_6c0c6e87-c78c-44df-8955-3595575a06a7.tonicFine,.tonicfine,25
Hindustani,0b3bbf97-0ec3-41da-add4-722d87329ec3/Prabha_Atre/Madhukauns/Tarana_Drut_Ektal_1174dd02-87d2-4be3-bae1-d222b8a5f5a4.pitch,Tarana_Drut_Ektal_1174dd02-87d2-4be3-bae1-d222b8a5f5a4.pitch,.pitch,3614194
Hindustani,0b3bbf97-0ec3-41da-add4-722d87329ec3/Prabha_Atre/Madhukauns/Binati_Suno_Mori_6c0c6e87-c78c-44df-8955-3595575a06a7.tonic,Binati_Suno_Mori_6c0c6e87-c78c-44df-8955-3595575a06a7.tonic,.tonic,11
Hindustani,0b3bbf97-0ec3-41da-add4-722d87329ec3/Prabha_Atre/Madhukauns/Binati_Suno_Mori_6c0c6e87-c78c-44df-8955-3595575a06a7.pitch,Binati_Suno_Mori_6c0c6e87-c78c-44df-8955-3595575a06a7.pitch,.pitch,4602761
Hindustani,0b3bbf97-0ec3-41da-add4-722d87329ec3/Prabha_Atre/Madhukauns/Binati_Suno_Mori_6c0c6e87-c78c-44df-8955-3595575a06a7.pitchSilIntrpPP,Binati_Suno_Mori_6c0c6e87-c78c-44df-8955-3595575a06a7.pitchSilIntrpPP,.pitchsilintrppp,9861450
Hindustani,0b3bbf97-0ec3-41da-add4-722d87329ec3/Prabha_Atre/Madhukauns/Binati_Suno_Mori_6c0c6e87-c78c-44df-8955-3595575a06a7.taniSegKNN,Binati_Suno_Mori_6c0c6e87-c78c-44df-8955-3595575a06a7.taniSegKNN,.tanisegknn,0
Hindustani,0b3bbf97-0ec3-41da-add4-722d87329ec3/Prabha_Atre/Madhukauns/Tarana_Drut_Ektal_1174dd02-87d2-4be3-bae1-d222b8a5f5a4.flatSegNyas,Tarana_Drut_Ektal_1174dd02-87d2-4be3-bae1-d222b8a5f5a4.flatSegNyas,.flatsegnyas,15620
Hindustani,0b3bbf97-0ec3-41da-add4-722d87329ec3/Prabha_Atre/Madhukauns/Tarana_Drut_Ektal_1174dd02-87d2-4be3-bae1-d222b8a5f5a4.tonic,Tarana_Drut_Ektal_1174dd02-87d2-4be3-bae1-d222b8a5f5a4.tonic,.tonic,11
Hindustani,0b3bbf97-0ec3-41da-add4-722d87329ec3/Vasantrao_Deshpande/Dr__Vasant_Rao_Deshpande_(Compilation)/Dekho_Daras_Mohe_Ram__Aaja_Re_Aaja_Patikva_-_Khayal_1972_a0052c33-34b7-4e68-9dcd-121410c6ce36.tonicFine,Dekho_Daras_Mohe_Ram__Aaja_Re_Aaja_Patikva_-_Khayal_1972_a0052c33-34b7-4e68-9dcd-121410c6ce36.tonicFine,.tonicfine,25
Hindustani,0b3bbf97-0ec3-41da-add4-722d87329ec3/Vasantrao_Deshpande/Dr__Vasant_Rao_Deshpande_(Compilation)/Dekho_Daras_Mohe_Ram__Aaja_Re_Aaja_Patikva_-_Khayal_1972_a0052c33-34b7-4e68-9dcd-121410c6ce36.tonic,Dekho_Daras_Mohe_Ram__Aaja_Re_Aaja_Patikva_-_Khayal_1972_a0052c33-34b7-4e68-9dcd-121410c6ce36.tonic,.tonic,11
Hindustani,0b3bbf97-0ec3-41da-add4-722d87329ec3/Vasantrao_Deshpande/Dr__Vasant_Rao_Deshpande_(Compilation)/Dekho_Daras_Mohe_Ram__Aaja_Re_Aaja_Patikva_-_Khayal_1972_a0052c33-34b7-4e68-9dcd-121410c6ce36.pitchSilIntrpPP,Dekho_Daras_Mohe_Ram__Aaja_Re_Aaja_Patikva_-_Khayal_1972_a0052c33-34b7-4e68-9dcd-121410c6ce36.pitchSilIntrpPP,.pitchsilintrppp,8302100
Hindustani,0b3bbf97-0ec3-41da-add4-722d87329ec3/Vasantrao_Deshpande/Dr__Vasant_Rao_Deshpande_(Compilation)/Dekho_Daras_Mohe_Ram__Aaja_Re_Aaja_Patikva_-_Khayal_1972_a0052c33-34b7-4e68-9dcd-121410c6ce36.pitch,Dekho_Daras_Mohe_Ram__Aaja_Re_Aaja_Patikva_-_Khayal_1972_a0052c33-34b7-4e68-9dcd-121410c6ce36.pitch,.pitch,3854449
Hindustani,0b3bbf97-0ec3-41da-add4-722d87329ec3/Vasantrao_Deshpande/Dr__Vasant_Rao_Deshpande_(Compilation)/Dekho_Daras_Mohe_Ram__Aaja_Re_Aaja_Patikva_-_Khayal_1972_a0052c33-34b7-4e68-9dcd-121410c6ce36.flatSegNyas,Dekho_Daras_Mohe_Ram__Aaja_Re_Aaja_Patikva_-_Khayal_1972_a0052c33-34b7-4e68-9dcd-121410c6ce36.flatSegNyas,.flatsegnyas,9643
Hindustani,0b3bbf97-0ec3-41da-add4-722d87329ec3/Vasantrao_Deshpande/Dr__Vasant_Rao_Deshpande_(Compilation)/Dekho_Daras_Mohe_Ram__Aaja_Re_Aaja_Patikva_-_Khayal_1972_a0052c33-34b7-4e68-9dcd-121410c6ce36.taniSegKNN,Dekho_Daras_Mohe_Ram__Aaja_Re_Aaja_Patikva_-_Khayal_1972_a0052c33-34b7-4e68-9dcd-121410c6ce36.taniSegKNN,.tanisegknn,0
Hindustani,0b3bbf97-0ec3-41da-add4-722d87329ec3/Aarti_Anklikar_Tikekar/Ragamala/Madhukaunse_Raga_7084ac88-542c-4e84-8eda-dc9735201d18.pitchSilIntrpPP,Madhukaunse_Raga_7084ac88-542c-4e84-8eda-dc9735201d18.pitchSilIntrpPP,.pitchsilintrppp,10499150
Hindustani,0b3bbf97-0ec3-41da-add4-722d87329ec3/Aarti_Anklikar_Tikekar/Ragamala/Madhukaunse_Raga_7084ac88-542c-4e84-8eda-dc9735201d18.tonic,Madhukaunse_Raga_7084ac88-542c-4e84-8eda-dc9735201d18.tonic,.tonic,11
Hindustani,0b3bbf97-0ec3-41da-add4-722d87329ec3/Aarti_Anklikar_Tikekar/Ragamala/Madhukaunse_Raga_7084ac88-542c-4e84-8eda-dc9735201d18.taniSegKNN,Madhukaunse_Raga_7084ac88-542c-4e84-8eda-dc9735201d18.taniSegKNN,.tanisegknn,0
Hindustani,0b3bbf97-0ec3-41da-add4-722d87329ec3/Aarti_Anklikar_Tikekar/Ragamala/Madhukaunse_Raga_7084ac88-542c-4e84-8eda-dc9735201d18.flatSegNyas,Madhukaunse_Raga_7084ac88-542c-4e84-8eda-dc9735201d18.flatSegNyas,.flatsegnyas,15146
Hindustani,0b3bbf97-0ec3-41da-add4-722d87329ec3/Aarti_Anklikar_Tikekar/Ragamala/Madhukaunse_Raga_7084ac88-542c-4e84-8eda-dc9735201d18.pitch,Madhukaunse_Raga_7084ac88-542c-4e84-8eda-dc9735201d18.pitch,.pitch,4903630
Hindustani,0b3bbf97-0ec3-41da-add4-722d87329ec3/Aarti_Anklikar_Tikekar/Ragamala/Madhukaunse_Raga_7084ac88-542c-4e84-8eda-dc9735201d18.tonicFine,Madhukaunse_Raga_7084ac88-542c-4e84-8eda-dc9735201d18.tonicFine,.tonicfine,25
Hindustani,0b3bbf97-0ec3-41da-add4-722d87329ec3/Veena_Sahasrabuddhe/Bandish_Vol-1/Aajao_Shyam_31bc8850-a7cb-4a9f-bb4f-863e0e88728f.flatSegNyas,Aajao_Shyam_31bc8850-a7cb-4a9f-bb4f-863e0e88728f.flatSegNyas,.flatsegnyas,8768
Hindustani,0b3bbf97-0ec3-41da-add4-722d87329ec3/Veena_Sahasrabuddhe/Bandish_Vol-1/Aajao_Shyam_31bc8850-a7cb-4a9f-bb4f-863e0e88728f.tonic,Aajao_Shyam_31bc8850-a7cb-4a9f-bb4f-863e0e88728f.tonic,.tonic,11
Hindustani,0b3bbf97-0ec3-41da-add4-722d87329ec3/Veena_Sahasrabuddhe/Bandish_Vol-1/Alap_-_Raga_Madhukauns_a5b15aae-c911-4df5-944d-1d0d95b8b5b0.taniSegKNN,Alap_-_Raga_Madhukauns_a5b15aae-c911-4df5-944d-1d0d95b8b5b0.taniSegKNN,.tanisegknn,0
Hindustani,0b3bbf97-0ec3-41da-add4-722d87329ec3/Veena_Sahasrabuddhe/Bandish_Vol-1/Alap_-_Raga_Madhukauns_a5b15aae-c911-4df5-944d-1d0d95b8b5b0.pitch,Alap_-_Raga_Madhukauns_a5b15aae-c911-4df5-944d-1d0d95b8b5b0.pitch,.pitch,596756
Hindustani,0b3bbf97-0ec3-41da-add4-722d87329ec3/Veena_Sahasrabuddhe/Bandish_Vol-1/Aajao_Shyam_31bc8850-a7cb-4a9f-bb4f-863e0e88728f.tonicFine,Aajao_Shyam_31bc8850-a7cb-4a9f-bb4f-863e0e88728f.tonicFine,.tonicfine,25
Hindustani,0b3bbf97-0ec3-41da-add4-722d87329ec3/Veena_Sahasrabuddhe/Bandish_Vol-1/Alap_-_Raga_Madhukauns_a5b15aae-c911-4df5-944d-1d0d95b8b5b0.flatSegNyas,Alap_-_Raga_Madhukauns_a5b15aae-c911-4df5-944d-1d0d95b8b5b0.flatSegNyas,.flatsegnyas,999
Hindustani,0b3bbf97-0ec3-41da-add4-722d87329ec3/Veena_Sahasrabuddhe/Bandish_Vol-1/Alap_-_Raga_Madhukauns_a5b15aae-c911-4df5-944d-1d0d95b8b5b0.tonic,Alap_-_Raga_Madhukauns_a5b15aae-c911-4df5-944d-1d0d95b8b5b0.tonic,.tonic,11
Hindustani,0b3bbf97-0ec3-41da-add4-722d87329ec3/Veena_Sahasrabuddhe/Bandish_Vol-1/Alap_-_Raga_Madhukauns_a5b15aae-c911-4df5-944d-1d0d95b8b5b0.pitchSilIntrpPP,Alap_-_Raga_Madhukauns_a5b15aae-c911-4df5-944d-1d0d95b8b5b0.pitchSilIntrpPP,.pitchsilintrppp,1319400
Hindustani,0b3bbf97-0ec3-41da-add4-722d87329ec3/Veena_Sahasrabuddhe/Bandish_Vol-1/Alap_-_Raga_Madhukauns_a5b15aae-c911-4df5-944d-1d0d95b8b5b0.tonicFine,Alap_-_Raga_Madhukauns_a5b15aae-c911-4df5-944d-1d0d95b8b5b0.tonicFine,.tonicfine,25
Hindustani,0b3bbf97-0ec3-41da-add4-722d87329ec3/Veena_Sahasrabuddhe/Bandish_Vol-1/Aajao_Shyam_31bc8850-a7cb-4a9f-bb4f-863e0e88728f.taniSegKNN,Aajao_Shyam_31bc8850-a7cb-4a9f-bb4f-863e0e88728f.taniSegKNN,.tanisegknn,0
Hindustani,0b3bbf97-0ec3-41da-add4-722d87329ec3/Veena_Sahasrabuddhe/Bandish_Vol-1/Aajao_Shyam_31bc8850-a7cb-4a9f-bb4f-863e0e88728f.pitchSilIntrpPP,Aajao_Shyam_31bc8850-a7cb-4a9f-bb4f-863e0e88728f.pitchSilIntrpPP,.pitchsilintrppp,5511450
Hindustani,0b3bbf97-0ec3-41da-add4-722d87329ec3/Veena_Sahasrabuddhe/Bandish_Vol-1/Aajao_Shyam_31bc8850-a7cb-4a9f-bb4f-863e0e88728f.pitch,Aajao_Shyam_31bc8850-a7cb-4a9f-bb4f-863e0e88728f.pitch,.pitch,2560580
Hindustani,0b3bbf97-0ec3-41da-add4-722d87329ec3/Veena_Sahasrabuddhe/Ritu_Chakra_Vol_1/Raga_Madhukauns_c35ea067-d200-40b6-ad61-241b206c97ed.tonic,Raga_Madhukauns_c35ea067-d200-40b6-ad61-241b206c97ed.tonic,.tonic,11
Hindustani,0b3bbf97-0ec3-41da-add4-722d87329ec3/Veena_Sahasrabuddhe/Ritu_Chakra_Vol_1/Raga_Madhukauns_c35ea067-d200-40b6-ad61-241b206c97ed.pitch,Raga_Madhukauns_c35ea067-d200-40b6-ad61-241b206c97ed.pitch,.pitch,9782357
Hindustani,0b3bbf97-0ec3-41da-add4-722d87329ec3/Veena_Sahasrabuddhe/Ritu_Chakra_Vol_1/Raga_Madhukauns_c35ea067-d200-40b6-ad61-241b206c97ed.flatSegNyas,Raga_Madhukauns_c35ea067-d200-40b6-ad61-241b206c97ed.flatSegNyas,.flatsegnyas,26536
Hindustani,0b3bbf97-0ec3-41da-add4-722d87329ec3/Veena_Sahasrabuddhe/Ritu_Chakra_Vol_1/Raga_Madhukauns_c35ea067-d200-40b6-ad61-241b206c97ed.pitchSilIntrpPP,Raga_Madhukauns_c35ea067-d200-40b6-ad61-241b206c97ed.pitchSilIntrpPP,.pitchsilintrppp,20449550
Hindustani,0b3bbf97-0ec3-41da-add4-722d87329ec3/Veena_Sahasrabuddhe/Ritu_Chakra_Vol_1/Raga_Madhukauns_c35ea067-d200-40b6-ad61-241b206c97ed.tonicFine,Raga_Madhukauns_c35ea067-d200-40b6-ad61-241b206c97ed.tonicFine,.tonicfine,25
Hindustani,0b3bbf97-0ec3-41da-add4-722d87329ec3/Veena_Sahasrabuddhe/Ritu_Chakra_Vol_1/Raga_Madhukauns_c35ea067-d200-40b6-ad61-241b206c97ed.taniSegKNN,Raga_Madhukauns_c35ea067-d200-40b6-ad61-241b206c97ed.taniSegKNN,.tanisegknn,0
Hindustani,0b3bbf97-0ec3-41da-add4-722d87329ec3/Jagdish_Prasad/Jewel_of_Jewels/Raga_Madhukosh_e516312d-00c4-4ccc-8875-9c84f0f30207.flatSegNyas,Raga_Madhukosh_e516312d-00c4-4ccc-8875-9c84f0f30207.flatSegNyas,.flatsegnyas,35417
Hindustani,0b3bbf97-0ec3-41da-add4-722d87329ec3/Jagdish_Prasad/Jewel_of_Jewels/Raga_Madhukosh_e516312d-00c4-4ccc-8875-9c84f0f30207.taniSegKNN,Raga_Madhukosh_e516312d-00c4-4ccc-8875-9c84f0f30207.taniSegKNN,.tanisegknn,0
Hindustani,0b3bbf97-0ec3-41da-add4-722d87329ec3/Jagdish_Prasad/Jewel_of_Jewels/Raga_Madhukosh_e516312d-00c4-4ccc-8875-9c84f0f30207.pitch,Raga_Madhukosh_e516312d-00c4-4ccc-8875-9c84f0f30207.pitch,.pitch,16085503
Hindustani,0b3bbf97-0ec3-41da-add4-722d87329ec3/Jagdish_Prasad/Jewel_of_Jewels/Raga_Madhukosh_e516312d-00c4-4ccc-8875-9c84f0f30207.tonicFine,Raga_Madhukosh_e516312d-00c4-4ccc-8875-9c84f0f30207.tonicFine,.tonicfine,25
Hindustani,0b3bbf97-0ec3-41da-add4-722d87329ec3/Jagdish_Prasad/Jewel_of_Jewels/Raga_Madhukosh_e516312d-00c4-4ccc-8875-9c84f0f30207.pitchSilIntrpPP,Raga_Madhukosh_e516312d-00c4-4ccc-8875-9c84f0f30207.pitchSilIntrpPP,.pitchsilintrppp,33694600
Hindustani,0b3bbf97-0ec3-41da-add4-722d87329ec3/Jagdish_Prasad/Jewel_of_Jewels/Raga_Madhukosh_e516312d-00c4-4ccc-8875-9c84f0f30207.tonic,Raga_Madhukosh_e516312d-00c4-4ccc-8875-9c84f0f30207.tonic,.tonic,11
Hindustani,290674e0-d94c-41c1-ad99-f65fa22a1447/Bhimsen_Joshi/Swaradhiraj_Vol__2/Raga_Madhuvanti_67b90abb-08cb-4473-9224-343b21e4681a.tonicFine,Raga_Madhuvanti_67b90abb-08cb-4473-9224-343b21e4681a.tonicFine,.tonicfine,25
Hindustani,290674e0-d94c-41c1-ad99-f65fa22a1447/Bhimsen_Joshi/Swaradhiraj_Vol__2/Raga_Madhuvanti_67b90abb-08cb-4473-9224-343b21e4681a.taniSegKNN,Raga_Madhuvanti_67b90abb-08cb-4473-9224-343b21e4681a.taniSegKNN,.tanisegknn,0
Hindustani,290674e0-d94c-41c1-ad99-f65fa22a1447/Bhimsen_Joshi/Swaradhiraj_Vol__2/Raga_Madhuvanti_67b90abb-08cb-4473-9224-343b21e4681a.flatSegNyas,Raga_Madhuvanti_67b90abb-08cb-4473-9224-343b21e4681a.flatSegNyas,.flatsegnyas,30992
Hindustani,290674e0-d94c-41c1-ad99-f65fa22a1447/Bhimsen_Joshi/Swaradhiraj_Vol__2/Raga_Madhuvanti_67b90abb-08cb-4473-9224-343b21e4681a.pitchSilIntrpPP,Raga_Madhuvanti_67b90abb-08cb-4473-9224-343b21e4681a.pitchSilIntrpPP,.pitchsilintrppp,30148200
Hindustani,290674e0-d94c-41c1-ad99-f65fa22a1447/Bhimsen_Joshi/Swaradhiraj_Vol__2/Raga_Madhuvanti_67b90abb-08cb-4473-9224-343b21e4681a.pitch,Raga_Madhuvanti_67b90abb-08cb-4473-9224-343b21e4681a.pitch,.pitch,14470031
Hindustani,290674e0-d94c-41c1-ad99-f65fa22a1447/Bhimsen_Joshi/Swaradhiraj_Vol__2/Raga_Madhuvanti_67b90abb-08cb-4473-9224-343b21e4681a.tonic,Raga_Madhuvanti_67b90abb-08cb-4473-9224-343b21e4681a.tonic,.tonic,11
Hindustani,290674e0-d94c-41c1-ad99-f65fa22a1447/Gopal_Mishra/Kula_Sampada/Raga_Madhuwanti_7711d588-1c7a-4756-8793-2aa5d32bfffb.pitch,Raga_Madhuwanti_7711d588-1c7a-4756-8793-2aa5d32bfffb.pitch,.pitch,5301328
Hindustani,290674e0-d94c-41c1-ad99-f65fa22a1447/Gopal_Mishra/Kula_Sampada/Raga_Madhuwanti_7711d588-1c7a-4756-8793-2aa5d32bfffb.tonicFine,Raga_Madhuwanti_7711d588-1c7a-4756-8793-2aa5d32bfffb.tonicFine,.tonicfine,25
Hindustani,290674e0-d94c-41c1-ad99-f65fa22a1447/Gopal_Mishra/Kula_Sampada/Raga_Madhuwanti_7711d588-1c7a-4756-8793-2aa5d32bfffb.flatSegNyas,Raga_Madhuwanti_7711d588-1c7a-4756-8793-2aa5d32bfffb.flatSegNyas,.flatsegnyas,14896
Hindustani,290674e0-d94c-41c1-ad99-f65fa22a1447/Gopal_Mishra/Kula_Sampada/Raga_Madhuwanti_7711d588-1c7a-4756-8793-2aa5d32bfffb.taniSegKNN,Raga_Madhuwanti_7711d588-1c7a-4756-8793-2aa5d32bfffb.taniSegKNN,.tanisegknn,0
Hindustani,290674e0-d94c-41c1-ad99-f65fa22a1447/Gopal_Mishra/Kula_Sampada/Raga_Madhuwanti_7711d588-1c7a-4756-8793-2aa5d32bfffb.pitchSilIntrpPP,Raga_Madhuwanti_7711d588-1c7a-4756-8793-2aa5d32bfffb.pitchSilIntrpPP,.pitchsilintrppp,11334650
Hindustani,290674e0-d94c-41c1-ad99-f65fa22a1447/Gopal_Mishra/Kula_Sampada/Raga_Madhuwanti_7711d588-1c7a-4756-8793-2aa5d32bfffb.tonic,Raga_Madhuwanti_7711d588-1c7a-4756-8793-2aa5d32bfffb.tonic,.tonic,11
Hindustani,290674e0-d94c-41c1-ad99-f65fa22a1447/Jasraj/A_Day_With_Pandit_Jasraj/Raga_Madhuvanti_211c010f-7ae5-4ca6-a909-f10afed265c5.tonic,Raga_Madhuvanti_211c010f-7ae5-4ca6-a909-f10afed265c5.tonic,.tonic,11
Hindustani,290674e0-d94c-41c1-ad99-f65fa22a1447/Jasraj/A_Day_With_Pandit_Jasraj/Raga_Madhuvanti_211c010f-7ae5-4ca6-a909-f10afed265c5.pitch,Raga_Madhuvanti_211c010f-7ae5-4ca6-a909-f10afed265c5.pitch,.pitch,8928614
Hindustani,290674e0-d94c-41c1-ad99-f65fa22a1447/Jasraj/A_Day_With_Pandit_Jasraj/Raga_Madhuvanti_211c010f-7ae5-4ca6-a909-f10afed265c5.tonicFine,Raga_Madhuvanti_211c010f-7ae5-4ca6-a909-f10afed265c5.tonicFine,.tonicfine,25
Hindustani,290674e0-d94c-41c1-ad99-f65fa22a1447/Jasraj/A_Day_With_Pandit_Jasraj/Raga_Madhuvanti_211c010f-7ae5-4ca6-a909-f10afed265c5.pitchSilIntrpPP,Raga_Madhuvanti_211c010f-7ae5-4ca6-a909-f10afed265c5.pitchSilIntrpPP,.pitchsilintrppp,18773650
Hindustani,290674e0-d94c-41c1-ad99-f65fa22a1447/Jasraj/A_Day_With_Pandit_Jasraj/Raga_Madhuvanti_211c010f-7ae5-4ca6-a909-f10afed265c5.taniSegKNN,Raga_Madhuvanti_211c010f-7ae5-4ca6-a909-f10afed265c5.taniSegKNN,.tanisegknn,0
Hindustani,290674e0-d94c-41c1-ad99-f65fa22a1447/Jasraj/A_Day_With_Pandit_Jasraj/Raga_Madhuvanti_211c010f-7ae5-4ca6-a909-f10afed265c5.flatSegNyas,Raga_Madhuvanti_211c010f-7ae5-4ca6-a909-f10afed265c5.flatSegNyas,.flatsegnyas,25166
Hindustani,290674e0-d94c-41c1-ad99-f65fa22a1447/Jasraj/Legends__Sangeet_Martand_Pandit_Jasraj_(Vol__2)/Raga_-_Madhuvanti_e05c9807-4b3a-4532-b6cf-aa560ee07dad.pitchSilIntrpPP,Raga_-_Madhuvanti_e05c9807-4b3a-4532-b6cf-aa560ee07dad.pitchSilIntrpPP,.pitchsilintrppp,17007150
Hindustani,290674e0-d94c-41c1-ad99-f65fa22a1447/Jasraj/Legends__Sangeet_Martand_Pandit_Jasraj_(Vol__2)/Raga_-_Madhuvanti_e05c9807-4b3a-4532-b6cf-aa560ee07dad.tonicFine,Raga_-_Madhuvanti_e05c9807-4b3a-4532-b6cf-aa560ee07dad.tonicFine,.tonicfine,25
Hindustani,290674e0-d94c-41c1-ad99-f65fa22a1447/Jasraj/Legends__Sangeet_Martand_Pandit_Jasraj_(Vol__2)/Raga_-_Madhuvanti_e05c9807-4b3a-4532-b6cf-aa560ee07dad.tonic,Raga_-_Madhuvanti_e05c9807-4b3a-4532-b6cf-aa560ee07dad.tonic,.tonic,11
Hindustani,290674e0-d94c-41c1-ad99-f65fa22a1447/Jasraj/Legends__Sangeet_Martand_Pandit_Jasraj_(Vol__2)/Raga_-_Madhuvanti_e05c9807-4b3a-4532-b6cf-aa560ee07dad.pitch,Raga_-_Madhuvanti_e05c9807-4b3a-4532-b6cf-aa560ee07dad.pitch,.pitch,8041295
Hindustani,290674e0-d94c-41c1-ad99-f65fa22a1447/Jasraj/Legends__Sangeet_Martand_Pandit_Jasraj_(Vol__2)/Raga_-_Madhuvanti_e05c9807-4b3a-4532-b6cf-aa560ee07dad.flatSegNyas,Raga_-_Madhuvanti_e05c9807-4b3a-4532-b6cf-aa560ee07dad.flatSegNyas,.flatsegnyas,21799
Hindustani,290674e0-d94c-41c1-ad99-f65fa22a1447/Jasraj/Legends__Sangeet_Martand_Pandit_Jasraj_(Vol__2)/Raga_-_Madhuvanti_e05c9807-4b3a-4532-b6cf-aa560ee07dad.taniSegKNN,Raga_-_Madhuvanti_e05c9807-4b3a-4532-b6cf-aa560ee07dad.taniSegKNN,.tanisegknn,0
Hindustani,290674e0-d94c-41c1-ad99-f65fa22a1447/Sanjeev_Abhyankar/Vocal_Classical/Mehamanan_se_ka_lariye_49e7d75c-484c-4002-9532-5717a4e30fe0.tonicFine,Mehamanan_se_ka_lariye_49e7d75c-484c-4002-9532-5717a4e30fe0.tonicFine,.tonicfine,25
Hindustani,290674e0-d94c-41c1-ad99-f65fa22a1447/Sanjeev_Abhyankar/Vocal_Classical/Mehamanan_se_ka_lariye_49e7d75c-484c-4002-9532-5717a4e30fe0.flatSegNyas,Mehamanan_se_ka_lariye_49e7d75c-484c-4002-9532-5717a4e30fe0.flatSegNyas,.flatsegnyas,26413
Hindustani,290674e0-d94c-41c1-ad99-f65fa22a1447/Sanjeev_Abhyankar/Vocal_Classical/Mehamanan_se_ka_lariye_49e7d75c-484c-4002-9532-5717a4e30fe0.pitch,Mehamanan_se_ka_lariye_49e7d75c-484c-4002-9532-5717a4e30fe0.pitch,.pitch,9526180
Hindustani,290674e0-d94c-41c1-ad99-f65fa22a1447/Sanjeev_Abhyankar/Vocal_Classical/Mehamanan_se_ka_lariye_49e7d75c-484c-4002-9532-5717a4e30fe0.taniSegKNN,Mehamanan_se_ka_lariye_49e7d75c-484c-4002-9532-5717a4e30fe0.taniSegKNN,.tanisegknn,0
Hindustani,290674e0-d94c-41c1-ad99-f65fa22a1447/Sanjeev_Abhyankar/Vocal_Classical/Mehamanan_se_ka_lariye_49e7d75c-484c-4002-9532-5717a4e30fe0.pitchSilIntrpPP,Mehamanan_se_ka_lariye_49e7d75c-484c-4002-9532-5717a4e30fe0.pitchSilIntrpPP,.pitchsilintrppp,20068950
Hindustani,290674e0-d94c-41c1-ad99-f65fa22a1447/Sanjeev_Abhyankar/Vocal_Classical/Mehamanan_se_ka_lariye_49e7d75c-484c-4002-9532-5717a4e30fe0.tonic,Mehamanan_se_ka_lariye_49e7d75c-484c-4002-9532-5717a4e30fe0.tonic,.tonic,11
Hindustani,290674e0-d94c-41c1-ad99-f65fa22a1447/Kaushiki_Chakrabarty/Pure/Raga_Madhuvanti_Alap_c1aba7b7-cd7a-4e6c-90e7-798b617bfdc9.pitch,Raga_Madhuvanti_Alap_c1aba7b7-cd7a-4e6c-90e7-798b617bfdc9.pitch,.pitch,879114
Hindustani,290674e0-d94c-41c1-ad99-f65fa22a1447/Kaushiki_Chakrabarty/Pure/Raga_Madhuvanti_Khayal_Kahe_maan_karo_sakihiri_ab_in_Teental_ff70a092-0893-4836-a2a2-7ea654d171c9.flatSegNyas,Raga_Madhuvanti_Khayal_Kahe_maan_karo_sakihiri_ab_in_Teental_ff70a092-0893-4836-a2a2-7ea654d171c9.flatSegNyas,.flatsegnyas,13350
Hindustani,290674e0-d94c-41c1-ad99-f65fa22a1447/Kaushiki_Chakrabarty/Pure/Raga_Madhuvanti_Alap_c1aba7b7-cd7a-4e6c-90e7-798b617bfdc9.pitchSilIntrpPP,Raga_Madhuvanti_Alap_c1aba7b7-cd7a-4e6c-90e7-798b617bfdc9.pitchSilIntrpPP,.pitchsilintrppp,1920850
Hindustani,290674e0-d94c-41c1-ad99-f65fa22a1447/Kaushiki_Chakrabarty/Pure/Raga_Madhuvanti_Khayal_Kahe_maan_karo_sakihiri_ab_in_Teental_ff70a092-0893-4836-a2a2-7ea654d171c9.pitchSilIntrpPP,Raga_Madhuvanti_Khayal_Kahe_maan_karo_sakihiri_ab_in_Teental_ff70a092-0893-4836-a2a2-7ea654d171c9.pitchSilIntrpPP,.pitchsilintrppp,10047150
Hindustani,290674e0-d94c-41c1-ad99-f65fa22a1447/Kaushiki_Chakrabarty/Pure/Raga_Madhuvanti_Khayal_Shyam_bhaee_Ghanashyam_nahi_aye_more_dware_in_Ektaal_68ecc764-b0da-4919-affe-8a50d558cbbf.pitchSilIntrpPP,Raga_Madhuvanti_Khayal_Shyam_bhaee_Ghanashyam_nahi_aye_more_dware_in_Ektaal_68ecc764-b0da-4919-affe-8a50d558cbbf.pitchSilIntrpPP,.pitchsilintrppp,19013950
Hindustani,290674e0-d94c-41c1-ad99-f65fa22a1447/Kaushiki_Chakrabarty/Pure/Raga_Madhuvanti_Alap_c1aba7b7-cd7a-4e6c-90e7-798b617bfdc9.taniSegKNN,Raga_Madhuvanti_Alap_c1aba7b7-cd7a-4e6c-90e7-798b617bfdc9.taniSegKNN,.tanisegknn,0
Hindustani,290674e0-d94c-41c1-ad99-f65fa22a1447/Kaushiki_Chakrabarty/Pure/Raga_Madhuvanti_Alap_c1aba7b7-cd7a-4e6c-90e7-798b617bfdc9.tonic,Raga_Madhuvanti_Alap_c1aba7b7-cd7a-4e6c-90e7-798b617bfdc9.tonic,.tonic,10
Hindustani,290674e0-d94c-41c1-ad99-f65fa22a1447/Kaushiki_Chakrabarty/Pure/Raga_Madhuvanti_Khayal_Shyam_bhaee_Ghanashyam_nahi_aye_more_dware_in_Ektaal_68ecc764-b0da-4919-affe-8a50d558cbbf.tonicFine,Raga_Madhuvanti_Khayal_Shyam_bhaee_Ghanashyam_nahi_aye_more_dware_in_Ektaal_68ecc764-b0da-4919-affe-8a50d558cbbf.tonicFine,.tonicfine,25
Hindustani,290674e0-d94c-41c1-ad99-f65fa22a1447/Kaushiki_Chakrabarty/Pure/Raga_Madhuvanti_Alap_c1aba7b7-cd7a-4e6c-90e7-798b617bfdc9.flatSegNyas,Raga_Madhuvanti_Alap_c1aba7b7-cd7a-4e6c-90e7-798b617bfdc9.flatSegNyas,.flatsegnyas,1558
Hindustani,290674e0-d94c-41c1-ad99-f65fa22a1447/Kaushiki_Chakrabarty/Pure/Raga_Madhuvanti_Khayal_Kahe_maan_karo_sakihiri_ab_in_Teental_ff70a092-0893-4836-a2a2-7ea654d171c9.taniSegKNN,Raga_Madhuvanti_Khayal_Kahe_maan_karo_sakihiri_ab_in_Teental_ff70a092-0893-4836-a2a2-7ea654d171c9.taniSegKNN,.tanisegknn,0
Hindustani,290674e0-d94c-41c1-ad99-f65fa22a1447/Kaushiki_Chakrabarty/Pure/Raga_Madhuvanti_Alap_c1aba7b7-cd7a-4e6c-90e7-798b617bfdc9.tonicFine,Raga_Madhuvanti_Alap_c1aba7b7-cd7a-4e6c-90e7-798b617bfdc9.tonicFine,.tonicfine,25
Hindustani,290674e0-d94c-41c1-ad99-f65fa22a1447/Kaushiki_Chakrabarty/Pure/Raga_Madhuvanti_Khayal_Kahe_maan_karo_sakihiri_ab_in_Teental_ff70a092-0893-4836-a2a2-7ea654d171c9.pitch,Raga_Madhuvanti_Khayal_Kahe_maan_karo_sakihiri_ab_in_Teental_ff70a092-0893-4836-a2a2-7ea654d171c9.pitch,.pitch,4684166
Hindustani,290674e0-d94c-41c1-ad99-f65fa22a1447/Kaushiki_Chakrabarty/Pure/Raga_Madhuvanti_Khayal_Kahe_maan_karo_sakihiri_ab_in_Teental_ff70a092-0893-4836-a2a2-7ea654d171c9.tonicFine,Raga_Madhuvanti_Khayal_Kahe_maan_karo_sakihiri_ab_in_Teental_ff70a092-0893-4836-a2a2-7ea654d171c9.tonicFine,.tonicfine,25
Hindustani,290674e0-d94c-41c1-ad99-f65fa22a1447/Kaushiki_Chakrabarty/Pure/Raga_Madhuvanti_Khayal_Shyam_bhaee_Ghanashyam_nahi_aye_more_dware_in_Ektaal_68ecc764-b0da-4919-affe-8a50d558cbbf.tonic,Raga_Madhuvanti_Khayal_Shyam_bhaee_Ghanashyam_nahi_aye_more_dware_in_Ektaal_68ecc764-b0da-4919-affe-8a50d558cbbf.tonic,.tonic,11
Hindustani,290674e0-d94c-41c1-ad99-f65fa22a1447/Kaushiki_Chakrabarty/Pure/Raga_Madhuvanti_Khayal_Shyam_bhaee_Ghanashyam_nahi_aye_more_dware_in_Ektaal_68ecc764-b0da-4919-affe-8a50d558cbbf.taniSegKNN,Raga_Madhuvanti_Khayal_Shyam_bhaee_Ghanashyam_nahi_aye_more_dware_in_Ektaal_68ecc764-b0da-4919-affe-8a50d558cbbf.taniSegKNN,.tanisegknn,0
Hindustani,290674e0-d94c-41c1-ad99-f65fa22a1447/Kaushiki_Chakrabarty/Pure/Raga_Madhuvanti_Khayal_Shyam_bhaee_Ghanashyam_nahi_aye_more_dware_in_Ektaal_68ecc764-b0da-4919-affe-8a50d558cbbf.flatSegNyas,Raga_Madhuvanti_Khayal_Shyam_bhaee_Ghanashyam_nahi_aye_more_dware_in_Ektaal_68ecc764-b0da-4919-affe-8a50d558cbbf.flatSegNyas,.flatsegnyas,26560
Hindustani,290674e0-d94c-41c1-ad99-f65fa22a1447/Kaushiki_Chakrabarty/Pure/Raga_Madhuvanti_Khayal_Shyam_bhaee_Ghanashyam_nahi_aye_more_dware_in_Ektaal_68ecc764-b0da-4919-affe-8a50d558cbbf.pitch,Raga_Madhuvanti_Khayal_Shyam_bhaee_Ghanashyam_nahi_aye_more_dware_in_Ektaal_68ecc764-b0da-4919-affe-8a50d558cbbf.pitch,.pitch,9076246
Hindustani,290674e0-d94c-41c1-ad99-f65fa22a1447/Kaushiki_Chakrabarty/Pure/Raga_Madhuvanti_Khayal_Kahe_maan_karo_sakihiri_ab_in_Teental_ff70a092-0893-4836-a2a2-7ea654d171c9.tonic,Raga_Madhuvanti_Khayal_Kahe_maan_karo_sakihiri_ab_in_Teental_ff70a092-0893-4836-a2a2-7ea654d171c9.tonic,.tonic,11
Hindustani,290674e0-d94c-41c1-ad99-f65fa22a1447/Prabha_Atre/Vocal_Recital/Raga_Madhuvanti_354c38e3-c71b-4dd6-bc77-deb629ad14b9.tonicFine,Raga_Madhuvanti_354c38e3-c71b-4dd6-bc77-deb629ad14b9.tonicFine,.tonicfine,25
Hindustani,290674e0-d94c-41c1-ad99-f65fa22a1447/Prabha_Atre/Vocal_Recital/Raga_Madhuvanti_354c38e3-c71b-4dd6-bc77-deb629ad14b9.tonic,Raga_Madhuvanti_354c38e3-c71b-4dd6-bc77-deb629ad14b9.tonic,.tonic,11
Hindustani,290674e0-d94c-41c1-ad99-f65fa22a1447/Prabha_Atre/Vocal_Recital/Raga_Madhuvanti_354c38e3-c71b-4dd6-bc77-deb629ad14b9.flatSegNyas,Raga_Madhuvanti_354c38e3-c71b-4dd6-bc77-deb629ad14b9.flatSegNyas,.flatsegnyas,30881
Hindustani,290674e0-d94c-41c1-ad99-f65fa22a1447/Prabha_Atre/Vocal_Recital/Raga_Madhuvanti_354c38e3-c71b-4dd6-bc77-deb629ad14b9.taniSegKNN,Raga_Madhuvanti_354c38e3-c71b-4dd6-bc77-deb629ad14b9.taniSegKNN,.tanisegknn,0
Hindustani,290674e0-d94c-41c1-ad99-f65fa22a1447/Prabha_Atre/Vocal_Recital/Raga_Madhuvanti_354c38e3-c71b-4dd6-bc77-deb629ad14b9.pitchSilIntrpPP,Raga_Madhuvanti_354c38e3-c71b-4dd6-bc77-deb629ad14b9.pitchSilIntrpPP,.pitchsilintrppp,19958200
Hindustani,290674e0-d94c-41c1-ad99-f65fa22a1447/Prabha_Atre/Vocal_Recital/Raga_Madhuvanti_354c38e3-c71b-4dd6-bc77-deb629ad14b9.pitch,Raga_Madhuvanti_354c38e3-c71b-4dd6-bc77-deb629ad14b9.pitch,.pitch,9547959
Hindustani,290674e0-d94c-41c1-ad99-f65fa22a1447/Shubha_Mudgal/Divas__Once_Upon_a_Time/Madhuvanti_b2456c14-8db5-4d11-bf23-ec360b33d242.pitchSilIntrpPP,Madhuvanti_b2456c14-8db5-4d11-bf23-ec360b33d242.pitchSilIntrpPP,.pitchsilintrppp,13946450
Hindustani,290674e0-d94c-41c1-ad99-f65fa22a1447/Shubha_Mudgal/Divas__Once_Upon_a_Time/Madhuvanti_b2456c14-8db5-4d11-bf23-ec360b33d242.tonicFine,Madhuvanti_b2456c14-8db5-4d11-bf23-ec360b33d242.tonicFine,.tonicfine,25
Hindustani,290674e0-d94c-41c1-ad99-f65fa22a1447/Shubha_Mudgal/Divas__Once_Upon_a_Time/Madhuvanti_b2456c14-8db5-4d11-bf23-ec360b33d242.pitch,Madhuvanti_b2456c14-8db5-4d11-bf23-ec360b33d242.pitch,.pitch,6563075
Hindustani,290674e0-d94c-41c1-ad99-f65fa22a1447/Shubha_Mudgal/Divas__Once_Upon_a_Time/Madhuvanti_b2456c14-8db5-4d11-bf23-ec360b33d242.flatSegNyas,Madhuvanti_b2456c14-8db5-4d11-bf23-ec360b33d242.flatSegNyas,.flatsegnyas,25932
Hindustani,290674e0-d94c-41c1-ad99-f65fa22a1447/Shubha_Mudgal/Divas__Once_Upon_a_Time/Madhuvanti_b2456c14-8db5-4d11-bf23-ec360b33d242.tonic,Madhuvanti_b2456c14-8db5-4d11-bf23-ec360b33d242.tonic,.tonic,11
Hindustani,290674e0-d94c-41c1-ad99-f65fa22a1447/Shubha_Mudgal/Divas__Once_Upon_a_Time/Madhuvanti_b2456c14-8db5-4d11-bf23-ec360b33d242.taniSegKNN,Madhuvanti_b2456c14-8db5-4d11-bf23-ec360b33d242.taniSegKNN,.tanisegknn,0
Hindustani,f6432fec-e9c2-4b09-9e73-c46086cbd8ea/Rashid_Khan/The_Genius_Of_Ustad_Rashid_Khan/Raga_-_Ahir_Bhairav_def59da7-8d7b-4047-b16c-eeee65482e87.taniSegKNN,Raga_-_Ahir_Bhairav_def59da7-8d7b-4047-b16c-eeee65482e87.taniSegKNN,.tanisegknn,0
Hindustani,f6432fec-e9c2-4b09-9e73-c46086cbd8ea/Rashid_Khan/The_Genius_Of_Ustad_Rashid_Khan/Raga_-_Ahir_Bhairav_def59da7-8d7b-4047-b16c-eeee65482e87.pitchSilIntrpPP,Raga_-_Ahir_Bhairav_def59da7-8d7b-4047-b16c-eeee65482e87.pitchSilIntrpPP,.pitchsilintrppp,18721250
Hindustani,f6432fec-e9c2-4b09-9e73-c46086cbd8ea/Rashid_Khan/The_Genius_Of_Ustad_Rashid_Khan/Raga_-_Ahir_Bhairav_def59da7-8d7b-4047-b16c-eeee65482e87.tonic,Raga_-_Ahir_Bhairav_def59da7-8d7b-4047-b16c-eeee65482e87.tonic,.tonic,11
Hindustani,f6432fec-e9c2-4b09-9e73-c46086cbd8ea/Rashid_Khan/The_Genius_Of_Ustad_Rashid_Khan/Raga_-_Ahir_Bhairav_def59da7-8d7b-4047-b16c-eeee65482e87.flatSegNyas,Raga_-_Ahir_Bhairav_def59da7-8d7b-4047-b16c-eeee65482e87.flatSegNyas,.flatsegnyas,23910
Hindustani,f6432fec-e9c2-4b09-9e73-c46086cbd8ea/Rashid_Khan/The_Genius_Of_Ustad_Rashid_Khan/Raga_-_Ahir_Bhairav_def59da7-8d7b-4047-b16c-eeee65482e87.tonicFine,Raga_-_Ahir_Bhairav_def59da7-8d7b-4047-b16c-eeee65482e87.tonicFine,.tonicfine,25
Hindustani,f6432fec-e9c2-4b09-9e73-c46086cbd8ea/Rashid_Khan/The_Genius_Of_Ustad_Rashid_Khan/Raga_-_Ahir_Bhairav_def59da7-8d7b-4047-b16c-eeee65482e87.pitch,Raga_-_Ahir_Bhairav_def59da7-8d7b-4047-b16c-eeee65482e87.pitch,.pitch,8821456
Hindustani,f6432fec-e9c2-4b09-9e73-c46086cbd8ea/Omkar_Dadarkar/Raag_Ahir_Bhairon___Todi/Raag_Ahir_Bhairon_2073b056-8120-4b04-b808-3d6a8c6a2bd7.tonic,Raag_Ahir_Bhairon_2073b056-8120-4b04-b808-3d6a8c6a2bd7.tonic,.tonic,11
Hindustani,f6432fec-e9c2-4b09-9e73-c46086cbd8ea/Omkar_Dadarkar/Raag_Ahir_Bhairon___Todi/Raag_Ahir_Bhairon_2073b056-8120-4b04-b808-3d6a8c6a2bd7.flatSegNyas,Raag_Ahir_Bhairon_2073b056-8120-4b04-b808-3d6a8c6a2bd7.flatSegNyas,.flatsegnyas,29594
Hindustani,f6432fec-e9c2-4b09-9e73-c46086cbd8ea/Omkar_Dadarkar/Raag_Ahir_Bhairon___Todi/Raag_Ahir_Bhairon_2073b056-8120-4b04-b808-3d6a8c6a2bd7.tonicFine,Raag_Ahir_Bhairon_2073b056-8120-4b04-b808-3d6a8c6a2bd7.tonicFine,.tonicfine,25
Hindustani,f6432fec-e9c2-4b09-9e73-c46086cbd8ea/Omkar_Dadarkar/Raag_Ahir_Bhairon___Todi/Raag_Ahir_Bhairon_2073b056-8120-4b04-b808-3d6a8c6a2bd7.taniSegKNN,Raag_Ahir_Bhairon_2073b056-8120-4b04-b808-3d6a8c6a2bd7.taniSegKNN,.tanisegknn,0
Hindustani,f6432fec-e9c2-4b09-9e73-c46086cbd8ea/Omkar_Dadarkar/Raag_Ahir_Bhairon___Todi/Raag_Ahir_Bhairon_2073b056-8120-4b04-b808-3d6a8c6a2bd7.pitch,Raag_Ahir_Bhairon_2073b056-8120-4b04-b808-3d6a8c6a2bd7.pitch,.pitch,12775983
Hindustani,f6432fec-e9c2-4b09-9e73-c46086cbd8ea/Omkar_Dadarkar/Raag_Ahir_Bhairon___Todi/Raag_Ahir_Bhairon_2073b056-8120-4b04-b808-3d6a8c6a2bd7.pitchSilIntrpPP,Raag_Ahir_Bhairon_2073b056-8120-4b04-b808-3d6a8c6a2bd7.pitchSilIntrpPP,.pitchsilintrppp,26648300
Hindustani,f6432fec-e9c2-4b09-9e73-c46086cbd8ea/Ajoy_Chakrabarty/Geetinandan___Part-3/Aahir_Bhairon_51656b20-295c-40f9-8dab-005b9b90fa98.pitch,Aahir_Bhairon_51656b20-295c-40f9-8dab-005b9b90fa98.pitch,.pitch,3092412
Hindustani,f6432fec-e9c2-4b09-9e73-c46086cbd8ea/Ajoy_Chakrabarty/Geetinandan___Part-3/Aahir_Bhairon_51656b20-295c-40f9-8dab-005b9b90fa98.tonicFine,Aahir_Bhairon_51656b20-295c-40f9-8dab-005b9b90fa98.tonicFine,.tonicfine,25
Hindustani,f6432fec-e9c2-4b09-9e73-c46086cbd8ea/Ajoy_Chakrabarty/Geetinandan___Part-3/Aahir_Bhairon_51656b20-295c-40f9-8dab-005b9b90fa98.pitchSilIntrpPP,Aahir_Bhairon_51656b20-295c-40f9-8dab-005b9b90fa98.pitchSilIntrpPP,.pitchsilintrppp,6625250
Hindustani,f6432fec-e9c2-4b09-9e73-c46086cbd8ea/Ajoy_Chakrabarty/Geetinandan___Part-3/Aahir_Bhairon_51656b20-295c-40f9-8dab-005b9b90fa98.tonic,Aahir_Bhairon_51656b20-295c-40f9-8dab-005b9b90fa98.tonic,.tonic,11
Hindustani,f6432fec-e9c2-4b09-9e73-c46086cbd8ea/Ajoy_Chakrabarty/Geetinandan___Part-3/Aahir_Bhairon_51656b20-295c-40f9-8dab-005b9b90fa98.taniSegKNN,Aahir_Bhairon_51656b20-295c-40f9-8dab-005b9b90fa98.taniSegKNN,.tanisegknn,0
Hindustani,f6432fec-e9c2-4b09-9e73-c46086cbd8ea/Ajoy_Chakrabarty/Geetinandan___Part-3/Aahir_Bhairon_51656b20-295c-40f9-8dab-005b9b90fa98.flatSegNyas,Aahir_Bhairon_51656b20-295c-40f9-8dab-005b9b90fa98.flatSegNyas,.flatsegnyas,9003
Hindustani,f6432fec-e9c2-4b09-9e73-c46086cbd8ea/Jasraj/A_Day_With_Pandit_Jasraj/Raga_Ahir_Bhairav_cbcba04b-023b-40e0-a5e8-04260ad3efdd.flatSegNyas,Raga_Ahir_Bhairav_cbcba04b-023b-40e0-a5e8-04260ad3efdd.flatSegNyas,.flatsegnyas,26387
Hindustani,f6432fec-e9c2-4b09-9e73-c46086cbd8ea/Jasraj/A_Day_With_Pandit_Jasraj/Raga_Ahir_Bhairav_cbcba04b-023b-40e0-a5e8-04260ad3efdd.pitch,Raga_Ahir_Bhairav_cbcba04b-023b-40e0-a5e8-04260ad3efdd.pitch,.pitch,8873111
Hindustani,f6432fec-e9c2-4b09-9e73-c46086cbd8ea/Jasraj/A_Day_With_Pandit_Jasraj/Raga_Ahir_Bhairav_cbcba04b-023b-40e0-a5e8-04260ad3efdd.pitchSilIntrpPP,Raga_Ahir_Bhairav_cbcba04b-023b-40e0-a5e8-04260ad3efdd.pitchSilIntrpPP,.pitchsilintrppp,18659250
Hindustani,f6432fec-e9c2-4b09-9e73-c46086cbd8ea/Jasraj/A_Day_With_Pandit_Jasraj/Raga_Ahir_Bhairav_cbcba04b-023b-40e0-a5e8-04260ad3efdd.tonic,Raga_Ahir_Bhairav_cbcba04b-023b-40e0-a5e8-04260ad3efdd.tonic,.tonic,11
Hindustani,f6432fec-e9c2-4b09-9e73-c46086cbd8ea/Jasraj/A_Day_With_Pandit_Jasraj/Raga_Ahir_Bhairav_cbcba04b-023b-40e0-a5e8-04260ad3efdd.tonicFine,Raga_Ahir_Bhairav_cbcba04b-023b-40e0-a5e8-04260ad3efdd.tonicFine,.tonicfine,25
Hindustani,f6432fec-e9c2-4b09-9e73-c46086cbd8ea/Jasraj/A_Day_With_Pandit_Jasraj/Raga_Ahir_Bhairav_cbcba04b-023b-40e0-a5e8-04260ad3efdd.taniSegKNN,Raga_Ahir_Bhairav_cbcba04b-023b-40e0-a5e8-04260ad3efdd.taniSegKNN,.tanisegknn,0
Hindustani,f6432fec-e9c2-4b09-9e73-c46086cbd8ea/Jasraj/Legends__Sangeet_Martand_Pandit_Jasraj_(Vol__1)/Raga_-_Ahir_Bhairav_53402748-f637-46a0-817d-ac711a9005ff.taniSegKNN,Raga_-_Ahir_Bhairav_53402748-f637-46a0-817d-ac711a9005ff.taniSegKNN,.tanisegknn,0
Hindustani,f6432fec-e9c2-4b09-9e73-c46086cbd8ea/Jasraj/Legends__Sangeet_Martand_Pandit_Jasraj_(Vol__1)/Raga_-_Ahir_Bhairav_53402748-f637-46a0-817d-ac711a9005ff.pitchSilIntrpPP,Raga_-_Ahir_Bhairav_53402748-f637-46a0-817d-ac711a9005ff.pitchSilIntrpPP,.pitchsilintrppp,16583000
Hindustani,f6432fec-e9c2-4b09-9e73-c46086cbd8ea/Jasraj/Legends__Sangeet_Martand_Pandit_Jasraj_(Vol__1)/Raga_-_Ahir_Bhairav_53402748-f637-46a0-817d-ac711a9005ff.pitch,Raga_-_Ahir_Bhairav_53402748-f637-46a0-817d-ac711a9005ff.pitch,.pitch,7846977
Hindustani,f6432fec-e9c2-4b09-9e73-c46086cbd8ea/Jasraj/Legends__Sangeet_Martand_Pandit_Jasraj_(Vol__1)/Raga_-_Ahir_Bhairav_53402748-f637-46a0-817d-ac711a9005ff.flatSegNyas,Raga_-_Ahir_Bhairav_53402748-f637-46a0-817d-ac711a9005ff.flatSegNyas,.flatsegnyas,23261
Hindustani,f6432fec-e9c2-4b09-9e73-c46086cbd8ea/Jasraj/Legends__Sangeet_Martand_Pandit_Jasraj_(Vol__1)/Raga_-_Ahir_Bhairav_53402748-f637-46a0-817d-ac711a9005ff.tonic,Raga_-_Ahir_Bhairav_53402748-f637-46a0-817d-ac711a9005ff.tonic,.tonic,11
Hindustani,f6432fec-e9c2-4b09-9e73-c46086cbd8ea/Jasraj/Legends__Sangeet_Martand_Pandit_Jasraj_(Vol__1)/Raga_-_Ahir_Bhairav_53402748-f637-46a0-817d-ac711a9005ff.tonicFine,Raga_-_Ahir_Bhairav_53402748-f637-46a0-817d-ac711a9005ff.tonicFine,.tonicfine,25
Hindustani,f6432fec-e9c2-4b09-9e73-c46086cbd8ea/Kaivalyakumar_Gurav/Kaivalyakumar_Vocal_Classical/Ahir_Bhairav_e2123c63-6a24-4190-be52-e299c05c4bb8.pitchSilIntrpPP,Ahir_Bhairav_e2123c63-6a24-4190-be52-e299c05c4bb8.pitchSilIntrpPP,.pitchsilintrppp,6278200
Hindustani,f6432fec-e9c2-4b09-9e73-c46086cbd8ea/Kaivalyakumar_Gurav/Kaivalyakumar_Vocal_Classical/Ahir_Bhairav_e2123c63-6a24-4190-be52-e299c05c4bb8.pitch,Ahir_Bhairav_e2123c63-6a24-4190-be52-e299c05c4bb8.pitch,.pitch,2945163
Hindustani,f6432fec-e9c2-4b09-9e73-c46086cbd8ea/Kaivalyakumar_Gurav/Kaivalyakumar_Vocal_Classical/Ahir_Bhairav_e2123c63-6a24-4190-be52-e299c05c4bb8.taniSegKNN,Ahir_Bhairav_e2123c63-6a24-4190-be52-e299c05c4bb8.taniSegKNN,.tanisegknn,0
Hindustani,f6432fec-e9c2-4b09-9e73-c46086cbd8ea/Kaivalyakumar_Gurav/Kaivalyakumar_Vocal_Classical/Ahir_Bhairav_e2123c63-6a24-4190-be52-e299c05c4bb8.tonic,Ahir_Bhairav_e2123c63-6a24-4190-be52-e299c05c4bb8.tonic,.tonic,11
Hindustani,f6432fec-e9c2-4b09-9e73-c46086cbd8ea/Kaivalyakumar_Gurav/Kaivalyakumar_Vocal_Classical/Ahir_Bhairav_e2123c63-6a24-4190-be52-e299c05c4bb8.tonicFine,Ahir_Bhairav_e2123c63-6a24-4190-be52-e299c05c4bb8.tonicFine,.tonicfine,25
Hindustani,f6432fec-e9c2-4b09-9e73-c46086cbd8ea/Kaivalyakumar_Gurav/Kaivalyakumar_Vocal_Classical/Ahir_Bhairav_e2123c63-6a24-4190-be52-e299c05c4bb8.flatSegNyas,Ahir_Bhairav_e2123c63-6a24-4190-be52-e299c05c4bb8.flatSegNyas,.flatsegnyas,9521
Hindustani,f6432fec-e9c2-4b09-9e73-c46086cbd8ea/Amir_Khan/A_Life_in_Music/Raga_Ahir_Bhairav_567e57a7-26c8-49c3-8a2c-fc2485cf2ab9.flatSegNyas,Raga_Ahir_Bhairav_567e57a7-26c8-49c3-8a2c-fc2485cf2ab9.flatSegNyas,.flatsegnyas,20799
Hindustani,f6432fec-e9c2-4b09-9e73-c46086cbd8ea/Amir_Khan/A_Life_in_Music/Raga_Ahir_Bhairav_567e57a7-26c8-49c3-8a2c-fc2485cf2ab9.tonic,Raga_Ahir_Bhairav_567e57a7-26c8-49c3-8a2c-fc2485cf2ab9.tonic,.tonic,11
Hindustani,f6432fec-e9c2-4b09-9e73-c46086cbd8ea/Amir_Khan/A_Life_in_Music/Raga_Ahir_Bhairav_567e57a7-26c8-49c3-8a2c-fc2485cf2ab9.taniSegKNN,Raga_Ahir_Bhairav_567e57a7-26c8-49c3-8a2c-fc2485cf2ab9.taniSegKNN,.tanisegknn,0
Hindustani,f6432fec-e9c2-4b09-9e73-c46086cbd8ea/Amir_Khan/A_Life_in_Music/Raga_Ahir_Bhairav_567e57a7-26c8-49c3-8a2c-fc2485cf2ab9.pitchSilIntrpPP,Raga_Ahir_Bhairav_567e57a7-26c8-49c3-8a2c-fc2485cf2ab9.pitchSilIntrpPP,.pitchsilintrppp,19764050
Hindustani,f6432fec-e9c2-4b09-9e73-c46086cbd8ea/Amir_Khan/A_Life_in_Music/Raga_Ahir_Bhairav_567e57a7-26c8-49c3-8a2c-fc2485cf2ab9.tonicFine,Raga_Ahir_Bhairav_567e57a7-26c8-49c3-8a2c-fc2485cf2ab9.tonicFine,.tonicfine,25
Hindustani,f6432fec-e9c2-4b09-9e73-c46086cbd8ea/Amir_Khan/A_Life_in_Music/Raga_Ahir_Bhairav_567e57a7-26c8-49c3-8a2c-fc2485cf2ab9.pitch,Raga_Ahir_Bhairav_567e57a7-26c8-49c3-8a2c-fc2485cf2ab9.pitch,.pitch,9358989
Hindustani,f6432fec-e9c2-4b09-9e73-c46086cbd8ea/Hirabai_Barodekar/The_Great_Heritage__Hirabai_Barodekar/Raga_Ahir_Bhairav_-_Rasiya_Mhara_Mharoji_b31c1429-f99f-481c-9a0e-cb2d2f99ac84.pitch,Raga_Ahir_Bhairav_-_Rasiya_Mhara_Mharoji_b31c1429-f99f-481c-9a0e-cb2d2f99ac84.pitch,.pitch,1786593
Hindustani,f6432fec-e9c2-4b09-9e73-c46086cbd8ea/Hirabai_Barodekar/The_Great_Heritage__Hirabai_Barodekar/Raga_Ahir_Bhairav_-_Rasiya_Mhara_Mharoji_b31c1429-f99f-481c-9a0e-cb2d2f99ac84.flatSegNyas,Raga_Ahir_Bhairav_-_Rasiya_Mhara_Mharoji_b31c1429-f99f-481c-9a0e-cb2d2f99ac84.flatSegNyas,.flatsegnyas,4845
Hindustani,f6432fec-e9c2-4b09-9e73-c46086cbd8ea/Hirabai_Barodekar/The_Great_Heritage__Hirabai_Barodekar/Raga_Ahir_Bhairav_-_Rasiya_Mhara_Mharoji_b31c1429-f99f-481c-9a0e-cb2d2f99ac84.pitchSilIntrpPP,Raga_Ahir_Bhairav_-_Rasiya_Mhara_Mharoji_b31c1429-f99f-481c-9a0e-cb2d2f99ac84.pitchSilIntrpPP,.pitchsilintrppp,3840750
Hindustani,f6432fec-e9c2-4b09-9e73-c46086cbd8ea/Hirabai_Barodekar/The_Great_Heritage__Hirabai_Barodekar/Raga_Ahir_Bhairav_-_Rasiya_Mhara_Mharoji_b31c1429-f99f-481c-9a0e-cb2d2f99ac84.tonicFine,Raga_Ahir_Bhairav_-_Rasiya_Mhara_Mharoji_b31c1429-f99f-481c-9a0e-cb2d2f99ac84.tonicFine,.tonicfine,25
Hindustani,f6432fec-e9c2-4b09-9e73-c46086cbd8ea/Hirabai_Barodekar/The_Great_Heritage__Hirabai_Barodekar/Raga_Ahir_Bhairav_-_Rasiya_Mhara_Mharoji_b31c1429-f99f-481c-9a0e-cb2d2f99ac84.tonic,Raga_Ahir_Bhairav_-_Rasiya_Mhara_Mharoji_b31c1429-f99f-481c-9a0e-cb2d2f99ac84.tonic,.tonic,10
Hindustani,f6432fec-e9c2-4b09-9e73-c46086cbd8ea/Hirabai_Barodekar/The_Great_Heritage__Hirabai_Barodekar/Raga_Ahir_Bhairav_-_Rasiya_Mhara_Mharoji_b31c1429-f99f-481c-9a0e-cb2d2f99ac84.taniSegKNN,Raga_Ahir_Bhairav_-_Rasiya_Mhara_Mharoji_b31c1429-f99f-481c-9a0e-cb2d2f99ac84.taniSegKNN,.tanisegknn,0
Hindustani,f6432fec-e9c2-4b09-9e73-c46086cbd8ea/Kumar_Gandharv/The_Genius_Of_Pt__Kumar_Gandharv/Raga_Ahir_Bhairav_f93a15cf-8ec1-43c7-b7e3-b48f5369dee4.pitchSilIntrpPP,Raga_Ahir_Bhairav_f93a15cf-8ec1-43c7-b7e3-b48f5369dee4.pitchSilIntrpPP,.pitchsilintrppp,5175250
Hindustani,f6432fec-e9c2-4b09-9e73-c46086cbd8ea/Kumar_Gandharv/The_Genius_Of_Pt__Kumar_Gandharv/Raga_Ahir_Bhairav_f93a15cf-8ec1-43c7-b7e3-b48f5369dee4.taniSegKNN,Raga_Ahir_Bhairav_f93a15cf-8ec1-43c7-b7e3-b48f5369dee4.taniSegKNN,.tanisegknn,0
Hindustani,f6432fec-e9c2-4b09-9e73-c46086cbd8ea/Kumar_Gandharv/The_Genius_Of_Pt__Kumar_Gandharv/Raga_Ahir_Bhairav_f93a15cf-8ec1-43c7-b7e3-b48f5369dee4.tonic,Raga_Ahir_Bhairav_f93a15cf-8ec1-43c7-b7e3-b48f5369dee4.tonic,.tonic,11
Hindustani,f6432fec-e9c2-4b09-9e73-c46086cbd8ea/Kumar_Gandharv/The_Genius_Of_Pt__Kumar_Gandharv/Raga_Ahir_Bhairav_f93a15cf-8ec1-43c7-b7e3-b48f5369dee4.flatSegNyas,Raga_Ahir_Bhairav_f93a15cf-8ec1-43c7-b7e3-b48f5369dee4.flatSegNyas,.flatsegnyas,6726
Hindustani,f6432fec-e9c2-4b09-9e73-c46086cbd8ea/Kumar_Gandharv/The_Genius_Of_Pt__Kumar_Gandharv/Raga_Ahir_Bhairav_f93a15cf-8ec1-43c7-b7e3-b48f5369dee4.pitch,Raga_Ahir_Bhairav_f93a15cf-8ec1-43c7-b7e3-b48f5369dee4.pitch,.pitch,2391164
Hindustani,f6432fec-e9c2-4b09-9e73-c46086cbd8ea/Kumar_Gandharv/The_Genius_Of_Pt__Kumar_Gandharv/Raga_Ahir_Bhairav_f93a15cf-8ec1-43c7-b7e3-b48f5369dee4.tonicFine,Raga_Ahir_Bhairav_f93a15cf-8ec1-43c7-b7e3-b48f5369dee4.tonicFine,.tonicfine,25
Hindustani,f6432fec-e9c2-4b09-9e73-c46086cbd8ea/Kumar_Gandharva/Pt__Kumar_Gandharva-Vocal/Kaise_Manalun_Re_73b6e933-61f6-4537-98df-834e3c0e0fa6.pitchSilIntrpPP,Kaise_Manalun_Re_73b6e933-61f6-4537-98df-834e3c0e0fa6.pitchSilIntrpPP,.pitchsilintrppp,4911650
Hindustani,f6432fec-e9c2-4b09-9e73-c46086cbd8ea/Kumar_Gandharva/Pt__Kumar_Gandharva-Vocal/Kaise_Manalun_Re_73b6e933-61f6-4537-98df-834e3c0e0fa6.tonicFine,Kaise_Manalun_Re_73b6e933-61f6-4537-98df-834e3c0e0fa6.tonicFine,.tonicfine,25
Hindustani,f6432fec-e9c2-4b09-9e73-c46086cbd8ea/Kumar_Gandharva/Pt__Kumar_Gandharva-Vocal/Kaise_Manalun_Re_73b6e933-61f6-4537-98df-834e3c0e0fa6.flatSegNyas,Kaise_Manalun_Re_73b6e933-61f6-4537-98df-834e3c0e0fa6.flatSegNyas,.flatsegnyas,6798
Hindustani,f6432fec-e9c2-4b09-9e73-c46086cbd8ea/Kumar_Gandharva/Pt__Kumar_Gandharva-Vocal/Kaise_Manalun_Re_73b6e933-61f6-4537-98df-834e3c0e0fa6.tonic,Kaise_Manalun_Re_73b6e933-61f6-4537-98df-834e3c0e0fa6.tonic,.tonic,11
Hindustani,f6432fec-e9c2-4b09-9e73-c46086cbd8ea/Kumar_Gandharva/Pt__Kumar_Gandharva-Vocal/Kaise_Manalun_Re_73b6e933-61f6-4537-98df-834e3c0e0fa6.taniSegKNN,Kaise_Manalun_Re_73b6e933-61f6-4537-98df-834e3c0e0fa6.taniSegKNN,.tanisegknn,0
Hindustani,f6432fec-e9c2-4b09-9e73-c46086cbd8ea/Kumar_Gandharva/Pt__Kumar_Gandharva-Vocal/Kaise_Manalun_Re_73b6e933-61f6-4537-98df-834e3c0e0fa6.pitch,Kaise_Manalun_Re_73b6e933-61f6-4537-98df-834e3c0e0fa6.pitch,.pitch,2276492
Hindustani,6f13484e-6fdd-402d-baf3-3835835454d0/Bhimsen_Joshi/Evergreen/Daiyya_Baat_Dubar_and_Langar_Kankariye_Jin_Maar_02915dfb-8e3d-40be-8f88-421afe81a697.pitch,Daiyya_Baat_Dubar_and_Langar_Kankariye_Jin_Maar_02915dfb-8e3d-40be-8f88-421afe81a697.pitch,.pitch,6054791
Hindustani,6f13484e-6fdd-402d-baf3-3835835454d0/Bhimsen_Joshi/Evergreen/Daiyya_Baat_Dubar_and_Langar_Kankariye_Jin_Maar_02915dfb-8e3d-40be-8f88-421afe81a697.flatSegNyas,Daiyya_Baat_Dubar_and_Langar_Kankariye_Jin_Maar_02915dfb-8e3d-40be-8f88-421afe81a697.flatSegNyas,.flatsegnyas,16348
Hindustani,6f13484e-6fdd-402d-baf3-3835835454d0/Bhimsen_Joshi/Evergreen/Daiyya_Baat_Dubar_and_Langar_Kankariye_Jin_Maar_02915dfb-8e3d-40be-8f88-421afe81a697.taniSegKNN,Daiyya_Baat_Dubar_and_Langar_Kankariye_Jin_Maar_02915dfb-8e3d-40be-8f88-421afe81a697.taniSegKNN,.tanisegknn,0
Hindustani,6f13484e-6fdd-402d-baf3-3835835454d0/Bhimsen_Joshi/Evergreen/Daiyya_Baat_Dubar_and_Langar_Kankariye_Jin_Maar_02915dfb-8e3d-40be-8f88-421afe81a697.tonic,Daiyya_Baat_Dubar_and_Langar_Kankariye_Jin_Maar_02915dfb-8e3d-40be-8f88-421afe81a697.tonic,.tonic,11
Hindustani,6f13484e-6fdd-402d-baf3-3835835454d0/Bhimsen_Joshi/Evergreen/Daiyya_Baat_Dubar_and_Langar_Kankariye_Jin_Maar_02915dfb-8e3d-40be-8f88-421afe81a697.tonicFine,Daiyya_Baat_Dubar_and_Langar_Kankariye_Jin_Maar_02915dfb-8e3d-40be-8f88-421afe81a697.tonicFine,.tonicfine,25
Hindustani,6f13484e-6fdd-402d-baf3-3835835454d0/Bhimsen_Joshi/Evergreen/Daiyya_Baat_Dubar_and_Langar_Kankariye_Jin_Maar_02915dfb-8e3d-40be-8f88-421afe81a697.pitchSilIntrpPP,Daiyya_Baat_Dubar_and_Langar_Kankariye_Jin_Maar_02915dfb-8e3d-40be-8f88-421afe81a697.pitchSilIntrpPP,.pitchsilintrppp,12895150
Hindustani,6f13484e-6fdd-402d-baf3-3835835454d0/Omkar_Dadarkar/Raag_Ahir_Bhairon___Todi/Raag_Todi_25d5c348-023b-487b-b149-a46d553cedee.pitch,Raag_Todi_25d5c348-023b-487b-b149-a46d553cedee.pitch,.pitch,5577134
Hindustani,6f13484e-6fdd-402d-baf3-3835835454d0/Omkar_Dadarkar/Raag_Ahir_Bhairon___Todi/Raag_Todi_25d5c348-023b-487b-b149-a46d553cedee.flatSegNyas,Raag_Todi_25d5c348-023b-487b-b149-a46d553cedee.flatSegNyas,.flatsegnyas,13918
Hindustani,6f13484e-6fdd-402d-baf3-3835835454d0/Omkar_Dadarkar/Raag_Ahir_Bhairon___Todi/Raag_Todi_25d5c348-023b-487b-b149-a46d553cedee.pitchSilIntrpPP,Raag_Todi_25d5c348-023b-487b-b149-a46d553cedee.pitchSilIntrpPP,.pitchsilintrppp,11882150
Hindustani,6f13484e-6fdd-402d-baf3-3835835454d0/Omkar_Dadarkar/Raag_Ahir_Bhairon___Todi/Raag_Todi_25d5c348-023b-487b-b149-a46d553cedee.tonic,Raag_Todi_25d5c348-023b-487b-b149-a46d553cedee.tonic,.tonic,11
Hindustani,6f13484e-6fdd-402d-baf3-3835835454d0/Omkar_Dadarkar/Raag_Ahir_Bhairon___Todi/Raag_Todi_25d5c348-023b-487b-b149-a46d553cedee.tonicFine,Raag_Todi_25d5c348-023b-487b-b149-a46d553cedee.tonicFine,.tonicfine,25
Hindustani,6f13484e-6fdd-402d-baf3-3835835454d0/Omkar_Dadarkar/Raag_Ahir_Bhairon___Todi/Raag_Todi_25d5c348-023b-487b-b149-a46d553cedee.taniSegKNN,Raag_Todi_25d5c348-023b-487b-b149-a46d553cedee.taniSegKNN,.tanisegknn,0
Hindustani,6f13484e-6fdd-402d-baf3-3835835454d0/Kishori_Amonkar/Prabhat/Raga_Todi_-_Khyal_in_Vilambit_Teental_0de04a5c-74b1-42e0-8df2-d166be9a3b33.pitch,Raga_Todi_-_Khyal_in_Vilambit_Teental_0de04a5c-74b1-42e0-8df2-d166be9a3b33.pitch,.pitch,9496502
Hindustani,6f13484e-6fdd-402d-baf3-3835835454d0/Kishori_Amonkar/Prabhat/Raga_Todi_-_Khyal_in_Vilambit_Teental_0de04a5c-74b1-42e0-8df2-d166be9a3b33.flatSegNyas,Raga_Todi_-_Khyal_in_Vilambit_Teental_0de04a5c-74b1-42e0-8df2-d166be9a3b33.flatSegNyas,.flatsegnyas,32953
Hindustani,6f13484e-6fdd-402d-baf3-3835835454d0/Kishori_Amonkar/Prabhat/Raga_Todi_-_Khyal_in_Vilambit_Teental_0de04a5c-74b1-42e0-8df2-d166be9a3b33.taniSegKNN,Raga_Todi_-_Khyal_in_Vilambit_Teental_0de04a5c-74b1-42e0-8df2-d166be9a3b33.taniSegKNN,.tanisegknn,0
Hindustani,6f13484e-6fdd-402d-baf3-3835835454d0/Kishori_Amonkar/Prabhat/Raga_Todi_-_Khyal_in_Vilambit_Teental_0de04a5c-74b1-42e0-8df2-d166be9a3b33.pitchSilIntrpPP,Raga_Todi_-_Khyal_in_Vilambit_Teental_0de04a5c-74b1-42e0-8df2-d166be9a3b33.pitchSilIntrpPP,.pitchsilintrppp,19845900
Hindustani,6f13484e-6fdd-402d-baf3-3835835454d0/Kishori_Amonkar/Prabhat/Raga_Todi_-_Khyal_in_Vilambit_Teental_0de04a5c-74b1-42e0-8df2-d166be9a3b33.tonic,Raga_Todi_-_Khyal_in_Vilambit_Teental_0de04a5c-74b1-42e0-8df2-d166be9a3b33.tonic,.tonic,11
Hindustani,6f13484e-6fdd-402d-baf3-3835835454d0/Kishori_Amonkar/Prabhat/Raga_Todi_-_Khyal_in_Vilambit_Teental_0de04a5c-74b1-42e0-8df2-d166be9a3b33.tonicFine,Raga_Todi_-_Khyal_in_Vilambit_Teental_0de04a5c-74b1-42e0-8df2-d166be9a3b33.tonicFine,.tonicfine,25
Hindustani,6f13484e-6fdd-402d-baf3-3835835454d0/Gopal_Mishra/Kula_Sampada/Raga_Todi_d38c59a4-947b-4918-8b0d-f22b7c8c1ea5.pitch,Raga_Todi_d38c59a4-947b-4918-8b0d-f22b7c8c1ea5.pitch,.pitch,9250729
Hindustani,6f13484e-6fdd-402d-baf3-3835835454d0/Gopal_Mishra/Kula_Sampada/Raga_Todi_d38c59a4-947b-4918-8b0d-f22b7c8c1ea5.tonicFine,Raga_Todi_d38c59a4-947b-4918-8b0d-f22b7c8c1ea5.tonicFine,.tonicfine,25
Hindustani,6f13484e-6fdd-402d-baf3-3835835454d0/Gopal_Mishra/Kula_Sampada/Raga_Todi_d38c59a4-947b-4918-8b0d-f22b7c8c1ea5.pitchSilIntrpPP,Raga_Todi_d38c59a4-947b-4918-8b0d-f22b7c8c1ea5.pitchSilIntrpPP,.pitchsilintrppp,19348100
Hindustani,6f13484e-6fdd-402d-baf3-3835835454d0/Gopal_Mishra/Kula_Sampada/Raga_Todi_d38c59a4-947b-4918-8b0d-f22b7c8c1ea5.taniSegKNN,Raga_Todi_d38c59a4-947b-4918-8b0d-f22b7c8c1ea5.taniSegKNN,.tanisegknn,0
Hindustani,6f13484e-6fdd-402d-baf3-3835835454d0/Gopal_Mishra/Kula_Sampada/Raga_Todi_d38c59a4-947b-4918-8b0d-f22b7c8c1ea5.tonic,Raga_Todi_d38c59a4-947b-4918-8b0d-f22b7c8c1ea5.tonic,.tonic,11
Hindustani,6f13484e-6fdd-402d-baf3-3835835454d0/Gopal_Mishra/Kula_Sampada/Raga_Todi_d38c59a4-947b-4918-8b0d-f22b7c8c1ea5.flatSegNyas,Raga_Todi_d38c59a4-947b-4918-8b0d-f22b7c8c1ea5.flatSegNyas,.flatsegnyas,26336
Hindustani,6f13484e-6fdd-402d-baf3-3835835454d0/Jasraj/Echoes_of_a_Golden_Voice/Is_Nagri_Main_and_Allah_Jane_Allah_Jane_c4f7a204-5c54-47a1-ae39-b70a366b6865.taniSegKNN,Is_Nagri_Main_and_Allah_Jane_Allah_Jane_c4f7a204-5c54-47a1-ae39-b70a366b6865.taniSegKNN,.tanisegknn,0
Hindustani,6f13484e-6fdd-402d-baf3-3835835454d0/Jasraj/Echoes_of_a_Golden_Voice/Is_Nagri_Main_and_Allah_Jane_Allah_Jane_c4f7a204-5c54-47a1-ae39-b70a366b6865.pitchSilIntrpPP,Is_Nagri_Main_and_Allah_Jane_Allah_Jane_c4f7a204-5c54-47a1-ae39-b70a366b6865.pitchSilIntrpPP,.pitchsilintrppp,13588800
Hindustani,6f13484e-6fdd-402d-baf3-3835835454d0/Jasraj/Echoes_of_a_Golden_Voice/Is_Nagri_Main_and_Allah_Jane_Allah_Jane_c4f7a204-5c54-47a1-ae39-b70a366b6865.flatSegNyas,Is_Nagri_Main_and_Allah_Jane_Allah_Jane_c4f7a204-5c54-47a1-ae39-b70a366b6865.flatSegNyas,.flatsegnyas,18918
Hindustani,6f13484e-6fdd-402d-baf3-3835835454d0/Jasraj/Echoes_of_a_Golden_Voice/Is_Nagri_Main_and_Allah_Jane_Allah_Jane_c4f7a204-5c54-47a1-ae39-b70a366b6865.tonic,Is_Nagri_Main_and_Allah_Jane_Allah_Jane_c4f7a204-5c54-47a1-ae39-b70a366b6865.tonic,.tonic,11
Hindustani,6f13484e-6fdd-402d-baf3-3835835454d0/Jasraj/Echoes_of_a_Golden_Voice/Is_Nagri_Main_and_Allah_Jane_Allah_Jane_c4f7a204-5c54-47a1-ae39-b70a366b6865.pitch,Is_Nagri_Main_and_Allah_Jane_Allah_Jane_c4f7a204-5c54-47a1-ae39-b70a366b6865.pitch,.pitch,6367594
Hindustani,6f13484e-6fdd-402d-baf3-3835835454d0/Jasraj/Echoes_of_a_Golden_Voice/Is_Nagri_Main_and_Allah_Jane_Allah_Jane_c4f7a204-5c54-47a1-ae39-b70a366b6865.tonicFine,Is_Nagri_Main_and_Allah_Jane_Allah_Jane_c4f7a204-5c54-47a1-ae39-b70a366b6865.tonicFine,.tonicfine,25
Hindustani,6f13484e-6fdd-402d-baf3-3835835454d0/Kaivalyakumar_Gurav/Kaivalyakumar_Vocal_Classical/Miyan_Ki_Todi_8bbf423e-c4ea-43b8-b496-dd84f2c28d2a.tonic,Miyan_Ki_Todi_8bbf423e-c4ea-43b8-b496-dd84f2c28d2a.tonic,.tonic,11
Hindustani,6f13484e-6fdd-402d-baf3-3835835454d0/Kaivalyakumar_Gurav/Kaivalyakumar_Vocal_Classical/Miyan_Ki_Todi_8bbf423e-c4ea-43b8-b496-dd84f2c28d2a.pitchSilIntrpPP,Miyan_Ki_Todi_8bbf423e-c4ea-43b8-b496-dd84f2c28d2a.pitchSilIntrpPP,.pitchsilintrppp,19614350
Hindustani,6f13484e-6fdd-402d-baf3-3835835454d0/Kaivalyakumar_Gurav/Kaivalyakumar_Vocal_Classical/Miyan_Ki_Todi_8bbf423e-c4ea-43b8-b496-dd84f2c28d2a.flatSegNyas,Miyan_Ki_Todi_8bbf423e-c4ea-43b8-b496-dd84f2c28d2a.flatSegNyas,.flatsegnyas,24771
Hindustani,6f13484e-6fdd-402d-baf3-3835835454d0/Kaivalyakumar_Gurav/Kaivalyakumar_Vocal_Classical/Miyan_Ki_Todi_8bbf423e-c4ea-43b8-b496-dd84f2c28d2a.taniSegKNN,Miyan_Ki_Todi_8bbf423e-c4ea-43b8-b496-dd84f2c28d2a.taniSegKNN,.tanisegknn,0
Hindustani,6f13484e-6fdd-402d-baf3-3835835454d0/Kaivalyakumar_Gurav/Kaivalyakumar_Vocal_Classical/Miyan_Ki_Todi_8bbf423e-c4ea-43b8-b496-dd84f2c28d2a.tonicFine,Miyan_Ki_Todi_8bbf423e-c4ea-43b8-b496-dd84f2c28d2a.tonicFine,.tonicfine,25
Hindustani,6f13484e-6fdd-402d-baf3-3835835454d0/Kaivalyakumar_Gurav/Kaivalyakumar_Vocal_Classical/Miyan_Ki_Todi_8bbf423e-c4ea-43b8-b496-dd84f2c28d2a.pitch,Miyan_Ki_Todi_8bbf423e-c4ea-43b8-b496-dd84f2c28d2a.pitch,.pitch,9416580
Hindustani,6f13484e-6fdd-402d-baf3-3835835454d0/Amir_Khan/Taskeen_(Vol__2)/Raga_Todi_da623ecf-5590-4fc6-8d6d-d1f396d5021d.tonicFine,Raga_Todi_da623ecf-5590-4fc6-8d6d-d1f396d5021d.tonicFine,.tonicfine,25
Hindustani,6f13484e-6fdd-402d-baf3-3835835454d0/Amir_Khan/Taskeen_(Vol__2)/Raga_Todi_da623ecf-5590-4fc6-8d6d-d1f396d5021d.pitch,Raga_Todi_da623ecf-5590-4fc6-8d6d-d1f396d5021d.pitch,.pitch,8836604
Hindustani,6f13484e-6fdd-402d-baf3-3835835454d0/Amir_Khan/Taskeen_(Vol__2)/Raga_Todi_da623ecf-5590-4fc6-8d6d-d1f396d5021d.tonic,Raga_Todi_da623ecf-5590-4fc6-8d6d-d1f396d5021d.tonic,.tonic,11
Hindustani,6f13484e-6fdd-402d-baf3-3835835454d0/Amir_Khan/Taskeen_(Vol__2)/Raga_Todi_da623ecf-5590-4fc6-8d6d-d1f396d5021d.pitchSilIntrpPP,Raga_Todi_da623ecf-5590-4fc6-8d6d-d1f396d5021d.pitchSilIntrpPP,.pitchsilintrppp,18613700
Hindustani,6f13484e-6fdd-402d-baf3-3835835454d0/Amir_Khan/Taskeen_(Vol__2)/Raga_Todi_da623ecf-5590-4fc6-8d6d-d1f396d5021d.taniSegKNN,Raga_Todi_da623ecf-5590-4fc6-8d6d-d1f396d5021d.taniSegKNN,.tanisegknn,0
Hindustani,6f13484e-6fdd-402d-baf3-3835835454d0/Amir_Khan/Taskeen_(Vol__2)/Raga_Todi_da623ecf-5590-4fc6-8d6d-d1f396d5021d.flatSegNyas,Raga_Todi_da623ecf-5590-4fc6-8d6d-d1f396d5021d.flatSegNyas,.flatsegnyas,24482
Hindustani,6f13484e-6fdd-402d-baf3-3835835454d0/Prabha_Atre/Amrut_Prabha/Raag_Miyan_Ki_Todi_b3dba394-97c1-4fa3-a291-0805fc642e0a.flatSegNyas,Raag_Miyan_Ki_Todi_b3dba394-97c1-4fa3-a291-0805fc642e0a.flatSegNyas,.flatsegnyas,27446
Hindustani,6f13484e-6fdd-402d-baf3-3835835454d0/Prabha_Atre/Amrut_Prabha/Raag_Miyan_Ki_Todi_b3dba394-97c1-4fa3-a291-0805fc642e0a.pitchSilIntrpPP,Raag_Miyan_Ki_Todi_b3dba394-97c1-4fa3-a291-0805fc642e0a.pitchSilIntrpPP,.pitchsilintrppp,17716200
Hindustani,6f13484e-6fdd-402d-baf3-3835835454d0/Prabha_Atre/Amrut_Prabha/Raag_Miyan_Ki_Todi_b3dba394-97c1-4fa3-a291-0805fc642e0a.tonicFine,Raag_Miyan_Ki_Todi_b3dba394-97c1-4fa3-a291-0805fc642e0a.tonicFine,.tonicfine,25
Hindustani,6f13484e-6fdd-402d-baf3-3835835454d0/Prabha_Atre/Amrut_Prabha/Raag_Miyan_Ki_Todi_b3dba394-97c1-4fa3-a291-0805fc642e0a.taniSegKNN,Raag_Miyan_Ki_Todi_b3dba394-97c1-4fa3-a291-0805fc642e0a.taniSegKNN,.tanisegknn,0
Hindustani,6f13484e-6fdd-402d-baf3-3835835454d0/Prabha_Atre/Amrut_Prabha/Raag_Miyan_Ki_Todi_b3dba394-97c1-4fa3-a291-0805fc642e0a.pitch,Raag_Miyan_Ki_Todi_b3dba394-97c1-4fa3-a291-0805fc642e0a.pitch,.pitch,8432884
Hindustani,6f13484e-6fdd-402d-baf3-3835835454d0/Prabha_Atre/Amrut_Prabha/Raag_Miyan_Ki_Todi_b3dba394-97c1-4fa3-a291-0805fc642e0a.tonic,Raag_Miyan_Ki_Todi_b3dba394-97c1-4fa3-a291-0805fc642e0a.tonic,.tonic,11
Hindustani,6f13484e-6fdd-402d-baf3-3835835454d0/Kumar_Gandharva/Raag_Todi/Raag_Todi_3f162361-c4fa-46f9-bc56-58242d978449.taniSegKNN,Raag_Todi_3f162361-c4fa-46f9-bc56-58242d978449.taniSegKNN,.tanisegknn,0
Hindustani,6f13484e-6fdd-402d-baf3-3835835454d0/Kumar_Gandharva/Raag_Todi/Raag_Todi_3f162361-c4fa-46f9-bc56-58242d978449.pitch,Raag_Todi_3f162361-c4fa-46f9-bc56-58242d978449.pitch,.pitch,23316400
Hindustani,6f13484e-6fdd-402d-baf3-3835835454d0/Kumar_Gandharva/Raag_Todi/Raag_Todi_3f162361-c4fa-46f9-bc56-58242d978449.pitchSilIntrpPP,Raag_Todi_3f162361-c4fa-46f9-bc56-58242d978449.pitchSilIntrpPP,.pitchsilintrppp,47989100
Hindustani,6f13484e-6fdd-402d-baf3-3835835454d0/Kumar_Gandharva/Raag_Todi/Raag_Todi_3f162361-c4fa-46f9-bc56-58242d978449.flatSegNyas,Raag_Todi_3f162361-c4fa-46f9-bc56-58242d978449.flatSegNyas,.flatsegnyas,66386
Hindustani,6f13484e-6fdd-402d-baf3-3835835454d0/Kumar_Gandharva/Raag_Todi/Raag_Todi_3f162361-c4fa-46f9-bc56-58242d978449.tonicFine,Raag_Todi_3f162361-c4fa-46f9-bc56-58242d978449.tonicFine,.tonicfine,25
Hindustani,6f13484e-6fdd-402d-baf3-3835835454d0/Kumar_Gandharva/Raag_Todi/Raag_Todi_3f162361-c4fa-46f9-bc56-58242d978449.tonic,Raag_Todi_3f162361-c4fa-46f9-bc56-58242d978449.tonic,.tonic,11
Hindustani,6f13484e-6fdd-402d-baf3-3835835454d0/Veena_Sahasrabuddhe/Tribute_To_Miyan_Tansen_Vol-1/Barkha_ki_Ritu_Aai_and_Sanch_Sanch_Ki_Je_7a91131b-210d-45b1-a056-e12dd578cc68.pitchSilIntrpPP,Barkha_ki_Ritu_Aai_and_Sanch_Sanch_Ki_Je_7a91131b-210d-45b1-a056-e12dd578cc68.pitchSilIntrpPP,.pitchsilintrppp,19824000
Hindustani,6f13484e-6fdd-402d-baf3-3835835454d0/Veena_Sahasrabuddhe/Tribute_To_Miyan_Tansen_Vol-1/Barkha_ki_Ritu_Aai_and_Sanch_Sanch_Ki_Je_7a91131b-210d-45b1-a056-e12dd578cc68.pitch,Barkha_ki_Ritu_Aai_and_Sanch_Sanch_Ki_Je_7a91131b-210d-45b1-a056-e12dd578cc68.pitch,.pitch,9479104
Hindustani,6f13484e-6fdd-402d-baf3-3835835454d0/Veena_Sahasrabuddhe/Tribute_To_Miyan_Tansen_Vol-1/Barkha_ki_Ritu_Aai_and_Sanch_Sanch_Ki_Je_7a91131b-210d-45b1-a056-e12dd578cc68.taniSegKNN,Barkha_ki_Ritu_Aai_and_Sanch_Sanch_Ki_Je_7a91131b-210d-45b1-a056-e12dd578cc68.taniSegKNN,.tanisegknn,0
Hindustani,6f13484e-6fdd-402d-baf3-3835835454d0/Veena_Sahasrabuddhe/Tribute_To_Miyan_Tansen_Vol-1/Barkha_ki_Ritu_Aai_and_Sanch_Sanch_Ki_Je_7a91131b-210d-45b1-a056-e12dd578cc68.tonic,Barkha_ki_Ritu_Aai_and_Sanch_Sanch_Ki_Je_7a91131b-210d-45b1-a056-e12dd578cc68.tonic,.tonic,11
Hindustani,6f13484e-6fdd-402d-baf3-3835835454d0/Veena_Sahasrabuddhe/Tribute_To_Miyan_Tansen_Vol-1/Barkha_ki_Ritu_Aai_and_Sanch_Sanch_Ki_Je_7a91131b-210d-45b1-a056-e12dd578cc68.tonicFine,Barkha_ki_Ritu_Aai_and_Sanch_Sanch_Ki_Je_7a91131b-210d-45b1-a056-e12dd578cc68.tonicFine,.tonicfine,25
Hindustani,6f13484e-6fdd-402d-baf3-3835835454d0/Veena_Sahasrabuddhe/Tribute_To_Miyan_Tansen_Vol-1/Barkha_ki_Ritu_Aai_and_Sanch_Sanch_Ki_Je_7a91131b-210d-45b1-a056-e12dd578cc68.flatSegNyas,Barkha_ki_Ritu_Aai_and_Sanch_Sanch_Ki_Je_7a91131b-210d-45b1-a056-e12dd578cc68.flatSegNyas,.flatsegnyas,27684
Hindustani,62b79291-73b0-4c77-a353-0f8bc6ed8362/Abdul_Rashid_Khan/Rasan_Piya_-_Volume_1/Haare_-Haare_Haare_Piya_-_Desh_39f429c9-ee16-414d-b8d0-fbf1d0bc6e79.flatSegNyas,Haare_-Haare_Haare_Piya_-_Desh_39f429c9-ee16-414d-b8d0-fbf1d0bc6e79.flatSegNyas,.flatsegnyas,11282
Hindustani,62b79291-73b0-4c77-a353-0f8bc6ed8362/Abdul_Rashid_Khan/Rasan_Piya_-_Volume_1/Haare_-Haare_Haare_Piya_-_Desh_39f429c9-ee16-414d-b8d0-fbf1d0bc6e79.taniSegKNN,Haare_-Haare_Haare_Piya_-_Desh_39f429c9-ee16-414d-b8d0-fbf1d0bc6e79.taniSegKNN,.tanisegknn,0
Hindustani,62b79291-73b0-4c77-a353-0f8bc6ed8362/Abdul_Rashid_Khan/Rasan_Piya_-_Volume_1/Haare_-Haare_Haare_Piya_-_Desh_39f429c9-ee16-414d-b8d0-fbf1d0bc6e79.tonic,Haare_-Haare_Haare_Piya_-_Desh_39f429c9-ee16-414d-b8d0-fbf1d0bc6e79.tonic,.tonic,11
Hindustani,62b79291-73b0-4c77-a353-0f8bc6ed8362/Abdul_Rashid_Khan/Rasan_Piya_-_Volume_1/Haare_-Haare_Haare_Piya_-_Desh_39f429c9-ee16-414d-b8d0-fbf1d0bc6e79.pitch,Haare_-Haare_Haare_Piya_-_Desh_39f429c9-ee16-414d-b8d0-fbf1d0bc6e79.pitch,.pitch,3195569
Hindustani,62b79291-73b0-4c77-a353-0f8bc6ed8362/Abdul_Rashid_Khan/Rasan_Piya_-_Volume_1/Haare_-Haare_Haare_Piya_-_Desh_39f429c9-ee16-414d-b8d0-fbf1d0bc6e79.pitchSilIntrpPP,Haare_-Haare_Haare_Piya_-_Desh_39f429c9-ee16-414d-b8d0-fbf1d0bc6e79.pitchSilIntrpPP,.pitchsilintrppp,6875350
Hindustani,62b79291-73b0-4c77-a353-0f8bc6ed8362/Abdul_Rashid_Khan/Rasan_Piya_-_Volume_1/Haare_-Haare_Haare_Piya_-_Desh_39f429c9-ee16-414d-b8d0-fbf1d0bc6e79.tonicFine,Haare_-Haare_Haare_Piya_-_Desh_39f429c9-ee16-414d-b8d0-fbf1d0bc6e79.tonicFine,.tonicfine,25
Hindustani,62b79291-73b0-4c77-a353-0f8bc6ed8362/Abdul_Rashid_Khan/Rasan_Piya_-_Volume_3/Nanadiya_Tora_Bhavan_Na_Bhave_a5381523-347b-47bc-8645-a95d24a9a666.pitch,Nanadiya_Tora_Bhavan_Na_Bhave_a5381523-347b-47bc-8645-a95d24a9a666.pitch,.pitch,9670069
Hindustani,62b79291-73b0-4c77-a353-0f8bc6ed8362/Abdul_Rashid_Khan/Rasan_Piya_-_Volume_3/Saiya_More_Savari_Surat_Man_Baso_Re_2a853a15-4376-4a0a-8b3f-7a55d652f464.taniSegKNN,Saiya_More_Savari_Surat_Man_Baso_Re_2a853a15-4376-4a0a-8b3f-7a55d652f464.taniSegKNN,.tanisegknn,0
Hindustani,62b79291-73b0-4c77-a353-0f8bc6ed8362/Abdul_Rashid_Khan/Rasan_Piya_-_Volume_3/Garajat_Baadar_Chaunk_Pari_Mai_f0de74aa-416f-4da7-b2d8-c02cd6da978e.pitchSilIntrpPP,Garajat_Baadar_Chaunk_Pari_Mai_f0de74aa-416f-4da7-b2d8-c02cd6da978e.pitchSilIntrpPP,.pitchsilintrppp,7417250
Hindustani,62b79291-73b0-4c77-a353-0f8bc6ed8362/Abdul_Rashid_Khan/Rasan_Piya_-_Volume_3/Nanadiya_Tora_Bhavan_Na_Bhave_a5381523-347b-47bc-8645-a95d24a9a666.flatSegNyas,Nanadiya_Tora_Bhavan_Na_Bhave_a5381523-347b-47bc-8645-a95d24a9a666.flatSegNyas,.flatsegnyas,28587
Hindustani,62b79291-73b0-4c77-a353-0f8bc6ed8362/Abdul_Rashid_Khan/Rasan_Piya_-_Volume_3/Nanadiya_Tora_Bhavan_Na_Bhave_a5381523-347b-47bc-8645-a95d24a9a666.taniSegKNN,Nanadiya_Tora_Bhavan_Na_Bhave_a5381523-347b-47bc-8645-a95d24a9a666.taniSegKNN,.tanisegknn,0
Hindustani,62b79291-73b0-4c77-a353-0f8bc6ed8362/Abdul_Rashid_Khan/Rasan_Piya_-_Volume_3/Garajat_Baadar_Chaunk_Pari_Mai_f0de74aa-416f-4da7-b2d8-c02cd6da978e.taniSegKNN,Garajat_Baadar_Chaunk_Pari_Mai_f0de74aa-416f-4da7-b2d8-c02cd6da978e.taniSegKNN,.tanisegknn,0
Hindustani,62b79291-73b0-4c77-a353-0f8bc6ed8362/Abdul_Rashid_Khan/Rasan_Piya_-_Volume_3/Garajat_Baadar_Chaunk_Pari_Mai_f0de74aa-416f-4da7-b2d8-c02cd6da978e.pitch,Garajat_Baadar_Chaunk_Pari_Mai_f0de74aa-416f-4da7-b2d8-c02cd6da978e.pitch,.pitch,3446715
Hindustani,62b79291-73b0-4c77-a353-0f8bc6ed8362/Abdul_Rashid_Khan/Rasan_Piya_-_Volume_3/Saiya_More_Savari_Surat_Man_Baso_Re_2a853a15-4376-4a0a-8b3f-7a55d652f464.pitch,Saiya_More_Savari_Surat_Man_Baso_Re_2a853a15-4376-4a0a-8b3f-7a55d652f464.pitch,.pitch,3276104
Hindustani,62b79291-73b0-4c77-a353-0f8bc6ed8362/Abdul_Rashid_Khan/Rasan_Piya_-_Volume_3/Saiya_More_Savari_Surat_Man_Baso_Re_2a853a15-4376-4a0a-8b3f-7a55d652f464.pitchSilIntrpPP,Saiya_More_Savari_Surat_Man_Baso_Re_2a853a15-4376-4a0a-8b3f-7a55d652f464.pitchSilIntrpPP,.pitchsilintrppp,7033450
Hindustani,62b79291-73b0-4c77-a353-0f8bc6ed8362/Abdul_Rashid_Khan/Rasan_Piya_-_Volume_3/Nanadiya_Tora_Bhavan_Na_Bhave_a5381523-347b-47bc-8645-a95d24a9a666.tonic,Nanadiya_Tora_Bhavan_Na_Bhave_a5381523-347b-47bc-8645-a95d24a9a666.tonic,.tonic,11
Hindustani,62b79291-73b0-4c77-a353-0f8bc6ed8362/Abdul_Rashid_Khan/Rasan_Piya_-_Volume_3/Nanadiya_Tora_Bhavan_Na_Bhave_a5381523-347b-47bc-8645-a95d24a9a666.tonicFine,Nanadiya_Tora_Bhavan_Na_Bhave_a5381523-347b-47bc-8645-a95d24a9a666.tonicFine,.tonicfine,25
Hindustani,62b79291-73b0-4c77-a353-0f8bc6ed8362/Abdul_Rashid_Khan/Rasan_Piya_-_Volume_3/Saiya_More_Savari_Surat_Man_Baso_Re_2a853a15-4376-4a0a-8b3f-7a55d652f464.tonicFine,Saiya_More_Savari_Surat_Man_Baso_Re_2a853a15-4376-4a0a-8b3f-7a55d652f464.tonicFine,.tonicfine,25
Hindustani,62b79291-73b0-4c77-a353-0f8bc6ed8362/Abdul_Rashid_Khan/Rasan_Piya_-_Volume_3/Saiya_More_Savari_Surat_Man_Baso_Re_2a853a15-4376-4a0a-8b3f-7a55d652f464.tonic,Saiya_More_Savari_Surat_Man_Baso_Re_2a853a15-4376-4a0a-8b3f-7a55d652f464.tonic,.tonic,11
Hindustani,62b79291-73b0-4c77-a353-0f8bc6ed8362/Abdul_Rashid_Khan/Rasan_Piya_-_Volume_3/Garajat_Baadar_Chaunk_Pari_Mai_f0de74aa-416f-4da7-b2d8-c02cd6da978e.tonic,Garajat_Baadar_Chaunk_Pari_Mai_f0de74aa-416f-4da7-b2d8-c02cd6da978e.tonic,.tonic,11
Hindustani,62b79291-73b0-4c77-a353-0f8bc6ed8362/Abdul_Rashid_Khan/Rasan_Piya_-_Volume_3/Nanadiya_Tora_Bhavan_Na_Bhave_a5381523-347b-47bc-8645-a95d24a9a666.pitchSilIntrpPP,Nanadiya_Tora_Bhavan_Na_Bhave_a5381523-347b-47bc-8645-a95d24a9a666.pitchSilIntrpPP,.pitchsilintrppp,20258500
Hindustani,62b79291-73b0-4c77-a353-0f8bc6ed8362/Abdul_Rashid_Khan/Rasan_Piya_-_Volume_3/Garajat_Baadar_Chaunk_Pari_Mai_f0de74aa-416f-4da7-b2d8-c02cd6da978e.tonicFine,Garajat_Baadar_Chaunk_Pari_Mai_f0de74aa-416f-4da7-b2d8-c02cd6da978e.tonicFine,.tonicfine,25
Hindustani,62b79291-73b0-4c77-a353-0f8bc6ed8362/Abdul_Rashid_Khan/Rasan_Piya_-_Volume_3/Garajat_Baadar_Chaunk_Pari_Mai_f0de74aa-416f-4da7-b2d8-c02cd6da978e.flatSegNyas,Garajat_Baadar_Chaunk_Pari_Mai_f0de74aa-416f-4da7-b2d8-c02cd6da978e.flatSegNyas,.flatsegnyas,10939
Hindustani,62b79291-73b0-4c77-a353-0f8bc6ed8362/Abdul_Rashid_Khan/Rasan_Piya_-_Volume_3/Saiya_More_Savari_Surat_Man_Baso_Re_2a853a15-4376-4a0a-8b3f-7a55d652f464.flatSegNyas,Saiya_More_Savari_Surat_Man_Baso_Re_2a853a15-4376-4a0a-8b3f-7a55d652f464.flatSegNyas,.flatsegnyas,10928
Hindustani,62b79291-73b0-4c77-a353-0f8bc6ed8362/Rashid_Khan/Live_At_Sunny_Towers_Vol-2/Karam_Kara_Dije_695a5b9b-fdbe-4a02-914f-b40f46df4367.tonic,Karam_Kara_Dije_695a5b9b-fdbe-4a02-914f-b40f46df4367.tonic,.tonic,11
Hindustani,62b79291-73b0-4c77-a353-0f8bc6ed8362/Rashid_Khan/Live_At_Sunny_Towers_Vol-2/Karam_Kara_Dije_695a5b9b-fdbe-4a02-914f-b40f46df4367.pitch,Karam_Kara_Dije_695a5b9b-fdbe-4a02-914f-b40f46df4367.pitch,.pitch,5897678
Hindustani,62b79291-73b0-4c77-a353-0f8bc6ed8362/Rashid_Khan/Live_At_Sunny_Towers_Vol-2/Karam_Kara_Dije_695a5b9b-fdbe-4a02-914f-b40f46df4367.taniSegKNN,Karam_Kara_Dije_695a5b9b-fdbe-4a02-914f-b40f46df4367.taniSegKNN,.tanisegknn,0
Hindustani,62b79291-73b0-4c77-a353-0f8bc6ed8362/Rashid_Khan/Live_At_Sunny_Towers_Vol-2/Karam_Kara_Dije_695a5b9b-fdbe-4a02-914f-b40f46df4367.tonicFine,Karam_Kara_Dije_695a5b9b-fdbe-4a02-914f-b40f46df4367.tonicFine,.tonicfine,25
Hindustani,62b79291-73b0-4c77-a353-0f8bc6ed8362/Rashid_Khan/Live_At_Sunny_Towers_Vol-2/Karam_Kara_Dije_695a5b9b-fdbe-4a02-914f-b40f46df4367.pitchSilIntrpPP,Karam_Kara_Dije_695a5b9b-fdbe-4a02-914f-b40f46df4367.pitchSilIntrpPP,.pitchsilintrppp,12480450
Hindustani,62b79291-73b0-4c77-a353-0f8bc6ed8362/Rashid_Khan/Live_At_Sunny_Towers_Vol-2/Karam_Kara_Dije_695a5b9b-fdbe-4a02-914f-b40f46df4367.flatSegNyas,Karam_Kara_Dije_695a5b9b-fdbe-4a02-914f-b40f46df4367.flatSegNyas,.flatsegnyas,20365
Hindustani,62b79291-73b0-4c77-a353-0f8bc6ed8362/Rashid_Khan/Vocal/Raga_Desh_c7073b30-cb25-4ed4-a2f3-9d75fe9cd1e8.tonicFine,Raga_Desh_c7073b30-cb25-4ed4-a2f3-9d75fe9cd1e8.tonicFine,.tonicfine,25
Hindustani,62b79291-73b0-4c77-a353-0f8bc6ed8362/Rashid_Khan/Vocal/Raga_Desh_b97c32e5-f9ab-465d-b651-681016323409.flatSegNyas,Raga_Desh_b97c32e5-f9ab-465d-b651-681016323409.flatSegNyas,.flatsegnyas,10424
Hindustani,62b79291-73b0-4c77-a353-0f8bc6ed8362/Rashid_Khan/Vocal/Raga_Desh_b97c32e5-f9ab-465d-b651-681016323409.taniSegKNN,Raga_Desh_b97c32e5-f9ab-465d-b651-681016323409.taniSegKNN,.tanisegknn,0
Hindustani,62b79291-73b0-4c77-a353-0f8bc6ed8362/Rashid_Khan/Vocal/Raga_Desh_b97c32e5-f9ab-465d-b651-681016323409.tonic,Raga_Desh_b97c32e5-f9ab-465d-b651-681016323409.tonic,.tonic,11
Hindustani,62b79291-73b0-4c77-a353-0f8bc6ed8362/Rashid_Khan/Vocal/Raga_Desh_c7073b30-cb25-4ed4-a2f3-9d75fe9cd1e8.tonic,Raga_Desh_c7073b30-cb25-4ed4-a2f3-9d75fe9cd1e8.tonic,.tonic,11
Hindustani,62b79291-73b0-4c77-a353-0f8bc6ed8362/Rashid_Khan/Vocal/Raga_Desh_c7073b30-cb25-4ed4-a2f3-9d75fe9cd1e8.pitchSilIntrpPP,Raga_Desh_c7073b30-cb25-4ed4-a2f3-9d75fe9cd1e8.pitchSilIntrpPP,.pitchsilintrppp,9857300
Hindustani,62b79291-73b0-4c77-a353-0f8bc6ed8362/Rashid_Khan/Vocal/Raga_Desh_b97c32e5-f9ab-465d-b651-681016323409.pitch,Raga_Desh_b97c32e5-f9ab-465d-b651-681016323409.pitch,.pitch,2855070
Hindustani,62b79291-73b0-4c77-a353-0f8bc6ed8362/Rashid_Khan/Vocal/Raga_Desh_b97c32e5-f9ab-465d-b651-681016323409.tonicFine,Raga_Desh_b97c32e5-f9ab-465d-b651-681016323409.tonicFine,.tonicfine,25
Hindustani,62b79291-73b0-4c77-a353-0f8bc6ed8362/Rashid_Khan/Vocal/Raga_Desh_b97c32e5-f9ab-465d-b651-681016323409.pitchSilIntrpPP,Raga_Desh_b97c32e5-f9ab-465d-b651-681016323409.pitchSilIntrpPP,.pitchsilintrppp,6125050
Hindustani,62b79291-73b0-4c77-a353-0f8bc6ed8362/Rashid_Khan/Vocal/Raga_Desh_c7073b30-cb25-4ed4-a2f3-9d75fe9cd1e8.pitch,Raga_Desh_c7073b30-cb25-4ed4-a2f3-9d75fe9cd1e8.pitch,.pitch,4595475
Hindustani,62b79291-73b0-4c77-a353-0f8bc6ed8362/Rashid_Khan/Vocal/Raga_Desh_c7073b30-cb25-4ed4-a2f3-9d75fe9cd1e8.flatSegNyas,Raga_Desh_c7073b30-cb25-4ed4-a2f3-9d75fe9cd1e8.flatSegNyas,.flatsegnyas,16848
Hindustani,62b79291-73b0-4c77-a353-0f8bc6ed8362/Rashid_Khan/Vocal/Raga_Desh_c7073b30-cb25-4ed4-a2f3-9d75fe9cd1e8.taniSegKNN,Raga_Desh_c7073b30-cb25-4ed4-a2f3-9d75fe9cd1e8.taniSegKNN,.tanisegknn,0
Hindustani,62b79291-73b0-4c77-a353-0f8bc6ed8362/Ulhas_Kashalkar/Khayalnuma/Des_c8724201-ecfd-44be-af53-5f436564d062.pitchSilIntrpPP,Des_c8724201-ecfd-44be-af53-5f436564d062.pitchSilIntrpPP,.pitchsilintrppp,4653900
Hindustani,62b79291-73b0-4c77-a353-0f8bc6ed8362/Ulhas_Kashalkar/Khayalnuma/Des_c8724201-ecfd-44be-af53-5f436564d062.pitch,Des_c8724201-ecfd-44be-af53-5f436564d062.pitch,.pitch,2166154
Hindustani,62b79291-73b0-4c77-a353-0f8bc6ed8362/Ulhas_Kashalkar/Khayalnuma/Des_c8724201-ecfd-44be-af53-5f436564d062.tonic,Des_c8724201-ecfd-44be-af53-5f436564d062.tonic,.tonic,9
Hindustani,62b79291-73b0-4c77-a353-0f8bc6ed8362/Ulhas_Kashalkar/Khayalnuma/Des_c8724201-ecfd-44be-af53-5f436564d062.taniSegKNN,Des_c8724201-ecfd-44be-af53-5f436564d062.taniSegKNN,.tanisegknn,0
Hindustani,62b79291-73b0-4c77-a353-0f8bc6ed8362/Ulhas_Kashalkar/Khayalnuma/Des_c8724201-ecfd-44be-af53-5f436564d062.flatSegNyas,Des_c8724201-ecfd-44be-af53-5f436564d062.flatSegNyas,.flatsegnyas,7214
Hindustani,62b79291-73b0-4c77-a353-0f8bc6ed8362/Ulhas_Kashalkar/Khayalnuma/Des_c8724201-ecfd-44be-af53-5f436564d062.tonicFine,Des_c8724201-ecfd-44be-af53-5f436564d062.tonicFine,.tonicfine,25
Hindustani,62b79291-73b0-4c77-a353-0f8bc6ed8362/Sanjeev_Abhyankar/Jiyaraa/Manwaa_Naahi_Laage_97a04401-5a5a-4951-9b94-cce8fbc302cf.pitchSilIntrpPP,Manwaa_Naahi_Laage_97a04401-5a5a-4951-9b94-cce8fbc302cf.pitchSilIntrpPP,.pitchsilintrppp,6298450
Hindustani,62b79291-73b0-4c77-a353-0f8bc6ed8362/Sanjeev_Abhyankar/Jiyaraa/Manwaa_Naahi_Laage_97a04401-5a5a-4951-9b94-cce8fbc302cf.pitch,Manwaa_Naahi_Laage_97a04401-5a5a-4951-9b94-cce8fbc302cf.pitch,.pitch,2924759
Hindustani,62b79291-73b0-4c77-a353-0f8bc6ed8362/Sanjeev_Abhyankar/Jiyaraa/Manwaa_Naahi_Laage_97a04401-5a5a-4951-9b94-cce8fbc302cf.tonic,Manwaa_Naahi_Laage_97a04401-5a5a-4951-9b94-cce8fbc302cf.tonic,.tonic,11
Hindustani,62b79291-73b0-4c77-a353-0f8bc6ed8362/Sanjeev_Abhyankar/Jiyaraa/Manwaa_Naahi_Laage_97a04401-5a5a-4951-9b94-cce8fbc302cf.taniSegKNN,Manwaa_Naahi_Laage_97a04401-5a5a-4951-9b94-cce8fbc302cf.taniSegKNN,.tanisegknn,0
Hindustani,62b79291-73b0-4c77-a353-0f8bc6ed8362/Sanjeev_Abhyankar/Jiyaraa/Manwaa_Naahi_Laage_97a04401-5a5a-4951-9b94-cce8fbc302cf.tonicFine,Manwaa_Naahi_Laage_97a04401-5a5a-4951-9b94-cce8fbc302cf.tonicFine,.tonicfine,25
Hindustani,62b79291-73b0-4c77-a353-0f8bc6ed8362/Sanjeev_Abhyankar/Jiyaraa/Manwaa_Naahi_Laage_97a04401-5a5a-4951-9b94-cce8fbc302cf.flatSegNyas,Manwaa_Naahi_Laage_97a04401-5a5a-4951-9b94-cce8fbc302cf.flatSegNyas,.flatsegnyas,10348
Hindustani,62b79291-73b0-4c77-a353-0f8bc6ed8362/Veena_Sahasrabuddhe/Ritu_Chakra_Vol__3/Raga_Desh_e3a55c80-653e-4587-aca9-bf6c7245c459.flatSegNyas,Raga_Desh_e3a55c80-653e-4587-aca9-bf6c7245c459.flatSegNyas,.flatsegnyas,12745
Hindustani,62b79291-73b0-4c77-a353-0f8bc6ed8362/Veena_Sahasrabuddhe/Ritu_Chakra_Vol__3/Raga_Desh_e3a55c80-653e-4587-aca9-bf6c7245c459.tonic,Raga_Desh_e3a55c80-653e-4587-aca9-bf6c7245c459.tonic,.tonic,11
Hindustani,62b79291-73b0-4c77-a353-0f8bc6ed8362/Veena_Sahasrabuddhe/Ritu_Chakra_Vol__3/Raga_Desh_e3a55c80-653e-4587-aca9-bf6c7245c459.tonicFine,Raga_Desh_e3a55c80-653e-4587-aca9-bf6c7245c459.tonicFine,.tonicfine,25
Hindustani,62b79291-73b0-4c77-a353-0f8bc6ed8362/Veena_Sahasrabuddhe/Ritu_Chakra_Vol__3/Raga_Desh_e3a55c80-653e-4587-aca9-bf6c7245c459.taniSegKNN,Raga_Desh_e3a55c80-653e-4587-aca9-bf6c7245c459.taniSegKNN,.tanisegknn,0
Hindustani,62b79291-73b0-4c77-a353-0f8bc6ed8362/Veena_Sahasrabuddhe/Ritu_Chakra_Vol__3/Raga_Desh_e3a55c80-653e-4587-aca9-bf6c7245c459.pitch,Raga_Desh_e3a55c80-653e-4587-aca9-bf6c7245c459.pitch,.pitch,3586155
Hindustani,62b79291-73b0-4c77-a353-0f8bc6ed8362/Veena_Sahasrabuddhe/Ritu_Chakra_Vol__3/Raga_Desh_e3a55c80-653e-4587-aca9-bf6c7245c459.pitchSilIntrpPP,Raga_Desh_e3a55c80-653e-4587-aca9-bf6c7245c459.pitchSilIntrpPP,.pitchsilintrppp,7670400
Hindustani,93c73081-bdf8-4eca-b325-d736b71e9b4b/Abdul_Rashid_Khan/Rasan_Piya_-_Volume_1/Chanchal_Chatur_Nodar_Kanhale_-_Khamaj_5c3bd389-696a-4ffd-93af-94b68343e9b7.taniSegKNN,Chanchal_Chatur_Nodar_Kanhale_-_Khamaj_5c3bd389-696a-4ffd-93af-94b68343e9b7.taniSegKNN,.tanisegknn,0
Hindustani,93c73081-bdf8-4eca-b325-d736b71e9b4b/Abdul_Rashid_Khan/Rasan_Piya_-_Volume_1/Chanchal_Chatur_Nodar_Kanhale_-_Khamaj_5c3bd389-696a-4ffd-93af-94b68343e9b7.flatSegNyas,Chanchal_Chatur_Nodar_Kanhale_-_Khamaj_5c3bd389-696a-4ffd-93af-94b68343e9b7.flatSegNyas,.flatsegnyas,11206
Hindustani,93c73081-bdf8-4eca-b325-d736b71e9b4b/Abdul_Rashid_Khan/Rasan_Piya_-_Volume_1/Chanchal_Chatur_Nodar_Kanhale_-_Khamaj_5c3bd389-696a-4ffd-93af-94b68343e9b7.pitchSilIntrpPP,Chanchal_Chatur_Nodar_Kanhale_-_Khamaj_5c3bd389-696a-4ffd-93af-94b68343e9b7.pitchSilIntrpPP,.pitchsilintrppp,6287000
Hindustani,93c73081-bdf8-4eca-b325-d736b71e9b4b/Abdul_Rashid_Khan/Rasan_Piya_-_Volume_1/Chanchal_Chatur_Nodar_Kanhale_-_Khamaj_5c3bd389-696a-4ffd-93af-94b68343e9b7.tonicFine,Chanchal_Chatur_Nodar_Kanhale_-_Khamaj_5c3bd389-696a-4ffd-93af-94b68343e9b7.tonicFine,.tonicfine,25
Hindustani,93c73081-bdf8-4eca-b325-d736b71e9b4b/Abdul_Rashid_Khan/Rasan_Piya_-_Volume_1/Chanchal_Chatur_Nodar_Kanhale_-_Khamaj_5c3bd389-696a-4ffd-93af-94b68343e9b7.tonic,Chanchal_Chatur_Nodar_Kanhale_-_Khamaj_5c3bd389-696a-4ffd-93af-94b68343e9b7.tonic,.tonic,11
Hindustani,93c73081-bdf8-4eca-b325-d736b71e9b4b/Abdul_Rashid_Khan/Rasan_Piya_-_Volume_1/Chanchal_Chatur_Nodar_Kanhale_-_Khamaj_5c3bd389-696a-4ffd-93af-94b68343e9b7.pitch,Chanchal_Chatur_Nodar_Kanhale_-_Khamaj_5c3bd389-696a-4ffd-93af-94b68343e9b7.pitch,.pitch,2925129
Hindustani,93c73081-bdf8-4eca-b325-d736b71e9b4b/Abdul_Rashid_Khan/Rasan_Piya_-_Volume_2/Laagun_Re_Junaiyan_Tere_Paiyan_eb7fce60-8232-44ee-ad0a-571bb15003fb.tonicFine,Laagun_Re_Junaiyan_Tere_Paiyan_eb7fce60-8232-44ee-ad0a-571bb15003fb.tonicFine,.tonicfine,25
Hindustani,93c73081-bdf8-4eca-b325-d736b71e9b4b/Abdul_Rashid_Khan/Rasan_Piya_-_Volume_2/Dekho_Dekho_Aaj_Shyam_dcc4b6e9-15ef-4662-acbe-8666af8cbca5.pitchSilIntrpPP,Dekho_Dekho_Aaj_Shyam_dcc4b6e9-15ef-4662-acbe-8666af8cbca5.pitchSilIntrpPP,.pitchsilintrppp,4937800
Hindustani,93c73081-bdf8-4eca-b325-d736b71e9b4b/Abdul_Rashid_Khan/Rasan_Piya_-_Volume_2/Tair_Sunaye_Re_Papihara_b3f5d314-c817-41e1-b6a2-df3c260c8c63.pitchSilIntrpPP,Tair_Sunaye_Re_Papihara_b3f5d314-c817-41e1-b6a2-df3c260c8c63.pitchSilIntrpPP,.pitchsilintrppp,5812700
Hindustani,93c73081-bdf8-4eca-b325-d736b71e9b4b/Abdul_Rashid_Khan/Rasan_Piya_-_Volume_2/Dekho_Dekho_Aaj_Shyam_dcc4b6e9-15ef-4662-acbe-8666af8cbca5.tonicFine,Dekho_Dekho_Aaj_Shyam_dcc4b6e9-15ef-4662-acbe-8666af8cbca5.tonicFine,.tonicfine,25
Hindustani,93c73081-bdf8-4eca-b325-d736b71e9b4b/Abdul_Rashid_Khan/Rasan_Piya_-_Volume_2/Kab_Ghar_Aao_Piya_More_Paas_76f343ce-a0ce-40c0-89aa-969c75a8cec2.tonicFine,Kab_Ghar_Aao_Piya_More_Paas_76f343ce-a0ce-40c0-89aa-969c75a8cec2.tonicFine,.tonicfine,25
Hindustani,93c73081-bdf8-4eca-b325-d736b71e9b4b/Abdul_Rashid_Khan/Rasan_Piya_-_Volume_2/Laagun_Re_Junaiyan_Tere_Paiyan_eb7fce60-8232-44ee-ad0a-571bb15003fb.taniSegKNN,Laagun_Re_Junaiyan_Tere_Paiyan_eb7fce60-8232-44ee-ad0a-571bb15003fb.taniSegKNN,.tanisegknn,0
Hindustani,93c73081-bdf8-4eca-b325-d736b71e9b4b/Abdul_Rashid_Khan/Rasan_Piya_-_Volume_2/Dekho_Dekho_Aaj_Shyam_dcc4b6e9-15ef-4662-acbe-8666af8cbca5.pitch,Dekho_Dekho_Aaj_Shyam_dcc4b6e9-15ef-4662-acbe-8666af8cbca5.pitch,.pitch,2290633
Hindustani,93c73081-bdf8-4eca-b325-d736b71e9b4b/Abdul_Rashid_Khan/Rasan_Piya_-_Volume_2/Tair_Sunaye_Re_Papihara_b3f5d314-c817-41e1-b6a2-df3c260c8c63.flatSegNyas,Tair_Sunaye_Re_Papihara_b3f5d314-c817-41e1-b6a2-df3c260c8c63.flatSegNyas,.flatsegnyas,9332
Hindustani,93c73081-bdf8-4eca-b325-d736b71e9b4b/Abdul_Rashid_Khan/Rasan_Piya_-_Volume_2/Tair_Sunaye_Re_Papihara_b3f5d314-c817-41e1-b6a2-df3c260c8c63.tonic,Tair_Sunaye_Re_Papihara_b3f5d314-c817-41e1-b6a2-df3c260c8c63.tonic,.tonic,11
Hindustani,93c73081-bdf8-4eca-b325-d736b71e9b4b/Abdul_Rashid_Khan/Rasan_Piya_-_Volume_2/Kab_Ghar_Aao_Piya_More_Paas_76f343ce-a0ce-40c0-89aa-969c75a8cec2.pitchSilIntrpPP,Kab_Ghar_Aao_Piya_More_Paas_76f343ce-a0ce-40c0-89aa-969c75a8cec2.pitchSilIntrpPP,.pitchsilintrppp,17920750
Hindustani,93c73081-bdf8-4eca-b325-d736b71e9b4b/Abdul_Rashid_Khan/Rasan_Piya_-_Volume_2/Kab_Ghar_Aao_Piya_More_Paas_76f343ce-a0ce-40c0-89aa-969c75a8cec2.flatSegNyas,Kab_Ghar_Aao_Piya_More_Paas_76f343ce-a0ce-40c0-89aa-969c75a8cec2.flatSegNyas,.flatsegnyas,28486
Hindustani,93c73081-bdf8-4eca-b325-d736b71e9b4b/Abdul_Rashid_Khan/Rasan_Piya_-_Volume_2/Kab_Ghar_Aao_Piya_More_Paas_76f343ce-a0ce-40c0-89aa-969c75a8cec2.pitch,Kab_Ghar_Aao_Piya_More_Paas_76f343ce-a0ce-40c0-89aa-969c75a8cec2.pitch,.pitch,8484151
Hindustani,93c73081-bdf8-4eca-b325-d736b71e9b4b/Abdul_Rashid_Khan/Rasan_Piya_-_Volume_2/Tair_Sunaye_Re_Papihara_b3f5d314-c817-41e1-b6a2-df3c260c8c63.tonicFine,Tair_Sunaye_Re_Papihara_b3f5d314-c817-41e1-b6a2-df3c260c8c63.tonicFine,.tonicfine,25
Hindustani,93c73081-bdf8-4eca-b325-d736b71e9b4b/Abdul_Rashid_Khan/Rasan_Piya_-_Volume_2/Laagun_Re_Junaiyan_Tere_Paiyan_eb7fce60-8232-44ee-ad0a-571bb15003fb.tonic,Laagun_Re_Junaiyan_Tere_Paiyan_eb7fce60-8232-44ee-ad0a-571bb15003fb.tonic,.tonic,11
Hindustani,93c73081-bdf8-4eca-b325-d736b71e9b4b/Abdul_Rashid_Khan/Rasan_Piya_-_Volume_2/Dekho_Dekho_Aaj_Shyam_dcc4b6e9-15ef-4662-acbe-8666af8cbca5.tonic,Dekho_Dekho_Aaj_Shyam_dcc4b6e9-15ef-4662-acbe-8666af8cbca5.tonic,.tonic,11
Hindustani,93c73081-bdf8-4eca-b325-d736b71e9b4b/Abdul_Rashid_Khan/Rasan_Piya_-_Volume_2/Laagun_Re_Junaiyan_Tere_Paiyan_eb7fce60-8232-44ee-ad0a-571bb15003fb.pitch,Laagun_Re_Junaiyan_Tere_Paiyan_eb7fce60-8232-44ee-ad0a-571bb15003fb.pitch,.pitch,2194409
Hindustani,93c73081-bdf8-4eca-b325-d736b71e9b4b/Abdul_Rashid_Khan/Rasan_Piya_-_Volume_2/Kab_Ghar_Aao_Piya_More_Paas_76f343ce-a0ce-40c0-89aa-969c75a8cec2.taniSegKNN,Kab_Ghar_Aao_Piya_More_Paas_76f343ce-a0ce-40c0-89aa-969c75a8cec2.taniSegKNN,.tanisegknn,0
Hindustani,93c73081-bdf8-4eca-b325-d736b71e9b4b/Abdul_Rashid_Khan/Rasan_Piya_-_Volume_2/Tair_Sunaye_Re_Papihara_b3f5d314-c817-41e1-b6a2-df3c260c8c63.taniSegKNN,Tair_Sunaye_Re_Papihara_b3f5d314-c817-41e1-b6a2-df3c260c8c63.taniSegKNN,.tanisegknn,0
Hindustani,93c73081-bdf8-4eca-b325-d736b71e9b4b/Abdul_Rashid_Khan/Rasan_Piya_-_Volume_2/Tair_Sunaye_Re_Papihara_b3f5d314-c817-41e1-b6a2-df3c260c8c63.pitch,Tair_Sunaye_Re_Papihara_b3f5d314-c817-41e1-b6a2-df3c260c8c63.pitch,.pitch,2706060
Hindustani,93c73081-bdf8-4eca-b325-d736b71e9b4b/Abdul_Rashid_Khan/Rasan_Piya_-_Volume_2/Laagun_Re_Junaiyan_Tere_Paiyan_eb7fce60-8232-44ee-ad0a-571bb15003fb.pitchSilIntrpPP,Laagun_Re_Junaiyan_Tere_Paiyan_eb7fce60-8232-44ee-ad0a-571bb15003fb.pitchSilIntrpPP,.pitchsilintrppp,4719450
Hindustani,93c73081-bdf8-4eca-b325-d736b71e9b4b/Abdul_Rashid_Khan/Rasan_Piya_-_Volume_2/Laagun_Re_Junaiyan_Tere_Paiyan_eb7fce60-8232-44ee-ad0a-571bb15003fb.flatSegNyas,Laagun_Re_Junaiyan_Tere_Paiyan_eb7fce60-8232-44ee-ad0a-571bb15003fb.flatSegNyas,.flatsegnyas,9587
Hindustani,93c73081-bdf8-4eca-b325-d736b71e9b4b/Abdul_Rashid_Khan/Rasan_Piya_-_Volume_2/Dekho_Dekho_Aaj_Shyam_dcc4b6e9-15ef-4662-acbe-8666af8cbca5.taniSegKNN,Dekho_Dekho_Aaj_Shyam_dcc4b6e9-15ef-4662-acbe-8666af8cbca5.taniSegKNN,.tanisegknn,0
Hindustani,93c73081-bdf8-4eca-b325-d736b71e9b4b/Abdul_Rashid_Khan/Rasan_Piya_-_Volume_2/Dekho_Dekho_Aaj_Shyam_dcc4b6e9-15ef-4662-acbe-8666af8cbca5.flatSegNyas,Dekho_Dekho_Aaj_Shyam_dcc4b6e9-15ef-4662-acbe-8666af8cbca5.flatSegNyas,.flatsegnyas,7754
Hindustani,93c73081-bdf8-4eca-b325-d736b71e9b4b/Abdul_Rashid_Khan/Rasan_Piya_-_Volume_2/Kab_Ghar_Aao_Piya_More_Paas_76f343ce-a0ce-40c0-89aa-969c75a8cec2.tonic,Kab_Ghar_Aao_Piya_More_Paas_76f343ce-a0ce-40c0-89aa-969c75a8cec2.tonic,.tonic,11
Hindustani,"93c73081-bdf8-4eca-b325-d736b71e9b4b/Ajoy_Chakrabarty/Raag_Abhogi,_Rageshree___Khamaj/Raag_Khamaj_c556b631-111f-42e8-aa98-e02f0777be9e.tonicFine",Raag_Khamaj_c556b631-111f-42e8-aa98-e02f0777be9e.tonicFine,.tonicfine,25
Hindustani,"93c73081-bdf8-4eca-b325-d736b71e9b4b/Ajoy_Chakrabarty/Raag_Abhogi,_Rageshree___Khamaj/Raag_Khamaj_c556b631-111f-42e8-aa98-e02f0777be9e.taniSegKNN",Raag_Khamaj_c556b631-111f-42e8-aa98-e02f0777be9e.taniSegKNN,.tanisegknn,0
Hindustani,"93c73081-bdf8-4eca-b325-d736b71e9b4b/Ajoy_Chakrabarty/Raag_Abhogi,_Rageshree___Khamaj/Raag_Khamaj_c556b631-111f-42e8-aa98-e02f0777be9e.flatSegNyas",Raag_Khamaj_c556b631-111f-42e8-aa98-e02f0777be9e.flatSegNyas,.flatsegnyas,21740
Hindustani,"93c73081-bdf8-4eca-b325-d736b71e9b4b/Ajoy_Chakrabarty/Raag_Abhogi,_Rageshree___Khamaj/Raag_Khamaj_c556b631-111f-42e8-aa98-e02f0777be9e.pitch",Raag_Khamaj_c556b631-111f-42e8-aa98-e02f0777be9e.pitch,.pitch,6169115
Hindustani,"93c73081-bdf8-4eca-b325-d736b71e9b4b/Ajoy_Chakrabarty/Raag_Abhogi,_Rageshree___Khamaj/Raag_Khamaj_c556b631-111f-42e8-aa98-e02f0777be9e.tonic",Raag_Khamaj_c556b631-111f-42e8-aa98-e02f0777be9e.tonic,.tonic,10
Hindustani,"93c73081-bdf8-4eca-b325-d736b71e9b4b/Ajoy_Chakrabarty/Raag_Abhogi,_Rageshree___Khamaj/Raag_Khamaj_c556b631-111f-42e8-aa98-e02f0777be9e.pitchSilIntrpPP",Raag_Khamaj_c556b631-111f-42e8-aa98-e02f0777be9e.pitchSilIntrpPP,.pitchsilintrppp,13113200
Hindustani,93c73081-bdf8-4eca-b325-d736b71e9b4b/Ajoy_Chakrabarty/Ajoy_Chakrabarty-Vocal/Drut_Bandish_In_Tintal_9ce13d3a-f853-490c-a706-39283372eb0e.tonicFine,Drut_Bandish_In_Tintal_9ce13d3a-f853-490c-a706-39283372eb0e.tonicFine,.tonicfine,25
Hindustani,93c73081-bdf8-4eca-b325-d736b71e9b4b/Ajoy_Chakrabarty/Ajoy_Chakrabarty-Vocal/Drut_Bandish_In_Tintal_9ce13d3a-f853-490c-a706-39283372eb0e.tonic,Drut_Bandish_In_Tintal_9ce13d3a-f853-490c-a706-39283372eb0e.tonic,.tonic,11
Hindustani,93c73081-bdf8-4eca-b325-d736b71e9b4b/Ajoy_Chakrabarty/Ajoy_Chakrabarty-Vocal/Drut_Bandish_In_Tintal_b267996c-c857-4774-9cf6-5f7cec7413d7.flatSegNyas,Drut_Bandish_In_Tintal_b267996c-c857-4774-9cf6-5f7cec7413d7.flatSegNyas,.flatsegnyas,11948
Hindustani,93c73081-bdf8-4eca-b325-d736b71e9b4b/Ajoy_Chakrabarty/Ajoy_Chakrabarty-Vocal/Madhya_Bandish_In_Jhaptal_e0c1cf84-1bb3-4e8b-84d4-0f659976d576.tonic,Madhya_Bandish_In_Jhaptal_e0c1cf84-1bb3-4e8b-84d4-0f659976d576.tonic,.tonic,11
Hindustani,93c73081-bdf8-4eca-b325-d736b71e9b4b/Ajoy_Chakrabarty/Ajoy_Chakrabarty-Vocal/Drut_Bandish_In_Tintal_b267996c-c857-4774-9cf6-5f7cec7413d7.pitch,Drut_Bandish_In_Tintal_b267996c-c857-4774-9cf6-5f7cec7413d7.pitch,.pitch,3327077
Hindustani,93c73081-bdf8-4eca-b325-d736b71e9b4b/Ajoy_Chakrabarty/Ajoy_Chakrabarty-Vocal/Madhya_Bandish_In_Jhaptal_e0c1cf84-1bb3-4e8b-84d4-0f659976d576.taniSegKNN,Madhya_Bandish_In_Jhaptal_e0c1cf84-1bb3-4e8b-84d4-0f659976d576.taniSegKNN,.tanisegknn,0
Hindustani,93c73081-bdf8-4eca-b325-d736b71e9b4b/Ajoy_Chakrabarty/Ajoy_Chakrabarty-Vocal/Drut_Bandish_In_Tintal_9ce13d3a-f853-490c-a706-39283372eb0e.taniSegKNN,Drut_Bandish_In_Tintal_9ce13d3a-f853-490c-a706-39283372eb0e.taniSegKNN,.tanisegknn,0
Hindustani,93c73081-bdf8-4eca-b325-d736b71e9b4b/Ajoy_Chakrabarty/Ajoy_Chakrabarty-Vocal/Vilambit_Bandish_In_Ektal_88210cd2-6440-4868-b6aa-3aeb403b4feb.taniSegKNN,Vilambit_Bandish_In_Ektal_88210cd2-6440-4868-b6aa-3aeb403b4feb.taniSegKNN,.tanisegknn,0
Hindustani,93c73081-bdf8-4eca-b325-d736b71e9b4b/Ajoy_Chakrabarty/Ajoy_Chakrabarty-Vocal/Madhya_Bandish_In_Jhaptal_e0c1cf84-1bb3-4e8b-84d4-0f659976d576.pitch,Madhya_Bandish_In_Jhaptal_e0c1cf84-1bb3-4e8b-84d4-0f659976d576.pitch,.pitch,5679603
Hindustani,93c73081-bdf8-4eca-b325-d736b71e9b4b/Ajoy_Chakrabarty/Ajoy_Chakrabarty-Vocal/Drut_Bandish_In_Tintal_9ce13d3a-f853-490c-a706-39283372eb0e.pitch,Drut_Bandish_In_Tintal_9ce13d3a-f853-490c-a706-39283372eb0e.pitch,.pitch,3280469
Hindustani,93c73081-bdf8-4eca-b325-d736b71e9b4b/Ajoy_Chakrabarty/Ajoy_Chakrabarty-Vocal/Drut_Bandish_In_Tintal_b267996c-c857-4774-9cf6-5f7cec7413d7.pitchSilIntrpPP,Drut_Bandish_In_Tintal_b267996c-c857-4774-9cf6-5f7cec7413d7.pitchSilIntrpPP,.pitchsilintrppp,7192250
Hindustani,93c73081-bdf8-4eca-b325-d736b71e9b4b/Ajoy_Chakrabarty/Ajoy_Chakrabarty-Vocal/Drut_Bandish_In_Tintal_b267996c-c857-4774-9cf6-5f7cec7413d7.taniSegKNN,Drut_Bandish_In_Tintal_b267996c-c857-4774-9cf6-5f7cec7413d7.taniSegKNN,.tanisegknn,0
Hindustani,93c73081-bdf8-4eca-b325-d736b71e9b4b/Ajoy_Chakrabarty/Ajoy_Chakrabarty-Vocal/Madhya_Bandish_In_Jhaptal_e0c1cf84-1bb3-4e8b-84d4-0f659976d576.pitchSilIntrpPP,Madhya_Bandish_In_Jhaptal_e0c1cf84-1bb3-4e8b-84d4-0f659976d576.pitchSilIntrpPP,.pitchsilintrppp,12202150
Hindustani,93c73081-bdf8-4eca-b325-d736b71e9b4b/Ajoy_Chakrabarty/Ajoy_Chakrabarty-Vocal/Vilambit_Bandish_In_Ektal_88210cd2-6440-4868-b6aa-3aeb403b4feb.tonicFine,Vilambit_Bandish_In_Ektal_88210cd2-6440-4868-b6aa-3aeb403b4feb.tonicFine,.tonicfine,25
Hindustani,93c73081-bdf8-4eca-b325-d736b71e9b4b/Ajoy_Chakrabarty/Ajoy_Chakrabarty-Vocal/Drut_Bandish_In_Tintal_9ce13d3a-f853-490c-a706-39283372eb0e.flatSegNyas,Drut_Bandish_In_Tintal_9ce13d3a-f853-490c-a706-39283372eb0e.flatSegNyas,.flatsegnyas,12141
Hindustani,93c73081-bdf8-4eca-b325-d736b71e9b4b/Ajoy_Chakrabarty/Ajoy_Chakrabarty-Vocal/Vilambit_Bandish_In_Ektal_88210cd2-6440-4868-b6aa-3aeb403b4feb.pitchSilIntrpPP,Vilambit_Bandish_In_Ektal_88210cd2-6440-4868-b6aa-3aeb403b4feb.pitchSilIntrpPP,.pitchsilintrppp,22583400
Hindustani,93c73081-bdf8-4eca-b325-d736b71e9b4b/Ajoy_Chakrabarty/Ajoy_Chakrabarty-Vocal/Drut_Bandish_In_Tintal_b267996c-c857-4774-9cf6-5f7cec7413d7.tonic,Drut_Bandish_In_Tintal_b267996c-c857-4774-9cf6-5f7cec7413d7.tonic,.tonic,11
Hindustani,93c73081-bdf8-4eca-b325-d736b71e9b4b/Ajoy_Chakrabarty/Ajoy_Chakrabarty-Vocal/Vilambit_Bandish_In_Ektal_88210cd2-6440-4868-b6aa-3aeb403b4feb.pitch,Vilambit_Bandish_In_Ektal_88210cd2-6440-4868-b6aa-3aeb403b4feb.pitch,.pitch,10701169
Hindustani,93c73081-bdf8-4eca-b325-d736b71e9b4b/Ajoy_Chakrabarty/Ajoy_Chakrabarty-Vocal/Madhya_Bandish_In_Jhaptal_e0c1cf84-1bb3-4e8b-84d4-0f659976d576.tonicFine,Madhya_Bandish_In_Jhaptal_e0c1cf84-1bb3-4e8b-84d4-0f659976d576.tonicFine,.tonicfine,25
Hindustani,93c73081-bdf8-4eca-b325-d736b71e9b4b/Ajoy_Chakrabarty/Ajoy_Chakrabarty-Vocal/Madhya_Bandish_In_Jhaptal_e0c1cf84-1bb3-4e8b-84d4-0f659976d576.flatSegNyas,Madhya_Bandish_In_Jhaptal_e0c1cf84-1bb3-4e8b-84d4-0f659976d576.flatSegNyas,.flatsegnyas,16971
Hindustani,93c73081-bdf8-4eca-b325-d736b71e9b4b/Ajoy_Chakrabarty/Ajoy_Chakrabarty-Vocal/Drut_Bandish_In_Tintal_9ce13d3a-f853-490c-a706-39283372eb0e.pitchSilIntrpPP,Drut_Bandish_In_Tintal_9ce13d3a-f853-490c-a706-39283372eb0e.pitchSilIntrpPP,.pitchsilintrppp,7064300
Hindustani,93c73081-bdf8-4eca-b325-d736b71e9b4b/Ajoy_Chakrabarty/Ajoy_Chakrabarty-Vocal/Vilambit_Bandish_In_Ektal_88210cd2-6440-4868-b6aa-3aeb403b4feb.flatSegNyas,Vilambit_Bandish_In_Ektal_88210cd2-6440-4868-b6aa-3aeb403b4feb.flatSegNyas,.flatsegnyas,32399
Hindustani,93c73081-bdf8-4eca-b325-d736b71e9b4b/Ajoy_Chakrabarty/Ajoy_Chakrabarty-Vocal/Drut_Bandish_In_Tintal_b267996c-c857-4774-9cf6-5f7cec7413d7.tonicFine,Drut_Bandish_In_Tintal_b267996c-c857-4774-9cf6-5f7cec7413d7.tonicFine,.tonicfine,25
Hindustani,93c73081-bdf8-4eca-b325-d736b71e9b4b/Ajoy_Chakrabarty/Ajoy_Chakrabarty-Vocal/Vilambit_Bandish_In_Ektal_88210cd2-6440-4868-b6aa-3aeb403b4feb.tonic,Vilambit_Bandish_In_Ektal_88210cd2-6440-4868-b6aa-3aeb403b4feb.tonic,.tonic,11
Hindustani,1b05a564-059f-445b-b325-cf26318367e3/Rashid_Khan/One___Only_Rashid/Bijuri_Chamake_Barase_916fd45f-ddda-49e2-be63-207fc56a411e.pitch,Bijuri_Chamake_Barase_916fd45f-ddda-49e2-be63-207fc56a411e.pitch,.pitch,4171551
Hindustani,1b05a564-059f-445b-b325-cf26318367e3/Rashid_Khan/One___Only_Rashid/Bijuri_Chamake_Barase_916fd45f-ddda-49e2-be63-207fc56a411e.tonic,Bijuri_Chamake_Barase_916fd45f-ddda-49e2-be63-207fc56a411e.tonic,.tonic,11
Hindustani,1b05a564-059f-445b-b325-cf26318367e3/Rashid_Khan/One___Only_Rashid/Bijuri_Chamake_Barase_916fd45f-ddda-49e2-be63-207fc56a411e.flatSegNyas,Bijuri_Chamake_Barase_916fd45f-ddda-49e2-be63-207fc56a411e.flatSegNyas,.flatsegnyas,11769
Hindustani,1b05a564-059f-445b-b325-cf26318367e3/Rashid_Khan/One___Only_Rashid/Bijuri_Chamake_Barase_916fd45f-ddda-49e2-be63-207fc56a411e.tonicFine,Bijuri_Chamake_Barase_916fd45f-ddda-49e2-be63-207fc56a411e.tonicFine,.tonicfine,25
Hindustani,1b05a564-059f-445b-b325-cf26318367e3/Rashid_Khan/One___Only_Rashid/Bijuri_Chamake_Barase_916fd45f-ddda-49e2-be63-207fc56a411e.taniSegKNN,Bijuri_Chamake_Barase_916fd45f-ddda-49e2-be63-207fc56a411e.taniSegKNN,.tanisegknn,0
Hindustani,1b05a564-059f-445b-b325-cf26318367e3/Rashid_Khan/One___Only_Rashid/Bijuri_Chamake_Barase_916fd45f-ddda-49e2-be63-207fc56a411e.pitchSilIntrpPP,Bijuri_Chamake_Barase_916fd45f-ddda-49e2-be63-207fc56a411e.pitchSilIntrpPP,.pitchsilintrppp,8932200
Hindustani,1b05a564-059f-445b-b325-cf26318367e3/Bhimsen_Joshi/Raagadhiraj/Kareem_Naam_and_At_Ghumar_Aayi_Badariya_37686ac1-797f-44f5-a3c9-5e8690beb8ec.tonicFine,Kareem_Naam_and_At_Ghumar_Aayi_Badariya_37686ac1-797f-44f5-a3c9-5e8690beb8ec.tonicFine,.tonicfine,25
Hindustani,1b05a564-059f-445b-b325-cf26318367e3/Bhimsen_Joshi/Raagadhiraj/Kareem_Naam_and_At_Ghumar_Aayi_Badariya_37686ac1-797f-44f5-a3c9-5e8690beb8ec.flatSegNyas,Kareem_Naam_and_At_Ghumar_Aayi_Badariya_37686ac1-797f-44f5-a3c9-5e8690beb8ec.flatSegNyas,.flatsegnyas,12237
Hindustani,1b05a564-059f-445b-b325-cf26318367e3/Bhimsen_Joshi/Raagadhiraj/Kareem_Naam_and_At_Ghumar_Aayi_Badariya_37686ac1-797f-44f5-a3c9-5e8690beb8ec.taniSegKNN,Kareem_Naam_and_At_Ghumar_Aayi_Badariya_37686ac1-797f-44f5-a3c9-5e8690beb8ec.taniSegKNN,.tanisegknn,0
Hindustani,1b05a564-059f-445b-b325-cf26318367e3/Bhimsen_Joshi/Raagadhiraj/Kareem_Naam_and_At_Ghumar_Aayi_Badariya_37686ac1-797f-44f5-a3c9-5e8690beb8ec.tonic,Kareem_Naam_and_At_Ghumar_Aayi_Badariya_37686ac1-797f-44f5-a3c9-5e8690beb8ec.tonic,.tonic,11
Hindustani,1b05a564-059f-445b-b325-cf26318367e3/Bhimsen_Joshi/Raagadhiraj/Kareem_Naam_and_At_Ghumar_Aayi_Badariya_37686ac1-797f-44f5-a3c9-5e8690beb8ec.pitchSilIntrpPP,Kareem_Naam_and_At_Ghumar_Aayi_Badariya_37686ac1-797f-44f5-a3c9-5e8690beb8ec.pitchSilIntrpPP,.pitchsilintrppp,12816950
Hindustani,1b05a564-059f-445b-b325-cf26318367e3/Bhimsen_Joshi/Raagadhiraj/Kareem_Naam_and_At_Ghumar_Aayi_Badariya_37686ac1-797f-44f5-a3c9-5e8690beb8ec.pitch,Kareem_Naam_and_At_Ghumar_Aayi_Badariya_37686ac1-797f-44f5-a3c9-5e8690beb8ec.pitch,.pitch,5986347
Hindustani,1b05a564-059f-445b-b325-cf26318367e3/Bhimsen_Joshi/Naad_Brahma_-_The_Eternal_Voice_Volume_1/Raga_Mian_Ki_Malhar_-_Vilambit_Khayal_In_Ektaal_9cb37475-852e-4f7c-81c6-78824d08b839.pitchSilIntrpPP,Raga_Mian_Ki_Malhar_-_Vilambit_Khayal_In_Ektaal_9cb37475-852e-4f7c-81c6-78824d08b839.pitchSilIntrpPP,.pitchsilintrppp,25459850
Hindustani,1b05a564-059f-445b-b325-cf26318367e3/Bhimsen_Joshi/Naad_Brahma_-_The_Eternal_Voice_Volume_1/Raga_Mian_Ki_Malhar_-_Vilambit_Khayal_In_Ektaal_9cb37475-852e-4f7c-81c6-78824d08b839.taniSegKNN,Raga_Mian_Ki_Malhar_-_Vilambit_Khayal_In_Ektaal_9cb37475-852e-4f7c-81c6-78824d08b839.taniSegKNN,.tanisegknn,0
Hindustani,1b05a564-059f-445b-b325-cf26318367e3/Bhimsen_Joshi/Naad_Brahma_-_The_Eternal_Voice_Volume_1/Raga_Mian_Ki_Malhar_-_Vilambit_Khayal_In_Ektaal_9cb37475-852e-4f7c-81c6-78824d08b839.tonicFine,Raga_Mian_Ki_Malhar_-_Vilambit_Khayal_In_Ektaal_9cb37475-852e-4f7c-81c6-78824d08b839.tonicFine,.tonicfine,25
Hindustani,1b05a564-059f-445b-b325-cf26318367e3/Bhimsen_Joshi/Naad_Brahma_-_The_Eternal_Voice_Volume_1/Raga_Mian_Ki_Malhar_-_Vilambit_Khayal_In_Ektaal_9cb37475-852e-4f7c-81c6-78824d08b839.tonic,Raga_Mian_Ki_Malhar_-_Vilambit_Khayal_In_Ektaal_9cb37475-852e-4f7c-81c6-78824d08b839.tonic,.tonic,11
Hindustani,1b05a564-059f-445b-b325-cf26318367e3/Bhimsen_Joshi/Naad_Brahma_-_The_Eternal_Voice_Volume_1/Raga_Mian_Ki_Malhar_-_Vilambit_Khayal_In_Ektaal_9cb37475-852e-4f7c-81c6-78824d08b839.pitch,Raga_Mian_Ki_Malhar_-_Vilambit_Khayal_In_Ektaal_9cb37475-852e-4f7c-81c6-78824d08b839.pitch,.pitch,12156743
Hindustani,1b05a564-059f-445b-b325-cf26318367e3/Bhimsen_Joshi/Naad_Brahma_-_The_Eternal_Voice_Volume_1/Raga_Mian_Ki_Malhar_-_Vilambit_Khayal_In_Ektaal_9cb37475-852e-4f7c-81c6-78824d08b839.flatSegNyas,Raga_Mian_Ki_Malhar_-_Vilambit_Khayal_In_Ektaal_9cb37475-852e-4f7c-81c6-78824d08b839.flatSegNyas,.flatsegnyas,28017
Hindustani,1b05a564-059f-445b-b325-cf26318367e3/C_R_Vyas/Legends_Forever/Raga_Mian_Malhar_-_Vilambit_9010c587-1419-425c-966c-cfbb6b80891f.flatSegNyas,Raga_Mian_Malhar_-_Vilambit_9010c587-1419-425c-966c-cfbb6b80891f.flatSegNyas,.flatsegnyas,33124
Hindustani,1b05a564-059f-445b-b325-cf26318367e3/C_R_Vyas/Legends_Forever/Raga_Mian_Malhar_-_Vilambit_9010c587-1419-425c-966c-cfbb6b80891f.tonic,Raga_Mian_Malhar_-_Vilambit_9010c587-1419-425c-966c-cfbb6b80891f.tonic,.tonic,11
Hindustani,1b05a564-059f-445b-b325-cf26318367e3/C_R_Vyas/Legends_Forever/Raga_Mian_Malhar_-_Vilambit_9010c587-1419-425c-966c-cfbb6b80891f.pitch,Raga_Mian_Malhar_-_Vilambit_9010c587-1419-425c-966c-cfbb6b80891f.pitch,.pitch,11040626
Hindustani,1b05a564-059f-445b-b325-cf26318367e3/C_R_Vyas/Legends_Forever/Raga_Mian_Malhar_-_Vilambit_9010c587-1419-425c-966c-cfbb6b80891f.tonicFine,Raga_Mian_Malhar_-_Vilambit_9010c587-1419-425c-966c-cfbb6b80891f.tonicFine,.tonicfine,25
Hindustani,1b05a564-059f-445b-b325-cf26318367e3/C_R_Vyas/Legends_Forever/Raga_Mian_Malhar_-_Vilambit_9010c587-1419-425c-966c-cfbb6b80891f.taniSegKNN,Raga_Mian_Malhar_-_Vilambit_9010c587-1419-425c-966c-cfbb6b80891f.taniSegKNN,.tanisegknn,0
Hindustani,1b05a564-059f-445b-b325-cf26318367e3/C_R_Vyas/Legends_Forever/Raga_Mian_Malhar_-_Vilambit_9010c587-1419-425c-966c-cfbb6b80891f.pitchSilIntrpPP,Raga_Mian_Malhar_-_Vilambit_9010c587-1419-425c-966c-cfbb6b80891f.pitchSilIntrpPP,.pitchsilintrppp,23046550
Hindustani,1b05a564-059f-445b-b325-cf26318367e3/Deborshee_Bhattacharya/Raag_Mian_Malhar___Ramdasi_Malhar/Raag_Mian_Malhar_1f9922a5-0366-4461-96ac-81a31703416b.flatSegNyas,Raag_Mian_Malhar_1f9922a5-0366-4461-96ac-81a31703416b.flatSegNyas,.flatsegnyas,66164
Hindustani,1b05a564-059f-445b-b325-cf26318367e3/Deborshee_Bhattacharya/Raag_Mian_Malhar___Ramdasi_Malhar/Raag_Mian_Malhar_1f9922a5-0366-4461-96ac-81a31703416b.tonic,Raag_Mian_Malhar_1f9922a5-0366-4461-96ac-81a31703416b.tonic,.tonic,11
Hindustani,1b05a564-059f-445b-b325-cf26318367e3/Deborshee_Bhattacharya/Raag_Mian_Malhar___Ramdasi_Malhar/Raag_Mian_Malhar_1f9922a5-0366-4461-96ac-81a31703416b.taniSegKNN,Raag_Mian_Malhar_1f9922a5-0366-4461-96ac-81a31703416b.taniSegKNN,.tanisegknn,0
Hindustani,1b05a564-059f-445b-b325-cf26318367e3/Deborshee_Bhattacharya/Raag_Mian_Malhar___Ramdasi_Malhar/Raag_Mian_Malhar_1f9922a5-0366-4461-96ac-81a31703416b.tonicFine,Raag_Mian_Malhar_1f9922a5-0366-4461-96ac-81a31703416b.tonicFine,.tonicfine,25
Hindustani,1b05a564-059f-445b-b325-cf26318367e3/Deborshee_Bhattacharya/Raag_Mian_Malhar___Ramdasi_Malhar/Raag_Mian_Malhar_1f9922a5-0366-4461-96ac-81a31703416b.pitchSilIntrpPP,Raag_Mian_Malhar_1f9922a5-0366-4461-96ac-81a31703416b.pitchSilIntrpPP,.pitchsilintrppp,40868750
Hindustani,1b05a564-059f-445b-b325-cf26318367e3/Deborshee_Bhattacharya/Raag_Mian_Malhar___Ramdasi_Malhar/Raag_Mian_Malhar_1f9922a5-0366-4461-96ac-81a31703416b.pitch,Raag_Mian_Malhar_1f9922a5-0366-4461-96ac-81a31703416b.pitch,.pitch,19839984
Hindustani,1b05a564-059f-445b-b325-cf26318367e3/Jasraj/Classical_Wonders_of_India/Raga_Miyan_Ki_Malhar_dcd3f7ef-a962-4664-8cbb-3902ad43d935.tonicFine,Raga_Miyan_Ki_Malhar_dcd3f7ef-a962-4664-8cbb-3902ad43d935.tonicFine,.tonicfine,25
Hindustani,1b05a564-059f-445b-b325-cf26318367e3/Jasraj/Classical_Wonders_of_India/Raga_Miyan_Ki_Malhar_dcd3f7ef-a962-4664-8cbb-3902ad43d935.pitch,Raga_Miyan_Ki_Malhar_dcd3f7ef-a962-4664-8cbb-3902ad43d935.pitch,.pitch,11083596
Hindustani,1b05a564-059f-445b-b325-cf26318367e3/Jasraj/Classical_Wonders_of_India/Raga_Miyan_Ki_Malhar_dcd3f7ef-a962-4664-8cbb-3902ad43d935.tonic,Raga_Miyan_Ki_Malhar_dcd3f7ef-a962-4664-8cbb-3902ad43d935.tonic,.tonic,11
Hindustani,1b05a564-059f-445b-b325-cf26318367e3/Jasraj/Classical_Wonders_of_India/Raga_Miyan_Ki_Malhar_dcd3f7ef-a962-4664-8cbb-3902ad43d935.flatSegNyas,Raga_Miyan_Ki_Malhar_dcd3f7ef-a962-4664-8cbb-3902ad43d935.flatSegNyas,.flatsegnyas,31541
Hindustani,1b05a564-059f-445b-b325-cf26318367e3/Jasraj/Classical_Wonders_of_India/Raga_Miyan_Ki_Malhar_dcd3f7ef-a962-4664-8cbb-3902ad43d935.pitchSilIntrpPP,Raga_Miyan_Ki_Malhar_dcd3f7ef-a962-4664-8cbb-3902ad43d935.pitchSilIntrpPP,.pitchsilintrppp,23153200
Hindustani,1b05a564-059f-445b-b325-cf26318367e3/Jasraj/Classical_Wonders_of_India/Raga_Miyan_Ki_Malhar_dcd3f7ef-a962-4664-8cbb-3902ad43d935.taniSegKNN,Raga_Miyan_Ki_Malhar_dcd3f7ef-a962-4664-8cbb-3902ad43d935.taniSegKNN,.tanisegknn,0
Hindustani,1b05a564-059f-445b-b325-cf26318367e3/Kumar_Gandharv/The_Genius_Of_Pt__Kumar_Gandharv/Raga_Miyan_Malhar_6c573272-1f4a-4504-b7e1-996f877e1e15.pitchSilIntrpPP,Raga_Miyan_Malhar_6c573272-1f4a-4504-b7e1-996f877e1e15.pitchSilIntrpPP,.pitchsilintrppp,13418500
Hindustani,1b05a564-059f-445b-b325-cf26318367e3/Kumar_Gandharv/The_Genius_Of_Pt__Kumar_Gandharv/Raga_Miyan_Malhar_6c573272-1f4a-4504-b7e1-996f877e1e15.pitch,Raga_Miyan_Malhar_6c573272-1f4a-4504-b7e1-996f877e1e15.pitch,.pitch,6328989
Hindustani,1b05a564-059f-445b-b325-cf26318367e3/Kumar_Gandharv/The_Genius_Of_Pt__Kumar_Gandharv/Raga_Miyan_Malhar_6c573272-1f4a-4504-b7e1-996f877e1e15.tonic,Raga_Miyan_Malhar_6c573272-1f4a-4504-b7e1-996f877e1e15.tonic,.tonic,11
Hindustani,1b05a564-059f-445b-b325-cf26318367e3/Kumar_Gandharv/The_Genius_Of_Pt__Kumar_Gandharv/Raga_Miyan_Malhar_6c573272-1f4a-4504-b7e1-996f877e1e15.flatSegNyas,Raga_Miyan_Malhar_6c573272-1f4a-4504-b7e1-996f877e1e15.flatSegNyas,.flatsegnyas,21903
Hindustani,1b05a564-059f-445b-b325-cf26318367e3/Kumar_Gandharv/The_Genius_Of_Pt__Kumar_Gandharv/Raga_Miyan_Malhar_6c573272-1f4a-4504-b7e1-996f877e1e15.tonicFine,Raga_Miyan_Malhar_6c573272-1f4a-4504-b7e1-996f877e1e15.tonicFine,.tonicfine,25
Hindustani,1b05a564-059f-445b-b325-cf26318367e3/Kumar_Gandharv/The_Genius_Of_Pt__Kumar_Gandharv/Raga_Miyan_Malhar_6c573272-1f4a-4504-b7e1-996f877e1e15.taniSegKNN,Raga_Miyan_Malhar_6c573272-1f4a-4504-b7e1-996f877e1e15.taniSegKNN,.tanisegknn,0
Hindustani,1b05a564-059f-445b-b325-cf26318367e3/Prabha_Atre/Chaitanya/Raga_Miyan_Malhar_Khayal_3ce024ce-395c-45a7-9236-ac282eb21aa3.flatSegNyas,Raga_Miyan_Malhar_Khayal_3ce024ce-395c-45a7-9236-ac282eb21aa3.flatSegNyas,.flatsegnyas,54646
Hindustani,1b05a564-059f-445b-b325-cf26318367e3/Prabha_Atre/Chaitanya/Raga_Miyan_Malhar_Khayal_3ce024ce-395c-45a7-9236-ac282eb21aa3.pitchSilIntrpPP,Raga_Miyan_Malhar_Khayal_3ce024ce-395c-45a7-9236-ac282eb21aa3.pitchSilIntrpPP,.pitchsilintrppp,32063300
Hindustani,1b05a564-059f-445b-b325-cf26318367e3/Prabha_Atre/Chaitanya/Raga_Miyan_Malhar_Khayal_3ce024ce-395c-45a7-9236-ac282eb21aa3.tonic,Raga_Miyan_Malhar_Khayal_3ce024ce-395c-45a7-9236-ac282eb21aa3.tonic,.tonic,11
Hindustani,1b05a564-059f-445b-b325-cf26318367e3/Prabha_Atre/Chaitanya/Raga_Miyan_Malhar_Khayal_3ce024ce-395c-45a7-9236-ac282eb21aa3.pitch,Raga_Miyan_Malhar_Khayal_3ce024ce-395c-45a7-9236-ac282eb21aa3.pitch,.pitch,15530699
Hindustani,1b05a564-059f-445b-b325-cf26318367e3/Prabha_Atre/Chaitanya/Raga_Miyan_Malhar_Khayal_3ce024ce-395c-45a7-9236-ac282eb21aa3.tonicFine,Raga_Miyan_Malhar_Khayal_3ce024ce-395c-45a7-9236-ac282eb21aa3.tonicFine,.tonicfine,25
Hindustani,1b05a564-059f-445b-b325-cf26318367e3/Prabha_Atre/Chaitanya/Raga_Miyan_Malhar_Khayal_3ce024ce-395c-45a7-9236-ac282eb21aa3.taniSegKNN,Raga_Miyan_Malhar_Khayal_3ce024ce-395c-45a7-9236-ac282eb21aa3.taniSegKNN,.tanisegknn,0
Hindustani,1b05a564-059f-445b-b325-cf26318367e3/Veena_Sahasrabuddhe/Tribute_To_Miyan_Tansen_Vol-1/Karim_Naam_Tero_and_Gahar_Aayo_Re_Badarva_6848a21a-20da-4023-a608-332870105a92.tonicFine,Karim_Naam_Tero_and_Gahar_Aayo_Re_Badarva_6848a21a-20da-4023-a608-332870105a92.tonicFine,.tonicfine,25
Hindustani,1b05a564-059f-445b-b325-cf26318367e3/Veena_Sahasrabuddhe/Tribute_To_Miyan_Tansen_Vol-1/Karim_Naam_Tero_and_Gahar_Aayo_Re_Badarva_6848a21a-20da-4023-a608-332870105a92.pitch,Karim_Naam_Tero_and_Gahar_Aayo_Re_Badarva_6848a21a-20da-4023-a608-332870105a92.pitch,.pitch,9704652
Hindustani,1b05a564-059f-445b-b325-cf26318367e3/Veena_Sahasrabuddhe/Tribute_To_Miyan_Tansen_Vol-1/Karim_Naam_Tero_and_Gahar_Aayo_Re_Badarva_6848a21a-20da-4023-a608-332870105a92.pitchSilIntrpPP,Karim_Naam_Tero_and_Gahar_Aayo_Re_Badarva_6848a21a-20da-4023-a608-332870105a92.pitchSilIntrpPP,.pitchsilintrppp,20345800
Hindustani,1b05a564-059f-445b-b325-cf26318367e3/Veena_Sahasrabuddhe/Tribute_To_Miyan_Tansen_Vol-1/Karim_Naam_Tero_and_Gahar_Aayo_Re_Badarva_6848a21a-20da-4023-a608-332870105a92.tonic,Karim_Naam_Tero_and_Gahar_Aayo_Re_Badarva_6848a21a-20da-4023-a608-332870105a92.tonic,.tonic,11
Hindustani,1b05a564-059f-445b-b325-cf26318367e3/Veena_Sahasrabuddhe/Tribute_To_Miyan_Tansen_Vol-1/Karim_Naam_Tero_and_Gahar_Aayo_Re_Badarva_6848a21a-20da-4023-a608-332870105a92.taniSegKNN,Karim_Naam_Tero_and_Gahar_Aayo_Re_Badarva_6848a21a-20da-4023-a608-332870105a92.taniSegKNN,.tanisegknn,0
Hindustani,1b05a564-059f-445b-b325-cf26318367e3/Veena_Sahasrabuddhe/Tribute_To_Miyan_Tansen_Vol-1/Karim_Naam_Tero_and_Gahar_Aayo_Re_Badarva_6848a21a-20da-4023-a608-332870105a92.flatSegNyas,Karim_Naam_Tero_and_Gahar_Aayo_Re_Badarva_6848a21a-20da-4023-a608-332870105a92.flatSegNyas,.flatsegnyas,32282
Hindustani,1b05a564-059f-445b-b325-cf26318367e3/Satyasheel_Deshpande/Raag_Mian_Malhar___Ramdasi_Malhar/Raag_Mian_Malhar_adf0b8ea-cc74-410f-bd52-d59c08c78783.pitch,Raag_Mian_Malhar_adf0b8ea-cc74-410f-bd52-d59c08c78783.pitch,.pitch,15488656
Hindustani,1b05a564-059f-445b-b325-cf26318367e3/Satyasheel_Deshpande/Raag_Mian_Malhar___Ramdasi_Malhar/Raag_Mian_Malhar_adf0b8ea-cc74-410f-bd52-d59c08c78783.taniSegKNN,Raag_Mian_Malhar_adf0b8ea-cc74-410f-bd52-d59c08c78783.taniSegKNN,.tanisegknn,0
Hindustani,1b05a564-059f-445b-b325-cf26318367e3/Satyasheel_Deshpande/Raag_Mian_Malhar___Ramdasi_Malhar/Raag_Mian_Malhar_adf0b8ea-cc74-410f-bd52-d59c08c78783.tonicFine,Raag_Mian_Malhar_adf0b8ea-cc74-410f-bd52-d59c08c78783.tonicFine,.tonicfine,25
Hindustani,1b05a564-059f-445b-b325-cf26318367e3/Satyasheel_Deshpande/Raag_Mian_Malhar___Ramdasi_Malhar/Raag_Mian_Malhar_adf0b8ea-cc74-410f-bd52-d59c08c78783.pitchSilIntrpPP,Raag_Mian_Malhar_adf0b8ea-cc74-410f-bd52-d59c08c78783.pitchSilIntrpPP,.pitchsilintrppp,32040350
Hindustani,1b05a564-059f-445b-b325-cf26318367e3/Satyasheel_Deshpande/Raag_Mian_Malhar___Ramdasi_Malhar/Raag_Mian_Malhar_adf0b8ea-cc74-410f-bd52-d59c08c78783.tonic,Raag_Mian_Malhar_adf0b8ea-cc74-410f-bd52-d59c08c78783.tonic,.tonic,11
Hindustani,1b05a564-059f-445b-b325-cf26318367e3/Satyasheel_Deshpande/Raag_Mian_Malhar___Ramdasi_Malhar/Raag_Mian_Malhar_adf0b8ea-cc74-410f-bd52-d59c08c78783.flatSegNyas,Raag_Mian_Malhar_adf0b8ea-cc74-410f-bd52-d59c08c78783.flatSegNyas,.flatsegnyas,55562
Hindustani,f7fddfc0-8c1d-4dd2-90d5-5d51a99d61f8/Rashid_Khan/Live_At_Sunny_Towers_Vol-2/Raga_Ragesri_72df913b-ac52-4798-990d-72e04a64bd8c.pitchSilIntrpPP,Raga_Ragesri_72df913b-ac52-4798-990d-72e04a64bd8c.pitchSilIntrpPP,.pitchsilintrppp,20888400
Hindustani,f7fddfc0-8c1d-4dd2-90d5-5d51a99d61f8/Rashid_Khan/Live_At_Sunny_Towers_Vol-2/Raga_Ragesri_72df913b-ac52-4798-990d-72e04a64bd8c.flatSegNyas,Raga_Ragesri_72df913b-ac52-4798-990d-72e04a64bd8c.flatSegNyas,.flatsegnyas,28121
Hindustani,f7fddfc0-8c1d-4dd2-90d5-5d51a99d61f8/Rashid_Khan/Live_At_Sunny_Towers_Vol-2/Raga_Ragesri_72df913b-ac52-4798-990d-72e04a64bd8c.tonicFine,Raga_Ragesri_72df913b-ac52-4798-990d-72e04a64bd8c.tonicFine,.tonicfine,25
Hindustani,f7fddfc0-8c1d-4dd2-90d5-5d51a99d61f8/Rashid_Khan/Live_At_Sunny_Towers_Vol-2/Raga_Ragesri_72df913b-ac52-4798-990d-72e04a64bd8c.taniSegKNN,Raga_Ragesri_72df913b-ac52-4798-990d-72e04a64bd8c.taniSegKNN,.tanisegknn,0
Hindustani,f7fddfc0-8c1d-4dd2-90d5-5d51a99d61f8/Rashid_Khan/Live_At_Sunny_Towers_Vol-2/Raga_Ragesri_72df913b-ac52-4798-990d-72e04a64bd8c.tonic,Raga_Ragesri_72df913b-ac52-4798-990d-72e04a64bd8c.tonic,.tonic,11
Hindustani,f7fddfc0-8c1d-4dd2-90d5-5d51a99d61f8/Rashid_Khan/Live_At_Sunny_Towers_Vol-2/Raga_Ragesri_72df913b-ac52-4798-990d-72e04a64bd8c.pitch,Raga_Ragesri_72df913b-ac52-4798-990d-72e04a64bd8c.pitch,.pitch,10003202
Hindustani,f7fddfc0-8c1d-4dd2-90d5-5d51a99d61f8/Kishori_Amonkar/Classical_Encounter/Raga_Rageshri_-_Ali_Palak_Na_Laggi_-_Teentaal__Dekho_Shyam_Geha_-_Ektaal_e79f2c5f-ceee-4402-a0d6-2c75d3055d4b.flatSegNyas,Raga_Rageshri_-_Ali_Palak_Na_Laggi_-_Teentaal__Dekho_Shyam_Geha_-_Ektaal_e79f2c5f-ceee-4402-a0d6-2c75d3055d4b.flatSegNyas,.flatsegnyas,44211
Hindustani,f7fddfc0-8c1d-4dd2-90d5-5d51a99d61f8/Kishori_Amonkar/Classical_Encounter/Raga_Rageshri_-_Ali_Palak_Na_Laggi_-_Teentaal__Dekho_Shyam_Geha_-_Ektaal_e79f2c5f-ceee-4402-a0d6-2c75d3055d4b.pitchSilIntrpPP,Raga_Rageshri_-_Ali_Palak_Na_Laggi_-_Teentaal__Dekho_Shyam_Geha_-_Ektaal_e79f2c5f-ceee-4402-a0d6-2c75d3055d4b.pitchSilIntrpPP,.pitchsilintrppp,27564050
Hindustani,f7fddfc0-8c1d-4dd2-90d5-5d51a99d61f8/Kishori_Amonkar/Classical_Encounter/Raga_Rageshri_-_Ali_Palak_Na_Laggi_-_Teentaal__Dekho_Shyam_Geha_-_Ektaal_e79f2c5f-ceee-4402-a0d6-2c75d3055d4b.tonicFine,Raga_Rageshri_-_Ali_Palak_Na_Laggi_-_Teentaal__Dekho_Shyam_Geha_-_Ektaal_e79f2c5f-ceee-4402-a0d6-2c75d3055d4b.tonicFine,.tonicfine,25
Hindustani,f7fddfc0-8c1d-4dd2-90d5-5d51a99d61f8/Kishori_Amonkar/Classical_Encounter/Raga_Rageshri_-_Ali_Palak_Na_Laggi_-_Teentaal__Dekho_Shyam_Geha_-_Ektaal_e79f2c5f-ceee-4402-a0d6-2c75d3055d4b.pitch,Raga_Rageshri_-_Ali_Palak_Na_Laggi_-_Teentaal__Dekho_Shyam_Geha_-_Ektaal_e79f2c5f-ceee-4402-a0d6-2c75d3055d4b.pitch,.pitch,13330569
Hindustani,f7fddfc0-8c1d-4dd2-90d5-5d51a99d61f8/Kishori_Amonkar/Classical_Encounter/Raga_Rageshri_-_Ali_Palak_Na_Laggi_-_Teentaal__Dekho_Shyam_Geha_-_Ektaal_e79f2c5f-ceee-4402-a0d6-2c75d3055d4b.tonic,Raga_Rageshri_-_Ali_Palak_Na_Laggi_-_Teentaal__Dekho_Shyam_Geha_-_Ektaal_e79f2c5f-ceee-4402-a0d6-2c75d3055d4b.tonic,.tonic,4
Hindustani,f7fddfc0-8c1d-4dd2-90d5-5d51a99d61f8/Kishori_Amonkar/Classical_Encounter/Raga_Rageshri_-_Ali_Palak_Na_Laggi_-_Teentaal__Dekho_Shyam_Geha_-_Ektaal_e79f2c5f-ceee-4402-a0d6-2c75d3055d4b.taniSegKNN,Raga_Rageshri_-_Ali_Palak_Na_Laggi_-_Teentaal__Dekho_Shyam_Geha_-_Ektaal_e79f2c5f-ceee-4402-a0d6-2c75d3055d4b.taniSegKNN,.tanisegknn,0
Hindustani,"f7fddfc0-8c1d-4dd2-90d5-5d51a99d61f8/Ajoy_Chakrabarty/Raag_Abhogi,_Rageshree___Khamaj/Raag_Rageshri_9a2ce15a-4b28-4d10-abc7-9e05310c2e3b.pitch",Raag_Rageshri_9a2ce15a-4b28-4d10-abc7-9e05310c2e3b.pitch,.pitch,11342089
Hindustani,"f7fddfc0-8c1d-4dd2-90d5-5d51a99d61f8/Ajoy_Chakrabarty/Raag_Abhogi,_Rageshree___Khamaj/Raag_Rageshri_9a2ce15a-4b28-4d10-abc7-9e05310c2e3b.pitchSilIntrpPP",Raag_Rageshri_9a2ce15a-4b28-4d10-abc7-9e05310c2e3b.pitchSilIntrpPP,.pitchsilintrppp,23746850
Hindustani,"f7fddfc0-8c1d-4dd2-90d5-5d51a99d61f8/Ajoy_Chakrabarty/Raag_Abhogi,_Rageshree___Khamaj/Raag_Rageshri_9a2ce15a-4b28-4d10-abc7-9e05310c2e3b.flatSegNyas",Raag_Rageshri_9a2ce15a-4b28-4d10-abc7-9e05310c2e3b.flatSegNyas,.flatsegnyas,30620
Hindustani,"f7fddfc0-8c1d-4dd2-90d5-5d51a99d61f8/Ajoy_Chakrabarty/Raag_Abhogi,_Rageshree___Khamaj/Raag_Rageshri_9a2ce15a-4b28-4d10-abc7-9e05310c2e3b.tonic",Raag_Rageshri_9a2ce15a-4b28-4d10-abc7-9e05310c2e3b.tonic,.tonic,10
Hindustani,"f7fddfc0-8c1d-4dd2-90d5-5d51a99d61f8/Ajoy_Chakrabarty/Raag_Abhogi,_Rageshree___Khamaj/Raag_Rageshri_9a2ce15a-4b28-4d10-abc7-9e05310c2e3b.tonicFine",Raag_Rageshri_9a2ce15a-4b28-4d10-abc7-9e05310c2e3b.tonicFine,.tonicfine,25
Hindustani,"f7fddfc0-8c1d-4dd2-90d5-5d51a99d61f8/Ajoy_Chakrabarty/Raag_Abhogi,_Rageshree___Khamaj/Raag_Rageshri_9a2ce15a-4b28-4d10-abc7-9e05310c2e3b.taniSegKNN",Raag_Rageshri_9a2ce15a-4b28-4d10-abc7-9e05310c2e3b.taniSegKNN,.tanisegknn,0
Hindustani,f7fddfc0-8c1d-4dd2-90d5-5d51a99d61f8/Ajoy_Chakrabarty/Geetinandan___Part-3/Raageshree_7704b0d2-eeac-47e4-ba05-c541a91eb621.pitch,Raageshree_7704b0d2-eeac-47e4-ba05-c541a91eb621.pitch,.pitch,2587726
Hindustani,f7fddfc0-8c1d-4dd2-90d5-5d51a99d61f8/Ajoy_Chakrabarty/Geetinandan___Part-3/Raageshree_7704b0d2-eeac-47e4-ba05-c541a91eb621.tonic,Raageshree_7704b0d2-eeac-47e4-ba05-c541a91eb621.tonic,.tonic,11
Hindustani,f7fddfc0-8c1d-4dd2-90d5-5d51a99d61f8/Ajoy_Chakrabarty/Geetinandan___Part-3/Raageshree_7704b0d2-eeac-47e4-ba05-c541a91eb621.tonicFine,Raageshree_7704b0d2-eeac-47e4-ba05-c541a91eb621.tonicFine,.tonicfine,25
Hindustani,f7fddfc0-8c1d-4dd2-90d5-5d51a99d61f8/Ajoy_Chakrabarty/Geetinandan___Part-3/Raageshree_7704b0d2-eeac-47e4-ba05-c541a91eb621.pitchSilIntrpPP,Raageshree_7704b0d2-eeac-47e4-ba05-c541a91eb621.pitchSilIntrpPP,.pitchsilintrppp,5533500
Hindustani,f7fddfc0-8c1d-4dd2-90d5-5d51a99d61f8/Ajoy_Chakrabarty/Geetinandan___Part-3/Raageshree_7704b0d2-eeac-47e4-ba05-c541a91eb621.flatSegNyas,Raageshree_7704b0d2-eeac-47e4-ba05-c541a91eb621.flatSegNyas,.flatsegnyas,8404
Hindustani,f7fddfc0-8c1d-4dd2-90d5-5d51a99d61f8/Ajoy_Chakrabarty/Geetinandan___Part-3/Raageshree_7704b0d2-eeac-47e4-ba05-c541a91eb621.taniSegKNN,Raageshree_7704b0d2-eeac-47e4-ba05-c541a91eb621.taniSegKNN,.tanisegknn,0
Hindustani,f7fddfc0-8c1d-4dd2-90d5-5d51a99d61f8/Sanjeev_Abhyankar/Jiyaraa/Aali_Ri_Jiyaraa_Moraa_Naahi_Chain_Paave_2fd571a1-ca82-4ca6-9c41-39c2fe31d43f.tonicFine,Aali_Ri_Jiyaraa_Moraa_Naahi_Chain_Paave_2fd571a1-ca82-4ca6-9c41-39c2fe31d43f.tonicFine,.tonicfine,25
Hindustani,f7fddfc0-8c1d-4dd2-90d5-5d51a99d61f8/Sanjeev_Abhyankar/Jiyaraa/Aali_Ri_Jiyaraa_Moraa_Naahi_Chain_Paave_2fd571a1-ca82-4ca6-9c41-39c2fe31d43f.tonic,Aali_Ri_Jiyaraa_Moraa_Naahi_Chain_Paave_2fd571a1-ca82-4ca6-9c41-39c2fe31d43f.tonic,.tonic,11
Hindustani,f7fddfc0-8c1d-4dd2-90d5-5d51a99d61f8/Sanjeev_Abhyankar/Jiyaraa/Saajana_Re_Jiyaa_Laagat_Naa_d2ca91e0-74d1-4c68-b7c9-4dec57ef526b.taniSegKNN,Saajana_Re_Jiyaa_Laagat_Naa_d2ca91e0-74d1-4c68-b7c9-4dec57ef526b.taniSegKNN,.tanisegknn,0
Hindustani,f7fddfc0-8c1d-4dd2-90d5-5d51a99d61f8/Sanjeev_Abhyankar/Jiyaraa/Aali_Ri_Jiyaraa_Moraa_Naahi_Chain_Paave_2fd571a1-ca82-4ca6-9c41-39c2fe31d43f.taniSegKNN,Aali_Ri_Jiyaraa_Moraa_Naahi_Chain_Paave_2fd571a1-ca82-4ca6-9c41-39c2fe31d43f.taniSegKNN,.tanisegknn,0
Hindustani,f7fddfc0-8c1d-4dd2-90d5-5d51a99d61f8/Sanjeev_Abhyankar/Jiyaraa/Aali_Ri_Jiyaraa_Moraa_Naahi_Chain_Paave_2fd571a1-ca82-4ca6-9c41-39c2fe31d43f.pitchSilIntrpPP,Aali_Ri_Jiyaraa_Moraa_Naahi_Chain_Paave_2fd571a1-ca82-4ca6-9c41-39c2fe31d43f.pitchSilIntrpPP,.pitchsilintrppp,12721450
Hindustani,f7fddfc0-8c1d-4dd2-90d5-5d51a99d61f8/Sanjeev_Abhyankar/Jiyaraa/Aali_Ri_Jiyaraa_Moraa_Naahi_Chain_Paave_2fd571a1-ca82-4ca6-9c41-39c2fe31d43f.pitch,Aali_Ri_Jiyaraa_Moraa_Naahi_Chain_Paave_2fd571a1-ca82-4ca6-9c41-39c2fe31d43f.pitch,.pitch,5964603
Hindustani,f7fddfc0-8c1d-4dd2-90d5-5d51a99d61f8/Sanjeev_Abhyankar/Jiyaraa/Saajana_Re_Jiyaa_Laagat_Naa_d2ca91e0-74d1-4c68-b7c9-4dec57ef526b.flatSegNyas,Saajana_Re_Jiyaa_Laagat_Naa_d2ca91e0-74d1-4c68-b7c9-4dec57ef526b.flatSegNyas,.flatsegnyas,4498
Hindustani,f7fddfc0-8c1d-4dd2-90d5-5d51a99d61f8/Sanjeev_Abhyankar/Jiyaraa/Aali_Ri_Jiyaraa_Moraa_Naahi_Chain_Paave_2fd571a1-ca82-4ca6-9c41-39c2fe31d43f.flatSegNyas,Aali_Ri_Jiyaraa_Moraa_Naahi_Chain_Paave_2fd571a1-ca82-4ca6-9c41-39c2fe31d43f.flatSegNyas,.flatsegnyas,19312
Hindustani,f7fddfc0-8c1d-4dd2-90d5-5d51a99d61f8/Sanjeev_Abhyankar/Jiyaraa/Saajana_Re_Jiyaa_Laagat_Naa_d2ca91e0-74d1-4c68-b7c9-4dec57ef526b.pitch,Saajana_Re_Jiyaa_Laagat_Naa_d2ca91e0-74d1-4c68-b7c9-4dec57ef526b.pitch,.pitch,1759784
Hindustani,f7fddfc0-8c1d-4dd2-90d5-5d51a99d61f8/Sanjeev_Abhyankar/Jiyaraa/Saajana_Re_Jiyaa_Laagat_Naa_d2ca91e0-74d1-4c68-b7c9-4dec57ef526b.pitchSilIntrpPP,Saajana_Re_Jiyaa_Laagat_Naa_d2ca91e0-74d1-4c68-b7c9-4dec57ef526b.pitchSilIntrpPP,.pitchsilintrppp,3804900
Hindustani,f7fddfc0-8c1d-4dd2-90d5-5d51a99d61f8/Sanjeev_Abhyankar/Jiyaraa/Saajana_Re_Jiyaa_Laagat_Naa_d2ca91e0-74d1-4c68-b7c9-4dec57ef526b.tonic,Saajana_Re_Jiyaa_Laagat_Naa_d2ca91e0-74d1-4c68-b7c9-4dec57ef526b.tonic,.tonic,11
Hindustani,f7fddfc0-8c1d-4dd2-90d5-5d51a99d61f8/Sanjeev_Abhyankar/Jiyaraa/Saajana_Re_Jiyaa_Laagat_Naa_d2ca91e0-74d1-4c68-b7c9-4dec57ef526b.tonicFine,Saajana_Re_Jiyaa_Laagat_Naa_d2ca91e0-74d1-4c68-b7c9-4dec57ef526b.tonicFine,.tonicfine,25
Hindustani,f7fddfc0-8c1d-4dd2-90d5-5d51a99d61f8/Kaushiki_Chakrabarty/Rageshri/Raga_Rageshri_-_Bandish_Rag_Sang_Ragini_1472bfc9-acc9-4e25-9300-7cdff8df1575.flatSegNyas,Raga_Rageshri_-_Bandish_Rag_Sang_Ragini_1472bfc9-acc9-4e25-9300-7cdff8df1575.flatSegNyas,.flatsegnyas,8316
Hindustani,f7fddfc0-8c1d-4dd2-90d5-5d51a99d61f8/Kaushiki_Chakrabarty/Rageshri/Raga_Rageshri_-_Bandish_Mora_Man_Harwa_Leeno_Daiya_c9c6dedd-4e86-4e0e-a5ea-0911cd8f5814.pitchSilIntrpPP,Raga_Rageshri_-_Bandish_Mora_Man_Harwa_Leeno_Daiya_c9c6dedd-4e86-4e0e-a5ea-0911cd8f5814.pitchSilIntrpPP,.pitchsilintrppp,9904650
Hindustani,f7fddfc0-8c1d-4dd2-90d5-5d51a99d61f8/Kaushiki_Chakrabarty/Rageshri/Raga_Rageshri_-_Khayal_Saban_Sukh_Deho_eb3a6211-0062-4043-bd43-c7e84da353e9.flatSegNyas,Raga_Rageshri_-_Khayal_Saban_Sukh_Deho_eb3a6211-0062-4043-bd43-c7e84da353e9.flatSegNyas,.flatsegnyas,27261
Hindustani,f7fddfc0-8c1d-4dd2-90d5-5d51a99d61f8/Kaushiki_Chakrabarty/Rageshri/Raga_Rageshri_-_Khayal_Saban_Sukh_Deho_eb3a6211-0062-4043-bd43-c7e84da353e9.pitch,Raga_Rageshri_-_Khayal_Saban_Sukh_Deho_eb3a6211-0062-4043-bd43-c7e84da353e9.pitch,.pitch,10425873
Hindustani,f7fddfc0-8c1d-4dd2-90d5-5d51a99d61f8/Kaushiki_Chakrabarty/Rageshri/Raga_Rageshri_-_Bandish_Mora_Man_Harwa_Leeno_Daiya_c9c6dedd-4e86-4e0e-a5ea-0911cd8f5814.taniSegKNN,Raga_Rageshri_-_Bandish_Mora_Man_Harwa_Leeno_Daiya_c9c6dedd-4e86-4e0e-a5ea-0911cd8f5814.taniSegKNN,.tanisegknn,0
Hindustani,f7fddfc0-8c1d-4dd2-90d5-5d51a99d61f8/Kaushiki_Chakrabarty/Rageshri/Raga_Rageshri_-_Alap_adb5c888-68cb-4456-811c-f282aeee3713.pitch,Raga_Rageshri_-_Alap_adb5c888-68cb-4456-811c-f282aeee3713.pitch,.pitch,1885636
Hindustani,f7fddfc0-8c1d-4dd2-90d5-5d51a99d61f8/Kaushiki_Chakrabarty/Rageshri/Raga_Rageshri_-_Bandish_Mora_Man_Harwa_Leeno_Daiya_c9c6dedd-4e86-4e0e-a5ea-0911cd8f5814.tonicFine,Raga_Rageshri_-_Bandish_Mora_Man_Harwa_Leeno_Daiya_c9c6dedd-4e86-4e0e-a5ea-0911cd8f5814.tonicFine,.tonicfine,25
Hindustani,f7fddfc0-8c1d-4dd2-90d5-5d51a99d61f8/Kaushiki_Chakrabarty/Rageshri/Raga_Rageshri_-_Bandish_Mora_Man_Harwa_Leeno_Daiya_c9c6dedd-4e86-4e0e-a5ea-0911cd8f5814.tonic,Raga_Rageshri_-_Bandish_Mora_Man_Harwa_Leeno_Daiya_c9c6dedd-4e86-4e0e-a5ea-0911cd8f5814.tonic,.tonic,11
Hindustani,f7fddfc0-8c1d-4dd2-90d5-5d51a99d61f8/Kaushiki_Chakrabarty/Rageshri/Raga_Rageshri_-_Khayal_Saban_Sukh_Deho_eb3a6211-0062-4043-bd43-c7e84da353e9.tonicFine,Raga_Rageshri_-_Khayal_Saban_Sukh_Deho_eb3a6211-0062-4043-bd43-c7e84da353e9.tonicFine,.tonicfine,25
Hindustani,f7fddfc0-8c1d-4dd2-90d5-5d51a99d61f8/Kaushiki_Chakrabarty/Rageshri/Raga_Rageshri_-_Alap_adb5c888-68cb-4456-811c-f282aeee3713.pitchSilIntrpPP,Raga_Rageshri_-_Alap_adb5c888-68cb-4456-811c-f282aeee3713.pitchSilIntrpPP,.pitchsilintrppp,4067050
Hindustani,f7fddfc0-8c1d-4dd2-90d5-5d51a99d61f8/Kaushiki_Chakrabarty/Rageshri/Raga_Rageshri_-_Bandish_Rag_Sang_Ragini_1472bfc9-acc9-4e25-9300-7cdff8df1575.taniSegKNN,Raga_Rageshri_-_Bandish_Rag_Sang_Ragini_1472bfc9-acc9-4e25-9300-7cdff8df1575.taniSegKNN,.tanisegknn,0
Hindustani,f7fddfc0-8c1d-4dd2-90d5-5d51a99d61f8/Kaushiki_Chakrabarty/Rageshri/Raga_Rageshri_-_Bandish_Mora_Man_Harwa_Leeno_Daiya_c9c6dedd-4e86-4e0e-a5ea-0911cd8f5814.flatSegNyas,Raga_Rageshri_-_Bandish_Mora_Man_Harwa_Leeno_Daiya_c9c6dedd-4e86-4e0e-a5ea-0911cd8f5814.flatSegNyas,.flatsegnyas,10058
Hindustani,f7fddfc0-8c1d-4dd2-90d5-5d51a99d61f8/Kaushiki_Chakrabarty/Rageshri/Raga_Rageshri_-_Bandish_Rag_Sang_Ragini_1472bfc9-acc9-4e25-9300-7cdff8df1575.pitch,Raga_Rageshri_-_Bandish_Rag_Sang_Ragini_1472bfc9-acc9-4e25-9300-7cdff8df1575.pitch,.pitch,2620832
Hindustani,f7fddfc0-8c1d-4dd2-90d5-5d51a99d61f8/Kaushiki_Chakrabarty/Rageshri/Raga_Rageshri_-_Alap_adb5c888-68cb-4456-811c-f282aeee3713.flatSegNyas,Raga_Rageshri_-_Alap_adb5c888-68cb-4456-811c-f282aeee3713.flatSegNyas,.flatsegnyas,2874
Hindustani,f7fddfc0-8c1d-4dd2-90d5-5d51a99d61f8/Kaushiki_Chakrabarty/Rageshri/Raga_Rageshri_-_Khayal_Saban_Sukh_Deho_eb3a6211-0062-4043-bd43-c7e84da353e9.pitchSilIntrpPP,Raga_Rageshri_-_Khayal_Saban_Sukh_Deho_eb3a6211-0062-4043-bd43-c7e84da353e9.pitchSilIntrpPP,.pitchsilintrppp,21785500
Hindustani,f7fddfc0-8c1d-4dd2-90d5-5d51a99d61f8/Kaushiki_Chakrabarty/Rageshri/Raga_Rageshri_-_Alap_adb5c888-68cb-4456-811c-f282aeee3713.taniSegKNN,Raga_Rageshri_-_Alap_adb5c888-68cb-4456-811c-f282aeee3713.taniSegKNN,.tanisegknn,0
Hindustani,f7fddfc0-8c1d-4dd2-90d5-5d51a99d61f8/Kaushiki_Chakrabarty/Rageshri/Raga_Rageshri_-_Alap_adb5c888-68cb-4456-811c-f282aeee3713.tonicFine,Raga_Rageshri_-_Alap_adb5c888-68cb-4456-811c-f282aeee3713.tonicFine,.tonicfine,25
Hindustani,f7fddfc0-8c1d-4dd2-90d5-5d51a99d61f8/Kaushiki_Chakrabarty/Rageshri/Raga_Rageshri_-_Alap_adb5c888-68cb-4456-811c-f282aeee3713.tonic,Raga_Rageshri_-_Alap_adb5c888-68cb-4456-811c-f282aeee3713.tonic,.tonic,3
Hindustani,f7fddfc0-8c1d-4dd2-90d5-5d51a99d61f8/Kaushiki_Chakrabarty/Rageshri/Raga_Rageshri_-_Bandish_Rag_Sang_Ragini_1472bfc9-acc9-4e25-9300-7cdff8df1575.tonic,Raga_Rageshri_-_Bandish_Rag_Sang_Ragini_1472bfc9-acc9-4e25-9300-7cdff8df1575.tonic,.tonic,11
Hindustani,f7fddfc0-8c1d-4dd2-90d5-5d51a99d61f8/Kaushiki_Chakrabarty/Rageshri/Raga_Rageshri_-_Bandish_Rag_Sang_Ragini_1472bfc9-acc9-4e25-9300-7cdff8df1575.pitchSilIntrpPP,Raga_Rageshri_-_Bandish_Rag_Sang_Ragini_1472bfc9-acc9-4e25-9300-7cdff8df1575.pitchSilIntrpPP,.pitchsilintrppp,5606950
Hindustani,f7fddfc0-8c1d-4dd2-90d5-5d51a99d61f8/Kaushiki_Chakrabarty/Rageshri/Raga_Rageshri_-_Bandish_Rag_Sang_Ragini_1472bfc9-acc9-4e25-9300-7cdff8df1575.tonicFine,Raga_Rageshri_-_Bandish_Rag_Sang_Ragini_1472bfc9-acc9-4e25-9300-7cdff8df1575.tonicFine,.tonicfine,25
Hindustani,f7fddfc0-8c1d-4dd2-90d5-5d51a99d61f8/Kaushiki_Chakrabarty/Rageshri/Raga_Rageshri_-_Khayal_Saban_Sukh_Deho_eb3a6211-0062-4043-bd43-c7e84da353e9.tonic,Raga_Rageshri_-_Khayal_Saban_Sukh_Deho_eb3a6211-0062-4043-bd43-c7e84da353e9.tonic,.tonic,3
Hindustani,f7fddfc0-8c1d-4dd2-90d5-5d51a99d61f8/Kaushiki_Chakrabarty/Rageshri/Raga_Rageshri_-_Khayal_Saban_Sukh_Deho_eb3a6211-0062-4043-bd43-c7e84da353e9.taniSegKNN,Raga_Rageshri_-_Khayal_Saban_Sukh_Deho_eb3a6211-0062-4043-bd43-c7e84da353e9.taniSegKNN,.tanisegknn,0
Hindustani,f7fddfc0-8c1d-4dd2-90d5-5d51a99d61f8/Kaushiki_Chakrabarty/Rageshri/Raga_Rageshri_-_Bandish_Mora_Man_Harwa_Leeno_Daiya_c9c6dedd-4e86-4e0e-a5ea-0911cd8f5814.pitch,Raga_Rageshri_-_Bandish_Mora_Man_Harwa_Leeno_Daiya_c9c6dedd-4e86-4e0e-a5ea-0911cd8f5814.pitch,.pitch,4621943
Hindustani,595de771-fcc2-414c-9df6-ae4ffd898549/Rajan_Mishra/Sadhana/Raga_Hamsadhwani-Alap__Bada_Khayal_In_Viambit_Teental_bb7a967a-4bb8-4cb8-9075-f2da540628e0.pitchSilIntrpPP,Raga_Hamsadhwani-Alap__Bada_Khayal_In_Viambit_Teental_bb7a967a-4bb8-4cb8-9075-f2da540628e0.pitchSilIntrpPP,.pitchsilintrppp,22423250
Hindustani,595de771-fcc2-414c-9df6-ae4ffd898549/Rajan_Mishra/Sadhana/Raga_Hamsadhwani-Bandish_In_Drut_Teental_f227efaa-652f-48e1-b57e-6fe6fea16fe4.taniSegKNN,Raga_Hamsadhwani-Bandish_In_Drut_Teental_f227efaa-652f-48e1-b57e-6fe6fea16fe4.taniSegKNN,.tanisegknn,0
Hindustani,595de771-fcc2-414c-9df6-ae4ffd898549/Rajan_Mishra/Sadhana/Raga_Hamsadhwani-Tarana_In_Drut_Teental_66dcff23-bcf4-4a32-82fb-e6bb679c0d5d.pitchSilIntrpPP,Raga_Hamsadhwani-Tarana_In_Drut_Teental_66dcff23-bcf4-4a32-82fb-e6bb679c0d5d.pitchSilIntrpPP,.pitchsilintrppp,3120150
Hindustani,595de771-fcc2-414c-9df6-ae4ffd898549/Rajan_Mishra/Sadhana/Raga_Hamsadhwani-Alap__Bada_Khayal_In_Viambit_Teental_bb7a967a-4bb8-4cb8-9075-f2da540628e0.tonic,Raga_Hamsadhwani-Alap__Bada_Khayal_In_Viambit_Teental_bb7a967a-4bb8-4cb8-9075-f2da540628e0.tonic,.tonic,11
Hindustani,595de771-fcc2-414c-9df6-ae4ffd898549/Rajan_Mishra/Sadhana/Raga_Hamsadhwani-Tarana_In_Drut_Teental_66dcff23-bcf4-4a32-82fb-e6bb679c0d5d.tonicFine,Raga_Hamsadhwani-Tarana_In_Drut_Teental_66dcff23-bcf4-4a32-82fb-e6bb679c0d5d.tonicFine,.tonicfine,25
Hindustani,595de771-fcc2-414c-9df6-ae4ffd898549/Rajan_Mishra/Sadhana/Raga_Hamsadhwani-Alap__Bada_Khayal_In_Viambit_Teental_bb7a967a-4bb8-4cb8-9075-f2da540628e0.flatSegNyas,Raga_Hamsadhwani-Alap__Bada_Khayal_In_Viambit_Teental_bb7a967a-4bb8-4cb8-9075-f2da540628e0.flatSegNyas,.flatsegnyas,18734
Hindustani,595de771-fcc2-414c-9df6-ae4ffd898549/Rajan_Mishra/Sadhana/Raga_Hamsadhwani-Alap__Bada_Khayal_In_Viambit_Teental_bb7a967a-4bb8-4cb8-9075-f2da540628e0.pitch,Raga_Hamsadhwani-Alap__Bada_Khayal_In_Viambit_Teental_bb7a967a-4bb8-4cb8-9075-f2da540628e0.pitch,.pitch,10686796
Hindustani,595de771-fcc2-414c-9df6-ae4ffd898549/Rajan_Mishra/Sadhana/Raga_Hamsadhwani-Bandish_In_Madhya_Ektal_8aeccac0-75b0-4397-92b6-7bcfa0c427cc.tonic,Raga_Hamsadhwani-Bandish_In_Madhya_Ektal_8aeccac0-75b0-4397-92b6-7bcfa0c427cc.tonic,.tonic,11
Hindustani,595de771-fcc2-414c-9df6-ae4ffd898549/Rajan_Mishra/Sadhana/Raga_Hamsadhwani-Tarana_In_Drut_Teental_66dcff23-bcf4-4a32-82fb-e6bb679c0d5d.flatSegNyas,Raga_Hamsadhwani-Tarana_In_Drut_Teental_66dcff23-bcf4-4a32-82fb-e6bb679c0d5d.flatSegNyas,.flatsegnyas,3025
Hindustani,595de771-fcc2-414c-9df6-ae4ffd898549/Rajan_Mishra/Sadhana/Raga_Hamsadhwani-Tarana_In_Drut_Teental_66dcff23-bcf4-4a32-82fb-e6bb679c0d5d.pitch,Raga_Hamsadhwani-Tarana_In_Drut_Teental_66dcff23-bcf4-4a32-82fb-e6bb679c0d5d.pitch,.pitch,1433503
Hindustani,595de771-fcc2-414c-9df6-ae4ffd898549/Rajan_Mishra/Sadhana/Raga_Hamsadhwani-Bandish_In_Drut_Teental_f227efaa-652f-48e1-b57e-6fe6fea16fe4.flatSegNyas,Raga_Hamsadhwani-Bandish_In_Drut_Teental_f227efaa-652f-48e1-b57e-6fe6fea16fe4.flatSegNyas,.flatsegnyas,5246
Hindustani,595de771-fcc2-414c-9df6-ae4ffd898549/Rajan_Mishra/Sadhana/Raga_Hamsadhwani-Bandish_In_Madhya_Ektal_8aeccac0-75b0-4397-92b6-7bcfa0c427cc.taniSegKNN,Raga_Hamsadhwani-Bandish_In_Madhya_Ektal_8aeccac0-75b0-4397-92b6-7bcfa0c427cc.taniSegKNN,.tanisegknn,0
Hindustani,595de771-fcc2-414c-9df6-ae4ffd898549/Rajan_Mishra/Sadhana/Raga_Hamsadhwani-Tarana_In_Drut_Teental_66dcff23-bcf4-4a32-82fb-e6bb679c0d5d.tonic,Raga_Hamsadhwani-Tarana_In_Drut_Teental_66dcff23-bcf4-4a32-82fb-e6bb679c0d5d.tonic,.tonic,11
Hindustani,595de771-fcc2-414c-9df6-ae4ffd898549/Rajan_Mishra/Sadhana/Raga_Hamsadhwani-Bandish_In_Drut_Teental_f227efaa-652f-48e1-b57e-6fe6fea16fe4.pitchSilIntrpPP,Raga_Hamsadhwani-Bandish_In_Drut_Teental_f227efaa-652f-48e1-b57e-6fe6fea16fe4.pitchSilIntrpPP,.pitchsilintrppp,7609850
Hindustani,595de771-fcc2-414c-9df6-ae4ffd898549/Rajan_Mishra/Sadhana/Raga_Hamsadhwani-Tarana_In_Drut_Teental_66dcff23-bcf4-4a32-82fb-e6bb679c0d5d.taniSegKNN,Raga_Hamsadhwani-Tarana_In_Drut_Teental_66dcff23-bcf4-4a32-82fb-e6bb679c0d5d.taniSegKNN,.tanisegknn,0
Hindustani,595de771-fcc2-414c-9df6-ae4ffd898549/Rajan_Mishra/Sadhana/Raga_Hamsadhwani-Bandish_In_Madhya_Ektal_8aeccac0-75b0-4397-92b6-7bcfa0c427cc.pitchSilIntrpPP,Raga_Hamsadhwani-Bandish_In_Madhya_Ektal_8aeccac0-75b0-4397-92b6-7bcfa0c427cc.pitchSilIntrpPP,.pitchsilintrppp,6575900
Hindustani,595de771-fcc2-414c-9df6-ae4ffd898549/Rajan_Mishra/Sadhana/Raga_Hamsadhwani-Bandish_In_Madhya_Ektal_8aeccac0-75b0-4397-92b6-7bcfa0c427cc.tonicFine,Raga_Hamsadhwani-Bandish_In_Madhya_Ektal_8aeccac0-75b0-4397-92b6-7bcfa0c427cc.tonicFine,.tonicfine,25
Hindustani,595de771-fcc2-414c-9df6-ae4ffd898549/Rajan_Mishra/Sadhana/Raga_Hamsadhwani-Bandish_In_Drut_Teental_f227efaa-652f-48e1-b57e-6fe6fea16fe4.pitch,Raga_Hamsadhwani-Bandish_In_Drut_Teental_f227efaa-652f-48e1-b57e-6fe6fea16fe4.pitch,.pitch,3529149
Hindustani,595de771-fcc2-414c-9df6-ae4ffd898549/Rajan_Mishra/Sadhana/Raga_Hamsadhwani-Bandish_In_Madhya_Ektal_8aeccac0-75b0-4397-92b6-7bcfa0c427cc.flatSegNyas,Raga_Hamsadhwani-Bandish_In_Madhya_Ektal_8aeccac0-75b0-4397-92b6-7bcfa0c427cc.flatSegNyas,.flatsegnyas,6353
Hindustani,595de771-fcc2-414c-9df6-ae4ffd898549/Rajan_Mishra/Sadhana/Raga_Hamsadhwani-Alap__Bada_Khayal_In_Viambit_Teental_bb7a967a-4bb8-4cb8-9075-f2da540628e0.tonicFine,Raga_Hamsadhwani-Alap__Bada_Khayal_In_Viambit_Teental_bb7a967a-4bb8-4cb8-9075-f2da540628e0.tonicFine,.tonicfine,25
Hindustani,595de771-fcc2-414c-9df6-ae4ffd898549/Rajan_Mishra/Sadhana/Raga_Hamsadhwani-Bandish_In_Madhya_Ektal_8aeccac0-75b0-4397-92b6-7bcfa0c427cc.pitch,Raga_Hamsadhwani-Bandish_In_Madhya_Ektal_8aeccac0-75b0-4397-92b6-7bcfa0c427cc.pitch,.pitch,3039668
Hindustani,595de771-fcc2-414c-9df6-ae4ffd898549/Rajan_Mishra/Sadhana/Raga_Hamsadhwani-Alap__Bada_Khayal_In_Viambit_Teental_bb7a967a-4bb8-4cb8-9075-f2da540628e0.taniSegKNN,Raga_Hamsadhwani-Alap__Bada_Khayal_In_Viambit_Teental_bb7a967a-4bb8-4cb8-9075-f2da540628e0.taniSegKNN,.tanisegknn,0
Hindustani,595de771-fcc2-414c-9df6-ae4ffd898549/Rajan_Mishra/Sadhana/Raga_Hamsadhwani-Bandish_In_Drut_Teental_f227efaa-652f-48e1-b57e-6fe6fea16fe4.tonic,Raga_Hamsadhwani-Bandish_In_Drut_Teental_f227efaa-652f-48e1-b57e-6fe6fea16fe4.tonic,.tonic,11
Hindustani,595de771-fcc2-414c-9df6-ae4ffd898549/Rajan_Mishra/Sadhana/Raga_Hamsadhwani-Bandish_In_Drut_Teental_f227efaa-652f-48e1-b57e-6fe6fea16fe4.tonicFine,Raga_Hamsadhwani-Bandish_In_Drut_Teental_f227efaa-652f-48e1-b57e-6fe6fea16fe4.tonicFine,.tonicfine,25
Hindustani,595de771-fcc2-414c-9df6-ae4ffd898549/Jasraj/Legends__Sangeet_Martand_Pandit_Jasraj_(Vol__5)/Raga_-_Hansdhwani_06cc10fd-d57e-4581-9627-ee7422c273dd.flatSegNyas,Raga_-_Hansdhwani_06cc10fd-d57e-4581-9627-ee7422c273dd.flatSegNyas,.flatsegnyas,7722
Hindustani,595de771-fcc2-414c-9df6-ae4ffd898549/Jasraj/Legends__Sangeet_Martand_Pandit_Jasraj_(Vol__5)/Raga_-_Hansdhwani_06cc10fd-d57e-4581-9627-ee7422c273dd.tonic,Raga_-_Hansdhwani_06cc10fd-d57e-4581-9627-ee7422c273dd.tonic,.tonic,11
Hindustani,595de771-fcc2-414c-9df6-ae4ffd898549/Jasraj/Legends__Sangeet_Martand_Pandit_Jasraj_(Vol__5)/Raga_-_Hansdhwani_06cc10fd-d57e-4581-9627-ee7422c273dd.pitch,Raga_-_Hansdhwani_06cc10fd-d57e-4581-9627-ee7422c273dd.pitch,.pitch,2690331
Hindustani,595de771-fcc2-414c-9df6-ae4ffd898549/Jasraj/Legends__Sangeet_Martand_Pandit_Jasraj_(Vol__5)/Raga_-_Hansdhwani_06cc10fd-d57e-4581-9627-ee7422c273dd.tonicFine,Raga_-_Hansdhwani_06cc10fd-d57e-4581-9627-ee7422c273dd.tonicFine,.tonicfine,25
Hindustani,595de771-fcc2-414c-9df6-ae4ffd898549/Jasraj/Legends__Sangeet_Martand_Pandit_Jasraj_(Vol__5)/Raga_-_Hansdhwani_06cc10fd-d57e-4581-9627-ee7422c273dd.pitchSilIntrpPP,Raga_-_Hansdhwani_06cc10fd-d57e-4581-9627-ee7422c273dd.pitchSilIntrpPP,.pitchsilintrppp,5822950
Hindustani,595de771-fcc2-414c-9df6-ae4ffd898549/Jasraj/Legends__Sangeet_Martand_Pandit_Jasraj_(Vol__5)/Raga_-_Hansdhwani_06cc10fd-d57e-4581-9627-ee7422c273dd.taniSegKNN,Raga_-_Hansdhwani_06cc10fd-d57e-4581-9627-ee7422c273dd.taniSegKNN,.tanisegknn,0
Hindustani,595de771-fcc2-414c-9df6-ae4ffd898549/Amir_Khan/The_Great_Heritage__Ustad_Amir_Khan/Raga_Hansdhwani_Jai_Maate_56a5f6b7-67c0-4672-8eb5-4800ea004251.taniSegKNN,Raga_Hansdhwani_Jai_Maate_56a5f6b7-67c0-4672-8eb5-4800ea004251.taniSegKNN,.tanisegknn,0
Hindustani,595de771-fcc2-414c-9df6-ae4ffd898549/Amir_Khan/The_Great_Heritage__Ustad_Amir_Khan/Raga_Hansdhwani_Jai_Maate_56a5f6b7-67c0-4672-8eb5-4800ea004251.tonicFine,Raga_Hansdhwani_Jai_Maate_56a5f6b7-67c0-4672-8eb5-4800ea004251.tonicFine,.tonicfine,25
Hindustani,595de771-fcc2-414c-9df6-ae4ffd898549/Amir_Khan/The_Great_Heritage__Ustad_Amir_Khan/Raga_Hansdhwani_Jai_Maate_56a5f6b7-67c0-4672-8eb5-4800ea004251.flatSegNyas,Raga_Hansdhwani_Jai_Maate_56a5f6b7-67c0-4672-8eb5-4800ea004251.flatSegNyas,.flatsegnyas,13565
Hindustani,595de771-fcc2-414c-9df6-ae4ffd898549/Amir_Khan/The_Great_Heritage__Ustad_Amir_Khan/Raga_Hansdhwani_Jai_Maate_56a5f6b7-67c0-4672-8eb5-4800ea004251.tonic,Raga_Hansdhwani_Jai_Maate_56a5f6b7-67c0-4672-8eb5-4800ea004251.tonic,.tonic,11
Hindustani,595de771-fcc2-414c-9df6-ae4ffd898549/Amir_Khan/The_Great_Heritage__Ustad_Amir_Khan/Raga_Hansdhwani_Jai_Maate_56a5f6b7-67c0-4672-8eb5-4800ea004251.pitchSilIntrpPP,Raga_Hansdhwani_Jai_Maate_56a5f6b7-67c0-4672-8eb5-4800ea004251.pitchSilIntrpPP,.pitchsilintrppp,13485650
Hindustani,595de771-fcc2-414c-9df6-ae4ffd898549/Amir_Khan/The_Great_Heritage__Ustad_Amir_Khan/Raga_Hansdhwani_Jai_Maate_56a5f6b7-67c0-4672-8eb5-4800ea004251.pitch,Raga_Hansdhwani_Jai_Maate_56a5f6b7-67c0-4672-8eb5-4800ea004251.pitch,.pitch,6352871
Hindustani,595de771-fcc2-414c-9df6-ae4ffd898549/Raghunandan_Panshikar/Classical_Vocal/Raag_Hamsadhwani_7feb93f7-eaa4-42d5-b366-709fd1dbbc2c.tonicFine,Raag_Hamsadhwani_7feb93f7-eaa4-42d5-b366-709fd1dbbc2c.tonicFine,.tonicfine,25
Hindustani,595de771-fcc2-414c-9df6-ae4ffd898549/Raghunandan_Panshikar/Classical_Vocal/Raag_Hamsadhwani_7feb93f7-eaa4-42d5-b366-709fd1dbbc2c.flatSegNyas,Raag_Hamsadhwani_7feb93f7-eaa4-42d5-b366-709fd1dbbc2c.flatSegNyas,.flatsegnyas,22040
Hindustani,595de771-fcc2-414c-9df6-ae4ffd898549/Raghunandan_Panshikar/Classical_Vocal/Raag_Hamsadhwani_7feb93f7-eaa4-42d5-b366-709fd1dbbc2c.pitchSilIntrpPP,Raag_Hamsadhwani_7feb93f7-eaa4-42d5-b366-709fd1dbbc2c.pitchSilIntrpPP,.pitchsilintrppp,19620800
Hindustani,595de771-fcc2-414c-9df6-ae4ffd898549/Raghunandan_Panshikar/Classical_Vocal/Raag_Hamsadhwani_7feb93f7-eaa4-42d5-b366-709fd1dbbc2c.pitch,Raag_Hamsadhwani_7feb93f7-eaa4-42d5-b366-709fd1dbbc2c.pitch,.pitch,9341883
Hindustani,595de771-fcc2-414c-9df6-ae4ffd898549/Raghunandan_Panshikar/Classical_Vocal/Raag_Hamsadhwani_7feb93f7-eaa4-42d5-b366-709fd1dbbc2c.tonic,Raag_Hamsadhwani_7feb93f7-eaa4-42d5-b366-709fd1dbbc2c.tonic,.tonic,11
Hindustani,595de771-fcc2-414c-9df6-ae4ffd898549/Raghunandan_Panshikar/Classical_Vocal/Raag_Hamsadhwani_7feb93f7-eaa4-42d5-b366-709fd1dbbc2c.taniSegKNN,Raag_Hamsadhwani_7feb93f7-eaa4-42d5-b366-709fd1dbbc2c.taniSegKNN,.tanisegknn,0
Hindustani,595de771-fcc2-414c-9df6-ae4ffd898549/Veena_Sahasrabuddhe/Bandish_Vol-1/Brahma_Shiva_Hari_19b66d55-98b3-4157-b680-6a0f17fce925.flatSegNyas,Brahma_Shiva_Hari_19b66d55-98b3-4157-b680-6a0f17fce925.flatSegNyas,.flatsegnyas,3928
Hindustani,595de771-fcc2-414c-9df6-ae4ffd898549/Veena_Sahasrabuddhe/Bandish_Vol-1/Jabse_Laagi_Lagan_b142b865-8995-4ce5-aa98-4e0fc7d99d94.taniSegKNN,Jabse_Laagi_Lagan_b142b865-8995-4ce5-aa98-4e0fc7d99d94.taniSegKNN,.tanisegknn,0
Hindustani,595de771-fcc2-414c-9df6-ae4ffd898549/Veena_Sahasrabuddhe/Bandish_Vol-1/Brahma_Shiva_Hari_19b66d55-98b3-4157-b680-6a0f17fce925.taniSegKNN,Brahma_Shiva_Hari_19b66d55-98b3-4157-b680-6a0f17fce925.taniSegKNN,.tanisegknn,0
Hindustani,595de771-fcc2-414c-9df6-ae4ffd898549/Veena_Sahasrabuddhe/Bandish_Vol-1/Brahma_Shiva_Hari_19b66d55-98b3-4157-b680-6a0f17fce925.tonic,Brahma_Shiva_Hari_19b66d55-98b3-4157-b680-6a0f17fce925.tonic,.tonic,11
Hindustani,595de771-fcc2-414c-9df6-ae4ffd898549/Veena_Sahasrabuddhe/Bandish_Vol-1/Jabse_Laagi_Lagan_b142b865-8995-4ce5-aa98-4e0fc7d99d94.pitchSilIntrpPP,Jabse_Laagi_Lagan_b142b865-8995-4ce5-aa98-4e0fc7d99d94.pitchSilIntrpPP,.pitchsilintrppp,2715500
Hindustani,595de771-fcc2-414c-9df6-ae4ffd898549/Veena_Sahasrabuddhe/Bandish_Vol-1/Brahma_Shiva_Hari_19b66d55-98b3-4157-b680-6a0f17fce925.pitchSilIntrpPP,Brahma_Shiva_Hari_19b66d55-98b3-4157-b680-6a0f17fce925.pitchSilIntrpPP,.pitchsilintrppp,3057600
Hindustani,595de771-fcc2-414c-9df6-ae4ffd898549/Veena_Sahasrabuddhe/Bandish_Vol-1/Jabse_Laagi_Lagan_b142b865-8995-4ce5-aa98-4e0fc7d99d94.tonicFine,Jabse_Laagi_Lagan_b142b865-8995-4ce5-aa98-4e0fc7d99d94.tonicFine,.tonicfine,25
Hindustani,595de771-fcc2-414c-9df6-ae4ffd898549/Veena_Sahasrabuddhe/Bandish_Vol-1/Jabse_Laagi_Lagan_b142b865-8995-4ce5-aa98-4e0fc7d99d94.flatSegNyas,Jabse_Laagi_Lagan_b142b865-8995-4ce5-aa98-4e0fc7d99d94.flatSegNyas,.flatsegnyas,4003
Hindustani,595de771-fcc2-414c-9df6-ae4ffd898549/Veena_Sahasrabuddhe/Bandish_Vol-1/Jabse_Laagi_Lagan_b142b865-8995-4ce5-aa98-4e0fc7d99d94.pitch,Jabse_Laagi_Lagan_b142b865-8995-4ce5-aa98-4e0fc7d99d94.pitch,.pitch,1250880
Hindustani,595de771-fcc2-414c-9df6-ae4ffd898549/Veena_Sahasrabuddhe/Bandish_Vol-1/Brahma_Shiva_Hari_19b66d55-98b3-4157-b680-6a0f17fce925.tonicFine,Brahma_Shiva_Hari_19b66d55-98b3-4157-b680-6a0f17fce925.tonicFine,.tonicfine,25
Hindustani,595de771-fcc2-414c-9df6-ae4ffd898549/Veena_Sahasrabuddhe/Bandish_Vol-1/Brahma_Shiva_Hari_19b66d55-98b3-4157-b680-6a0f17fce925.pitch,Brahma_Shiva_Hari_19b66d55-98b3-4157-b680-6a0f17fce925.pitch,.pitch,1405802
Hindustani,595de771-fcc2-414c-9df6-ae4ffd898549/Veena_Sahasrabuddhe/Bandish_Vol-1/Jabse_Laagi_Lagan_b142b865-8995-4ce5-aa98-4e0fc7d99d94.tonic,Jabse_Laagi_Lagan_b142b865-8995-4ce5-aa98-4e0fc7d99d94.tonic,.tonic,11
Hindustani,595de771-fcc2-414c-9df6-ae4ffd898549/Veena_Sahasrabuddhe/Veena_Sahasrabuddhe_-_First_Milestone/Sakal_Dukh_Haran_and_Viharati_Brahmanandani_2331050f-b7cf-46d5-a700-c7503539d7c5.tonicFine,Sakal_Dukh_Haran_and_Viharati_Brahmanandani_2331050f-b7cf-46d5-a700-c7503539d7c5.tonicFine,.tonicfine,25
Hindustani,595de771-fcc2-414c-9df6-ae4ffd898549/Veena_Sahasrabuddhe/Veena_Sahasrabuddhe_-_First_Milestone/Sakal_Dukh_Haran_and_Viharati_Brahmanandani_2331050f-b7cf-46d5-a700-c7503539d7c5.flatSegNyas,Sakal_Dukh_Haran_and_Viharati_Brahmanandani_2331050f-b7cf-46d5-a700-c7503539d7c5.flatSegNyas,.flatsegnyas,19219
Hindustani,595de771-fcc2-414c-9df6-ae4ffd898549/Veena_Sahasrabuddhe/Veena_Sahasrabuddhe_-_First_Milestone/Sakal_Dukh_Haran_and_Viharati_Brahmanandani_2331050f-b7cf-46d5-a700-c7503539d7c5.pitchSilIntrpPP,Sakal_Dukh_Haran_and_Viharati_Brahmanandani_2331050f-b7cf-46d5-a700-c7503539d7c5.pitchSilIntrpPP,.pitchsilintrppp,13068200
Hindustani,595de771-fcc2-414c-9df6-ae4ffd898549/Veena_Sahasrabuddhe/Veena_Sahasrabuddhe_-_First_Milestone/Sakal_Dukh_Haran_and_Viharati_Brahmanandani_2331050f-b7cf-46d5-a700-c7503539d7c5.taniSegKNN,Sakal_Dukh_Haran_and_Viharati_Brahmanandani_2331050f-b7cf-46d5-a700-c7503539d7c5.taniSegKNN,.tanisegknn,0
Hindustani,595de771-fcc2-414c-9df6-ae4ffd898549/Veena_Sahasrabuddhe/Veena_Sahasrabuddhe_-_First_Milestone/Sakal_Dukh_Haran_and_Viharati_Brahmanandani_2331050f-b7cf-46d5-a700-c7503539d7c5.pitch,Sakal_Dukh_Haran_and_Viharati_Brahmanandani_2331050f-b7cf-46d5-a700-c7503539d7c5.pitch,.pitch,6163231
Hindustani,595de771-fcc2-414c-9df6-ae4ffd898549/Veena_Sahasrabuddhe/Veena_Sahasrabuddhe_-_First_Milestone/Sakal_Dukh_Haran_and_Viharati_Brahmanandani_2331050f-b7cf-46d5-a700-c7503539d7c5.tonic,Sakal_Dukh_Haran_and_Viharati_Brahmanandani_2331050f-b7cf-46d5-a700-c7503539d7c5.tonic,.tonic,11
Hindustani,54c4214c-05b9-4acc-8f77-6d5786e43a2e/Bhimsen_Joshi/Swar_Shikhar/Raag_Marubihag_fe91ccb2-499a-4d99-be22-3fdde04ee9aa.tonic,Raag_Marubihag_fe91ccb2-499a-4d99-be22-3fdde04ee9aa.tonic,.tonic,11
Hindustani,54c4214c-05b9-4acc-8f77-6d5786e43a2e/Bhimsen_Joshi/Swar_Shikhar/Raag_Marubihag_fe91ccb2-499a-4d99-be22-3fdde04ee9aa.pitchSilIntrpPP,Raag_Marubihag_fe91ccb2-499a-4d99-be22-3fdde04ee9aa.pitchSilIntrpPP,.pitchsilintrppp,31271900
Hindustani,54c4214c-05b9-4acc-8f77-6d5786e43a2e/Bhimsen_Joshi/Swar_Shikhar/Raag_Marubihag_fe91ccb2-499a-4d99-be22-3fdde04ee9aa.pitch,Raag_Marubihag_fe91ccb2-499a-4d99-be22-3fdde04ee9aa.pitch,.pitch,15034552
Hindustani,54c4214c-05b9-4acc-8f77-6d5786e43a2e/Bhimsen_Joshi/Swar_Shikhar/Raag_Marubihag_fe91ccb2-499a-4d99-be22-3fdde04ee9aa.taniSegKNN,Raag_Marubihag_fe91ccb2-499a-4d99-be22-3fdde04ee9aa.taniSegKNN,.tanisegknn,0
Hindustani,54c4214c-05b9-4acc-8f77-6d5786e43a2e/Bhimsen_Joshi/Swar_Shikhar/Raag_Marubihag_fe91ccb2-499a-4d99-be22-3fdde04ee9aa.tonicFine,Raag_Marubihag_fe91ccb2-499a-4d99-be22-3fdde04ee9aa.tonicFine,.tonicfine,25
Hindustani,54c4214c-05b9-4acc-8f77-6d5786e43a2e/Bhimsen_Joshi/Swar_Shikhar/Raag_Marubihag_fe91ccb2-499a-4d99-be22-3fdde04ee9aa.flatSegNyas,Raag_Marubihag_fe91ccb2-499a-4d99-be22-3fdde04ee9aa.flatSegNyas,.flatsegnyas,44005
Hindustani,54c4214c-05b9-4acc-8f77-6d5786e43a2e/Bhimsen_Joshi/The_Essential_Collection/Rag_Maru_Bihag_Drut_Teental_a0cfb64b-6744-477e-9a17-e335a08e604f.taniSegKNN,Rag_Maru_Bihag_Drut_Teental_a0cfb64b-6744-477e-9a17-e335a08e604f.taniSegKNN,.tanisegknn,0
Hindustani,54c4214c-05b9-4acc-8f77-6d5786e43a2e/Bhimsen_Joshi/The_Essential_Collection/Rag_Maru_Bihag_Vilambit_Teental_230998b8-34e1-4d6c-bc96-e0ff95146ddb.pitchSilIntrpPP,Rag_Maru_Bihag_Vilambit_Teental_230998b8-34e1-4d6c-bc96-e0ff95146ddb.pitchSilIntrpPP,.pitchsilintrppp,18698350
Hindustani,54c4214c-05b9-4acc-8f77-6d5786e43a2e/Bhimsen_Joshi/The_Essential_Collection/Rag_Maru_Bihag_Vilambit_Teental_230998b8-34e1-4d6c-bc96-e0ff95146ddb.pitch,Rag_Maru_Bihag_Vilambit_Teental_230998b8-34e1-4d6c-bc96-e0ff95146ddb.pitch,.pitch,8864304
Hindustani,54c4214c-05b9-4acc-8f77-6d5786e43a2e/Bhimsen_Joshi/The_Essential_Collection/Rag_Maru_Bihag_Drut_Teental_a0cfb64b-6744-477e-9a17-e335a08e604f.flatSegNyas,Rag_Maru_Bihag_Drut_Teental_a0cfb64b-6744-477e-9a17-e335a08e604f.flatSegNyas,.flatsegnyas,6491
Hindustani,54c4214c-05b9-4acc-8f77-6d5786e43a2e/Bhimsen_Joshi/The_Essential_Collection/Rag_Maru_Bihag_Vilambit_Teental_230998b8-34e1-4d6c-bc96-e0ff95146ddb.taniSegKNN,Rag_Maru_Bihag_Vilambit_Teental_230998b8-34e1-4d6c-bc96-e0ff95146ddb.taniSegKNN,.tanisegknn,0
Hindustani,54c4214c-05b9-4acc-8f77-6d5786e43a2e/Bhimsen_Joshi/The_Essential_Collection/Rag_Maru_Bihag_Vilambit_Teental_230998b8-34e1-4d6c-bc96-e0ff95146ddb.tonicFine,Rag_Maru_Bihag_Vilambit_Teental_230998b8-34e1-4d6c-bc96-e0ff95146ddb.tonicFine,.tonicfine,25
Hindustani,54c4214c-05b9-4acc-8f77-6d5786e43a2e/Bhimsen_Joshi/The_Essential_Collection/Rag_Maru_Bihag_Drut_Teental_a0cfb64b-6744-477e-9a17-e335a08e604f.tonic,Rag_Maru_Bihag_Drut_Teental_a0cfb64b-6744-477e-9a17-e335a08e604f.tonic,.tonic,11
Hindustani,54c4214c-05b9-4acc-8f77-6d5786e43a2e/Bhimsen_Joshi/The_Essential_Collection/Rag_Maru_Bihag_Drut_Teental_a0cfb64b-6744-477e-9a17-e335a08e604f.pitchSilIntrpPP,Rag_Maru_Bihag_Drut_Teental_a0cfb64b-6744-477e-9a17-e335a08e604f.pitchSilIntrpPP,.pitchsilintrppp,4500800
Hindustani,54c4214c-05b9-4acc-8f77-6d5786e43a2e/Bhimsen_Joshi/The_Essential_Collection/Rag_Maru_Bihag_Vilambit_Teental_230998b8-34e1-4d6c-bc96-e0ff95146ddb.tonic,Rag_Maru_Bihag_Vilambit_Teental_230998b8-34e1-4d6c-bc96-e0ff95146ddb.tonic,.tonic,11
Hindustani,54c4214c-05b9-4acc-8f77-6d5786e43a2e/Bhimsen_Joshi/The_Essential_Collection/Rag_Maru_Bihag_Vilambit_Teental_230998b8-34e1-4d6c-bc96-e0ff95146ddb.flatSegNyas,Rag_Maru_Bihag_Vilambit_Teental_230998b8-34e1-4d6c-bc96-e0ff95146ddb.flatSegNyas,.flatsegnyas,21785
Hindustani,54c4214c-05b9-4acc-8f77-6d5786e43a2e/Bhimsen_Joshi/The_Essential_Collection/Rag_Maru_Bihag_Drut_Teental_a0cfb64b-6744-477e-9a17-e335a08e604f.tonicFine,Rag_Maru_Bihag_Drut_Teental_a0cfb64b-6744-477e-9a17-e335a08e604f.tonicFine,.tonicfine,25
Hindustani,54c4214c-05b9-4acc-8f77-6d5786e43a2e/Bhimsen_Joshi/The_Essential_Collection/Rag_Maru_Bihag_Drut_Teental_a0cfb64b-6744-477e-9a17-e335a08e604f.pitch,Rag_Maru_Bihag_Drut_Teental_a0cfb64b-6744-477e-9a17-e335a08e604f.pitch,.pitch,2087236
Hindustani,54c4214c-05b9-4acc-8f77-6d5786e43a2e/Ajoy_Chakrabarty/Geetinandan___Part-3/Maru_Bihag_631bde83-42e4-4c04-b260-3dbbd5b03799.pitchSilIntrpPP,Maru_Bihag_631bde83-42e4-4c04-b260-3dbbd5b03799.pitchSilIntrpPP,.pitchsilintrppp,10812400
Hindustani,54c4214c-05b9-4acc-8f77-6d5786e43a2e/Ajoy_Chakrabarty/Geetinandan___Part-3/Maru_Bihag_631bde83-42e4-4c04-b260-3dbbd5b03799.tonic,Maru_Bihag_631bde83-42e4-4c04-b260-3dbbd5b03799.tonic,.tonic,11
Hindustani,54c4214c-05b9-4acc-8f77-6d5786e43a2e/Ajoy_Chakrabarty/Geetinandan___Part-3/Maru_Bihag_631bde83-42e4-4c04-b260-3dbbd5b03799.pitch,Maru_Bihag_631bde83-42e4-4c04-b260-3dbbd5b03799.pitch,.pitch,5068964
Hindustani,54c4214c-05b9-4acc-8f77-6d5786e43a2e/Ajoy_Chakrabarty/Geetinandan___Part-3/Maru_Bihag_631bde83-42e4-4c04-b260-3dbbd5b03799.taniSegKNN,Maru_Bihag_631bde83-42e4-4c04-b260-3dbbd5b03799.taniSegKNN,.tanisegknn,0
Hindustani,54c4214c-05b9-4acc-8f77-6d5786e43a2e/Ajoy_Chakrabarty/Geetinandan___Part-3/Maru_Bihag_631bde83-42e4-4c04-b260-3dbbd5b03799.tonicFine,Maru_Bihag_631bde83-42e4-4c04-b260-3dbbd5b03799.tonicFine,.tonicfine,25
Hindustani,54c4214c-05b9-4acc-8f77-6d5786e43a2e/Ajoy_Chakrabarty/Geetinandan___Part-3/Maru_Bihag_631bde83-42e4-4c04-b260-3dbbd5b03799.flatSegNyas,Maru_Bihag_631bde83-42e4-4c04-b260-3dbbd5b03799.flatSegNyas,.flatsegnyas,14590
Hindustani,54c4214c-05b9-4acc-8f77-6d5786e43a2e/Jasraj/Classical_Wonders_of_India/Raga_Maru_Bihag_56ad0c6b-6e9d-40e5-a917-96ec46c95e1c.taniSegKNN,Raga_Maru_Bihag_56ad0c6b-6e9d-40e5-a917-96ec46c95e1c.taniSegKNN,.tanisegknn,0
Hindustani,54c4214c-05b9-4acc-8f77-6d5786e43a2e/Jasraj/Classical_Wonders_of_India/Raga_Maru_Bihag_56ad0c6b-6e9d-40e5-a917-96ec46c95e1c.pitch,Raga_Maru_Bihag_56ad0c6b-6e9d-40e5-a917-96ec46c95e1c.pitch,.pitch,9352790
Hindustani,54c4214c-05b9-4acc-8f77-6d5786e43a2e/Jasraj/Classical_Wonders_of_India/Raga_Maru_Bihag_56ad0c6b-6e9d-40e5-a917-96ec46c95e1c.tonic,Raga_Maru_Bihag_56ad0c6b-6e9d-40e5-a917-96ec46c95e1c.tonic,.tonic,11
Hindustani,54c4214c-05b9-4acc-8f77-6d5786e43a2e/Jasraj/Classical_Wonders_of_India/Raga_Maru_Bihag_56ad0c6b-6e9d-40e5-a917-96ec46c95e1c.flatSegNyas,Raga_Maru_Bihag_56ad0c6b-6e9d-40e5-a917-96ec46c95e1c.flatSegNyas,.flatsegnyas,23513
Hindustani,54c4214c-05b9-4acc-8f77-6d5786e43a2e/Jasraj/Classical_Wonders_of_India/Raga_Maru_Bihag_56ad0c6b-6e9d-40e5-a917-96ec46c95e1c.tonicFine,Raga_Maru_Bihag_56ad0c6b-6e9d-40e5-a917-96ec46c95e1c.tonicFine,.tonicfine,25
Hindustani,54c4214c-05b9-4acc-8f77-6d5786e43a2e/Jasraj/Classical_Wonders_of_India/Raga_Maru_Bihag_56ad0c6b-6e9d-40e5-a917-96ec46c95e1c.pitchSilIntrpPP,Raga_Maru_Bihag_56ad0c6b-6e9d-40e5-a917-96ec46c95e1c.pitchSilIntrpPP,.pitchsilintrppp,19621100
Hindustani,54c4214c-05b9-4acc-8f77-6d5786e43a2e/Sanjeev_Abhyankar/Khayal/Raga_Maru_Bihag_7199a72c-c660-40dc-8cb9-bc941ae4e8a2.tonic,Raga_Maru_Bihag_7199a72c-c660-40dc-8cb9-bc941ae4e8a2.tonic,.tonic,11
Hindustani,54c4214c-05b9-4acc-8f77-6d5786e43a2e/Sanjeev_Abhyankar/Khayal/Raga_Maru_Bihag_7199a72c-c660-40dc-8cb9-bc941ae4e8a2.taniSegKNN,Raga_Maru_Bihag_7199a72c-c660-40dc-8cb9-bc941ae4e8a2.taniSegKNN,.tanisegknn,0
Hindustani,54c4214c-05b9-4acc-8f77-6d5786e43a2e/Sanjeev_Abhyankar/Khayal/Raga_Maru_Bihag_7199a72c-c660-40dc-8cb9-bc941ae4e8a2.pitchSilIntrpPP,Raga_Maru_Bihag_7199a72c-c660-40dc-8cb9-bc941ae4e8a2.pitchSilIntrpPP,.pitchsilintrppp,19732800
Hindustani,54c4214c-05b9-4acc-8f77-6d5786e43a2e/Sanjeev_Abhyankar/Khayal/Raga_Maru_Bihag_7199a72c-c660-40dc-8cb9-bc941ae4e8a2.flatSegNyas,Raga_Maru_Bihag_7199a72c-c660-40dc-8cb9-bc941ae4e8a2.flatSegNyas,.flatsegnyas,26949
Hindustani,54c4214c-05b9-4acc-8f77-6d5786e43a2e/Sanjeev_Abhyankar/Khayal/Raga_Maru_Bihag_7199a72c-c660-40dc-8cb9-bc941ae4e8a2.pitch,Raga_Maru_Bihag_7199a72c-c660-40dc-8cb9-bc941ae4e8a2.pitch,.pitch,9384524
Hindustani,54c4214c-05b9-4acc-8f77-6d5786e43a2e/Sanjeev_Abhyankar/Khayal/Raga_Maru_Bihag_7199a72c-c660-40dc-8cb9-bc941ae4e8a2.tonicFine,Raga_Maru_Bihag_7199a72c-c660-40dc-8cb9-bc941ae4e8a2.tonicFine,.tonicfine,25
Hindustani,54c4214c-05b9-4acc-8f77-6d5786e43a2e/Kaushiki_Chakrabarty/Kaushiki/Tarapa_Tarapa_-_Drut_Ektaal_932be692-9ff8-4fe1-8546-b92b2d3db696.taniSegKNN,Tarapa_Tarapa_-_Drut_Ektaal_932be692-9ff8-4fe1-8546-b92b2d3db696.taniSegKNN,.tanisegknn,0
Hindustani,54c4214c-05b9-4acc-8f77-6d5786e43a2e/Kaushiki_Chakrabarty/Kaushiki/Tarapa_Tarapa_-_Drut_Ektaal_932be692-9ff8-4fe1-8546-b92b2d3db696.flatSegNyas,Tarapa_Tarapa_-_Drut_Ektaal_932be692-9ff8-4fe1-8546-b92b2d3db696.flatSegNyas,.flatsegnyas,7947
Hindustani,54c4214c-05b9-4acc-8f77-6d5786e43a2e/Kaushiki_Chakrabarty/Kaushiki/Maru_Bihag_-_Ratiya_Hamari_-_Vilambit_Ektaal_80c94c75-4175-40ca-9f23-4e5a04f5e9cb.tonic,Maru_Bihag_-_Ratiya_Hamari_-_Vilambit_Ektaal_80c94c75-4175-40ca-9f23-4e5a04f5e9cb.tonic,.tonic,4
Hindustani,54c4214c-05b9-4acc-8f77-6d5786e43a2e/Kaushiki_Chakrabarty/Kaushiki/Maru_Bihag_-_Ratiya_Hamari_-_Vilambit_Ektaal_80c94c75-4175-40ca-9f23-4e5a04f5e9cb.pitchSilIntrpPP,Maru_Bihag_-_Ratiya_Hamari_-_Vilambit_Ektaal_80c94c75-4175-40ca-9f23-4e5a04f5e9cb.pitchSilIntrpPP,.pitchsilintrppp,26403800
Hindustani,54c4214c-05b9-4acc-8f77-6d5786e43a2e/Kaushiki_Chakrabarty/Kaushiki/Maru_Bihag_-_Ratiya_Hamari_-_Vilambit_Ektaal_80c94c75-4175-40ca-9f23-4e5a04f5e9cb.pitch,Maru_Bihag_-_Ratiya_Hamari_-_Vilambit_Ektaal_80c94c75-4175-40ca-9f23-4e5a04f5e9cb.pitch,.pitch,12684664
Hindustani,54c4214c-05b9-4acc-8f77-6d5786e43a2e/Kaushiki_Chakrabarty/Kaushiki/Tarapa_Tarapa_-_Drut_Ektaal_932be692-9ff8-4fe1-8546-b92b2d3db696.pitchSilIntrpPP,Tarapa_Tarapa_-_Drut_Ektaal_932be692-9ff8-4fe1-8546-b92b2d3db696.pitchSilIntrpPP,.pitchsilintrppp,6008400
Hindustani,54c4214c-05b9-4acc-8f77-6d5786e43a2e/Kaushiki_Chakrabarty/Kaushiki/Maru_Bihag_-_Ratiya_Hamari_-_Vilambit_Ektaal_80c94c75-4175-40ca-9f23-4e5a04f5e9cb.tonicFine,Maru_Bihag_-_Ratiya_Hamari_-_Vilambit_Ektaal_80c94c75-4175-40ca-9f23-4e5a04f5e9cb.tonicFine,.tonicfine,25
Hindustani,54c4214c-05b9-4acc-8f77-6d5786e43a2e/Kaushiki_Chakrabarty/Kaushiki/Maru_Bihag_-_Ratiya_Hamari_-_Vilambit_Ektaal_80c94c75-4175-40ca-9f23-4e5a04f5e9cb.taniSegKNN,Maru_Bihag_-_Ratiya_Hamari_-_Vilambit_Ektaal_80c94c75-4175-40ca-9f23-4e5a04f5e9cb.taniSegKNN,.tanisegknn,0
Hindustani,54c4214c-05b9-4acc-8f77-6d5786e43a2e/Kaushiki_Chakrabarty/Kaushiki/Tarapa_Tarapa_-_Drut_Ektaal_932be692-9ff8-4fe1-8546-b92b2d3db696.tonicFine,Tarapa_Tarapa_-_Drut_Ektaal_932be692-9ff8-4fe1-8546-b92b2d3db696.tonicFine,.tonicfine,25
Hindustani,54c4214c-05b9-4acc-8f77-6d5786e43a2e/Kaushiki_Chakrabarty/Kaushiki/Tarapa_Tarapa_-_Drut_Ektaal_932be692-9ff8-4fe1-8546-b92b2d3db696.tonic,Tarapa_Tarapa_-_Drut_Ektaal_932be692-9ff8-4fe1-8546-b92b2d3db696.tonic,.tonic,3
Hindustani,54c4214c-05b9-4acc-8f77-6d5786e43a2e/Kaushiki_Chakrabarty/Kaushiki/Tarapa_Tarapa_-_Drut_Ektaal_932be692-9ff8-4fe1-8546-b92b2d3db696.pitch,Tarapa_Tarapa_-_Drut_Ektaal_932be692-9ff8-4fe1-8546-b92b2d3db696.pitch,.pitch,2788012
Hindustani,54c4214c-05b9-4acc-8f77-6d5786e43a2e/Kaushiki_Chakrabarty/Kaushiki/Maru_Bihag_-_Ratiya_Hamari_-_Vilambit_Ektaal_80c94c75-4175-40ca-9f23-4e5a04f5e9cb.flatSegNyas,Maru_Bihag_-_Ratiya_Hamari_-_Vilambit_Ektaal_80c94c75-4175-40ca-9f23-4e5a04f5e9cb.flatSegNyas,.flatsegnyas,37497
Hindustani,54c4214c-05b9-4acc-8f77-6d5786e43a2e/Prabha_Atre/Night_Melodies/Kal_Nai_Aaye_and_Jagu_Main_Saari_Raina_a4fa5d55-8ea5-47dc-b411-f3abe4ce5405.pitch,Kal_Nai_Aaye_and_Jagu_Main_Saari_Raina_a4fa5d55-8ea5-47dc-b411-f3abe4ce5405.pitch,.pitch,6662972
Hindustani,54c4214c-05b9-4acc-8f77-6d5786e43a2e/Prabha_Atre/Night_Melodies/Kal_Nai_Aaye_and_Jagu_Main_Saari_Raina_a4fa5d55-8ea5-47dc-b411-f3abe4ce5405.tonic,Kal_Nai_Aaye_and_Jagu_Main_Saari_Raina_a4fa5d55-8ea5-47dc-b411-f3abe4ce5405.tonic,.tonic,11
Hindustani,54c4214c-05b9-4acc-8f77-6d5786e43a2e/Prabha_Atre/Night_Melodies/Kal_Nai_Aaye_and_Jagu_Main_Saari_Raina_a4fa5d55-8ea5-47dc-b411-f3abe4ce5405.tonicFine,Kal_Nai_Aaye_and_Jagu_Main_Saari_Raina_a4fa5d55-8ea5-47dc-b411-f3abe4ce5405.tonicFine,.tonicfine,25
Hindustani,54c4214c-05b9-4acc-8f77-6d5786e43a2e/Prabha_Atre/Night_Melodies/Kal_Nai_Aaye_and_Jagu_Main_Saari_Raina_a4fa5d55-8ea5-47dc-b411-f3abe4ce5405.flatSegNyas,Kal_Nai_Aaye_and_Jagu_Main_Saari_Raina_a4fa5d55-8ea5-47dc-b411-f3abe4ce5405.flatSegNyas,.flatsegnyas,19251
Hindustani,54c4214c-05b9-4acc-8f77-6d5786e43a2e/Prabha_Atre/Night_Melodies/Kal_Nai_Aaye_and_Jagu_Main_Saari_Raina_a4fa5d55-8ea5-47dc-b411-f3abe4ce5405.pitchSilIntrpPP,Kal_Nai_Aaye_and_Jagu_Main_Saari_Raina_a4fa5d55-8ea5-47dc-b411-f3abe4ce5405.pitchSilIntrpPP,.pitchsilintrppp,14100600
Hindustani,54c4214c-05b9-4acc-8f77-6d5786e43a2e/Prabha_Atre/Night_Melodies/Kal_Nai_Aaye_and_Jagu_Main_Saari_Raina_a4fa5d55-8ea5-47dc-b411-f3abe4ce5405.taniSegKNN,Kal_Nai_Aaye_and_Jagu_Main_Saari_Raina_a4fa5d55-8ea5-47dc-b411-f3abe4ce5405.taniSegKNN,.tanisegknn,0
Hindustani,54c4214c-05b9-4acc-8f77-6d5786e43a2e/Veena_Sahasrabuddhe/Khayal/Raga_Marubihag_22e45ddb-9b88-406e-996a-2136730d72d4.taniSegKNN,Raga_Marubihag_22e45ddb-9b88-406e-996a-2136730d72d4.taniSegKNN,.tanisegknn,0
Hindustani,54c4214c-05b9-4acc-8f77-6d5786e43a2e/Veena_Sahasrabuddhe/Khayal/Raga_Marubihag_22e45ddb-9b88-406e-996a-2136730d72d4.tonic,Raga_Marubihag_22e45ddb-9b88-406e-996a-2136730d72d4.tonic,.tonic,11
Hindustani,54c4214c-05b9-4acc-8f77-6d5786e43a2e/Veena_Sahasrabuddhe/Khayal/Raga_Marubihag_22e45ddb-9b88-406e-996a-2136730d72d4.pitch,Raga_Marubihag_22e45ddb-9b88-406e-996a-2136730d72d4.pitch,.pitch,8030936
Hindustani,54c4214c-05b9-4acc-8f77-6d5786e43a2e/Veena_Sahasrabuddhe/Khayal/Raga_Marubihag_22e45ddb-9b88-406e-996a-2136730d72d4.flatSegNyas,Raga_Marubihag_22e45ddb-9b88-406e-996a-2136730d72d4.flatSegNyas,.flatsegnyas,23602
Hindustani,54c4214c-05b9-4acc-8f77-6d5786e43a2e/Veena_Sahasrabuddhe/Khayal/Raga_Marubihag_22e45ddb-9b88-406e-996a-2136730d72d4.pitchSilIntrpPP,Raga_Marubihag_22e45ddb-9b88-406e-996a-2136730d72d4.pitchSilIntrpPP,.pitchsilintrppp,16866400
Hindustani,54c4214c-05b9-4acc-8f77-6d5786e43a2e/Veena_Sahasrabuddhe/Khayal/Raga_Marubihag_22e45ddb-9b88-406e-996a-2136730d72d4.tonicFine,Raga_Marubihag_22e45ddb-9b88-406e-996a-2136730d72d4.tonicFine,.tonicfine,25
Hindustani,ecd04ceb-b46c-47fc-9045-84ac9160e527/Rashid_Khan/Masterworks/Raga_Basant_Piya_Sang_Kheloon_3d6dc834-550d-4eb5-87f9-6e57747f3cb1.tonicFine,Raga_Basant_Piya_Sang_Kheloon_3d6dc834-550d-4eb5-87f9-6e57747f3cb1.tonicFine,.tonicfine,25
Hindustani,ecd04ceb-b46c-47fc-9045-84ac9160e527/Rashid_Khan/Masterworks/Raga_Basant_Piya_Sang_Kheloon_3d6dc834-550d-4eb5-87f9-6e57747f3cb1.tonic,Raga_Basant_Piya_Sang_Kheloon_3d6dc834-550d-4eb5-87f9-6e57747f3cb1.tonic,.tonic,11
Hindustani,ecd04ceb-b46c-47fc-9045-84ac9160e527/Rashid_Khan/Masterworks/Raga_Basant_Piya_Sang_Kheloon_3d6dc834-550d-4eb5-87f9-6e57747f3cb1.pitchSilIntrpPP,Raga_Basant_Piya_Sang_Kheloon_3d6dc834-550d-4eb5-87f9-6e57747f3cb1.pitchSilIntrpPP,.pitchsilintrppp,4989050
Hindustani,ecd04ceb-b46c-47fc-9045-84ac9160e527/Rashid_Khan/Masterworks/Raga_Basant_Piya_Sang_Kheloon_3d6dc834-550d-4eb5-87f9-6e57747f3cb1.flatSegNyas,Raga_Basant_Piya_Sang_Kheloon_3d6dc834-550d-4eb5-87f9-6e57747f3cb1.flatSegNyas,.flatsegnyas,7279
Hindustani,ecd04ceb-b46c-47fc-9045-84ac9160e527/Rashid_Khan/Masterworks/Raga_Basant_Piya_Sang_Kheloon_3d6dc834-550d-4eb5-87f9-6e57747f3cb1.taniSegKNN,Raga_Basant_Piya_Sang_Kheloon_3d6dc834-550d-4eb5-87f9-6e57747f3cb1.taniSegKNN,.tanisegknn,0
Hindustani,ecd04ceb-b46c-47fc-9045-84ac9160e527/Rashid_Khan/Masterworks/Raga_Basant_Piya_Sang_Kheloon_3d6dc834-550d-4eb5-87f9-6e57747f3cb1.pitch,Raga_Basant_Piya_Sang_Kheloon_3d6dc834-550d-4eb5-87f9-6e57747f3cb1.pitch,.pitch,2324054
Hindustani,ecd04ceb-b46c-47fc-9045-84ac9160e527/Bhimsen_Joshi/Classical_Wonders_Of_India/Raga_Basant_5b640af5-26f6-4a02-81e5-d28cd01e9149.tonicFine,Raga_Basant_5b640af5-26f6-4a02-81e5-d28cd01e9149.tonicFine,.tonicfine,25
Hindustani,ecd04ceb-b46c-47fc-9045-84ac9160e527/Bhimsen_Joshi/Classical_Wonders_Of_India/Raga_Basant_5b640af5-26f6-4a02-81e5-d28cd01e9149.flatSegNyas,Raga_Basant_5b640af5-26f6-4a02-81e5-d28cd01e9149.flatSegNyas,.flatsegnyas,15694
Hindustani,ecd04ceb-b46c-47fc-9045-84ac9160e527/Bhimsen_Joshi/Classical_Wonders_Of_India/Raga_Basant_5b640af5-26f6-4a02-81e5-d28cd01e9149.pitchSilIntrpPP,Raga_Basant_5b640af5-26f6-4a02-81e5-d28cd01e9149.pitchSilIntrpPP,.pitchsilintrppp,12488400
Hindustani,ecd04ceb-b46c-47fc-9045-84ac9160e527/Bhimsen_Joshi/Classical_Wonders_Of_India/Raga_Basant_5b640af5-26f6-4a02-81e5-d28cd01e9149.tonic,Raga_Basant_5b640af5-26f6-4a02-81e5-d28cd01e9149.tonic,.tonic,11
Hindustani,ecd04ceb-b46c-47fc-9045-84ac9160e527/Bhimsen_Joshi/Classical_Wonders_Of_India/Raga_Basant_5b640af5-26f6-4a02-81e5-d28cd01e9149.taniSegKNN,Raga_Basant_5b640af5-26f6-4a02-81e5-d28cd01e9149.taniSegKNN,.tanisegknn,0
Hindustani,ecd04ceb-b46c-47fc-9045-84ac9160e527/Bhimsen_Joshi/Classical_Wonders_Of_India/Raga_Basant_5b640af5-26f6-4a02-81e5-d28cd01e9149.pitch,Raga_Basant_5b640af5-26f6-4a02-81e5-d28cd01e9149.pitch,.pitch,5845773
Hindustani,ecd04ceb-b46c-47fc-9045-84ac9160e527/C_R_Vyas/Legends_Forever/Raga_Vasant_-_Khyal_d9a79389-f4b4-4d66-920c-494525b3417e.taniSegKNN,Raga_Vasant_-_Khyal_d9a79389-f4b4-4d66-920c-494525b3417e.taniSegKNN,.tanisegknn,0
Hindustani,ecd04ceb-b46c-47fc-9045-84ac9160e527/C_R_Vyas/Legends_Forever/Raga_Vasant_-_Khyal_d9a79389-f4b4-4d66-920c-494525b3417e.flatSegNyas,Raga_Vasant_-_Khyal_d9a79389-f4b4-4d66-920c-494525b3417e.flatSegNyas,.flatsegnyas,19706
Hindustani,ecd04ceb-b46c-47fc-9045-84ac9160e527/C_R_Vyas/Legends_Forever/Raga_Vasant_-_Khyal_d9a79389-f4b4-4d66-920c-494525b3417e.pitchSilIntrpPP,Raga_Vasant_-_Khyal_d9a79389-f4b4-4d66-920c-494525b3417e.pitchSilIntrpPP,.pitchsilintrppp,12896000
Hindustani,ecd04ceb-b46c-47fc-9045-84ac9160e527/C_R_Vyas/Legends_Forever/Raga_Vasant_-_Khyal_d9a79389-f4b4-4d66-920c-494525b3417e.tonicFine,Raga_Vasant_-_Khyal_d9a79389-f4b4-4d66-920c-494525b3417e.tonicFine,.tonicfine,25
Hindustani,ecd04ceb-b46c-47fc-9045-84ac9160e527/C_R_Vyas/Legends_Forever/Raga_Vasant_-_Khyal_d9a79389-f4b4-4d66-920c-494525b3417e.pitch,Raga_Vasant_-_Khyal_d9a79389-f4b4-4d66-920c-494525b3417e.pitch,.pitch,6048637
Hindustani,ecd04ceb-b46c-47fc-9045-84ac9160e527/C_R_Vyas/Legends_Forever/Raga_Vasant_-_Khyal_d9a79389-f4b4-4d66-920c-494525b3417e.tonic,Raga_Vasant_-_Khyal_d9a79389-f4b4-4d66-920c-494525b3417e.tonic,.tonic,11
Hindustani,ecd04ceb-b46c-47fc-9045-84ac9160e527/Gauri_Pathare/Malhar/Raga_Basant_c853d66a-7f61-42ef-8373-94798bde90a6.taniSegKNN,Raga_Basant_c853d66a-7f61-42ef-8373-94798bde90a6.taniSegKNN,.tanisegknn,0
Hindustani,ecd04ceb-b46c-47fc-9045-84ac9160e527/Gauri_Pathare/Malhar/Raga_Basant_c853d66a-7f61-42ef-8373-94798bde90a6.tonicFine,Raga_Basant_c853d66a-7f61-42ef-8373-94798bde90a6.tonicFine,.tonicfine,25
Hindustani,ecd04ceb-b46c-47fc-9045-84ac9160e527/Gauri_Pathare/Malhar/Raga_Basant_c853d66a-7f61-42ef-8373-94798bde90a6.flatSegNyas,Raga_Basant_c853d66a-7f61-42ef-8373-94798bde90a6.flatSegNyas,.flatsegnyas,18196
Hindustani,ecd04ceb-b46c-47fc-9045-84ac9160e527/Gauri_Pathare/Malhar/Raga_Basant_c853d66a-7f61-42ef-8373-94798bde90a6.pitchSilIntrpPP,Raga_Basant_c853d66a-7f61-42ef-8373-94798bde90a6.pitchSilIntrpPP,.pitchsilintrppp,10087150
Hindustani,ecd04ceb-b46c-47fc-9045-84ac9160e527/Gauri_Pathare/Malhar/Raga_Basant_c853d66a-7f61-42ef-8373-94798bde90a6.pitch,Raga_Basant_c853d66a-7f61-42ef-8373-94798bde90a6.pitch,.pitch,4714384
Hindustani,ecd04ceb-b46c-47fc-9045-84ac9160e527/Gauri_Pathare/Malhar/Raga_Basant_c853d66a-7f61-42ef-8373-94798bde90a6.tonic,Raga_Basant_c853d66a-7f61-42ef-8373-94798bde90a6.tonic,.tonic,11
Hindustani,ecd04ceb-b46c-47fc-9045-84ac9160e527/Jasraj/Mewati_Gharana/Raga_Basant_Khyal_bb6a5ac4-9e42-49b2-bec4-58e1aff53230.tonicFine,Raga_Basant_Khyal_bb6a5ac4-9e42-49b2-bec4-58e1aff53230.tonicFine,.tonicfine,25
Hindustani,ecd04ceb-b46c-47fc-9045-84ac9160e527/Jasraj/Mewati_Gharana/Raga_Basant_Khyal_bb6a5ac4-9e42-49b2-bec4-58e1aff53230.flatSegNyas,Raga_Basant_Khyal_bb6a5ac4-9e42-49b2-bec4-58e1aff53230.flatSegNyas,.flatsegnyas,25748
Hindustani,ecd04ceb-b46c-47fc-9045-84ac9160e527/Jasraj/Mewati_Gharana/Raga_Basant_Khyal_bb6a5ac4-9e42-49b2-bec4-58e1aff53230.tonic,Raga_Basant_Khyal_bb6a5ac4-9e42-49b2-bec4-58e1aff53230.tonic,.tonic,11
Hindustani,ecd04ceb-b46c-47fc-9045-84ac9160e527/Jasraj/Mewati_Gharana/Raga_Basant_Khyal_bb6a5ac4-9e42-49b2-bec4-58e1aff53230.taniSegKNN,Raga_Basant_Khyal_bb6a5ac4-9e42-49b2-bec4-58e1aff53230.taniSegKNN,.tanisegknn,0
Hindustani,ecd04ceb-b46c-47fc-9045-84ac9160e527/Jasraj/Mewati_Gharana/Raga_Basant_Khyal_bb6a5ac4-9e42-49b2-bec4-58e1aff53230.pitchSilIntrpPP,Raga_Basant_Khyal_bb6a5ac4-9e42-49b2-bec4-58e1aff53230.pitchSilIntrpPP,.pitchsilintrppp,19449600
Hindustani,ecd04ceb-b46c-47fc-9045-84ac9160e527/Jasraj/Mewati_Gharana/Raga_Basant_Khyal_bb6a5ac4-9e42-49b2-bec4-58e1aff53230.pitch,Raga_Basant_Khyal_bb6a5ac4-9e42-49b2-bec4-58e1aff53230.pitch,.pitch,9242149
Hindustani,ecd04ceb-b46c-47fc-9045-84ac9160e527/Aslam_Hussain_Khan/Vocal/Mora_Saajan_Chhabila_Ree_dbfa7e22-4432-4db5-8ec6-8482b97bcea9.flatSegNyas,Mora_Saajan_Chhabila_Ree_dbfa7e22-4432-4db5-8ec6-8482b97bcea9.flatSegNyas,.flatsegnyas,9171
Hindustani,ecd04ceb-b46c-47fc-9045-84ac9160e527/Aslam_Hussain_Khan/Vocal/Mora_Saajan_Chhabila_Ree_dbfa7e22-4432-4db5-8ec6-8482b97bcea9.pitchSilIntrpPP,Mora_Saajan_Chhabila_Ree_dbfa7e22-4432-4db5-8ec6-8482b97bcea9.pitchSilIntrpPP,.pitchsilintrppp,7435750
Hindustani,ecd04ceb-b46c-47fc-9045-84ac9160e527/Aslam_Hussain_Khan/Vocal/Mora_Saajan_Chhabila_Ree_dbfa7e22-4432-4db5-8ec6-8482b97bcea9.taniSegKNN,Mora_Saajan_Chhabila_Ree_dbfa7e22-4432-4db5-8ec6-8482b97bcea9.taniSegKNN,.tanisegknn,0
Hindustani,ecd04ceb-b46c-47fc-9045-84ac9160e527/Aslam_Hussain_Khan/Vocal/Mora_Saajan_Chhabila_Ree_dbfa7e22-4432-4db5-8ec6-8482b97bcea9.tonic,Mora_Saajan_Chhabila_Ree_dbfa7e22-4432-4db5-8ec6-8482b97bcea9.tonic,.tonic,11
Hindustani,ecd04ceb-b46c-47fc-9045-84ac9160e527/Aslam_Hussain_Khan/Vocal/Mora_Saajan_Chhabila_Ree_dbfa7e22-4432-4db5-8ec6-8482b97bcea9.pitch,Mora_Saajan_Chhabila_Ree_dbfa7e22-4432-4db5-8ec6-8482b97bcea9.pitch,.pitch,3472704
Hindustani,ecd04ceb-b46c-47fc-9045-84ac9160e527/Aslam_Hussain_Khan/Vocal/Mora_Saajan_Chhabila_Ree_dbfa7e22-4432-4db5-8ec6-8482b97bcea9.tonicFine,Mora_Saajan_Chhabila_Ree_dbfa7e22-4432-4db5-8ec6-8482b97bcea9.tonicFine,.tonicfine,25
Hindustani,ecd04ceb-b46c-47fc-9045-84ac9160e527/Prabha_Atre/Niranjani/Raga_Basant_-_Drut_Ektaal_9ff5e2dd-7c77-492d-9aa1-09508fe595b9.flatSegNyas,Raga_Basant_-_Drut_Ektaal_9ff5e2dd-7c77-492d-9aa1-09508fe595b9.flatSegNyas,.flatsegnyas,29446
Hindustani,ecd04ceb-b46c-47fc-9045-84ac9160e527/Prabha_Atre/Niranjani/Raga_Basant_-_Drut_Ektaal_9ff5e2dd-7c77-492d-9aa1-09508fe595b9.pitchSilIntrpPP,Raga_Basant_-_Drut_Ektaal_9ff5e2dd-7c77-492d-9aa1-09508fe595b9.pitchSilIntrpPP,.pitchsilintrppp,13938400
Hindustani,ecd04ceb-b46c-47fc-9045-84ac9160e527/Prabha_Atre/Niranjani/Raga_Basant_-_Drut_Ektaal_9ff5e2dd-7c77-492d-9aa1-09508fe595b9.taniSegKNN,Raga_Basant_-_Drut_Ektaal_9ff5e2dd-7c77-492d-9aa1-09508fe595b9.taniSegKNN,.tanisegknn,0
Hindustani,ecd04ceb-b46c-47fc-9045-84ac9160e527/Prabha_Atre/Niranjani/Raga_Basant_-_Drut_Ektaal_9ff5e2dd-7c77-492d-9aa1-09508fe595b9.tonic,Raga_Basant_-_Drut_Ektaal_9ff5e2dd-7c77-492d-9aa1-09508fe595b9.tonic,.tonic,11
Hindustani,ecd04ceb-b46c-47fc-9045-84ac9160e527/Prabha_Atre/Niranjani/Raga_Basant_-_Drut_Ektaal_9ff5e2dd-7c77-492d-9aa1-09508fe595b9.pitch,Raga_Basant_-_Drut_Ektaal_9ff5e2dd-7c77-492d-9aa1-09508fe595b9.pitch,.pitch,6627806
Hindustani,ecd04ceb-b46c-47fc-9045-84ac9160e527/Prabha_Atre/Niranjani/Raga_Basant_-_Drut_Ektaal_9ff5e2dd-7c77-492d-9aa1-09508fe595b9.tonicFine,Raga_Basant_-_Drut_Ektaal_9ff5e2dd-7c77-492d-9aa1-09508fe595b9.tonicFine,.tonicfine,25
Hindustani,ecd04ceb-b46c-47fc-9045-84ac9160e527/Veena_Sahasrabuddhe/Bandish_Vol-1/Madhukar_Aaj_Basant_88b004be-6280-402b-a178-07efd6285326.pitch,Madhukar_Aaj_Basant_88b004be-6280-402b-a178-07efd6285326.pitch,.pitch,2733183
Hindustani,ecd04ceb-b46c-47fc-9045-84ac9160e527/Veena_Sahasrabuddhe/Bandish_Vol-1/Madhukar_Aaj_Basant_88b004be-6280-402b-a178-07efd6285326.flatSegNyas,Madhukar_Aaj_Basant_88b004be-6280-402b-a178-07efd6285326.flatSegNyas,.flatsegnyas,8239
Hindustani,ecd04ceb-b46c-47fc-9045-84ac9160e527/Veena_Sahasrabuddhe/Bandish_Vol-1/Madhukar_Aaj_Basant_88b004be-6280-402b-a178-07efd6285326.taniSegKNN,Madhukar_Aaj_Basant_88b004be-6280-402b-a178-07efd6285326.taniSegKNN,.tanisegknn,0
Hindustani,ecd04ceb-b46c-47fc-9045-84ac9160e527/Veena_Sahasrabuddhe/Bandish_Vol-1/Madhukar_Aaj_Basant_88b004be-6280-402b-a178-07efd6285326.tonic,Madhukar_Aaj_Basant_88b004be-6280-402b-a178-07efd6285326.tonic,.tonic,11
Hindustani,ecd04ceb-b46c-47fc-9045-84ac9160e527/Veena_Sahasrabuddhe/Bandish_Vol-1/Madhukar_Aaj_Basant_88b004be-6280-402b-a178-07efd6285326.tonicFine,Madhukar_Aaj_Basant_88b004be-6280-402b-a178-07efd6285326.tonicFine,.tonicfine,25
Hindustani,ecd04ceb-b46c-47fc-9045-84ac9160e527/Veena_Sahasrabuddhe/Bandish_Vol-1/Madhukar_Aaj_Basant_88b004be-6280-402b-a178-07efd6285326.pitchSilIntrpPP,Madhukar_Aaj_Basant_88b004be-6280-402b-a178-07efd6285326.pitchSilIntrpPP,.pitchsilintrppp,5870400
Hindustani,ecd04ceb-b46c-47fc-9045-84ac9160e527/Veena_Sahasrabuddhe/Ritu_Chakra_Vol__3/Raga_Basant_10224082-7d00-4839-b430-c8110686ec64.pitchSilIntrpPP,Raga_Basant_10224082-7d00-4839-b430-c8110686ec64.pitchSilIntrpPP,.pitchsilintrppp,12690000
Hindustani,ecd04ceb-b46c-47fc-9045-84ac9160e527/Veena_Sahasrabuddhe/Ritu_Chakra_Vol__3/Raga_Basant_10224082-7d00-4839-b430-c8110686ec64.pitch,Raga_Basant_10224082-7d00-4839-b430-c8110686ec64.pitch,.pitch,5975508
Hindustani,ecd04ceb-b46c-47fc-9045-84ac9160e527/Veena_Sahasrabuddhe/Ritu_Chakra_Vol__3/Raga_Basant_10224082-7d00-4839-b430-c8110686ec64.tonic,Raga_Basant_10224082-7d00-4839-b430-c8110686ec64.tonic,.tonic,11
Hindustani,ecd04ceb-b46c-47fc-9045-84ac9160e527/Veena_Sahasrabuddhe/Ritu_Chakra_Vol__3/Raga_Basant_10224082-7d00-4839-b430-c8110686ec64.flatSegNyas,Raga_Basant_10224082-7d00-4839-b430-c8110686ec64.flatSegNyas,.flatsegnyas,20044
Hindustani,ecd04ceb-b46c-47fc-9045-84ac9160e527/Veena_Sahasrabuddhe/Ritu_Chakra_Vol__3/Raga_Basant_10224082-7d00-4839-b430-c8110686ec64.taniSegKNN,Raga_Basant_10224082-7d00-4839-b430-c8110686ec64.taniSegKNN,.tanisegknn,0
Hindustani,ecd04ceb-b46c-47fc-9045-84ac9160e527/Veena_Sahasrabuddhe/Ritu_Chakra_Vol__3/Raga_Basant_10224082-7d00-4839-b430-c8110686ec64.tonicFine,Raga_Basant_10224082-7d00-4839-b430-c8110686ec64.tonicFine,.tonicfine,25
Hindustani,ecd04ceb-b46c-47fc-9045-84ac9160e527/Basavraj_Rajaguru/The_Genius_Of_Basavraj_Rajguru/Raga_Basant_4519091e-9eaa-4f03-911e-348727ee3c90.taniSegKNN,Raga_Basant_4519091e-9eaa-4f03-911e-348727ee3c90.taniSegKNN,.tanisegknn,0
Hindustani,ecd04ceb-b46c-47fc-9045-84ac9160e527/Basavraj_Rajaguru/The_Genius_Of_Basavraj_Rajguru/Raga_Basant_4519091e-9eaa-4f03-911e-348727ee3c90.flatSegNyas,Raga_Basant_4519091e-9eaa-4f03-911e-348727ee3c90.flatSegNyas,.flatsegnyas,21597
Hindustani,ecd04ceb-b46c-47fc-9045-84ac9160e527/Basavraj_Rajaguru/The_Genius_Of_Basavraj_Rajguru/Raga_Basant_4519091e-9eaa-4f03-911e-348727ee3c90.pitch,Raga_Basant_4519091e-9eaa-4f03-911e-348727ee3c90.pitch,.pitch,5152061
Hindustani,ecd04ceb-b46c-47fc-9045-84ac9160e527/Basavraj_Rajaguru/The_Genius_Of_Basavraj_Rajguru/Raga_Basant_4519091e-9eaa-4f03-911e-348727ee3c90.tonicFine,Raga_Basant_4519091e-9eaa-4f03-911e-348727ee3c90.tonicFine,.tonicfine,25
Hindustani,ecd04ceb-b46c-47fc-9045-84ac9160e527/Basavraj_Rajaguru/The_Genius_Of_Basavraj_Rajguru/Raga_Basant_4519091e-9eaa-4f03-911e-348727ee3c90.pitchSilIntrpPP,Raga_Basant_4519091e-9eaa-4f03-911e-348727ee3c90.pitchSilIntrpPP,.pitchsilintrppp,11005500
Hindustani,ecd04ceb-b46c-47fc-9045-84ac9160e527/Basavraj_Rajaguru/The_Genius_Of_Basavraj_Rajguru/Raga_Basant_4519091e-9eaa-4f03-911e-348727ee3c90.tonic,Raga_Basant_4519091e-9eaa-4f03-911e-348727ee3c90.tonic,.tonic,11
Hindustani,48b37bed-e847-4882-8a01-5c721e07f07d/Abdul_Rashid_Khan/Rasan_Piya_-_Volume_4/Are_Lalju_Ab_Tum_Kahey_Baat_Banawat_6acdbda5-8c44-4dd4-8aea-dc024c7f65b6.tonic,Are_Lalju_Ab_Tum_Kahey_Baat_Banawat_6acdbda5-8c44-4dd4-8aea-dc024c7f65b6.tonic,.tonic,11
Hindustani,48b37bed-e847-4882-8a01-5c721e07f07d/Abdul_Rashid_Khan/Rasan_Piya_-_Volume_4/Are_Lalju_Ab_Tum_Kahey_Baat_Banawat_6acdbda5-8c44-4dd4-8aea-dc024c7f65b6.taniSegKNN,Are_Lalju_Ab_Tum_Kahey_Baat_Banawat_6acdbda5-8c44-4dd4-8aea-dc024c7f65b6.taniSegKNN,.tanisegknn,0
Hindustani,48b37bed-e847-4882-8a01-5c721e07f07d/Abdul_Rashid_Khan/Rasan_Piya_-_Volume_4/Are_Lalju_Ab_Tum_Kahey_Baat_Banawat_6acdbda5-8c44-4dd4-8aea-dc024c7f65b6.tonicFine,Are_Lalju_Ab_Tum_Kahey_Baat_Banawat_6acdbda5-8c44-4dd4-8aea-dc024c7f65b6.tonicFine,.tonicfine,25
Hindustani,48b37bed-e847-4882-8a01-5c721e07f07d/Abdul_Rashid_Khan/Rasan_Piya_-_Volume_4/Are_Lalju_Ab_Tum_Kahey_Baat_Banawat_6acdbda5-8c44-4dd4-8aea-dc024c7f65b6.pitch,Are_Lalju_Ab_Tum_Kahey_Baat_Banawat_6acdbda5-8c44-4dd4-8aea-dc024c7f65b6.pitch,.pitch,9887489
Hindustani,48b37bed-e847-4882-8a01-5c721e07f07d/Abdul_Rashid_Khan/Rasan_Piya_-_Volume_4/Are_Lalju_Ab_Tum_Kahey_Baat_Banawat_6acdbda5-8c44-4dd4-8aea-dc024c7f65b6.pitchSilIntrpPP,Are_Lalju_Ab_Tum_Kahey_Baat_Banawat_6acdbda5-8c44-4dd4-8aea-dc024c7f65b6.pitchSilIntrpPP,.pitchsilintrppp,20761650
Hindustani,48b37bed-e847-4882-8a01-5c721e07f07d/Abdul_Rashid_Khan/Rasan_Piya_-_Volume_4/Are_Lalju_Ab_Tum_Kahey_Baat_Banawat_6acdbda5-8c44-4dd4-8aea-dc024c7f65b6.flatSegNyas,Are_Lalju_Ab_Tum_Kahey_Baat_Banawat_6acdbda5-8c44-4dd4-8aea-dc024c7f65b6.flatSegNyas,.flatsegnyas,25028
Hindustani,48b37bed-e847-4882-8a01-5c721e07f07d/Bhimsen_Joshi/Raagadhiraj/Ay_Piya_Bin_Kaise_Taroge_and_Eri_Aali_Piya_Bin_e2bfec5e-df30-42b5-9157-e4fd102a78a6.pitchSilIntrpPP,Ay_Piya_Bin_Kaise_Taroge_and_Eri_Aali_Piya_Bin_e2bfec5e-df30-42b5-9157-e4fd102a78a6.pitchSilIntrpPP,.pitchsilintrppp,13385300
Hindustani,48b37bed-e847-4882-8a01-5c721e07f07d/Bhimsen_Joshi/Raagadhiraj/Ay_Piya_Bin_Kaise_Taroge_and_Eri_Aali_Piya_Bin_e2bfec5e-df30-42b5-9157-e4fd102a78a6.tonic,Ay_Piya_Bin_Kaise_Taroge_and_Eri_Aali_Piya_Bin_e2bfec5e-df30-42b5-9157-e4fd102a78a6.tonic,.tonic,11
Hindustani,48b37bed-e847-4882-8a01-5c721e07f07d/Bhimsen_Joshi/Raagadhiraj/Ay_Piya_Bin_Kaise_Taroge_and_Eri_Aali_Piya_Bin_e2bfec5e-df30-42b5-9157-e4fd102a78a6.flatSegNyas,Ay_Piya_Bin_Kaise_Taroge_and_Eri_Aali_Piya_Bin_e2bfec5e-df30-42b5-9157-e4fd102a78a6.flatSegNyas,.flatsegnyas,17813
Hindustani,48b37bed-e847-4882-8a01-5c721e07f07d/Bhimsen_Joshi/Raagadhiraj/Ay_Piya_Bin_Kaise_Taroge_and_Eri_Aali_Piya_Bin_e2bfec5e-df30-42b5-9157-e4fd102a78a6.pitch,Ay_Piya_Bin_Kaise_Taroge_and_Eri_Aali_Piya_Bin_e2bfec5e-df30-42b5-9157-e4fd102a78a6.pitch,.pitch,6284001
Hindustani,48b37bed-e847-4882-8a01-5c721e07f07d/Bhimsen_Joshi/Raagadhiraj/Ay_Piya_Bin_Kaise_Taroge_and_Eri_Aali_Piya_Bin_e2bfec5e-df30-42b5-9157-e4fd102a78a6.taniSegKNN,Ay_Piya_Bin_Kaise_Taroge_and_Eri_Aali_Piya_Bin_e2bfec5e-df30-42b5-9157-e4fd102a78a6.taniSegKNN,.tanisegknn,0
Hindustani,48b37bed-e847-4882-8a01-5c721e07f07d/Bhimsen_Joshi/Raagadhiraj/Ay_Piya_Bin_Kaise_Taroge_and_Eri_Aali_Piya_Bin_e2bfec5e-df30-42b5-9157-e4fd102a78a6.tonicFine,Ay_Piya_Bin_Kaise_Taroge_and_Eri_Aali_Piya_Bin_e2bfec5e-df30-42b5-9157-e4fd102a78a6.tonicFine,.tonicfine,25
Hindustani,48b37bed-e847-4882-8a01-5c721e07f07d/Bhimsen_Joshi/A_Rare_Treat/Yaman_Kalyan_aa93fca9-362d-4ea4-952f-65006746b888.flatSegNyas,Yaman_Kalyan_aa93fca9-362d-4ea4-952f-65006746b888.flatSegNyas,.flatsegnyas,21192
Hindustani,48b37bed-e847-4882-8a01-5c721e07f07d/Bhimsen_Joshi/A_Rare_Treat/Yaman_Kalyan_aa93fca9-362d-4ea4-952f-65006746b888.tonicFine,Yaman_Kalyan_aa93fca9-362d-4ea4-952f-65006746b888.tonicFine,.tonicfine,25
Hindustani,48b37bed-e847-4882-8a01-5c721e07f07d/Bhimsen_Joshi/A_Rare_Treat/Yaman_Kalyan_aa93fca9-362d-4ea4-952f-65006746b888.tonic,Yaman_Kalyan_aa93fca9-362d-4ea4-952f-65006746b888.tonic,.tonic,11
Hindustani,48b37bed-e847-4882-8a01-5c721e07f07d/Bhimsen_Joshi/A_Rare_Treat/Yaman_Kalyan_aa93fca9-362d-4ea4-952f-65006746b888.pitchSilIntrpPP,Yaman_Kalyan_aa93fca9-362d-4ea4-952f-65006746b888.pitchSilIntrpPP,.pitchsilintrppp,14341300
Hindustani,48b37bed-e847-4882-8a01-5c721e07f07d/Bhimsen_Joshi/A_Rare_Treat/Yaman_Kalyan_aa93fca9-362d-4ea4-952f-65006746b888.pitch,Yaman_Kalyan_aa93fca9-362d-4ea4-952f-65006746b888.pitch,.pitch,14341300
Hindustani,48b37bed-e847-4882-8a01-5c721e07f07d/Bhimsen_Joshi/A_Rare_Treat/Yaman_Kalyan_aa93fca9-362d-4ea4-952f-65006746b888.taniSegKNN,Yaman_Kalyan_aa93fca9-362d-4ea4-952f-65006746b888.taniSegKNN,.tanisegknn,0
Hindustani,"48b37bed-e847-4882-8a01-5c721e07f07d/Omkar_Dadarkar/Raag_Bahar,_Gaud_Malhar___Yaman/Raag_Yaman_c76cadd9-9e7b-4e9e-96dc-f79a9a8eed78.tonic",Raag_Yaman_c76cadd9-9e7b-4e9e-96dc-f79a9a8eed78.tonic,.tonic,11
Hindustani,"48b37bed-e847-4882-8a01-5c721e07f07d/Omkar_Dadarkar/Raag_Bahar,_Gaud_Malhar___Yaman/Raag_Yaman_c76cadd9-9e7b-4e9e-96dc-f79a9a8eed78.flatSegNyas",Raag_Yaman_c76cadd9-9e7b-4e9e-96dc-f79a9a8eed78.flatSegNyas,.flatsegnyas,20012
Hindustani,"48b37bed-e847-4882-8a01-5c721e07f07d/Omkar_Dadarkar/Raag_Bahar,_Gaud_Malhar___Yaman/Raag_Yaman_c76cadd9-9e7b-4e9e-96dc-f79a9a8eed78.pitch",Raag_Yaman_c76cadd9-9e7b-4e9e-96dc-f79a9a8eed78.pitch,.pitch,5752865
Hindustani,"48b37bed-e847-4882-8a01-5c721e07f07d/Omkar_Dadarkar/Raag_Bahar,_Gaud_Malhar___Yaman/Raag_Yaman_c76cadd9-9e7b-4e9e-96dc-f79a9a8eed78.pitchSilIntrpPP",Raag_Yaman_c76cadd9-9e7b-4e9e-96dc-f79a9a8eed78.pitchSilIntrpPP,.pitchsilintrppp,12168950
Hindustani,"48b37bed-e847-4882-8a01-5c721e07f07d/Omkar_Dadarkar/Raag_Bahar,_Gaud_Malhar___Yaman/Raag_Yaman_c76cadd9-9e7b-4e9e-96dc-f79a9a8eed78.taniSegKNN",Raag_Yaman_c76cadd9-9e7b-4e9e-96dc-f79a9a8eed78.taniSegKNN,.tanisegknn,0
Hindustani,"48b37bed-e847-4882-8a01-5c721e07f07d/Omkar_Dadarkar/Raag_Bahar,_Gaud_Malhar___Yaman/Raag_Yaman_c76cadd9-9e7b-4e9e-96dc-f79a9a8eed78.tonicFine",Raag_Yaman_c76cadd9-9e7b-4e9e-96dc-f79a9a8eed78.tonicFine,.tonicfine,25
Hindustani,48b37bed-e847-4882-8a01-5c721e07f07d/Ajoy_Chakrabarty/The_Genius_Of_Pt__Ajoy_Chakraborty/Raga_Yaman_e59642ca-72bc-466b-bf4b-d82bfbc7b4af.pitch,Raga_Yaman_e59642ca-72bc-466b-bf4b-d82bfbc7b4af.pitch,.pitch,7827426
Hindustani,48b37bed-e847-4882-8a01-5c721e07f07d/Ajoy_Chakrabarty/The_Genius_Of_Pt__Ajoy_Chakraborty/Raga_Yaman_e59642ca-72bc-466b-bf4b-d82bfbc7b4af.taniSegKNN,Raga_Yaman_e59642ca-72bc-466b-bf4b-d82bfbc7b4af.taniSegKNN,.tanisegknn,0
Hindustani,48b37bed-e847-4882-8a01-5c721e07f07d/Ajoy_Chakrabarty/The_Genius_Of_Pt__Ajoy_Chakraborty/Raga_Yaman_e59642ca-72bc-466b-bf4b-d82bfbc7b4af.flatSegNyas,Raga_Yaman_e59642ca-72bc-466b-bf4b-d82bfbc7b4af.flatSegNyas,.flatsegnyas,23725
Hindustani,48b37bed-e847-4882-8a01-5c721e07f07d/Ajoy_Chakrabarty/The_Genius_Of_Pt__Ajoy_Chakraborty/Raga_Yaman_e59642ca-72bc-466b-bf4b-d82bfbc7b4af.pitchSilIntrpPP,Raga_Yaman_e59642ca-72bc-466b-bf4b-d82bfbc7b4af.pitchSilIntrpPP,.pitchsilintrppp,16504850
Hindustani,48b37bed-e847-4882-8a01-5c721e07f07d/Ajoy_Chakrabarty/The_Genius_Of_Pt__Ajoy_Chakraborty/Raga_Yaman_e59642ca-72bc-466b-bf4b-d82bfbc7b4af.tonicFine,Raga_Yaman_e59642ca-72bc-466b-bf4b-d82bfbc7b4af.tonicFine,.tonicfine,25
Hindustani,48b37bed-e847-4882-8a01-5c721e07f07d/Ajoy_Chakrabarty/The_Genius_Of_Pt__Ajoy_Chakraborty/Raga_Yaman_e59642ca-72bc-466b-bf4b-d82bfbc7b4af.tonic,Raga_Yaman_e59642ca-72bc-466b-bf4b-d82bfbc7b4af.tonic,.tonic,11
Hindustani,48b37bed-e847-4882-8a01-5c721e07f07d/Shashank_Maktedar/Hidden_Gems/Raga_Yaman_a7a805ef-66c7-47aa-ad38-371c13fa3761.tonicFine,Raga_Yaman_a7a805ef-66c7-47aa-ad38-371c13fa3761.tonicFine,.tonicfine,25
Hindustani,48b37bed-e847-4882-8a01-5c721e07f07d/Shashank_Maktedar/Hidden_Gems/Raga_Yaman_a7a805ef-66c7-47aa-ad38-371c13fa3761.flatSegNyas,Raga_Yaman_a7a805ef-66c7-47aa-ad38-371c13fa3761.flatSegNyas,.flatsegnyas,33359
Hindustani,48b37bed-e847-4882-8a01-5c721e07f07d/Shashank_Maktedar/Hidden_Gems/Raga_Yaman_a7a805ef-66c7-47aa-ad38-371c13fa3761.tonic,Raga_Yaman_a7a805ef-66c7-47aa-ad38-371c13fa3761.tonic,.tonic,11
Hindustani,48b37bed-e847-4882-8a01-5c721e07f07d/Shashank_Maktedar/Hidden_Gems/Raga_Yaman_a7a805ef-66c7-47aa-ad38-371c13fa3761.pitchSilIntrpPP,Raga_Yaman_a7a805ef-66c7-47aa-ad38-371c13fa3761.pitchSilIntrpPP,.pitchsilintrppp,25753450
Hindustani,48b37bed-e847-4882-8a01-5c721e07f07d/Shashank_Maktedar/Hidden_Gems/Raga_Yaman_a7a805ef-66c7-47aa-ad38-371c13fa3761.pitch,Raga_Yaman_a7a805ef-66c7-47aa-ad38-371c13fa3761.pitch,.pitch,12355514
Hindustani,48b37bed-e847-4882-8a01-5c721e07f07d/Shashank_Maktedar/Hidden_Gems/Raga_Yaman_a7a805ef-66c7-47aa-ad38-371c13fa3761.taniSegKNN,Raga_Yaman_a7a805ef-66c7-47aa-ad38-371c13fa3761.taniSegKNN,.tanisegknn,0
Hindustani,48b37bed-e847-4882-8a01-5c721e07f07d/Hirabai_Barodekar/The_Great_Heritage__Hirabai_Barodekar/Raga_-_Yaman_72b3199c-c49d-4f50-b959-e1bf6abab98e.pitch,Raga_-_Yaman_72b3199c-c49d-4f50-b959-e1bf6abab98e.pitch,.pitch,5312004
Hindustani,48b37bed-e847-4882-8a01-5c721e07f07d/Hirabai_Barodekar/The_Great_Heritage__Hirabai_Barodekar/Raga_-_Yaman_72b3199c-c49d-4f50-b959-e1bf6abab98e.taniSegKNN,Raga_-_Yaman_72b3199c-c49d-4f50-b959-e1bf6abab98e.taniSegKNN,.tanisegknn,0
Hindustani,48b37bed-e847-4882-8a01-5c721e07f07d/Hirabai_Barodekar/The_Great_Heritage__Hirabai_Barodekar/Raga_-_Yaman_72b3199c-c49d-4f50-b959-e1bf6abab98e.pitchSilIntrpPP,Raga_-_Yaman_72b3199c-c49d-4f50-b959-e1bf6abab98e.pitchSilIntrpPP,.pitchsilintrppp,11311700
Hindustani,48b37bed-e847-4882-8a01-5c721e07f07d/Hirabai_Barodekar/The_Great_Heritage__Hirabai_Barodekar/Raga_-_Yaman_72b3199c-c49d-4f50-b959-e1bf6abab98e.flatSegNyas,Raga_-_Yaman_72b3199c-c49d-4f50-b959-e1bf6abab98e.flatSegNyas,.flatsegnyas,17372
Hindustani,48b37bed-e847-4882-8a01-5c721e07f07d/Hirabai_Barodekar/The_Great_Heritage__Hirabai_Barodekar/Raga_-_Yaman_72b3199c-c49d-4f50-b959-e1bf6abab98e.tonicFine,Raga_-_Yaman_72b3199c-c49d-4f50-b959-e1bf6abab98e.tonicFine,.tonicfine,25
Hindustani,48b37bed-e847-4882-8a01-5c721e07f07d/Hirabai_Barodekar/The_Great_Heritage__Hirabai_Barodekar/Raga_-_Yaman_72b3199c-c49d-4f50-b959-e1bf6abab98e.tonic,Raga_-_Yaman_72b3199c-c49d-4f50-b959-e1bf6abab98e.tonic,.tonic,11
Hindustani,48b37bed-e847-4882-8a01-5c721e07f07d/Prabha_Atre/Gaan_Prabha/Man_Tu_Gaa_Re_Hari_Naam_fe984e34-eae6-4dcf-bf70-159923c26fe6.tonic,Man_Tu_Gaa_Re_Hari_Naam_fe984e34-eae6-4dcf-bf70-159923c26fe6.tonic,.tonic,11
Hindustani,48b37bed-e847-4882-8a01-5c721e07f07d/Prabha_Atre/Gaan_Prabha/Man_Tu_Gaa_Re_Hari_Naam_fe984e34-eae6-4dcf-bf70-159923c26fe6.flatSegNyas,Man_Tu_Gaa_Re_Hari_Naam_fe984e34-eae6-4dcf-bf70-159923c26fe6.flatSegNyas,.flatsegnyas,29082
Hindustani,48b37bed-e847-4882-8a01-5c721e07f07d/Prabha_Atre/Gaan_Prabha/Man_Tu_Gaa_Re_Hari_Naam_fe984e34-eae6-4dcf-bf70-159923c26fe6.tonicFine,Man_Tu_Gaa_Re_Hari_Naam_fe984e34-eae6-4dcf-bf70-159923c26fe6.tonicFine,.tonicfine,25
Hindustani,48b37bed-e847-4882-8a01-5c721e07f07d/Prabha_Atre/Gaan_Prabha/Man_Tu_Gaa_Re_Hari_Naam_fe984e34-eae6-4dcf-bf70-159923c26fe6.pitch,Man_Tu_Gaa_Re_Hari_Naam_fe984e34-eae6-4dcf-bf70-159923c26fe6.pitch,.pitch,9707434
Hindustani,48b37bed-e847-4882-8a01-5c721e07f07d/Prabha_Atre/Gaan_Prabha/Man_Tu_Gaa_Re_Hari_Naam_fe984e34-eae6-4dcf-bf70-159923c26fe6.taniSegKNN,Man_Tu_Gaa_Re_Hari_Naam_fe984e34-eae6-4dcf-bf70-159923c26fe6.taniSegKNN,.tanisegknn,0
Hindustani,48b37bed-e847-4882-8a01-5c721e07f07d/Prabha_Atre/Gaan_Prabha/Man_Tu_Gaa_Re_Hari_Naam_fe984e34-eae6-4dcf-bf70-159923c26fe6.pitchSilIntrpPP,Man_Tu_Gaa_Re_Hari_Naam_fe984e34-eae6-4dcf-bf70-159923c26fe6.pitchSilIntrpPP,.pitchsilintrppp,20296850
Hindustani,48b37bed-e847-4882-8a01-5c721e07f07d/Veena_Sahasrabuddhe/Celestial/Deo_daan_mohe_a2c54654-2699-489a-95ab-623fc903281a.taniSegKNN,Deo_daan_mohe_a2c54654-2699-489a-95ab-623fc903281a.taniSegKNN,.tanisegknn,0
Hindustani,48b37bed-e847-4882-8a01-5c721e07f07d/Veena_Sahasrabuddhe/Celestial/Deo_daan_mohe_a2c54654-2699-489a-95ab-623fc903281a.tonicFine,Deo_daan_mohe_a2c54654-2699-489a-95ab-623fc903281a.tonicFine,.tonicfine,25
Hindustani,48b37bed-e847-4882-8a01-5c721e07f07d/Veena_Sahasrabuddhe/Celestial/Deo_daan_mohe_a2c54654-2699-489a-95ab-623fc903281a.tonic,Deo_daan_mohe_a2c54654-2699-489a-95ab-623fc903281a.tonic,.tonic,11
Hindustani,48b37bed-e847-4882-8a01-5c721e07f07d/Veena_Sahasrabuddhe/Celestial/Deo_daan_mohe_a2c54654-2699-489a-95ab-623fc903281a.flatSegNyas,Deo_daan_mohe_a2c54654-2699-489a-95ab-623fc903281a.flatSegNyas,.flatsegnyas,33969
Hindustani,48b37bed-e847-4882-8a01-5c721e07f07d/Veena_Sahasrabuddhe/Celestial/Deo_daan_mohe_a2c54654-2699-489a-95ab-623fc903281a.pitchSilIntrpPP,Deo_daan_mohe_a2c54654-2699-489a-95ab-623fc903281a.pitchSilIntrpPP,.pitchsilintrppp,22352200
Hindustani,48b37bed-e847-4882-8a01-5c721e07f07d/Veena_Sahasrabuddhe/Celestial/Deo_daan_mohe_a2c54654-2699-489a-95ab-623fc903281a.pitch,Deo_daan_mohe_a2c54654-2699-489a-95ab-623fc903281a.pitch,.pitch,10795396
Hindustani,48b37bed-e847-4882-8a01-5c721e07f07d/Jagdish_Prasad/Jewel_of_Jewels/Raga_Yaman_37c79233-b5d7-4517-a393-37784702c4ce.tonicFine,Raga_Yaman_37c79233-b5d7-4517-a393-37784702c4ce.tonicFine,.tonicfine,25
Hindustani,48b37bed-e847-4882-8a01-5c721e07f07d/Jagdish_Prasad/Jewel_of_Jewels/Raga_Yaman_37c79233-b5d7-4517-a393-37784702c4ce.pitch,Raga_Yaman_37c79233-b5d7-4517-a393-37784702c4ce.pitch,.pitch,6146014
Hindustani,48b37bed-e847-4882-8a01-5c721e07f07d/Jagdish_Prasad/Jewel_of_Jewels/Raga_Yaman_37c79233-b5d7-4517-a393-37784702c4ce.taniSegKNN,Raga_Yaman_37c79233-b5d7-4517-a393-37784702c4ce.taniSegKNN,.tanisegknn,0
Hindustani,48b37bed-e847-4882-8a01-5c721e07f07d/Jagdish_Prasad/Jewel_of_Jewels/Raga_Yaman_37c79233-b5d7-4517-a393-37784702c4ce.pitchSilIntrpPP,Raga_Yaman_37c79233-b5d7-4517-a393-37784702c4ce.pitchSilIntrpPP,.pitchsilintrppp,13063500
Hindustani,48b37bed-e847-4882-8a01-5c721e07f07d/Jagdish_Prasad/Jewel_of_Jewels/Raga_Yaman_37c79233-b5d7-4517-a393-37784702c4ce.tonic,Raga_Yaman_37c79233-b5d7-4517-a393-37784702c4ce.tonic,.tonic,5
Hindustani,48b37bed-e847-4882-8a01-5c721e07f07d/Jagdish_Prasad/Jewel_of_Jewels/Raga_Yaman_37c79233-b5d7-4517-a393-37784702c4ce.flatSegNyas,Raga_Yaman_37c79233-b5d7-4517-a393-37784702c4ce.flatSegNyas,.flatsegnyas,18586
